WISE_ID,ConstructionType,LoadBearingCapacity (kPa),AlternativeUse,ModificationRecommendation,Success
AR041,Residential Building,50,,,True
AR041,High-rise Building,150,Residential Building,Reduce liquid limit via compaction,False
AR041,Low-rise,100,Residential Building,Reduce liquid limit via compaction,False
AR041,Roads & Highways,70,,,True
AR041,Bridges,120,Residential Building,Reduce liquid limit via compaction,False
AR041,Tunnels,150,Residential Building,Reduce liquid limit via compaction,False
AR041,Railway Tracks,80,,,True
AR041,Pipeline Infrastructure,30,,,True
AR041,Dams,100,Residential Building,Reduce liquid limit via compaction,False
AR041,Water Reservoirs,90,Residential Building,Reduce liquid limit via compaction,False
AR041,Airport Runways,180,Residential Building,Reduce liquid limit via compaction,False
AR042,Residential Building,50,Pipeline Infrastructure,Increase CBR in top 2 layers,False
AR042,High-rise Building,150,Pipeline Infrastructure,Increase CBR in top 2 layers,False
AR042,Low-rise,100,Pipeline Infrastructure,Increase CBR in top 2 layers,False
AR042,Roads & Highways,70,Pipeline Infrastructure,Use deep foundations or densify subsoil,False
AR042,Bridges,120,Pipeline Infrastructure,Increase CBR in top 2 layers,False
AR042,Tunnels,150,Pipeline Infrastructure,Increase CBR in top 2 layers,False
AR042,Railway Tracks,80,Pipeline Infrastructure,Increase CBR in top 2 layers,False
AR042,Pipeline Infrastructure,30,,,True
AR042,Dams,100,Pipeline Infrastructure,Increase CBR in top 2 layers,False
AR042,Water Reservoirs,90,Pipeline Infrastructure,Increase CBR in top 2 layers,False
AR042,Airport Runways,180,Pipeline Infrastructure,Use deep foundations or densify subsoil,False
AR043,Residential Building,50,,,True
AR043,High-rise Building,150,Residential Building,Use deep foundations or densify subsoil,False
AR043,Low-rise,100,,,True
AR043,Roads & Highways,70,,,True
AR043,Bridges,120,,,True
AR043,Tunnels,150,Bridges,Increase CBR in top 2 layers,False
AR043,Railway Tracks,80,,,True
AR043,Pipeline Infrastructure,30,,,True
AR043,Dams,100,,,True
AR043,Water Reservoirs,90,,,True
AR043,Airport Runways,180,Residential Building,Increase CBR in top 2 layers,False
AR044,Residential Building,50,,Reduce liquid limit via compaction,False
AR044,High-rise Building,150,,Reduce liquid limit via compaction,False
AR044,Low-rise,100,,Reduce liquid limit via compaction,False
AR044,Roads & Highways,70,,Reduce liquid limit via compaction,False
AR044,Bridges,120,,Increase CBR in top 2 layers,False
AR044,Tunnels,150,,Increase CBR in top 2 layers,False
AR044,Railway Tracks,80,,Reduce liquid limit via compaction,False
AR044,Pipeline Infrastructure,30,,Reduce liquid limit via compaction,False
AR044,Dams,100,,Reduce liquid limit via compaction,False
AR044,Water Reservoirs,90,,Reduce liquid limit via compaction,False
AR044,Airport Runways,180,,Use deep foundations or densify subsoil,False
AR045,Residential Building,50,,,True
AR045,High-rise Building,150,Residential Building,Use deep foundations or densify subsoil,False
AR045,Low-rise,100,Residential Building,Use deep foundations or densify subsoil,False
AR045,Roads & Highways,70,,,True
AR045,Bridges,120,Residential Building,Reduce liquid limit via compaction,False
AR045,Tunnels,150,Residential Building,Reduce liquid limit via compaction,False
AR045,Railway Tracks,80,,,True
AR045,Pipeline Infrastructure,30,,,True
AR045,Dams,100,Residential Building,Use deep foundations or densify subsoil,False
AR045,Water Reservoirs,90,Residential Building,Use deep foundations or densify subsoil,False
AR045,Airport Runways,180,Residential Building,Reduce liquid limit via compaction,False
AU032,Residential Building,50,,,True
AU032,High-rise Building,150,Residential Building,Use deep foundations or densify subsoil,False
AU032,Low-rise,100,Residential Building,Reduce liquid limit via compaction,False
AU032,Roads & Highways,70,,,True
AU032,Bridges,120,Residential Building,Reduce liquid limit via compaction,False
AU032,Tunnels,150,Residential Building,Use deep foundations or densify subsoil,False
AU032,Railway Tracks,80,,,True
AU032,Pipeline Infrastructure,30,,,True
AU032,Dams,100,Residential Building,Reduce liquid limit via compaction,False
AU032,Water Reservoirs,90,Residential Building,Reduce liquid limit via compaction,False
AU032,Airport Runways,180,Residential Building,Use deep foundations or densify subsoil,False
AU033,Residential Building,50,Pipeline Infrastructure,Use deep foundations or densify subsoil,False
AU033,High-rise Building,150,Pipeline Infrastructure,Increase CBR in top 2 layers,False
AU033,Low-rise,100,Pipeline Infrastructure,Use deep foundations or densify subsoil,False
AU033,Roads & Highways,70,Pipeline Infrastructure,Reduce liquid limit via compaction,False
AU033,Bridges,120,Pipeline Infrastructure,Reduce liquid limit via compaction,False
AU033,Tunnels,150,Pipeline Infrastructure,Reduce liquid limit via compaction,False
AU033,Railway Tracks,80,Pipeline Infrastructure,Increase CBR in top 2 layers,False
AU033,Pipeline Infrastructure,30,,,True
AU033,Dams,100,Pipeline Infrastructure,Use deep foundations or densify subsoil,False
AU033,Water Reservoirs,90,Pipeline Infrastructure,Increase CBR in top 2 layers,False
AU033,Airport Runways,180,Pipeline Infrastructure,Reduce liquid limit via compaction,False
AU034,Residential Building,50,,Reduce liquid limit via compaction,False
AU034,High-rise Building,150,,Increase CBR in top 2 layers,False
AU034,Low-rise,100,,Reduce liquid limit via compaction,False
AU034,Roads & Highways,70,,Reduce liquid limit via compaction,False
AU034,Bridges,120,,Reduce liquid limit via compaction,False
AU034,Tunnels,150,,Reduce liquid limit via compaction,False
AU034,Railway Tracks,80,,Reduce liquid limit via compaction,False
AU034,Pipeline Infrastructure,30,,Reduce liquid limit via compaction,False
AU034,Dams,100,,Reduce liquid limit via compaction,False
AU034,Water Reservoirs,90,,Reduce liquid limit via compaction,False
AU034,Airport Runways,180,,Increase CBR in top 2 layers,False
AU035,Residential Building,50,,Reduce liquid limit via compaction,False
AU035,High-rise Building,150,,Use deep foundations or densify subsoil,False
AU035,Low-rise,100,,Use deep foundations or densify subsoil,False
AU035,Roads & Highways,70,,Reduce liquid limit via compaction,False
AU035,Bridges,120,,Increase CBR in top 2 layers,False
AU035,Tunnels,150,,Use deep foundations or densify subsoil,False
AU035,Railway Tracks,80,,Reduce liquid limit via compaction,False
AU035,Pipeline Infrastructure,30,,Reduce liquid limit via compaction,False
AU035,Dams,100,,Reduce liquid limit via compaction,False
AU035,Water Reservoirs,90,,Reduce liquid limit via compaction,False
AU035,Airport Runways,180,,Increase CBR in top 2 layers,False
AU036,Residential Building,50,,Reduce liquid limit via compaction,False
AU036,High-rise Building,150,,Increase CBR in top 2 layers,False
AU036,Low-rise,100,,Reduce liquid limit via compaction,False
AU036,Roads & Highways,70,,Reduce liquid limit via compaction,False
AU036,Bridges,120,,Reduce liquid limit via compaction,False
AU036,Tunnels,150,,Use deep foundations or densify subsoil,False
AU036,Railway Tracks,80,,Reduce liquid limit via compaction,False
AU036,Pipeline Infrastructure,30,,Reduce liquid limit via compaction,False
AU036,Dams,100,,Reduce liquid limit via compaction,False
AU036,Water Reservoirs,90,,Reduce liquid limit via compaction,False
AU036,Airport Runways,180,,Increase CBR in top 2 layers,False
AU037,Residential Building,50,,Reduce liquid limit via compaction,False
AU037,High-rise Building,150,,Reduce liquid limit via compaction,False
AU037,Low-rise,100,,Reduce liquid limit via compaction,False
AU037,Roads & Highways,70,,Reduce liquid limit via compaction,False
AU037,Bridges,120,,Increase CBR in top 2 layers,False
AU037,Tunnels,150,,Use deep foundations or densify subsoil,False
AU037,Railway Tracks,80,,Reduce liquid limit via compaction,False
AU037,Pipeline Infrastructure,30,,Reduce liquid limit via compaction,False
AU037,Dams,100,,Reduce liquid limit via compaction,False
AU037,Water Reservoirs,90,,Reduce liquid limit via compaction,False
AU037,Airport Runways,180,,Use deep foundations or densify subsoil,False
AU038,Residential Building,50,Pipeline Infrastructure,Reduce liquid limit via compaction,False
AU038,High-rise Building,150,Pipeline Infrastructure,Reduce liquid limit via compaction,False
AU038,Low-rise,100,Pipeline Infrastructure,Use deep foundations or densify subsoil,False
AU038,Roads & Highways,70,Pipeline Infrastructure,Reduce liquid limit via compaction,False
AU038,Bridges,120,Pipeline Infrastructure,Increase CBR in top 2 layers,False
AU038,Tunnels,150,Pipeline Infrastructure,Reduce liquid limit via compaction,False
AU038,Railway Tracks,80,Pipeline Infrastructure,Increase CBR in top 2 layers,False
AU038,Pipeline Infrastructure,30,,,True
AU038,Dams,100,Pipeline Infrastructure,Use deep foundations or densify subsoil,False
AU038,Water Reservoirs,90,Pipeline Infrastructure,Reduce liquid limit via compaction,False
AU038,Airport Runways,180,Pipeline Infrastructure,Use deep foundations or densify subsoil,False
AU039,Residential Building,50,Pipeline Infrastructure,Reduce liquid limit via compaction,False
AU039,High-rise Building,150,Pipeline Infrastructure,Reduce liquid limit via compaction,False
AU039,Low-rise,100,Pipeline Infrastructure,Increase CBR in top 2 layers,False
AU039,Roads & Highways,70,Pipeline Infrastructure,Reduce liquid limit via compaction,False
AU039,Bridges,120,Pipeline Infrastructure,Increase CBR in top 2 layers,False
AU039,Tunnels,150,Pipeline Infrastructure,Use deep foundations or densify subsoil,False
AU039,Railway Tracks,80,Pipeline Infrastructure,Reduce liquid limit via compaction,False
AU039,Pipeline Infrastructure,30,,,True
AU039,Dams,100,Pipeline Infrastructure,Increase CBR in top 2 layers,False
AU039,Water Reservoirs,90,Pipeline Infrastructure,Reduce liquid limit via compaction,False
AU039,Airport Runways,180,Pipeline Infrastructure,Reduce liquid limit via compaction,False
AU040,Residential Building,50,Pipeline Infrastructure,Reduce liquid limit via compaction,False
AU040,High-rise Building,150,Pipeline Infrastructure,Use deep foundations or densify subsoil,False
AU040,Low-rise,100,Pipeline Infrastructure,Reduce liquid limit via compaction,False
AU040,Roads & Highways,70,Pipeline Infrastructure,Reduce liquid limit via compaction,False
AU040,Bridges,120,Pipeline Infrastructure,Reduce liquid limit via compaction,False
AU040,Tunnels,150,Pipeline Infrastructure,Reduce liquid limit via compaction,False
AU040,Railway Tracks,80,Pipeline Infrastructure,Reduce liquid limit via compaction,False
AU040,Pipeline Infrastructure,30,,,True
AU040,Dams,100,Pipeline Infrastructure,Reduce liquid limit via compaction,False
AU040,Water Reservoirs,90,Pipeline Infrastructure,Reduce liquid limit via compaction,False
AU040,Airport Runways,180,Pipeline Infrastructure,Reduce liquid limit via compaction,False
AU041,Residential Building,50,,Reduce liquid limit via compaction,False
AU041,High-rise Building,150,,Reduce liquid limit via compaction,False
AU041,Low-rise,100,,Reduce liquid limit via compaction,False
AU041,Roads & Highways,70,,Reduce liquid limit via compaction,False
AU041,Bridges,120,,Increase CBR in top 2 layers,False
AU041,Tunnels,150,,Reduce liquid limit via compaction,False
AU041,Railway Tracks,80,,Reduce liquid limit via compaction,False
AU041,Pipeline Infrastructure,30,,Reduce liquid limit via compaction,False
AU041,Dams,100,,Reduce liquid limit via compaction,False
AU041,Water Reservoirs,90,,Reduce liquid limit via compaction,False
AU041,Airport Runways,180,,Increase CBR in top 2 layers,False
AU042,Residential Building,50,Pipeline Infrastructure,Increase CBR in top 2 layers,False
AU042,High-rise Building,150,Pipeline Infrastructure,Use deep foundations or densify subsoil,False
AU042,Low-rise,100,Pipeline Infrastructure,Increase CBR in top 2 layers,False
AU042,Roads & Highways,70,Pipeline Infrastructure,Increase CBR in top 2 layers,False
AU042,Bridges,120,Pipeline Infrastructure,Increase CBR in top 2 layers,False
AU042,Tunnels,150,Pipeline Infrastructure,Increase CBR in top 2 layers,False
AU042,Railway Tracks,80,Pipeline Infrastructure,Use deep foundations or densify subsoil,False
AU042,Pipeline Infrastructure,30,,,True
AU042,Dams,100,Pipeline Infrastructure,Increase CBR in top 2 layers,False
AU042,Water Reservoirs,90,Pipeline Infrastructure,Use deep foundations or densify subsoil,False
AU042,Airport Runways,180,Pipeline Infrastructure,Increase CBR in top 2 layers,False
AU043,Residential Building,50,Pipeline Infrastructure,Use deep foundations or densify subsoil,False
AU043,High-rise Building,150,Pipeline Infrastructure,Increase CBR in top 2 layers,False
AU043,Low-rise,100,Pipeline Infrastructure,Use deep foundations or densify subsoil,False
AU043,Roads & Highways,70,Pipeline Infrastructure,Use deep foundations or densify subsoil,False
AU043,Bridges,120,Pipeline Infrastructure,Use deep foundations or densify subsoil,False
AU043,Tunnels,150,Pipeline Infrastructure,Increase CBR in top 2 layers,False
AU043,Railway Tracks,80,Pipeline Infrastructure,Use deep foundations or densify subsoil,False
AU043,Pipeline Infrastructure,30,,,True
AU043,Dams,100,Pipeline Infrastructure,Use deep foundations or densify subsoil,False
AU043,Water Reservoirs,90,Pipeline Infrastructure,Use deep foundations or densify subsoil,False
AU043,Airport Runways,180,Pipeline Infrastructure,Increase CBR in top 2 layers,False
AU044,Residential Building,50,,,True
AU044,High-rise Building,150,Residential Building,Reduce liquid limit via compaction,False
AU044,Low-rise,100,Residential Building,Use deep foundations or densify subsoil,False
AU044,Roads & Highways,70,Residential Building,Increase CBR in top 2 layers,False
AU044,Bridges,120,Residential Building,Increase CBR in top 2 layers,False
AU044,Tunnels,150,Residential Building,Use deep foundations or densify subsoil,False
AU044,Railway Tracks,80,Residential Building,Increase CBR in top 2 layers,False
AU044,Pipeline Infrastructure,30,,,True
AU044,Dams,100,Residential Building,Increase CBR in top 2 layers,False
AU044,Water Reservoirs,90,Residential Building,Increase CBR in top 2 layers,False
AU044,Airport Runways,180,Residential Building,Increase CBR in top 2 layers,False
AU046,Residential Building,50,,Use deep foundations or densify subsoil,False
AU046,High-rise Building,150,,Increase CBR in top 2 layers,False
AU046,Low-rise,100,,Increase CBR in top 2 layers,False
AU046,Roads & Highways,70,,Use deep foundations or densify subsoil,False
AU046,Bridges,120,,Increase CBR in top 2 layers,False
AU046,Tunnels,150,,Use deep foundations or densify subsoil,False
AU046,Railway Tracks,80,,Use deep foundations or densify subsoil,False
AU046,Pipeline Infrastructure,30,,Increase CBR in top 2 layers,False
AU046,Dams,100,,Use deep foundations or densify subsoil,False
AU046,Water Reservoirs,90,,Use deep foundations or densify subsoil,False
AU046,Airport Runways,180,,Reduce liquid limit via compaction,False
AU047,Residential Building,50,,Reduce liquid limit via compaction,False
AU047,High-rise Building,150,,Increase CBR in top 2 layers,False
AU047,Low-rise,100,,Reduce liquid limit via compaction,False
AU047,Roads & Highways,70,,Reduce liquid limit via compaction,False
AU047,Bridges,120,,Reduce liquid limit via compaction,False
AU047,Tunnels,150,,Use deep foundations or densify subsoil,False
AU047,Railway Tracks,80,,Reduce liquid limit via compaction,False
AU047,Pipeline Infrastructure,30,,Reduce liquid limit via compaction,False
AU047,Dams,100,,Reduce liquid limit via compaction,False
AU047,Water Reservoirs,90,,Reduce liquid limit via compaction,False
AU047,Airport Runways,180,,Reduce liquid limit via compaction,False
BD017,Residential Building,50,,Reduce liquid limit via compaction,False
BD017,High-rise Building,150,,Increase CBR in top 2 layers,False
BD017,Low-rise,100,,Reduce liquid limit via compaction,False
BD017,Roads & Highways,70,,Reduce liquid limit via compaction,False
BD017,Bridges,120,,Reduce liquid limit via compaction,False
BD017,Tunnels,150,,Reduce liquid limit via compaction,False
BD017,Railway Tracks,80,,Reduce liquid limit via compaction,False
BD017,Pipeline Infrastructure,30,,Reduce liquid limit via compaction,False
BD017,Dams,100,,Reduce liquid limit via compaction,False
BD017,Water Reservoirs,90,,Reduce liquid limit via compaction,False
BD017,Airport Runways,180,,Increase CBR in top 2 layers,False
BD018,Residential Building,50,,,True
BD018,High-rise Building,150,Residential Building,Use deep foundations or densify subsoil,False
BD018,Low-rise,100,Residential Building,Use deep foundations or densify subsoil,False
BD018,Roads & Highways,70,Residential Building,Use deep foundations or densify subsoil,False
BD018,Bridges,120,Residential Building,Increase CBR in top 2 layers,False
BD018,Tunnels,150,Residential Building,Increase CBR in top 2 layers,False
BD018,Railway Tracks,80,Residential Building,Increase CBR in top 2 layers,False
BD018,Pipeline Infrastructure,30,,,True
BD018,Dams,100,Residential Building,Increase CBR in top 2 layers,False
BD018,Water Reservoirs,90,Residential Building,Increase CBR in top 2 layers,False
BD018,Airport Runways,180,Residential Building,Increase CBR in top 2 layers,False
BD019,Residential Building,50,,Reduce liquid limit via compaction,False
BD019,High-rise Building,150,,Use deep foundations or densify subsoil,False
BD019,Low-rise,100,,Reduce liquid limit via compaction,False
BD019,Roads & Highways,70,,Increase CBR in top 2 layers,False
BD019,Bridges,120,,Increase CBR in top 2 layers,False
BD019,Tunnels,150,,Reduce liquid limit via compaction,False
BD019,Railway Tracks,80,,Reduce liquid limit via compaction,False
BD019,Pipeline Infrastructure,30,,Reduce liquid limit via compaction,False
BD019,Dams,100,,Use deep foundations or densify subsoil,False
BD019,Water Reservoirs,90,,Reduce liquid limit via compaction,False
BD019,Airport Runways,180,,Use deep foundations or densify subsoil,False
BE007,Residential Building,50,,Increase CBR in top 2 layers,False
BE007,High-rise Building,150,,Increase CBR in top 2 layers,False
BE007,Low-rise,100,,Increase CBR in top 2 layers,False
BE007,Roads & Highways,70,,Increase CBR in top 2 layers,False
BE007,Bridges,120,,Use deep foundations or densify subsoil,False
BE007,Tunnels,150,,Use deep foundations or densify subsoil,False
BE007,Railway Tracks,80,,Increase CBR in top 2 layers,False
BE007,Pipeline Infrastructure,30,,Increase CBR in top 2 layers,False
BE007,Dams,100,,Increase CBR in top 2 layers,False
BE007,Water Reservoirs,90,,Use deep foundations or densify subsoil,False
BE007,Airport Runways,180,,Reduce liquid limit via compaction,False
BF001,Residential Building,50,Pipeline Infrastructure,Reduce liquid limit via compaction,False
BF001,High-rise Building,150,Pipeline Infrastructure,Reduce liquid limit via compaction,False
BF001,Low-rise,100,Pipeline Infrastructure,Use deep foundations or densify subsoil,False
BF001,Roads & Highways,70,Pipeline Infrastructure,Reduce liquid limit via compaction,False
BF001,Bridges,120,Pipeline Infrastructure,Use deep foundations or densify subsoil,False
BF001,Tunnels,150,Pipeline Infrastructure,Reduce liquid limit via compaction,False
BF001,Railway Tracks,80,Pipeline Infrastructure,Reduce liquid limit via compaction,False
BF001,Pipeline Infrastructure,30,,,True
BF001,Dams,100,Pipeline Infrastructure,Reduce liquid limit via compaction,False
BF001,Water Reservoirs,90,Pipeline Infrastructure,Reduce liquid limit via compaction,False
BF001,Airport Runways,180,Pipeline Infrastructure,Increase CBR in top 2 layers,False
BI005,Residential Building,50,,,True
BI005,High-rise Building,150,Residential Building,Reduce liquid limit via compaction,False
BI005,Low-rise,100,Residential Building,Use deep foundations or densify subsoil,False
BI005,Roads & Highways,70,,,True
BI005,Bridges,120,Residential Building,Increase CBR in top 2 layers,False
BI005,Tunnels,150,Residential Building,Increase CBR in top 2 layers,False
BI005,Railway Tracks,80,Residential Building,Use deep foundations or densify subsoil,False
BI005,Pipeline Infrastructure,30,,,True
BI005,Dams,100,Residential Building,Use deep foundations or densify subsoil,False
BI005,Water Reservoirs,90,Residential Building,Use deep foundations or densify subsoil,False
BI005,Airport Runways,180,Residential Building,Reduce liquid limit via compaction,False
BI006,Residential Building,50,Pipeline Infrastructure,Reduce liquid limit via compaction,False
BI006,High-rise Building,150,Pipeline Infrastructure,Reduce liquid limit via compaction,False
BI006,Low-rise,100,Pipeline Infrastructure,Use deep foundations or densify subsoil,False
BI006,Roads & Highways,70,Pipeline Infrastructure,Reduce liquid limit via compaction,False
BI006,Bridges,120,Pipeline Infrastructure,Reduce liquid limit via compaction,False
BI006,Tunnels,150,Pipeline Infrastructure,Use deep foundations or densify subsoil,False
BI006,Railway Tracks,80,Pipeline Infrastructure,Reduce liquid limit via compaction,False
BI006,Pipeline Infrastructure,30,,,True
BI006,Dams,100,Pipeline Infrastructure,Reduce liquid limit via compaction,False
BI006,Water Reservoirs,90,Pipeline Infrastructure,Reduce liquid limit via compaction,False
BI006,Airport Runways,180,Pipeline Infrastructure,Increase CBR in top 2 layers,False
BI007,Residential Building,50,,,True
BI007,High-rise Building,150,Residential Building,Increase CBR in top 2 layers,False
BI007,Low-rise,100,Residential Building,Use deep foundations or densify subsoil,False
BI007,Roads & Highways,70,Residential Building,Increase CBR in top 2 layers,False
BI007,Bridges,120,Residential Building,Increase CBR in top 2 layers,False
BI007,Tunnels,150,Residential Building,Reduce liquid limit via compaction,False
BI007,Railway Tracks,80,Residential Building,Use deep foundations or densify subsoil,False
BI007,Pipeline Infrastructure,30,,,True
BI007,Dams,100,Residential Building,Use deep foundations or densify subsoil,False
BI007,Water Reservoirs,90,Residential Building,Increase CBR in top 2 layers,False
BI007,Airport Runways,180,Residential Building,Reduce liquid limit via compaction,False
BI008,Residential Building,50,,,True
BI008,High-rise Building,150,Residential Building,Increase CBR in top 2 layers,False
BI008,Low-rise,100,Residential Building,Use deep foundations or densify subsoil,False
BI008,Roads & Highways,70,Residential Building,Use deep foundations or densify subsoil,False
BI008,Bridges,120,Residential Building,Use deep foundations or densify subsoil,False
BI008,Tunnels,150,Residential Building,Increase CBR in top 2 layers,False
BI008,Railway Tracks,80,Residential Building,Increase CBR in top 2 layers,False
BI008,Pipeline Infrastructure,30,,,True
BI008,Dams,100,Residential Building,Use deep foundations or densify subsoil,False
BI008,Water Reservoirs,90,Residential Building,Increase CBR in top 2 layers,False
BI008,Airport Runways,180,Residential Building,Use deep foundations or densify subsoil,False
BI009,Residential Building,50,,,True
BI009,High-rise Building,150,Residential Building,Use deep foundations or densify subsoil,False
BI009,Low-rise,100,Residential Building,Reduce liquid limit via compaction,False
BI009,Roads & Highways,70,,,True
BI009,Bridges,120,Residential Building,Reduce liquid limit via compaction,False
BI009,Tunnels,150,Residential Building,Use deep foundations or densify subsoil,False
BI009,Railway Tracks,80,Residential Building,Use deep foundations or densify subsoil,False
BI009,Pipeline Infrastructure,30,,,True
BI009,Dams,100,Residential Building,Reduce liquid limit via compaction,False
BI009,Water Reservoirs,90,Residential Building,Use deep foundations or densify subsoil,False
BI009,Airport Runways,180,Residential Building,Use deep foundations or densify subsoil,False
BI010,Residential Building,50,,,True
BI010,High-rise Building,150,Residential Building,Use deep foundations or densify subsoil,False
BI010,Low-rise,100,,,True
BI010,Roads & Highways,70,,,True
BI010,Bridges,120,,,True
BI010,Tunnels,150,Bridges,Use deep foundations or densify subsoil,False
BI010,Railway Tracks,80,,,True
BI010,Pipeline Infrastructure,30,,,True
BI010,Dams,100,,,True
BI010,Water Reservoirs,90,,,True
BI010,Airport Runways,180,Residential Building,Use deep foundations or densify subsoil,False
BI011,Residential Building,50,,,True
BI011,High-rise Building,150,Residential Building,Use deep foundations or densify subsoil,False
BI011,Low-rise,100,Residential Building,Use deep foundations or densify subsoil,False
BI011,Roads & Highways,70,Residential Building,Use deep foundations or densify subsoil,False
BI011,Bridges,120,Residential Building,Use deep foundations or densify subsoil,False
BI011,Tunnels,150,Residential Building,Increase CBR in top 2 layers,False
BI011,Railway Tracks,80,Residential Building,Increase CBR in top 2 layers,False
BI011,Pipeline Infrastructure,30,,,True
BI011,Dams,100,Residential Building,Increase CBR in top 2 layers,False
BI011,Water Reservoirs,90,Residential Building,Increase CBR in top 2 layers,False
BI011,Airport Runways,180,Residential Building,Use deep foundations or densify subsoil,False
BI012,Residential Building,50,,,True
BI012,High-rise Building,150,Residential Building,Increase CBR in top 2 layers,False
BI012,Low-rise,100,Residential Building,Increase CBR in top 2 layers,False
BI012,Roads & Highways,70,,,True
BI012,Bridges,120,Residential Building,Increase CBR in top 2 layers,False
BI012,Tunnels,150,Residential Building,Use deep foundations or densify subsoil,False
BI012,Railway Tracks,80,Residential Building,Use deep foundations or densify subsoil,False
BI012,Pipeline Infrastructure,30,,,True
BI012,Dams,100,Residential Building,Increase CBR in top 2 layers,False
BI012,Water Reservoirs,90,Residential Building,Reduce liquid limit via compaction,False
BI012,Airport Runways,180,Residential Building,Use deep foundations or densify subsoil,False
BI013,Residential Building,50,,Reduce liquid limit via compaction,False
BI013,High-rise Building,150,,Reduce liquid limit via compaction,False
BI013,Low-rise,100,,Increase CBR in top 2 layers,False
BI013,Roads & Highways,70,,Use deep foundations or densify subsoil,False
BI013,Bridges,120,,Use deep foundations or densify subsoil,False
BI013,Tunnels,150,,Reduce liquid limit via compaction,False
BI013,Railway Tracks,80,,Use deep foundations or densify subsoil,False
BI013,Pipeline Infrastructure,30,,Reduce liquid limit via compaction,False
BI013,Dams,100,,Reduce liquid limit via compaction,False
BI013,Water Reservoirs,90,,Increase CBR in top 2 layers,False
BI013,Airport Runways,180,,Use deep foundations or densify subsoil,False
BI014,Residential Building,50,Pipeline Infrastructure,Increase CBR in top 2 layers,False
BI014,High-rise Building,150,Pipeline Infrastructure,Use deep foundations or densify subsoil,False
BI014,Low-rise,100,Pipeline Infrastructure,Increase CBR in top 2 layers,False
BI014,Roads & Highways,70,Pipeline Infrastructure,Increase CBR in top 2 layers,False
BI014,Bridges,120,Pipeline Infrastructure,Use deep foundations or densify subsoil,False
BI014,Tunnels,150,Pipeline Infrastructure,Use deep foundations or densify subsoil,False
BI014,Railway Tracks,80,Pipeline Infrastructure,Use deep foundations or densify subsoil,False
BI014,Pipeline Infrastructure,30,,,True
BI014,Dams,100,Pipeline Infrastructure,Increase CBR in top 2 layers,False
BI014,Water Reservoirs,90,Pipeline Infrastructure,Increase CBR in top 2 layers,False
BI014,Airport Runways,180,Pipeline Infrastructure,Use deep foundations or densify subsoil,False
BI015,Residential Building,50,,,True
BI015,High-rise Building,150,Residential Building,Increase CBR in top 2 layers,False
BI015,Low-rise,100,Residential Building,Use deep foundations or densify subsoil,False
BI015,Roads & Highways,70,,,True
BI015,Bridges,120,Residential Building,Increase CBR in top 2 layers,False
BI015,Tunnels,150,Residential Building,Increase CBR in top 2 layers,False
BI015,Railway Tracks,80,,,True
BI015,Pipeline Infrastructure,30,,,True
BI015,Dams,100,Residential Building,Use deep foundations or densify subsoil,False
BI015,Water Reservoirs,90,,,True
BI015,Airport Runways,180,Residential Building,Increase CBR in top 2 layers,False
BI016,Residential Building,50,,,True
BI016,High-rise Building,150,Residential Building,Use deep foundations or densify subsoil,False
BI016,Low-rise,100,Residential Building,Use deep foundations or densify subsoil,False
BI016,Roads & Highways,70,Residential Building,Use deep foundations or densify subsoil,False
BI016,Bridges,120,Residential Building,Increase CBR in top 2 layers,False
BI016,Tunnels,150,Residential Building,Increase CBR in top 2 layers,False
BI016,Railway Tracks,80,Residential Building,Increase CBR in top 2 layers,False
BI016,Pipeline Infrastructure,30,,,True
BI016,Dams,100,Residential Building,Increase CBR in top 2 layers,False
BI016,Water Reservoirs,90,Residential Building,Use deep foundations or densify subsoil,False
BI016,Airport Runways,180,Residential Building,Use deep foundations or densify subsoil,False
BR045,Residential Building,50,,Use deep foundations or densify subsoil,False
BR045,High-rise Building,150,,Reduce liquid limit via compaction,False
BR045,Low-rise,100,,Use deep foundations or densify subsoil,False
BR045,Roads & Highways,70,,Reduce liquid limit via compaction,False
BR045,Bridges,120,,Increase CBR in top 2 layers,False
BR045,Tunnels,150,,Use deep foundations or densify subsoil,False
BR045,Railway Tracks,80,,Use deep foundations or densify subsoil,False
BR045,Pipeline Infrastructure,30,,Increase CBR in top 2 layers,False
BR045,Dams,100,,Increase CBR in top 2 layers,False
BR045,Water Reservoirs,90,,Reduce liquid limit via compaction,False
BR045,Airport Runways,180,,Use deep foundations or densify subsoil,False
BR046,Residential Building,50,Pipeline Infrastructure,Reduce liquid limit via compaction,False
BR046,High-rise Building,150,Pipeline Infrastructure,Use deep foundations or densify subsoil,False
BR046,Low-rise,100,Pipeline Infrastructure,Reduce liquid limit via compaction,False
BR046,Roads & Highways,70,Pipeline Infrastructure,Reduce liquid limit via compaction,False
BR046,Bridges,120,Pipeline Infrastructure,Reduce liquid limit via compaction,False
BR046,Tunnels,150,Pipeline Infrastructure,Use deep foundations or densify subsoil,False
BR046,Railway Tracks,80,Pipeline Infrastructure,Reduce liquid limit via compaction,False
BR046,Pipeline Infrastructure,30,,,True
BR046,Dams,100,Pipeline Infrastructure,Increase CBR in top 2 layers,False
BR046,Water Reservoirs,90,Pipeline Infrastructure,Use deep foundations or densify subsoil,False
BR046,Airport Runways,180,Pipeline Infrastructure,Reduce liquid limit via compaction,False
BR047,Residential Building,50,,,True
BR047,High-rise Building,150,Residential Building,Increase CBR in top 2 layers,False
BR047,Low-rise,100,Residential Building,Increase CBR in top 2 layers,False
BR047,Roads & Highways,70,Residential Building,Increase CBR in top 2 layers,False
BR047,Bridges,120,Residential Building,Increase CBR in top 2 layers,False
BR047,Tunnels,150,Residential Building,Use deep foundations or densify subsoil,False
BR047,Railway Tracks,80,Residential Building,Increase CBR in top 2 layers,False
BR047,Pipeline Infrastructure,30,,,True
BR047,Dams,100,Residential Building,Increase CBR in top 2 layers,False
BR047,Water Reservoirs,90,Residential Building,Increase CBR in top 2 layers,False
BR047,Airport Runways,180,Residential Building,Use deep foundations or densify subsoil,False
BR048,Residential Building,50,,,True
BR048,High-rise Building,150,Residential Building,Use deep foundations or densify subsoil,False
BR048,Low-rise,100,Residential Building,Increase CBR in top 2 layers,False
BR048,Roads & Highways,70,,,True
BR048,Bridges,120,Residential Building,Use deep foundations or densify subsoil,False
BR048,Tunnels,150,Residential Building,Use deep foundations or densify subsoil,False
BR048,Railway Tracks,80,Residential Building,Use deep foundations or densify subsoil,False
BR048,Pipeline Infrastructure,30,,,True
BR048,Dams,100,Residential Building,Use deep foundations or densify subsoil,False
BR048,Water Reservoirs,90,Residential Building,Increase CBR in top 2 layers,False
BR048,Airport Runways,180,Residential Building,Increase CBR in top 2 layers,False
BR049,Residential Building,50,,Reduce liquid limit via compaction,False
BR049,High-rise Building,150,,Use deep foundations or densify subsoil,False
BR049,Low-rise,100,,Increase CBR in top 2 layers,False
BR049,Roads & Highways,70,,Reduce liquid limit via compaction,False
BR049,Bridges,120,,Reduce liquid limit via compaction,False
BR049,Tunnels,150,,Use deep foundations or densify subsoil,False
BR049,Railway Tracks,80,,Use deep foundations or densify subsoil,False
BR049,Pipeline Infrastructure,30,,Reduce liquid limit via compaction,False
BR049,Dams,100,,Increase CBR in top 2 layers,False
BR049,Water Reservoirs,90,,Increase CBR in top 2 layers,False
BR049,Airport Runways,180,,Use deep foundations or densify subsoil,False
BR050,Residential Building,50,,Reduce liquid limit via compaction,False
BR050,High-rise Building,150,,Increase CBR in top 2 layers,False
BR050,Low-rise,100,,Reduce liquid limit via compaction,False
BR050,Roads & Highways,70,,Reduce liquid limit via compaction,False
BR050,Bridges,120,,Increase CBR in top 2 layers,False
BR050,Tunnels,150,,Increase CBR in top 2 layers,False
BR050,Railway Tracks,80,,Use deep foundations or densify subsoil,False
BR050,Pipeline Infrastructure,30,,Reduce liquid limit via compaction,False
BR050,Dams,100,,Increase CBR in top 2 layers,False
BR050,Water Reservoirs,90,,Use deep foundations or densify subsoil,False
BR050,Airport Runways,180,,Reduce liquid limit via compaction,False
BR051,Residential Building,50,Pipeline Infrastructure,Reduce liquid limit via compaction,False
BR051,High-rise Building,150,Pipeline Infrastructure,Reduce liquid limit via compaction,False
BR051,Low-rise,100,Pipeline Infrastructure,Use deep foundations or densify subsoil,False
BR051,Roads & Highways,70,Pipeline Infrastructure,Reduce liquid limit via compaction,False
BR051,Bridges,120,Pipeline Infrastructure,Use deep foundations or densify subsoil,False
BR051,Tunnels,150,Pipeline Infrastructure,Increase CBR in top 2 layers,False
BR051,Railway Tracks,80,Pipeline Infrastructure,Reduce liquid limit via compaction,False
BR051,Pipeline Infrastructure,30,,,True
BR051,Dams,100,Pipeline Infrastructure,Reduce liquid limit via compaction,False
BR051,Water Reservoirs,90,Pipeline Infrastructure,Use deep foundations or densify subsoil,False
BR051,Airport Runways,180,Pipeline Infrastructure,Reduce liquid limit via compaction,False
BR052,Residential Building,50,Pipeline Infrastructure,Reduce liquid limit via compaction,False
BR052,High-rise Building,150,Pipeline Infrastructure,Reduce liquid limit via compaction,False
BR052,Low-rise,100,Pipeline Infrastructure,Reduce liquid limit via compaction,False
BR052,Roads & Highways,70,Pipeline Infrastructure,Reduce liquid limit via compaction,False
BR052,Bridges,120,Pipeline Infrastructure,Reduce liquid limit via compaction,False
BR052,Tunnels,150,Pipeline Infrastructure,Use deep foundations or densify subsoil,False
BR052,Railway Tracks,80,Pipeline Infrastructure,Reduce liquid limit via compaction,False
BR052,Pipeline Infrastructure,30,,,True
BR052,Dams,100,Pipeline Infrastructure,Reduce liquid limit via compaction,False
BR052,Water Reservoirs,90,Pipeline Infrastructure,Reduce liquid limit via compaction,False
BR052,Airport Runways,180,Pipeline Infrastructure,Use deep foundations or densify subsoil,False
BR053,Residential Building,50,,,True
BR053,High-rise Building,150,Residential Building,Increase CBR in top 2 layers,False
BR053,Low-rise,100,,,True
BR053,Roads & Highways,70,,,True
BR053,Bridges,120,Residential Building,Increase CBR in top 2 layers,False
BR053,Tunnels,150,Residential Building,Use deep foundations or densify subsoil,False
BR053,Railway Tracks,80,,,True
BR053,Pipeline Infrastructure,30,,,True
BR053,Dams,100,,,True
BR053,Water Reservoirs,90,,,True
BR053,Airport Runways,180,Residential Building,Increase CBR in top 2 layers,False
BR054,Residential Building,50,,,True
BR054,High-rise Building,150,Residential Building,Use deep foundations or densify subsoil,False
BR054,Low-rise,100,Residential Building,Use deep foundations or densify subsoil,False
BR054,Roads & Highways,70,,,True
BR054,Bridges,120,Residential Building,Use deep foundations or densify subsoil,False
BR054,Tunnels,150,Residential Building,Increase CBR in top 2 layers,False
BR054,Railway Tracks,80,,,True
BR054,Pipeline Infrastructure,30,,,True
BR054,Dams,100,Residential Building,Use deep foundations or densify subsoil,False
BR054,Water Reservoirs,90,Residential Building,Use deep foundations or densify subsoil,False
BR054,Airport Runways,180,Residential Building,Use deep foundations or densify subsoil,False
BR055,Residential Building,50,Pipeline Infrastructure,Reduce liquid limit via compaction,False
BR055,High-rise Building,150,Pipeline Infrastructure,Reduce liquid limit via compaction,False
BR055,Low-rise,100,Pipeline Infrastructure,Reduce liquid limit via compaction,False
BR055,Roads & Highways,70,Pipeline Infrastructure,Reduce liquid limit via compaction,False
BR055,Bridges,120,Pipeline Infrastructure,Reduce liquid limit via compaction,False
BR055,Tunnels,150,Pipeline Infrastructure,Increase CBR in top 2 layers,False
BR055,Railway Tracks,80,Pipeline Infrastructure,Reduce liquid limit via compaction,False
BR055,Pipeline Infrastructure,30,,,True
BR055,Dams,100,Pipeline Infrastructure,Increase CBR in top 2 layers,False
BR055,Water Reservoirs,90,Pipeline Infrastructure,Use deep foundations or densify subsoil,False
BR055,Airport Runways,180,Pipeline Infrastructure,Increase CBR in top 2 layers,False
BR056,Residential Building,50,,,True
BR056,High-rise Building,150,Residential Building,Reduce liquid limit via compaction,False
BR056,Low-rise,100,,,True
BR056,Roads & Highways,70,,,True
BR056,Bridges,120,Residential Building,Reduce liquid limit via compaction,False
BR056,Tunnels,150,Residential Building,Reduce liquid limit via compaction,False
BR056,Railway Tracks,80,,,True
BR056,Pipeline Infrastructure,30,,,True
BR056,Dams,100,Residential Building,Reduce liquid limit via compaction,False
BR056,Water Reservoirs,90,,,True
BR056,Airport Runways,180,Residential Building,Increase CBR in top 2 layers,False
BR057,Residential Building,50,,Reduce liquid limit via compaction,False
BR057,High-rise Building,150,,Increase CBR in top 2 layers,False
BR057,Low-rise,100,,Reduce liquid limit via compaction,False
BR057,Roads & Highways,70,,Reduce liquid limit via compaction,False
BR057,Bridges,120,,Increase CBR in top 2 layers,False
BR057,Tunnels,150,,Reduce liquid limit via compaction,False
BR057,Railway Tracks,80,,Reduce liquid limit via compaction,False
BR057,Pipeline Infrastructure,30,,Reduce liquid limit via compaction,False
BR057,Dams,100,,Reduce liquid limit via compaction,False
BR057,Water Reservoirs,90,,Reduce liquid limit via compaction,False
BR057,Airport Runways,180,,Increase CBR in top 2 layers,False
BR058,Residential Building,50,,,True
BR058,High-rise Building,150,Residential Building,Use deep foundations or densify subsoil,False
BR058,Low-rise,100,Residential Building,Increase CBR in top 2 layers,False
BR058,Roads & Highways,70,Residential Building,Increase CBR in top 2 layers,False
BR058,Bridges,120,Residential Building,Use deep foundations or densify subsoil,False
BR058,Tunnels,150,Residential Building,Use deep foundations or densify subsoil,False
BR058,Railway Tracks,80,Residential Building,Increase CBR in top 2 layers,False
BR058,Pipeline Infrastructure,30,,,True
BR058,Dams,100,Residential Building,Use deep foundations or densify subsoil,False
BR058,Water Reservoirs,90,Residential Building,Increase CBR in top 2 layers,False
BR058,Airport Runways,180,Residential Building,Increase CBR in top 2 layers,False
BR059,Residential Building,50,,Reduce liquid limit via compaction,False
BR059,High-rise Building,150,,Reduce liquid limit via compaction,False
BR059,Low-rise,100,,Reduce liquid limit via compaction,False
BR059,Roads & Highways,70,,Reduce liquid limit via compaction,False
BR059,Bridges,120,,Increase CBR in top 2 layers,False
BR059,Tunnels,150,,Increase CBR in top 2 layers,False
BR059,Railway Tracks,80,,Reduce liquid limit via compaction,False
BR059,Pipeline Infrastructure,30,,Reduce liquid limit via compaction,False
BR059,Dams,100,,Use deep foundations or densify subsoil,False
BR059,Water Reservoirs,90,,Use deep foundations or densify subsoil,False
BR059,Airport Runways,180,,Use deep foundations or densify subsoil,False
BR060,Residential Building,50,Pipeline Infrastructure,Use deep foundations or densify subsoil,False
BR060,High-rise Building,150,Pipeline Infrastructure,Increase CBR in top 2 layers,False
BR060,Low-rise,100,Pipeline Infrastructure,Increase CBR in top 2 layers,False
BR060,Roads & Highways,70,Pipeline Infrastructure,Reduce liquid limit via compaction,False
BR060,Bridges,120,Pipeline Infrastructure,Use deep foundations or densify subsoil,False
BR060,Tunnels,150,Pipeline Infrastructure,Reduce liquid limit via compaction,False
BR060,Railway Tracks,80,Pipeline Infrastructure,Increase CBR in top 2 layers,False
BR060,Pipeline Infrastructure,30,,,True
BR060,Dams,100,Pipeline Infrastructure,Increase CBR in top 2 layers,False
BR060,Water Reservoirs,90,Pipeline Infrastructure,Increase CBR in top 2 layers,False
BR060,Airport Runways,180,Pipeline Infrastructure,Increase CBR in top 2 layers,False
BR061,Residential Building,50,,Increase CBR in top 2 layers,False
BR061,High-rise Building,150,,Use deep foundations or densify subsoil,False
BR061,Low-rise,100,,Use deep foundations or densify subsoil,False
BR061,Roads & Highways,70,,Increase CBR in top 2 layers,False
BR061,Bridges,120,,Increase CBR in top 2 layers,False
BR061,Tunnels,150,,Use deep foundations or densify subsoil,False
BR061,Railway Tracks,80,,Use deep foundations or densify subsoil,False
BR061,Pipeline Infrastructure,30,,Increase CBR in top 2 layers,False
BR061,Dams,100,,Use deep foundations or densify subsoil,False
BR061,Water Reservoirs,90,,Use deep foundations or densify subsoil,False
BR061,Airport Runways,180,,Use deep foundations or densify subsoil,False
BR062,Residential Building,50,,Reduce liquid limit via compaction,False
BR062,High-rise Building,150,,Reduce liquid limit via compaction,False
BR062,Low-rise,100,,Increase CBR in top 2 layers,False
BR062,Roads & Highways,70,,Reduce liquid limit via compaction,False
BR062,Bridges,120,,Reduce liquid limit via compaction,False
BR062,Tunnels,150,,Reduce liquid limit via compaction,False
BR062,Railway Tracks,80,,Reduce liquid limit via compaction,False
BR062,Pipeline Infrastructure,30,,Reduce liquid limit via compaction,False
BR062,Dams,100,,Increase CBR in top 2 layers,False
BR062,Water Reservoirs,90,,Reduce liquid limit via compaction,False
BR062,Airport Runways,180,,Use deep foundations or densify subsoil,False
BR063,Residential Building,50,,Reduce liquid limit via compaction,False
BR063,High-rise Building,150,,Use deep foundations or densify subsoil,False
BR063,Low-rise,100,,Reduce liquid limit via compaction,False
BR063,Roads & Highways,70,,Reduce liquid limit via compaction,False
BR063,Bridges,120,,Reduce liquid limit via compaction,False
BR063,Tunnels,150,,Reduce liquid limit via compaction,False
BR063,Railway Tracks,80,,Reduce liquid limit via compaction,False
BR063,Pipeline Infrastructure,30,,Reduce liquid limit via compaction,False
BR063,Dams,100,,Increase CBR in top 2 layers,False
BR063,Water Reservoirs,90,,Reduce liquid limit via compaction,False
BR063,Airport Runways,180,,Reduce liquid limit via compaction,False
BR064,Residential Building,50,,,True
BR064,High-rise Building,150,Residential Building,Increase CBR in top 2 layers,False
BR064,Low-rise,100,Residential Building,Reduce liquid limit via compaction,False
BR064,Roads & Highways,70,,,True
BR064,Bridges,120,Residential Building,Increase CBR in top 2 layers,False
BR064,Tunnels,150,Residential Building,Use deep foundations or densify subsoil,False
BR064,Railway Tracks,80,,,True
BR064,Pipeline Infrastructure,30,,,True
BR064,Dams,100,Residential Building,Reduce liquid limit via compaction,False
BR064,Water Reservoirs,90,Residential Building,Reduce liquid limit via compaction,False
BR064,Airport Runways,180,Residential Building,Use deep foundations or densify subsoil,False
BR065,Residential Building,50,,Reduce liquid limit via compaction,False
BR065,High-rise Building,150,,Reduce liquid limit via compaction,False
BR065,Low-rise,100,,Reduce liquid limit via compaction,False
BR065,Roads & Highways,70,,Reduce liquid limit via compaction,False
BR065,Bridges,120,,Increase CBR in top 2 layers,False
BR065,Tunnels,150,,Increase CBR in top 2 layers,False
BR065,Railway Tracks,80,,Reduce liquid limit via compaction,False
BR065,Pipeline Infrastructure,30,,Reduce liquid limit via compaction,False
BR065,Dams,100,,Reduce liquid limit via compaction,False
BR065,Water Reservoirs,90,,Reduce liquid limit via compaction,False
BR065,Airport Runways,180,,Increase CBR in top 2 layers,False
BR066,Residential Building,50,,Reduce liquid limit via compaction,False
BR066,High-rise Building,150,,Increase CBR in top 2 layers,False
BR066,Low-rise,100,,Use deep foundations or densify subsoil,False
BR066,Roads & Highways,70,,Increase CBR in top 2 layers,False
BR066,Bridges,120,,Reduce liquid limit via compaction,False
BR066,Tunnels,150,,Increase CBR in top 2 layers,False
BR066,Railway Tracks,80,,Use deep foundations or densify subsoil,False
BR066,Pipeline Infrastructure,30,,Reduce liquid limit via compaction,False
BR066,Dams,100,,Increase CBR in top 2 layers,False
BR066,Water Reservoirs,90,,Use deep foundations or densify subsoil,False
BR066,Airport Runways,180,,Reduce liquid limit via compaction,False
BR067,Residential Building,50,,,True
BR067,High-rise Building,150,Residential Building,Increase CBR in top 2 layers,False
BR067,Low-rise,100,,,True
BR067,Roads & Highways,70,,,True
BR067,Bridges,120,Residential Building,Reduce liquid limit via compaction,False
BR067,Tunnels,150,Residential Building,Increase CBR in top 2 layers,False
BR067,Railway Tracks,80,,,True
BR067,Pipeline Infrastructure,30,,,True
BR067,Dams,100,Residential Building,Reduce liquid limit via compaction,False
BR067,Water Reservoirs,90,,,True
BR067,Airport Runways,180,Residential Building,Increase CBR in top 2 layers,False
BR068,Residential Building,50,,,True
BR068,High-rise Building,150,Residential Building,Use deep foundations or densify subsoil,False
BR068,Low-rise,100,Residential Building,Increase CBR in top 2 layers,False
BR068,Roads & Highways,70,,,True
BR068,Bridges,120,Residential Building,Increase CBR in top 2 layers,False
BR068,Tunnels,150,Residential Building,Use deep foundations or densify subsoil,False
BR068,Railway Tracks,80,Residential Building,Use deep foundations or densify subsoil,False
BR068,Pipeline Infrastructure,30,,,True
BR068,Dams,100,Residential Building,Increase CBR in top 2 layers,False
BR068,Water Reservoirs,90,Residential Building,Use deep foundations or densify subsoil,False
BR068,Airport Runways,180,Residential Building,Use deep foundations or densify subsoil,False
BR069,Residential Building,50,,,True
BR069,High-rise Building,150,Residential Building,Increase CBR in top 2 layers,False
BR069,Low-rise,100,,,True
BR069,Roads & Highways,70,,,True
BR069,Bridges,120,Residential Building,Use deep foundations or densify subsoil,False
BR069,Tunnels,150,Residential Building,Use deep foundations or densify subsoil,False
BR069,Railway Tracks,80,,,True
BR069,Pipeline Infrastructure,30,,,True
BR069,Dams,100,,,True
BR069,Water Reservoirs,90,,,True
BR069,Airport Runways,180,Residential Building,Use deep foundations or densify subsoil,False
BR070,Residential Building,50,,,True
BR070,High-rise Building,150,Residential Building,Increase CBR in top 2 layers,False
BR070,Low-rise,100,,,True
BR070,Roads & Highways,70,,,True
BR070,Bridges,120,Residential Building,Increase CBR in top 2 layers,False
BR070,Tunnels,150,Residential Building,Use deep foundations or densify subsoil,False
BR070,Railway Tracks,80,,,True
BR070,Pipeline Infrastructure,30,,,True
BR070,Dams,100,,,True
BR070,Water Reservoirs,90,,,True
BR070,Airport Runways,180,Residential Building,Reduce liquid limit via compaction,False
BR071,Residential Building,50,,Reduce liquid limit via compaction,False
BR071,High-rise Building,150,,Reduce liquid limit via compaction,False
BR071,Low-rise,100,,Reduce liquid limit via compaction,False
BR071,Roads & Highways,70,,Reduce liquid limit via compaction,False
BR071,Bridges,120,,Increase CBR in top 2 layers,False
BR071,Tunnels,150,,Use deep foundations or densify subsoil,False
BR071,Railway Tracks,80,,Reduce liquid limit via compaction,False
BR071,Pipeline Infrastructure,30,,Reduce liquid limit via compaction,False
BR071,Dams,100,,Reduce liquid limit via compaction,False
BR071,Water Reservoirs,90,,Reduce liquid limit via compaction,False
BR071,Airport Runways,180,,Use deep foundations or densify subsoil,False
BR072,Residential Building,50,,Reduce liquid limit via compaction,False
BR072,High-rise Building,150,,Increase CBR in top 2 layers,False
BR072,Low-rise,100,,Reduce liquid limit via compaction,False
BR072,Roads & Highways,70,,Reduce liquid limit via compaction,False
BR072,Bridges,120,,Increase CBR in top 2 layers,False
BR072,Tunnels,150,,Increase CBR in top 2 layers,False
BR072,Railway Tracks,80,,Reduce liquid limit via compaction,False
BR072,Pipeline Infrastructure,30,,Reduce liquid limit via compaction,False
BR072,Dams,100,,Reduce liquid limit via compaction,False
BR072,Water Reservoirs,90,,Reduce liquid limit via compaction,False
BR072,Airport Runways,180,,Reduce liquid limit via compaction,False
BR073,Residential Building,50,,Reduce liquid limit via compaction,False
BR073,High-rise Building,150,,Increase CBR in top 2 layers,False
BR073,Low-rise,100,,Reduce liquid limit via compaction,False
BR073,Roads & Highways,70,,Use deep foundations or densify subsoil,False
BR073,Bridges,120,,Increase CBR in top 2 layers,False
BR073,Tunnels,150,,Use deep foundations or densify subsoil,False
BR073,Railway Tracks,80,,Reduce liquid limit via compaction,False
BR073,Pipeline Infrastructure,30,,Reduce liquid limit via compaction,False
BR073,Dams,100,,Use deep foundations or densify subsoil,False
BR073,Water Reservoirs,90,,Increase CBR in top 2 layers,False
BR073,Airport Runways,180,,Use deep foundations or densify subsoil,False
BR074,Residential Building,50,,,True
BR074,High-rise Building,150,Residential Building,Increase CBR in top 2 layers,False
BR074,Low-rise,100,Residential Building,Increase CBR in top 2 layers,False
BR074,Roads & Highways,70,Residential Building,Use deep foundations or densify subsoil,False
BR074,Bridges,120,Residential Building,Increase CBR in top 2 layers,False
BR074,Tunnels,150,Residential Building,Use deep foundations or densify subsoil,False
BR074,Railway Tracks,80,Residential Building,Use deep foundations or densify subsoil,False
BR074,Pipeline Infrastructure,30,,,True
BR074,Dams,100,Residential Building,Use deep foundations or densify subsoil,False
BR074,Water Reservoirs,90,Residential Building,Increase CBR in top 2 layers,False
BR074,Airport Runways,180,Residential Building,Increase CBR in top 2 layers,False
BR075,Residential Building,50,Pipeline Infrastructure,Reduce liquid limit via compaction,False
BR075,High-rise Building,150,Pipeline Infrastructure,Use deep foundations or densify subsoil,False
BR075,Low-rise,100,Pipeline Infrastructure,Reduce liquid limit via compaction,False
BR075,Roads & Highways,70,Pipeline Infrastructure,Reduce liquid limit via compaction,False
BR075,Bridges,120,Pipeline Infrastructure,Use deep foundations or densify subsoil,False
BR075,Tunnels,150,Pipeline Infrastructure,Reduce liquid limit via compaction,False
BR075,Railway Tracks,80,Pipeline Infrastructure,Reduce liquid limit via compaction,False
BR075,Pipeline Infrastructure,30,,,True
BR075,Dams,100,Pipeline Infrastructure,Reduce liquid limit via compaction,False
BR075,Water Reservoirs,90,Pipeline Infrastructure,Reduce liquid limit via compaction,False
BR075,Airport Runways,180,Pipeline Infrastructure,Use deep foundations or densify subsoil,False
BR076,Residential Building,50,,Reduce liquid limit via compaction,False
BR076,High-rise Building,150,,Use deep foundations or densify subsoil,False
BR076,Low-rise,100,,Increase CBR in top 2 layers,False
BR076,Roads & Highways,70,,Reduce liquid limit via compaction,False
BR076,Bridges,120,,Use deep foundations or densify subsoil,False
BR076,Tunnels,150,,Reduce liquid limit via compaction,False
BR076,Railway Tracks,80,,Use deep foundations or densify subsoil,False
BR076,Pipeline Infrastructure,30,,Reduce liquid limit via compaction,False
BR076,Dams,100,,Increase CBR in top 2 layers,False
BR076,Water Reservoirs,90,,Use deep foundations or densify subsoil,False
BR076,Airport Runways,180,,Reduce liquid limit via compaction,False
BR077,Residential Building,50,,Reduce liquid limit via compaction,False
BR077,High-rise Building,150,,Use deep foundations or densify subsoil,False
BR077,Low-rise,100,,Reduce liquid limit via compaction,False
BR077,Roads & Highways,70,,Reduce liquid limit via compaction,False
BR077,Bridges,120,,Reduce liquid limit via compaction,False
BR077,Tunnels,150,,Reduce liquid limit via compaction,False
BR077,Railway Tracks,80,,Reduce liquid limit via compaction,False
BR077,Pipeline Infrastructure,30,,Reduce liquid limit via compaction,False
BR077,Dams,100,,Reduce liquid limit via compaction,False
BR077,Water Reservoirs,90,,Reduce liquid limit via compaction,False
BR077,Airport Runways,180,,Increase CBR in top 2 layers,False
BR078,Residential Building,50,,Reduce liquid limit via compaction,False
BR078,High-rise Building,150,,Reduce liquid limit via compaction,False
BR078,Low-rise,100,,Reduce liquid limit via compaction,False
BR078,Roads & Highways,70,,Reduce liquid limit via compaction,False
BR078,Bridges,120,,Increase CBR in top 2 layers,False
BR078,Tunnels,150,,Use deep foundations or densify subsoil,False
BR078,Railway Tracks,80,,Use deep foundations or densify subsoil,False
BR078,Pipeline Infrastructure,30,,Reduce liquid limit via compaction,False
BR078,Dams,100,,Use deep foundations or densify subsoil,False
BR078,Water Reservoirs,90,,Increase CBR in top 2 layers,False
BR078,Airport Runways,180,,Increase CBR in top 2 layers,False
BR079,Residential Building,50,Pipeline Infrastructure,Reduce liquid limit via compaction,False
BR079,High-rise Building,150,Pipeline Infrastructure,Use deep foundations or densify subsoil,False
BR079,Low-rise,100,Pipeline Infrastructure,Reduce liquid limit via compaction,False
BR079,Roads & Highways,70,Pipeline Infrastructure,Reduce liquid limit via compaction,False
BR079,Bridges,120,Pipeline Infrastructure,Increase CBR in top 2 layers,False
BR079,Tunnels,150,Pipeline Infrastructure,Increase CBR in top 2 layers,False
BR079,Railway Tracks,80,Pipeline Infrastructure,Reduce liquid limit via compaction,False
BR079,Pipeline Infrastructure,30,,,True
BR079,Dams,100,Pipeline Infrastructure,Reduce liquid limit via compaction,False
BR079,Water Reservoirs,90,Pipeline Infrastructure,Reduce liquid limit via compaction,False
BR079,Airport Runways,180,Pipeline Infrastructure,Use deep foundations or densify subsoil,False
BR080,Residential Building,50,,,True
BR080,High-rise Building,150,Residential Building,Use deep foundations or densify subsoil,False
BR080,Low-rise,100,Residential Building,Increase CBR in top 2 layers,False
BR080,Roads & Highways,70,Residential Building,Use deep foundations or densify subsoil,False
BR080,Bridges,120,Residential Building,Increase CBR in top 2 layers,False
BR080,Tunnels,150,Residential Building,Increase CBR in top 2 layers,False
BR080,Railway Tracks,80,Residential Building,Increase CBR in top 2 layers,False
BR080,Pipeline Infrastructure,30,,,True
BR080,Dams,100,Residential Building,Increase CBR in top 2 layers,False
BR080,Water Reservoirs,90,Residential Building,Increase CBR in top 2 layers,False
BR080,Airport Runways,180,Residential Building,Increase CBR in top 2 layers,False
BR081,Residential Building,50,Pipeline Infrastructure,Reduce liquid limit via compaction,False
BR081,High-rise Building,150,Pipeline Infrastructure,Increase CBR in top 2 layers,False
BR081,Low-rise,100,Pipeline Infrastructure,Use deep foundations or densify subsoil,False
BR081,Roads & Highways,70,Pipeline Infrastructure,Reduce liquid limit via compaction,False
BR081,Bridges,120,Pipeline Infrastructure,Increase CBR in top 2 layers,False
BR081,Tunnels,150,Pipeline Infrastructure,Increase CBR in top 2 layers,False
BR081,Railway Tracks,80,Pipeline Infrastructure,Reduce liquid limit via compaction,False
BR081,Pipeline Infrastructure,30,,,True
BR081,Dams,100,Pipeline Infrastructure,Use deep foundations or densify subsoil,False
BR081,Water Reservoirs,90,Pipeline Infrastructure,Reduce liquid limit via compaction,False
BR081,Airport Runways,180,Pipeline Infrastructure,Increase CBR in top 2 layers,False
BR082,Residential Building,50,,,True
BR082,High-rise Building,150,Residential Building,Reduce liquid limit via compaction,False
BR082,Low-rise,100,Residential Building,Increase CBR in top 2 layers,False
BR082,Roads & Highways,70,,,True
BR082,Bridges,120,Residential Building,Reduce liquid limit via compaction,False
BR082,Tunnels,150,Residential Building,Increase CBR in top 2 layers,False
BR082,Railway Tracks,80,Residential Building,Use deep foundations or densify subsoil,False
BR082,Pipeline Infrastructure,30,,,True
BR082,Dams,100,Residential Building,Use deep foundations or densify subsoil,False
BR082,Water Reservoirs,90,Residential Building,Increase CBR in top 2 layers,False
BR082,Airport Runways,180,Residential Building,Use deep foundations or densify subsoil,False
BR083,Residential Building,50,,,True
BR083,High-rise Building,150,Residential Building,Reduce liquid limit via compaction,False
BR083,Low-rise,100,Residential Building,Reduce liquid limit via compaction,False
BR083,Roads & Highways,70,,,True
BR083,Bridges,120,Residential Building,Increase CBR in top 2 layers,False
BR083,Tunnels,150,Residential Building,Reduce liquid limit via compaction,False
BR083,Railway Tracks,80,Residential Building,Use deep foundations or densify subsoil,False
BR083,Pipeline Infrastructure,30,,,True
BR083,Dams,100,Residential Building,Reduce liquid limit via compaction,False
BR083,Water Reservoirs,90,Residential Building,Use deep foundations or densify subsoil,False
BR083,Airport Runways,180,Residential Building,Reduce liquid limit via compaction,False
BR084,Residential Building,50,Pipeline Infrastructure,Reduce liquid limit via compaction,False
BR084,High-rise Building,150,Pipeline Infrastructure,Increase CBR in top 2 layers,False
BR084,Low-rise,100,Pipeline Infrastructure,Use deep foundations or densify subsoil,False
BR084,Roads & Highways,70,Pipeline Infrastructure,Reduce liquid limit via compaction,False
BR084,Bridges,120,Pipeline Infrastructure,Increase CBR in top 2 layers,False
BR084,Tunnels,150,Pipeline Infrastructure,Increase CBR in top 2 layers,False
BR084,Railway Tracks,80,Pipeline Infrastructure,Reduce liquid limit via compaction,False
BR084,Pipeline Infrastructure,30,,,True
BR084,Dams,100,Pipeline Infrastructure,Reduce liquid limit via compaction,False
BR084,Water Reservoirs,90,Pipeline Infrastructure,Reduce liquid limit via compaction,False
BR084,Airport Runways,180,Pipeline Infrastructure,Use deep foundations or densify subsoil,False
BR085,Residential Building,50,,,True
BR085,High-rise Building,150,Residential Building,Reduce liquid limit via compaction,False
BR085,Low-rise,100,Residential Building,Reduce liquid limit via compaction,False
BR085,Roads & Highways,70,Residential Building,Increase CBR in top 2 layers,False
BR085,Bridges,120,Residential Building,Use deep foundations or densify subsoil,False
BR085,Tunnels,150,Residential Building,Increase CBR in top 2 layers,False
BR085,Railway Tracks,80,Residential Building,Use deep foundations or densify subsoil,False
BR085,Pipeline Infrastructure,30,,,True
BR085,Dams,100,Residential Building,Increase CBR in top 2 layers,False
BR085,Water Reservoirs,90,Residential Building,Reduce liquid limit via compaction,False
BR085,Airport Runways,180,Residential Building,Increase CBR in top 2 layers,False
BR086,Residential Building,50,,,True
BR086,High-rise Building,150,Residential Building,Increase CBR in top 2 layers,False
BR086,Low-rise,100,Residential Building,Use deep foundations or densify subsoil,False
BR086,Roads & Highways,70,,,True
BR086,Bridges,120,Residential Building,Increase CBR in top 2 layers,False
BR086,Tunnels,150,Residential Building,Use deep foundations or densify subsoil,False
BR086,Railway Tracks,80,,,True
BR086,Pipeline Infrastructure,30,,,True
BR086,Dams,100,Residential Building,Increase CBR in top 2 layers,False
BR086,Water Reservoirs,90,Residential Building,Use deep foundations or densify subsoil,False
BR086,Airport Runways,180,Residential Building,Use deep foundations or densify subsoil,False
BR087,Residential Building,50,,Increase CBR in top 2 layers,False
BR087,High-rise Building,150,,Increase CBR in top 2 layers,False
BR087,Low-rise,100,,Reduce liquid limit via compaction,False
BR087,Roads & Highways,70,,Reduce liquid limit via compaction,False
BR087,Bridges,120,,Reduce liquid limit via compaction,False
BR087,Tunnels,150,,Increase CBR in top 2 layers,False
BR087,Railway Tracks,80,,Reduce liquid limit via compaction,False
BR087,Pipeline Infrastructure,30,,Reduce liquid limit via compaction,False
BR087,Dams,100,,Increase CBR in top 2 layers,False
BR087,Water Reservoirs,90,,Increase CBR in top 2 layers,False
BR087,Airport Runways,180,,Increase CBR in top 2 layers,False
BR088,Residential Building,50,,,True
BR088,High-rise Building,150,Residential Building,Increase CBR in top 2 layers,False
BR088,Low-rise,100,Residential Building,Use deep foundations or densify subsoil,False
BR088,Roads & Highways,70,Residential Building,Use deep foundations or densify subsoil,False
BR088,Bridges,120,Residential Building,Increase CBR in top 2 layers,False
BR088,Tunnels,150,Residential Building,Use deep foundations or densify subsoil,False
BR088,Railway Tracks,80,Residential Building,Increase CBR in top 2 layers,False
BR088,Pipeline Infrastructure,30,,,True
BR088,Dams,100,Residential Building,Use deep foundations or densify subsoil,False
BR088,Water Reservoirs,90,Residential Building,Use deep foundations or densify subsoil,False
BR088,Airport Runways,180,Residential Building,Increase CBR in top 2 layers,False
BR089,Residential Building,50,Pipeline Infrastructure,Increase CBR in top 2 layers,False
BR089,High-rise Building,150,Pipeline Infrastructure,Increase CBR in top 2 layers,False
BR089,Low-rise,100,Pipeline Infrastructure,Reduce liquid limit via compaction,False
BR089,Roads & Highways,70,Pipeline Infrastructure,Increase CBR in top 2 layers,False
BR089,Bridges,120,Pipeline Infrastructure,Reduce liquid limit via compaction,False
BR089,Tunnels,150,Pipeline Infrastructure,Reduce liquid limit via compaction,False
BR089,Railway Tracks,80,Pipeline Infrastructure,Increase CBR in top 2 layers,False
BR089,Pipeline Infrastructure,30,,,True
BR089,Dams,100,Pipeline Infrastructure,Increase CBR in top 2 layers,False
BR089,Water Reservoirs,90,Pipeline Infrastructure,Reduce liquid limit via compaction,False
BR089,Airport Runways,180,Pipeline Infrastructure,Use deep foundations or densify subsoil,False
BR090,Residential Building,50,,,True
BR090,High-rise Building,150,Residential Building,Use deep foundations or densify subsoil,False
BR090,Low-rise,100,Residential Building,Use deep foundations or densify subsoil,False
BR090,Roads & Highways,70,,,True
BR090,Bridges,120,Residential Building,Increase CBR in top 2 layers,False
BR090,Tunnels,150,Residential Building,Use deep foundations or densify subsoil,False
BR090,Railway Tracks,80,,,True
BR090,Pipeline Infrastructure,30,,,True
BR090,Dams,100,Residential Building,Use deep foundations or densify subsoil,False
BR090,Water Reservoirs,90,Residential Building,Use deep foundations or densify subsoil,False
BR090,Airport Runways,180,Residential Building,Reduce liquid limit via compaction,False
BR091,Residential Building,50,,,True
BR091,High-rise Building,150,Residential Building,Reduce liquid limit via compaction,False
BR091,Low-rise,100,Residential Building,Use deep foundations or densify subsoil,False
BR091,Roads & Highways,70,,,True
BR091,Bridges,120,Residential Building,Reduce liquid limit via compaction,False
BR091,Tunnels,150,Residential Building,Reduce liquid limit via compaction,False
BR091,Railway Tracks,80,,,True
BR091,Pipeline Infrastructure,30,,,True
BR091,Dams,100,Residential Building,Increase CBR in top 2 layers,False
BR091,Water Reservoirs,90,Residential Building,Use deep foundations or densify subsoil,False
BR091,Airport Runways,180,Residential Building,Reduce liquid limit via compaction,False
BR092,Residential Building,50,,,True
BR092,High-rise Building,150,Residential Building,Increase CBR in top 2 layers,False
BR092,Low-rise,100,Residential Building,Reduce liquid limit via compaction,False
BR092,Roads & Highways,70,,,True
BR092,Bridges,120,Residential Building,Use deep foundations or densify subsoil,False
BR092,Tunnels,150,Residential Building,Reduce liquid limit via compaction,False
BR092,Railway Tracks,80,,,True
BR092,Pipeline Infrastructure,30,,,True
BR092,Dams,100,Residential Building,Reduce liquid limit via compaction,False
BR092,Water Reservoirs,90,Residential Building,Reduce liquid limit via compaction,False
BR092,Airport Runways,180,Residential Building,Reduce liquid limit via compaction,False
BR093,Residential Building,50,Pipeline Infrastructure,Reduce liquid limit via compaction,False
BR093,High-rise Building,150,Pipeline Infrastructure,Increase CBR in top 2 layers,False
BR093,Low-rise,100,Pipeline Infrastructure,Reduce liquid limit via compaction,False
BR093,Roads & Highways,70,Pipeline Infrastructure,Reduce liquid limit via compaction,False
BR093,Bridges,120,Pipeline Infrastructure,Use deep foundations or densify subsoil,False
BR093,Tunnels,150,Pipeline Infrastructure,Reduce liquid limit via compaction,False
BR093,Railway Tracks,80,Pipeline Infrastructure,Reduce liquid limit via compaction,False
BR093,Pipeline Infrastructure,30,,,True
BR093,Dams,100,Pipeline Infrastructure,Increase CBR in top 2 layers,False
BR093,Water Reservoirs,90,Pipeline Infrastructure,Increase CBR in top 2 layers,False
BR093,Airport Runways,180,Pipeline Infrastructure,Use deep foundations or densify subsoil,False
BR094,Residential Building,50,,,True
BR094,High-rise Building,150,Residential Building,Increase CBR in top 2 layers,False
BR094,Low-rise,100,Residential Building,Use deep foundations or densify subsoil,False
BR094,Roads & Highways,70,,,True
BR094,Bridges,120,Residential Building,Increase CBR in top 2 layers,False
BR094,Tunnels,150,Residential Building,Increase CBR in top 2 layers,False
BR094,Railway Tracks,80,,,True
BR094,Pipeline Infrastructure,30,,,True
BR094,Dams,100,Residential Building,Use deep foundations or densify subsoil,False
BR094,Water Reservoirs,90,,,True
BR094,Airport Runways,180,Residential Building,Increase CBR in top 2 layers,False
BR095,Residential Building,50,,,True
BR095,High-rise Building,150,Residential Building,Increase CBR in top 2 layers,False
BR095,Low-rise,100,Residential Building,Use deep foundations or densify subsoil,False
BR095,Roads & Highways,70,,,True
BR095,Bridges,120,Residential Building,Use deep foundations or densify subsoil,False
BR095,Tunnels,150,Residential Building,Increase CBR in top 2 layers,False
BR095,Railway Tracks,80,Residential Building,Use deep foundations or densify subsoil,False
BR095,Pipeline Infrastructure,30,,,True
BR095,Dams,100,Residential Building,Use deep foundations or densify subsoil,False
BR095,Water Reservoirs,90,Residential Building,Use deep foundations or densify subsoil,False
BR095,Airport Runways,180,Residential Building,Increase CBR in top 2 layers,False
BR096,Residential Building,50,,,True
BR096,High-rise Building,150,Residential Building,Increase CBR in top 2 layers,False
BR096,Low-rise,100,Residential Building,Use deep foundations or densify subsoil,False
BR096,Roads & Highways,70,,,True
BR096,Bridges,120,Residential Building,Use deep foundations or densify subsoil,False
BR096,Tunnels,150,Residential Building,Increase CBR in top 2 layers,False
BR096,Railway Tracks,80,,,True
BR096,Pipeline Infrastructure,30,,,True
BR096,Dams,100,Residential Building,Reduce liquid limit via compaction,False
BR096,Water Reservoirs,90,Residential Building,Use deep foundations or densify subsoil,False
BR096,Airport Runways,180,Residential Building,Use deep foundations or densify subsoil,False
BR097,Residential Building,50,,,True
BR097,High-rise Building,150,Residential Building,Use deep foundations or densify subsoil,False
BR097,Low-rise,100,,,True
BR097,Roads & Highways,70,,,True
BR097,Bridges,120,Residential Building,Use deep foundations or densify subsoil,False
BR097,Tunnels,150,Residential Building,Use deep foundations or densify subsoil,False
BR097,Railway Tracks,80,,,True
BR097,Pipeline Infrastructure,30,,,True
BR097,Dams,100,,,True
BR097,Water Reservoirs,90,,,True
BR097,Airport Runways,180,Residential Building,Use deep foundations or densify subsoil,False
BR098,Residential Building,50,,Reduce liquid limit via compaction,False
BR098,High-rise Building,150,,Reduce liquid limit via compaction,False
BR098,Low-rise,100,,Increase CBR in top 2 layers,False
BR098,Roads & Highways,70,,Use deep foundations or densify subsoil,False
BR098,Bridges,120,,Increase CBR in top 2 layers,False
BR098,Tunnels,150,,Use deep foundations or densify subsoil,False
BR098,Railway Tracks,80,,Reduce liquid limit via compaction,False
BR098,Pipeline Infrastructure,30,,Reduce liquid limit via compaction,False
BR098,Dams,100,,Increase CBR in top 2 layers,False
BR098,Water Reservoirs,90,,Use deep foundations or densify subsoil,False
BR098,Airport Runways,180,,Increase CBR in top 2 layers,False
BR099,Residential Building,50,,,True
BR099,High-rise Building,150,Residential Building,Increase CBR in top 2 layers,False
BR099,Low-rise,100,,,True
BR099,Roads & Highways,70,,,True
BR099,Bridges,120,Residential Building,Use deep foundations or densify subsoil,False
BR099,Tunnels,150,Residential Building,Use deep foundations or densify subsoil,False
BR099,Railway Tracks,80,,,True
BR099,Pipeline Infrastructure,30,,,True
BR099,Dams,100,,,True
BR099,Water Reservoirs,90,,,True
BR099,Airport Runways,180,Residential Building,Use deep foundations or densify subsoil,False
BR100,Residential Building,50,Pipeline Infrastructure,Increase CBR in top 2 layers,False
BR100,High-rise Building,150,Pipeline Infrastructure,Increase CBR in top 2 layers,False
BR100,Low-rise,100,Pipeline Infrastructure,Use deep foundations or densify subsoil,False
BR100,Roads & Highways,70,Pipeline Infrastructure,Increase CBR in top 2 layers,False
BR100,Bridges,120,Pipeline Infrastructure,Use deep foundations or densify subsoil,False
BR100,Tunnels,150,Pipeline Infrastructure,Increase CBR in top 2 layers,False
BR100,Railway Tracks,80,Pipeline Infrastructure,Use deep foundations or densify subsoil,False
BR100,Pipeline Infrastructure,30,,,True
BR100,Dams,100,Pipeline Infrastructure,Increase CBR in top 2 layers,False
BR100,Water Reservoirs,90,Pipeline Infrastructure,Use deep foundations or densify subsoil,False
BR100,Airport Runways,180,Pipeline Infrastructure,Use deep foundations or densify subsoil,False
BR101,Residential Building,50,,,True
BR101,High-rise Building,150,Residential Building,Use deep foundations or densify subsoil,False
BR101,Low-rise,100,Residential Building,Use deep foundations or densify subsoil,False
BR101,Roads & Highways,70,,,True
BR101,Bridges,120,Residential Building,Increase CBR in top 2 layers,False
BR101,Tunnels,150,Residential Building,Increase CBR in top 2 layers,False
BR101,Railway Tracks,80,,,True
BR101,Pipeline Infrastructure,30,,,True
BR101,Dams,100,Residential Building,Use deep foundations or densify subsoil,False
BR101,Water Reservoirs,90,,,True
BR101,Airport Runways,180,Residential Building,Use deep foundations or densify subsoil,False
BR102,Residential Building,50,,Reduce liquid limit via compaction,False
BR102,High-rise Building,150,,Increase CBR in top 2 layers,False
BR102,Low-rise,100,,Use deep foundations or densify subsoil,False
BR102,Roads & Highways,70,,Reduce liquid limit via compaction,False
BR102,Bridges,120,,Increase CBR in top 2 layers,False
BR102,Tunnels,150,,Increase CBR in top 2 layers,False
BR102,Railway Tracks,80,,Reduce liquid limit via compaction,False
BR102,Pipeline Infrastructure,30,,Reduce liquid limit via compaction,False
BR102,Dams,100,,Reduce liquid limit via compaction,False
BR102,Water Reservoirs,90,,Use deep foundations or densify subsoil,False
BR102,Airport Runways,180,,Use deep foundations or densify subsoil,False
BR103,Residential Building,50,,,True
BR103,High-rise Building,150,Residential Building,Use deep foundations or densify subsoil,False
BR103,Low-rise,100,Residential Building,Increase CBR in top 2 layers,False
BR103,Roads & Highways,70,,,True
BR103,Bridges,120,Residential Building,Reduce liquid limit via compaction,False
BR103,Tunnels,150,Residential Building,Reduce liquid limit via compaction,False
BR103,Railway Tracks,80,Residential Building,Use deep foundations or densify subsoil,False
BR103,Pipeline Infrastructure,30,,,True
BR103,Dams,100,Residential Building,Use deep foundations or densify subsoil,False
BR103,Water Reservoirs,90,Residential Building,Use deep foundations or densify subsoil,False
BR103,Airport Runways,180,Residential Building,Reduce liquid limit via compaction,False
BR104,Residential Building,50,,,True
BR104,High-rise Building,150,Residential Building,Use deep foundations or densify subsoil,False
BR104,Low-rise,100,Residential Building,Use deep foundations or densify subsoil,False
BR104,Roads & Highways,70,,,True
BR104,Bridges,120,Residential Building,Increase CBR in top 2 layers,False
BR104,Tunnels,150,Residential Building,Increase CBR in top 2 layers,False
BR104,Railway Tracks,80,,,True
BR104,Pipeline Infrastructure,30,,,True
BR104,Dams,100,Residential Building,Increase CBR in top 2 layers,False
BR104,Water Reservoirs,90,Residential Building,Use deep foundations or densify subsoil,False
BR104,Airport Runways,180,Residential Building,Reduce liquid limit via compaction,False
BR105,Residential Building,50,,Reduce liquid limit via compaction,False
BR105,High-rise Building,150,,Use deep foundations or densify subsoil,False
BR105,Low-rise,100,,Reduce liquid limit via compaction,False
BR105,Roads & Highways,70,,Reduce liquid limit via compaction,False
BR105,Bridges,120,,Increase CBR in top 2 layers,False
BR105,Tunnels,150,,Increase CBR in top 2 layers,False
BR105,Railway Tracks,80,,Reduce liquid limit via compaction,False
BR105,Pipeline Infrastructure,30,,Reduce liquid limit via compaction,False
BR105,Dams,100,,Use deep foundations or densify subsoil,False
BR105,Water Reservoirs,90,,Reduce liquid limit via compaction,False
BR105,Airport Runways,180,,Use deep foundations or densify subsoil,False
BR106,Residential Building,50,,,True
BR106,High-rise Building,150,Residential Building,Increase CBR in top 2 layers,False
BR106,Low-rise,100,,,True
BR106,Roads & Highways,70,,,True
BR106,Bridges,120,,,True
BR106,Tunnels,150,Bridges,Use deep foundations or densify subsoil,False
BR106,Railway Tracks,80,,,True
BR106,Pipeline Infrastructure,30,,,True
BR106,Dams,100,,,True
BR106,Water Reservoirs,90,,,True
BR106,Airport Runways,180,Residential Building,Increase CBR in top 2 layers,False
BR107,Residential Building,50,,,True
BR107,High-rise Building,150,Residential Building,Use deep foundations or densify subsoil,False
BR107,Low-rise,100,Residential Building,Use deep foundations or densify subsoil,False
BR107,Roads & Highways,70,,,True
BR107,Bridges,120,Residential Building,Increase CBR in top 2 layers,False
BR107,Tunnels,150,Residential Building,Increase CBR in top 2 layers,False
BR107,Railway Tracks,80,Residential Building,Use deep foundations or densify subsoil,False
BR107,Pipeline Infrastructure,30,,,True
BR107,Dams,100,Residential Building,Use deep foundations or densify subsoil,False
BR107,Water Reservoirs,90,Residential Building,Increase CBR in top 2 layers,False
BR107,Airport Runways,180,Residential Building,Reduce liquid limit via compaction,False
BR108,Residential Building,50,,,True
BR108,High-rise Building,150,Residential Building,Increase CBR in top 2 layers,False
BR108,Low-rise,100,Residential Building,Increase CBR in top 2 layers,False
BR108,Roads & Highways,70,Residential Building,Use deep foundations or densify subsoil,False
BR108,Bridges,120,Residential Building,Increase CBR in top 2 layers,False
BR108,Tunnels,150,Residential Building,Use deep foundations or densify subsoil,False
BR108,Railway Tracks,80,Residential Building,Increase CBR in top 2 layers,False
BR108,Pipeline Infrastructure,30,,,True
BR108,Dams,100,Residential Building,Increase CBR in top 2 layers,False
BR108,Water Reservoirs,90,Residential Building,Increase CBR in top 2 layers,False
BR108,Airport Runways,180,Residential Building,Increase CBR in top 2 layers,False
BR109,Residential Building,50,Pipeline Infrastructure,Increase CBR in top 2 layers,False
BR109,High-rise Building,150,Pipeline Infrastructure,Use deep foundations or densify subsoil,False
BR109,Low-rise,100,Pipeline Infrastructure,Use deep foundations or densify subsoil,False
BR109,Roads & Highways,70,Pipeline Infrastructure,Increase CBR in top 2 layers,False
BR109,Bridges,120,Pipeline Infrastructure,Use deep foundations or densify subsoil,False
BR109,Tunnels,150,Pipeline Infrastructure,Reduce liquid limit via compaction,False
BR109,Railway Tracks,80,Pipeline Infrastructure,Increase CBR in top 2 layers,False
BR109,Pipeline Infrastructure,30,,,True
BR109,Dams,100,Pipeline Infrastructure,Increase CBR in top 2 layers,False
BR109,Water Reservoirs,90,Pipeline Infrastructure,Increase CBR in top 2 layers,False
BR109,Airport Runways,180,Pipeline Infrastructure,Increase CBR in top 2 layers,False
BR110,Residential Building,50,,,True
BR110,High-rise Building,150,Residential Building,Use deep foundations or densify subsoil,False
BR110,Low-rise,100,Residential Building,Use deep foundations or densify subsoil,False
BR110,Roads & Highways,70,,,True
BR110,Bridges,120,Residential Building,Increase CBR in top 2 layers,False
BR110,Tunnels,150,Residential Building,Use deep foundations or densify subsoil,False
BR110,Railway Tracks,80,,,True
BR110,Pipeline Infrastructure,30,,,True
BR110,Dams,100,Residential Building,Use deep foundations or densify subsoil,False
BR110,Water Reservoirs,90,Residential Building,Use deep foundations or densify subsoil,False
BR110,Airport Runways,180,Residential Building,Reduce liquid limit via compaction,False
BR111,Residential Building,50,Pipeline Infrastructure,Reduce liquid limit via compaction,False
BR111,High-rise Building,150,Pipeline Infrastructure,Reduce liquid limit via compaction,False
BR111,Low-rise,100,Pipeline Infrastructure,Increase CBR in top 2 layers,False
BR111,Roads & Highways,70,Pipeline Infrastructure,Use deep foundations or densify subsoil,False
BR111,Bridges,120,Pipeline Infrastructure,Use deep foundations or densify subsoil,False
BR111,Tunnels,150,Pipeline Infrastructure,Increase CBR in top 2 layers,False
BR111,Railway Tracks,80,Pipeline Infrastructure,Increase CBR in top 2 layers,False
BR111,Pipeline Infrastructure,30,,,True
BR111,Dams,100,Pipeline Infrastructure,Reduce liquid limit via compaction,False
BR111,Water Reservoirs,90,Pipeline Infrastructure,Use deep foundations or densify subsoil,False
BR111,Airport Runways,180,Pipeline Infrastructure,Use deep foundations or densify subsoil,False
BR112,Residential Building,50,,,True
BR112,High-rise Building,150,Residential Building,Increase CBR in top 2 layers,False
BR112,Low-rise,100,,,True
BR112,Roads & Highways,70,,,True
BR112,Bridges,120,Residential Building,Increase CBR in top 2 layers,False
BR112,Tunnels,150,Residential Building,Increase CBR in top 2 layers,False
BR112,Railway Tracks,80,,,True
BR112,Pipeline Infrastructure,30,,,True
BR112,Dams,100,,,True
BR112,Water Reservoirs,90,,,True
BR112,Airport Runways,180,Residential Building,Use deep foundations or densify subsoil,False
BR113,Residential Building,50,,,True
BR113,High-rise Building,150,Residential Building,Increase CBR in top 2 layers,False
BR113,Low-rise,100,Residential Building,Reduce liquid limit via compaction,False
BR113,Roads & Highways,70,,,True
BR113,Bridges,120,Residential Building,Reduce liquid limit via compaction,False
BR113,Tunnels,150,Residential Building,Reduce liquid limit via compaction,False
BR113,Railway Tracks,80,,,True
BR113,Pipeline Infrastructure,30,,,True
BR113,Dams,100,Residential Building,Reduce liquid limit via compaction,False
BR113,Water Reservoirs,90,Residential Building,Reduce liquid limit via compaction,False
BR113,Airport Runways,180,Residential Building,Use deep foundations or densify subsoil,False
BW042,Residential Building,50,,,True
BW042,High-rise Building,150,Residential Building,Reduce liquid limit via compaction,False
BW042,Low-rise,100,Residential Building,Increase CBR in top 2 layers,False
BW042,Roads & Highways,70,,,True
BW042,Bridges,120,Residential Building,Increase CBR in top 2 layers,False
BW042,Tunnels,150,Residential Building,Use deep foundations or densify subsoil,False
BW042,Railway Tracks,80,Residential Building,Use deep foundations or densify subsoil,False
BW042,Pipeline Infrastructure,30,,,True
BW042,Dams,100,Residential Building,Reduce liquid limit via compaction,False
BW042,Water Reservoirs,90,Residential Building,Use deep foundations or densify subsoil,False
BW042,Airport Runways,180,Residential Building,Reduce liquid limit via compaction,False
BW082,Residential Building,50,,Reduce liquid limit via compaction,False
BW082,High-rise Building,150,,Use deep foundations or densify subsoil,False
BW082,Low-rise,100,,Increase CBR in top 2 layers,False
BW082,Roads & Highways,70,,Use deep foundations or densify subsoil,False
BW082,Bridges,120,,Reduce liquid limit via compaction,False
BW082,Tunnels,150,,Use deep foundations or densify subsoil,False
BW082,Railway Tracks,80,,Reduce liquid limit via compaction,False
BW082,Pipeline Infrastructure,30,,Reduce liquid limit via compaction,False
BW082,Dams,100,,Use deep foundations or densify subsoil,False
BW082,Water Reservoirs,90,,Use deep foundations or densify subsoil,False
BW082,Airport Runways,180,,Use deep foundations or densify subsoil,False
BW088,Residential Building,50,,Reduce liquid limit via compaction,False
BW088,High-rise Building,150,,Increase CBR in top 2 layers,False
BW088,Low-rise,100,,Reduce liquid limit via compaction,False
BW088,Roads & Highways,70,,Reduce liquid limit via compaction,False
BW088,Bridges,120,,Use deep foundations or densify subsoil,False
BW088,Tunnels,150,,Reduce liquid limit via compaction,False
BW088,Railway Tracks,80,,Reduce liquid limit via compaction,False
BW088,Pipeline Infrastructure,30,,Reduce liquid limit via compaction,False
BW088,Dams,100,,Reduce liquid limit via compaction,False
BW088,Water Reservoirs,90,,Reduce liquid limit via compaction,False
BW088,Airport Runways,180,,Reduce liquid limit via compaction,False
BW098,Residential Building,50,,,True
BW098,High-rise Building,150,Residential Building,Use deep foundations or densify subsoil,False
BW098,Low-rise,100,Residential Building,Use deep foundations or densify subsoil,False
BW098,Roads & Highways,70,,,True
BW098,Bridges,120,Residential Building,Reduce liquid limit via compaction,False
BW098,Tunnels,150,Residential Building,Use deep foundations or densify subsoil,False
BW098,Railway Tracks,80,,,True
BW098,Pipeline Infrastructure,30,,,True
BW098,Dams,100,Residential Building,Reduce liquid limit via compaction,False
BW098,Water Reservoirs,90,,,True
BW098,Airport Runways,180,Residential Building,Reduce liquid limit via compaction,False
BW175,Residential Building,50,Pipeline Infrastructure,Reduce liquid limit via compaction,False
BW175,High-rise Building,150,Pipeline Infrastructure,Increase CBR in top 2 layers,False
BW175,Low-rise,100,Pipeline Infrastructure,Increase CBR in top 2 layers,False
BW175,Roads & Highways,70,Pipeline Infrastructure,Use deep foundations or densify subsoil,False
BW175,Bridges,120,Pipeline Infrastructure,Use deep foundations or densify subsoil,False
BW175,Tunnels,150,Pipeline Infrastructure,Increase CBR in top 2 layers,False
BW175,Railway Tracks,80,Pipeline Infrastructure,Use deep foundations or densify subsoil,False
BW175,Pipeline Infrastructure,30,,,True
BW175,Dams,100,Pipeline Infrastructure,Use deep foundations or densify subsoil,False
BW175,Water Reservoirs,90,Pipeline Infrastructure,Reduce liquid limit via compaction,False
BW175,Airport Runways,180,Pipeline Infrastructure,Use deep foundations or densify subsoil,False
BW178,Residential Building,50,Pipeline Infrastructure,Increase CBR in top 2 layers,False
BW178,High-rise Building,150,Pipeline Infrastructure,Use deep foundations or densify subsoil,False
BW178,Low-rise,100,Pipeline Infrastructure,Increase CBR in top 2 layers,False
BW178,Roads & Highways,70,Pipeline Infrastructure,Increase CBR in top 2 layers,False
BW178,Bridges,120,Pipeline Infrastructure,Increase CBR in top 2 layers,False
BW178,Tunnels,150,Pipeline Infrastructure,Use deep foundations or densify subsoil,False
BW178,Railway Tracks,80,Pipeline Infrastructure,Increase CBR in top 2 layers,False
BW178,Pipeline Infrastructure,30,,,True
BW178,Dams,100,Pipeline Infrastructure,Increase CBR in top 2 layers,False
BW178,Water Reservoirs,90,Pipeline Infrastructure,Use deep foundations or densify subsoil,False
BW178,Airport Runways,180,Pipeline Infrastructure,Use deep foundations or densify subsoil,False
BW207,Residential Building,50,,Increase CBR in top 2 layers,False
BW207,High-rise Building,150,,Use deep foundations or densify subsoil,False
BW207,Low-rise,100,,Use deep foundations or densify subsoil,False
BW207,Roads & Highways,70,,Reduce liquid limit via compaction,False
BW207,Bridges,120,,Reduce liquid limit via compaction,False
BW207,Tunnels,150,,Reduce liquid limit via compaction,False
BW207,Railway Tracks,80,,Reduce liquid limit via compaction,False
BW207,Pipeline Infrastructure,30,,Reduce liquid limit via compaction,False
BW207,Dams,100,,Reduce liquid limit via compaction,False
BW207,Water Reservoirs,90,,Increase CBR in top 2 layers,False
BW207,Airport Runways,180,,Use deep foundations or densify subsoil,False
BW565,Residential Building,50,,Reduce liquid limit via compaction,False
BW565,High-rise Building,150,,Use deep foundations or densify subsoil,False
BW565,Low-rise,100,,Reduce liquid limit via compaction,False
BW565,Roads & Highways,70,,Reduce liquid limit via compaction,False
BW565,Bridges,120,,Use deep foundations or densify subsoil,False
BW565,Tunnels,150,,Increase CBR in top 2 layers,False
BW565,Railway Tracks,80,,Reduce liquid limit via compaction,False
BW565,Pipeline Infrastructure,30,,Reduce liquid limit via compaction,False
BW565,Dams,100,,Reduce liquid limit via compaction,False
BW565,Water Reservoirs,90,,Reduce liquid limit via compaction,False
BW565,Airport Runways,180,,Use deep foundations or densify subsoil,False
BW567,Residential Building,50,Pipeline Infrastructure,Reduce liquid limit via compaction,False
BW567,High-rise Building,150,Pipeline Infrastructure,Reduce liquid limit via compaction,False
BW567,Low-rise,100,Pipeline Infrastructure,Use deep foundations or densify subsoil,False
BW567,Roads & Highways,70,Pipeline Infrastructure,Reduce liquid limit via compaction,False
BW567,Bridges,120,Pipeline Infrastructure,Use deep foundations or densify subsoil,False
BW567,Tunnels,150,Pipeline Infrastructure,Reduce liquid limit via compaction,False
BW567,Railway Tracks,80,Pipeline Infrastructure,Reduce liquid limit via compaction,False
BW567,Pipeline Infrastructure,30,,,True
BW567,Dams,100,Pipeline Infrastructure,Increase CBR in top 2 layers,False
BW567,Water Reservoirs,90,Pipeline Infrastructure,Increase CBR in top 2 layers,False
BW567,Airport Runways,180,Pipeline Infrastructure,Reduce liquid limit via compaction,False
BW651,Residential Building,50,Pipeline Infrastructure,Use deep foundations or densify subsoil,False
BW651,High-rise Building,150,Pipeline Infrastructure,Use deep foundations or densify subsoil,False
BW651,Low-rise,100,Pipeline Infrastructure,Reduce liquid limit via compaction,False
BW651,Roads & Highways,70,Pipeline Infrastructure,Use deep foundations or densify subsoil,False
BW651,Bridges,120,Pipeline Infrastructure,Increase CBR in top 2 layers,False
BW651,Tunnels,150,Pipeline Infrastructure,Increase CBR in top 2 layers,False
BW651,Railway Tracks,80,Pipeline Infrastructure,Increase CBR in top 2 layers,False
BW651,Pipeline Infrastructure,30,,,True
BW651,Dams,100,Pipeline Infrastructure,Reduce liquid limit via compaction,False
BW651,Water Reservoirs,90,Pipeline Infrastructure,Use deep foundations or densify subsoil,False
BW651,Airport Runways,180,Pipeline Infrastructure,Use deep foundations or densify subsoil,False
BW653,Residential Building,50,,,True
BW653,High-rise Building,150,Residential Building,Use deep foundations or densify subsoil,False
BW653,Low-rise,100,,,True
BW653,Roads & Highways,70,,,True
BW653,Bridges,120,Residential Building,Increase CBR in top 2 layers,False
BW653,Tunnels,150,Residential Building,Increase CBR in top 2 layers,False
BW653,Railway Tracks,80,,,True
BW653,Pipeline Infrastructure,30,,,True
BW653,Dams,100,,,True
BW653,Water Reservoirs,90,,,True
BW653,Airport Runways,180,Residential Building,Use deep foundations or densify subsoil,False
BW654,Residential Building,50,Pipeline Infrastructure,Reduce liquid limit via compaction,False
BW654,High-rise Building,150,Pipeline Infrastructure,Reduce liquid limit via compaction,False
BW654,Low-rise,100,Pipeline Infrastructure,Use deep foundations or densify subsoil,False
BW654,Roads & Highways,70,Pipeline Infrastructure,Reduce liquid limit via compaction,False
BW654,Bridges,120,Pipeline Infrastructure,Use deep foundations or densify subsoil,False
BW654,Tunnels,150,Pipeline Infrastructure,Increase CBR in top 2 layers,False
BW654,Railway Tracks,80,Pipeline Infrastructure,Use deep foundations or densify subsoil,False
BW654,Pipeline Infrastructure,30,,,True
BW654,Dams,100,Pipeline Infrastructure,Increase CBR in top 2 layers,False
BW654,Water Reservoirs,90,Pipeline Infrastructure,Use deep foundations or densify subsoil,False
BW654,Airport Runways,180,Pipeline Infrastructure,Increase CBR in top 2 layers,False
BW813,Residential Building,50,Pipeline Infrastructure,Reduce liquid limit via compaction,False
BW813,High-rise Building,150,Pipeline Infrastructure,Reduce liquid limit via compaction,False
BW813,Low-rise,100,Pipeline Infrastructure,Reduce liquid limit via compaction,False
BW813,Roads & Highways,70,Pipeline Infrastructure,Reduce liquid limit via compaction,False
BW813,Bridges,120,Pipeline Infrastructure,Reduce liquid limit via compaction,False
BW813,Tunnels,150,Pipeline Infrastructure,Increase CBR in top 2 layers,False
BW813,Railway Tracks,80,Pipeline Infrastructure,Reduce liquid limit via compaction,False
BW813,Pipeline Infrastructure,30,,,True
BW813,Dams,100,Pipeline Infrastructure,Reduce liquid limit via compaction,False
BW813,Water Reservoirs,90,Pipeline Infrastructure,Reduce liquid limit via compaction,False
BW813,Airport Runways,180,Pipeline Infrastructure,Increase CBR in top 2 layers,False
BW857,Residential Building,50,Pipeline Infrastructure,Use deep foundations or densify subsoil,False
BW857,High-rise Building,150,Pipeline Infrastructure,Increase CBR in top 2 layers,False
BW857,Low-rise,100,Pipeline Infrastructure,Increase CBR in top 2 layers,False
BW857,Roads & Highways,70,Pipeline Infrastructure,Use deep foundations or densify subsoil,False
BW857,Bridges,120,Pipeline Infrastructure,Use deep foundations or densify subsoil,False
BW857,Tunnels,150,Pipeline Infrastructure,Increase CBR in top 2 layers,False
BW857,Railway Tracks,80,Pipeline Infrastructure,Increase CBR in top 2 layers,False
BW857,Pipeline Infrastructure,30,,,True
BW857,Dams,100,Pipeline Infrastructure,Increase CBR in top 2 layers,False
BW857,Water Reservoirs,90,Pipeline Infrastructure,Increase CBR in top 2 layers,False
BW857,Airport Runways,180,Pipeline Infrastructure,Use deep foundations or densify subsoil,False
BW869,Residential Building,50,,,True
BW869,High-rise Building,150,Residential Building,Increase CBR in top 2 layers,False
BW869,Low-rise,100,Residential Building,Reduce liquid limit via compaction,False
BW869,Roads & Highways,70,,,True
BW869,Bridges,120,Residential Building,Reduce liquid limit via compaction,False
BW869,Tunnels,150,Residential Building,Reduce liquid limit via compaction,False
BW869,Railway Tracks,80,,,True
BW869,Pipeline Infrastructure,30,,,True
BW869,Dams,100,Residential Building,Reduce liquid limit via compaction,False
BW869,Water Reservoirs,90,Residential Building,Reduce liquid limit via compaction,False
BW869,Airport Runways,180,Residential Building,Reduce liquid limit via compaction,False
BW870,Residential Building,50,Pipeline Infrastructure,Reduce liquid limit via compaction,False
BW870,High-rise Building,150,Pipeline Infrastructure,Increase CBR in top 2 layers,False
BW870,Low-rise,100,Pipeline Infrastructure,Increase CBR in top 2 layers,False
BW870,Roads & Highways,70,Pipeline Infrastructure,Increase CBR in top 2 layers,False
BW870,Bridges,120,Pipeline Infrastructure,Increase CBR in top 2 layers,False
BW870,Tunnels,150,Pipeline Infrastructure,Increase CBR in top 2 layers,False
BW870,Railway Tracks,80,Pipeline Infrastructure,Increase CBR in top 2 layers,False
BW870,Pipeline Infrastructure,30,,,True
BW870,Dams,100,Pipeline Infrastructure,Increase CBR in top 2 layers,False
BW870,Water Reservoirs,90,Pipeline Infrastructure,Increase CBR in top 2 layers,False
BW870,Airport Runways,180,Pipeline Infrastructure,Use deep foundations or densify subsoil,False
BW871,Residential Building,50,,,True
BW871,High-rise Building,150,Residential Building,Increase CBR in top 2 layers,False
BW871,Low-rise,100,,,True
BW871,Roads & Highways,70,,,True
BW871,Bridges,120,Residential Building,Increase CBR in top 2 layers,False
BW871,Tunnels,150,Residential Building,Use deep foundations or densify subsoil,False
BW871,Railway Tracks,80,,,True
BW871,Pipeline Infrastructure,30,,,True
BW871,Dams,100,Residential Building,Reduce liquid limit via compaction,False
BW871,Water Reservoirs,90,Residential Building,Reduce liquid limit via compaction,False
BW871,Airport Runways,180,Residential Building,Reduce liquid limit via compaction,False
BW872,Residential Building,50,,,True
BW872,High-rise Building,150,Residential Building,Increase CBR in top 2 layers,False
BW872,Low-rise,100,Residential Building,Reduce liquid limit via compaction,False
BW872,Roads & Highways,70,,,True
BW872,Bridges,120,Residential Building,Increase CBR in top 2 layers,False
BW872,Tunnels,150,Residential Building,Use deep foundations or densify subsoil,False
BW872,Railway Tracks,80,,,True
BW872,Pipeline Infrastructure,30,,,True
BW872,Dams,100,Residential Building,Reduce liquid limit via compaction,False
BW872,Water Reservoirs,90,Residential Building,Reduce liquid limit via compaction,False
BW872,Airport Runways,180,Residential Building,Use deep foundations or densify subsoil,False
BW873,Residential Building,50,,Use deep foundations or densify subsoil,False
BW873,High-rise Building,150,,Use deep foundations or densify subsoil,False
BW873,Low-rise,100,,Increase CBR in top 2 layers,False
BW873,Roads & Highways,70,,Use deep foundations or densify subsoil,False
BW873,Bridges,120,,Use deep foundations or densify subsoil,False
BW873,Tunnels,150,,Increase CBR in top 2 layers,False
BW873,Railway Tracks,80,,Increase CBR in top 2 layers,False
BW873,Pipeline Infrastructure,30,,Increase CBR in top 2 layers,False
BW873,Dams,100,,Increase CBR in top 2 layers,False
BW873,Water Reservoirs,90,,Increase CBR in top 2 layers,False
BW873,Airport Runways,180,,Reduce liquid limit via compaction,False
BW874,Residential Building,50,,Reduce liquid limit via compaction,False
BW874,High-rise Building,150,,Reduce liquid limit via compaction,False
BW874,Low-rise,100,,Use deep foundations or densify subsoil,False
BW874,Roads & Highways,70,,Reduce liquid limit via compaction,False
BW874,Bridges,120,,Use deep foundations or densify subsoil,False
BW874,Tunnels,150,,Reduce liquid limit via compaction,False
BW874,Railway Tracks,80,,Use deep foundations or densify subsoil,False
BW874,Pipeline Infrastructure,30,,Reduce liquid limit via compaction,False
BW874,Dams,100,,Use deep foundations or densify subsoil,False
BW874,Water Reservoirs,90,,Reduce liquid limit via compaction,False
BW874,Airport Runways,180,,Increase CBR in top 2 layers,False
BW875,Residential Building,50,,,True
BW875,High-rise Building,150,Residential Building,Use deep foundations or densify subsoil,False
BW875,Low-rise,100,Residential Building,Increase CBR in top 2 layers,False
BW875,Roads & Highways,70,,,True
BW875,Bridges,120,Residential Building,Reduce liquid limit via compaction,False
BW875,Tunnels,150,Residential Building,Use deep foundations or densify subsoil,False
BW875,Railway Tracks,80,Residential Building,Use deep foundations or densify subsoil,False
BW875,Pipeline Infrastructure,30,,,True
BW875,Dams,100,Residential Building,Reduce liquid limit via compaction,False
BW875,Water Reservoirs,90,Residential Building,Increase CBR in top 2 layers,False
BW875,Airport Runways,180,Residential Building,Increase CBR in top 2 layers,False
BW876,Residential Building,50,Pipeline Infrastructure,Reduce liquid limit via compaction,False
BW876,High-rise Building,150,Pipeline Infrastructure,Use deep foundations or densify subsoil,False
BW876,Low-rise,100,Pipeline Infrastructure,Reduce liquid limit via compaction,False
BW876,Roads & Highways,70,Pipeline Infrastructure,Reduce liquid limit via compaction,False
BW876,Bridges,120,Pipeline Infrastructure,Increase CBR in top 2 layers,False
BW876,Tunnels,150,Pipeline Infrastructure,Reduce liquid limit via compaction,False
BW876,Railway Tracks,80,Pipeline Infrastructure,Reduce liquid limit via compaction,False
BW876,Pipeline Infrastructure,30,,,True
BW876,Dams,100,Pipeline Infrastructure,Reduce liquid limit via compaction,False
BW876,Water Reservoirs,90,Pipeline Infrastructure,Reduce liquid limit via compaction,False
BW876,Airport Runways,180,Pipeline Infrastructure,Use deep foundations or densify subsoil,False
BW877,Residential Building,50,,Reduce liquid limit via compaction,False
BW877,High-rise Building,150,,Increase CBR in top 2 layers,False
BW877,Low-rise,100,,Reduce liquid limit via compaction,False
BW877,Roads & Highways,70,,Reduce liquid limit via compaction,False
BW877,Bridges,120,,Reduce liquid limit via compaction,False
BW877,Tunnels,150,,Reduce liquid limit via compaction,False
BW877,Railway Tracks,80,,Reduce liquid limit via compaction,False
BW877,Pipeline Infrastructure,30,,Reduce liquid limit via compaction,False
BW877,Dams,100,,Increase CBR in top 2 layers,False
BW877,Water Reservoirs,90,,Increase CBR in top 2 layers,False
BW877,Airport Runways,180,,Use deep foundations or densify subsoil,False
BW878,Residential Building,50,,,True
BW878,High-rise Building,150,Residential Building,Increase CBR in top 2 layers,False
BW878,Low-rise,100,Residential Building,Increase CBR in top 2 layers,False
BW878,Roads & Highways,70,Residential Building,Increase CBR in top 2 layers,False
BW878,Bridges,120,Residential Building,Use deep foundations or densify subsoil,False
BW878,Tunnels,150,Residential Building,Increase CBR in top 2 layers,False
BW878,Railway Tracks,80,Residential Building,Use deep foundations or densify subsoil,False
BW878,Pipeline Infrastructure,30,,,True
BW878,Dams,100,Residential Building,Increase CBR in top 2 layers,False
BW878,Water Reservoirs,90,Residential Building,Use deep foundations or densify subsoil,False
BW878,Airport Runways,180,Residential Building,Use deep foundations or densify subsoil,False
BW879,Residential Building,50,Pipeline Infrastructure,Increase CBR in top 2 layers,False
BW879,High-rise Building,150,Pipeline Infrastructure,Use deep foundations or densify subsoil,False
BW879,Low-rise,100,Pipeline Infrastructure,Increase CBR in top 2 layers,False
BW879,Roads & Highways,70,Pipeline Infrastructure,Use deep foundations or densify subsoil,False
BW879,Bridges,120,Pipeline Infrastructure,Use deep foundations or densify subsoil,False
BW879,Tunnels,150,Pipeline Infrastructure,Increase CBR in top 2 layers,False
BW879,Railway Tracks,80,Pipeline Infrastructure,Use deep foundations or densify subsoil,False
BW879,Pipeline Infrastructure,30,,,True
BW879,Dams,100,Pipeline Infrastructure,Increase CBR in top 2 layers,False
BW879,Water Reservoirs,90,Pipeline Infrastructure,Increase CBR in top 2 layers,False
BW879,Airport Runways,180,Pipeline Infrastructure,Use deep foundations or densify subsoil,False
BW880,Residential Building,50,,Reduce liquid limit via compaction,False
BW880,High-rise Building,150,,Increase CBR in top 2 layers,False
BW880,Low-rise,100,,Reduce liquid limit via compaction,False
BW880,Roads & Highways,70,,Reduce liquid limit via compaction,False
BW880,Bridges,120,,Use deep foundations or densify subsoil,False
BW880,Tunnels,150,,Use deep foundations or densify subsoil,False
BW880,Railway Tracks,80,,Reduce liquid limit via compaction,False
BW880,Pipeline Infrastructure,30,,Reduce liquid limit via compaction,False
BW880,Dams,100,,Increase CBR in top 2 layers,False
BW880,Water Reservoirs,90,,Reduce liquid limit via compaction,False
BW880,Airport Runways,180,,Increase CBR in top 2 layers,False
BW881,Residential Building,50,,,True
BW881,High-rise Building,150,Residential Building,Use deep foundations or densify subsoil,False
BW881,Low-rise,100,,,True
BW881,Roads & Highways,70,,,True
BW881,Bridges,120,Residential Building,Use deep foundations or densify subsoil,False
BW881,Tunnels,150,Residential Building,Increase CBR in top 2 layers,False
BW881,Railway Tracks,80,,,True
BW881,Pipeline Infrastructure,30,,,True
BW881,Dams,100,,,True
BW881,Water Reservoirs,90,,,True
BW881,Airport Runways,180,Residential Building,Increase CBR in top 2 layers,False
BW882,Residential Building,50,,Reduce liquid limit via compaction,False
BW882,High-rise Building,150,,Reduce liquid limit via compaction,False
BW882,Low-rise,100,,Use deep foundations or densify subsoil,False
BW882,Roads & Highways,70,,Reduce liquid limit via compaction,False
BW882,Bridges,120,,Reduce liquid limit via compaction,False
BW882,Tunnels,150,,Use deep foundations or densify subsoil,False
BW882,Railway Tracks,80,,Use deep foundations or densify subsoil,False
BW882,Pipeline Infrastructure,30,,Reduce liquid limit via compaction,False
BW882,Dams,100,,Reduce liquid limit via compaction,False
BW882,Water Reservoirs,90,,Reduce liquid limit via compaction,False
BW882,Airport Runways,180,,Increase CBR in top 2 layers,False
BW883,Residential Building,50,,,True
BW883,High-rise Building,150,Residential Building,Use deep foundations or densify subsoil,False
BW883,Low-rise,100,,,True
BW883,Roads & Highways,70,,,True
BW883,Bridges,120,Residential Building,Reduce liquid limit via compaction,False
BW883,Tunnels,150,Residential Building,Use deep foundations or densify subsoil,False
BW883,Railway Tracks,80,,,True
BW883,Pipeline Infrastructure,30,,,True
BW883,Dams,100,Residential Building,Reduce liquid limit via compaction,False
BW883,Water Reservoirs,90,Residential Building,Reduce liquid limit via compaction,False
BW883,Airport Runways,180,Residential Building,Increase CBR in top 2 layers,False
BW884,Residential Building,50,Pipeline Infrastructure,Reduce liquid limit via compaction,False
BW884,High-rise Building,150,Pipeline Infrastructure,Reduce liquid limit via compaction,False
BW884,Low-rise,100,Pipeline Infrastructure,Reduce liquid limit via compaction,False
BW884,Roads & Highways,70,Pipeline Infrastructure,Reduce liquid limit via compaction,False
BW884,Bridges,120,Pipeline Infrastructure,Increase CBR in top 2 layers,False
BW884,Tunnels,150,Pipeline Infrastructure,Use deep foundations or densify subsoil,False
BW884,Railway Tracks,80,Pipeline Infrastructure,Reduce liquid limit via compaction,False
BW884,Pipeline Infrastructure,30,,,True
BW884,Dams,100,Pipeline Infrastructure,Reduce liquid limit via compaction,False
BW884,Water Reservoirs,90,Pipeline Infrastructure,Reduce liquid limit via compaction,False
BW884,Airport Runways,180,Pipeline Infrastructure,Reduce liquid limit via compaction,False
BW885,Residential Building,50,,,True
BW885,High-rise Building,150,Residential Building,Increase CBR in top 2 layers,False
BW885,Low-rise,100,,,True
BW885,Roads & Highways,70,,,True
BW885,Bridges,120,Residential Building,Increase CBR in top 2 layers,False
BW885,Tunnels,150,Residential Building,Increase CBR in top 2 layers,False
BW885,Railway Tracks,80,,,True
BW885,Pipeline Infrastructure,30,,,True
BW885,Dams,100,,,True
BW885,Water Reservoirs,90,,,True
BW885,Airport Runways,180,Residential Building,Use deep foundations or densify subsoil,False
BW886,Residential Building,50,Pipeline Infrastructure,Reduce liquid limit via compaction,False
BW886,High-rise Building,150,Pipeline Infrastructure,Use deep foundations or densify subsoil,False
BW886,Low-rise,100,Pipeline Infrastructure,Use deep foundations or densify subsoil,False
BW886,Roads & Highways,70,Pipeline Infrastructure,Increase CBR in top 2 layers,False
BW886,Bridges,120,Pipeline Infrastructure,Use deep foundations or densify subsoil,False
BW886,Tunnels,150,Pipeline Infrastructure,Use deep foundations or densify subsoil,False
BW886,Railway Tracks,80,Pipeline Infrastructure,Use deep foundations or densify subsoil,False
BW886,Pipeline Infrastructure,30,,,True
BW886,Dams,100,Pipeline Infrastructure,Use deep foundations or densify subsoil,False
BW886,Water Reservoirs,90,Pipeline Infrastructure,Use deep foundations or densify subsoil,False
BW886,Airport Runways,180,Pipeline Infrastructure,Use deep foundations or densify subsoil,False
BW887,Residential Building,50,Pipeline Infrastructure,Use deep foundations or densify subsoil,False
BW887,High-rise Building,150,Pipeline Infrastructure,Use deep foundations or densify subsoil,False
BW887,Low-rise,100,Pipeline Infrastructure,Reduce liquid limit via compaction,False
BW887,Roads & Highways,70,Pipeline Infrastructure,Increase CBR in top 2 layers,False
BW887,Bridges,120,Pipeline Infrastructure,Use deep foundations or densify subsoil,False
BW887,Tunnels,150,Pipeline Infrastructure,Increase CBR in top 2 layers,False
BW887,Railway Tracks,80,Pipeline Infrastructure,Increase CBR in top 2 layers,False
BW887,Pipeline Infrastructure,30,,,True
BW887,Dams,100,Pipeline Infrastructure,Reduce liquid limit via compaction,False
BW887,Water Reservoirs,90,Pipeline Infrastructure,Use deep foundations or densify subsoil,False
BW887,Airport Runways,180,Pipeline Infrastructure,Use deep foundations or densify subsoil,False
CA081,Residential Building,50,,Reduce liquid limit via compaction,False
CA081,High-rise Building,150,,Reduce liquid limit via compaction,False
CA081,Low-rise,100,,Use deep foundations or densify subsoil,False
CA081,Roads & Highways,70,,Reduce liquid limit via compaction,False
CA081,Bridges,120,,Reduce liquid limit via compaction,False
CA081,Tunnels,150,,Reduce liquid limit via compaction,False
CA081,Railway Tracks,80,,Reduce liquid limit via compaction,False
CA081,Pipeline Infrastructure,30,,Reduce liquid limit via compaction,False
CA081,Dams,100,,Increase CBR in top 2 layers,False
CA081,Water Reservoirs,90,,Use deep foundations or densify subsoil,False
CA081,Airport Runways,180,,Use deep foundations or densify subsoil,False
CA082,Residential Building,50,,,True
CA082,High-rise Building,150,Residential Building,Use deep foundations or densify subsoil,False
CA082,Low-rise,100,,,True
CA082,Roads & Highways,70,,,True
CA082,Bridges,120,Residential Building,Increase CBR in top 2 layers,False
CA082,Tunnels,150,Residential Building,Use deep foundations or densify subsoil,False
CA082,Railway Tracks,80,,,True
CA082,Pipeline Infrastructure,30,,,True
CA082,Dams,100,,,True
CA082,Water Reservoirs,90,,,True
CA082,Airport Runways,180,Residential Building,Use deep foundations or densify subsoil,False
CI015,Residential Building,50,Pipeline Infrastructure,Use deep foundations or densify subsoil,False
CI015,High-rise Building,150,Pipeline Infrastructure,Increase CBR in top 2 layers,False
CI015,Low-rise,100,Pipeline Infrastructure,Use deep foundations or densify subsoil,False
CI015,Roads & Highways,70,Pipeline Infrastructure,Use deep foundations or densify subsoil,False
CI015,Bridges,120,Pipeline Infrastructure,Use deep foundations or densify subsoil,False
CI015,Tunnels,150,Pipeline Infrastructure,Increase CBR in top 2 layers,False
CI015,Railway Tracks,80,Pipeline Infrastructure,Use deep foundations or densify subsoil,False
CI015,Pipeline Infrastructure,30,,,True
CI015,Dams,100,Pipeline Infrastructure,Increase CBR in top 2 layers,False
CI015,Water Reservoirs,90,Pipeline Infrastructure,Use deep foundations or densify subsoil,False
CI015,Airport Runways,180,Pipeline Infrastructure,Increase CBR in top 2 layers,False
CI016,Residential Building,50,,Reduce liquid limit via compaction,False
CI016,High-rise Building,150,,Increase CBR in top 2 layers,False
CI016,Low-rise,100,,Reduce liquid limit via compaction,False
CI016,Roads & Highways,70,,Reduce liquid limit via compaction,False
CI016,Bridges,120,,Reduce liquid limit via compaction,False
CI016,Tunnels,150,,Use deep foundations or densify subsoil,False
CI016,Railway Tracks,80,,Reduce liquid limit via compaction,False
CI016,Pipeline Infrastructure,30,,Reduce liquid limit via compaction,False
CI016,Dams,100,,Reduce liquid limit via compaction,False
CI016,Water Reservoirs,90,,Reduce liquid limit via compaction,False
CI016,Airport Runways,180,,Use deep foundations or densify subsoil,False
CI017,Residential Building,50,,,True
CI017,High-rise Building,150,Residential Building,Use deep foundations or densify subsoil,False
CI017,Low-rise,100,Residential Building,Use deep foundations or densify subsoil,False
CI017,Roads & Highways,70,,,True
CI017,Bridges,120,Residential Building,Use deep foundations or densify subsoil,False
CI017,Tunnels,150,Residential Building,Increase CBR in top 2 layers,False
CI017,Railway Tracks,80,,,True
CI017,Pipeline Infrastructure,30,,,True
CI017,Dams,100,Residential Building,Use deep foundations or densify subsoil,False
CI017,Water Reservoirs,90,Residential Building,Use deep foundations or densify subsoil,False
CI017,Airport Runways,180,Residential Building,Reduce liquid limit via compaction,False
CI018,Residential Building,50,,,True
CI018,High-rise Building,150,Residential Building,Use deep foundations or densify subsoil,False
CI018,Low-rise,100,Residential Building,Reduce liquid limit via compaction,False
CI018,Roads & Highways,70,,,True
CI018,Bridges,120,Residential Building,Reduce liquid limit via compaction,False
CI018,Tunnels,150,Residential Building,Increase CBR in top 2 layers,False
CI018,Railway Tracks,80,,,True
CI018,Pipeline Infrastructure,30,,,True
CI018,Dams,100,Residential Building,Increase CBR in top 2 layers,False
CI018,Water Reservoirs,90,Residential Building,Reduce liquid limit via compaction,False
CI018,Airport Runways,180,Residential Building,Use deep foundations or densify subsoil,False
CI019,Residential Building,50,Pipeline Infrastructure,Reduce liquid limit via compaction,False
CI019,High-rise Building,150,Pipeline Infrastructure,Reduce liquid limit via compaction,False
CI019,Low-rise,100,Pipeline Infrastructure,Increase CBR in top 2 layers,False
CI019,Roads & Highways,70,Pipeline Infrastructure,Reduce liquid limit via compaction,False
CI019,Bridges,120,Pipeline Infrastructure,Reduce liquid limit via compaction,False
CI019,Tunnels,150,Pipeline Infrastructure,Increase CBR in top 2 layers,False
CI019,Railway Tracks,80,Pipeline Infrastructure,Use deep foundations or densify subsoil,False
CI019,Pipeline Infrastructure,30,,,True
CI019,Dams,100,Pipeline Infrastructure,Reduce liquid limit via compaction,False
CI019,Water Reservoirs,90,Pipeline Infrastructure,Use deep foundations or densify subsoil,False
CI019,Airport Runways,180,Pipeline Infrastructure,Use deep foundations or densify subsoil,False
CI020,Residential Building,50,,Reduce liquid limit via compaction,False
CI020,High-rise Building,150,,Increase CBR in top 2 layers,False
CI020,Low-rise,100,,Reduce liquid limit via compaction,False
CI020,Roads & Highways,70,,Use deep foundations or densify subsoil,False
CI020,Bridges,120,,Use deep foundations or densify subsoil,False
CI020,Tunnels,150,,Increase CBR in top 2 layers,False
CI020,Railway Tracks,80,,Increase CBR in top 2 layers,False
CI020,Pipeline Infrastructure,30,,Increase CBR in top 2 layers,False
CI020,Dams,100,,Use deep foundations or densify subsoil,False
CI020,Water Reservoirs,90,,Reduce liquid limit via compaction,False
CI020,Airport Runways,180,,Use deep foundations or densify subsoil,False
CI021,Residential Building,50,Pipeline Infrastructure,Reduce liquid limit via compaction,False
CI021,High-rise Building,150,Pipeline Infrastructure,Increase CBR in top 2 layers,False
CI021,Low-rise,100,Pipeline Infrastructure,Reduce liquid limit via compaction,False
CI021,Roads & Highways,70,Pipeline Infrastructure,Increase CBR in top 2 layers,False
CI021,Bridges,120,Pipeline Infrastructure,Increase CBR in top 2 layers,False
CI021,Tunnels,150,Pipeline Infrastructure,Increase CBR in top 2 layers,False
CI021,Railway Tracks,80,Pipeline Infrastructure,Increase CBR in top 2 layers,False
CI021,Pipeline Infrastructure,30,,,True
CI021,Dams,100,Pipeline Infrastructure,Increase CBR in top 2 layers,False
CI021,Water Reservoirs,90,Pipeline Infrastructure,Increase CBR in top 2 layers,False
CI021,Airport Runways,180,Pipeline Infrastructure,Reduce liquid limit via compaction,False
CI022,Residential Building,50,Pipeline Infrastructure,Reduce liquid limit via compaction,False
CI022,High-rise Building,150,Pipeline Infrastructure,Increase CBR in top 2 layers,False
CI022,Low-rise,100,Pipeline Infrastructure,Use deep foundations or densify subsoil,False
CI022,Roads & Highways,70,Pipeline Infrastructure,Reduce liquid limit via compaction,False
CI022,Bridges,120,Pipeline Infrastructure,Reduce liquid limit via compaction,False
CI022,Tunnels,150,Pipeline Infrastructure,Increase CBR in top 2 layers,False
CI022,Railway Tracks,80,Pipeline Infrastructure,Reduce liquid limit via compaction,False
CI022,Pipeline Infrastructure,30,,,True
CI022,Dams,100,Pipeline Infrastructure,Increase CBR in top 2 layers,False
CI022,Water Reservoirs,90,Pipeline Infrastructure,Reduce liquid limit via compaction,False
CI022,Airport Runways,180,Pipeline Infrastructure,Increase CBR in top 2 layers,False
CI023,Residential Building,50,Pipeline Infrastructure,Increase CBR in top 2 layers,False
CI023,High-rise Building,150,Pipeline Infrastructure,Reduce liquid limit via compaction,False
CI023,Low-rise,100,Pipeline Infrastructure,Increase CBR in top 2 layers,False
CI023,Roads & Highways,70,Pipeline Infrastructure,Use deep foundations or densify subsoil,False
CI023,Bridges,120,Pipeline Infrastructure,Increase CBR in top 2 layers,False
CI023,Tunnels,150,Pipeline Infrastructure,Increase CBR in top 2 layers,False
CI023,Railway Tracks,80,Pipeline Infrastructure,Use deep foundations or densify subsoil,False
CI023,Pipeline Infrastructure,30,,,True
CI023,Dams,100,Pipeline Infrastructure,Reduce liquid limit via compaction,False
CI023,Water Reservoirs,90,Pipeline Infrastructure,Increase CBR in top 2 layers,False
CI023,Airport Runways,180,Pipeline Infrastructure,Reduce liquid limit via compaction,False
CI024,Residential Building,50,,Reduce liquid limit via compaction,False
CI024,High-rise Building,150,,Reduce liquid limit via compaction,False
CI024,Low-rise,100,,Reduce liquid limit via compaction,False
CI024,Roads & Highways,70,,Reduce liquid limit via compaction,False
CI024,Bridges,120,,Reduce liquid limit via compaction,False
CI024,Tunnels,150,,Increase CBR in top 2 layers,False
CI024,Railway Tracks,80,,Reduce liquid limit via compaction,False
CI024,Pipeline Infrastructure,30,,Reduce liquid limit via compaction,False
CI024,Dams,100,,Reduce liquid limit via compaction,False
CI024,Water Reservoirs,90,,Reduce liquid limit via compaction,False
CI024,Airport Runways,180,,Increase CBR in top 2 layers,False
CI025,Residential Building,50,,Reduce liquid limit via compaction,False
CI025,High-rise Building,150,,Reduce liquid limit via compaction,False
CI025,Low-rise,100,,Reduce liquid limit via compaction,False
CI025,Roads & Highways,70,,Increase CBR in top 2 layers,False
CI025,Bridges,120,,Reduce liquid limit via compaction,False
CI025,Tunnels,150,,Use deep foundations or densify subsoil,False
CI025,Railway Tracks,80,,Reduce liquid limit via compaction,False
CI025,Pipeline Infrastructure,30,,Reduce liquid limit via compaction,False
CI025,Dams,100,,Reduce liquid limit via compaction,False
CI025,Water Reservoirs,90,,Increase CBR in top 2 layers,False
CI025,Airport Runways,180,,Reduce liquid limit via compaction,False
CI026,Residential Building,50,Pipeline Infrastructure,Increase CBR in top 2 layers,False
CI026,High-rise Building,150,Pipeline Infrastructure,Increase CBR in top 2 layers,False
CI026,Low-rise,100,Pipeline Infrastructure,Use deep foundations or densify subsoil,False
CI026,Roads & Highways,70,Pipeline Infrastructure,Increase CBR in top 2 layers,False
CI026,Bridges,120,Pipeline Infrastructure,Use deep foundations or densify subsoil,False
CI026,Tunnels,150,Pipeline Infrastructure,Use deep foundations or densify subsoil,False
CI026,Railway Tracks,80,Pipeline Infrastructure,Use deep foundations or densify subsoil,False
CI026,Pipeline Infrastructure,30,,,True
CI026,Dams,100,Pipeline Infrastructure,Increase CBR in top 2 layers,False
CI026,Water Reservoirs,90,Pipeline Infrastructure,Increase CBR in top 2 layers,False
CI026,Airport Runways,180,Pipeline Infrastructure,Use deep foundations or densify subsoil,False
CK001,Residential Building,50,Pipeline Infrastructure,Reduce liquid limit via compaction,False
CK001,High-rise Building,150,Pipeline Infrastructure,Use deep foundations or densify subsoil,False
CK001,Low-rise,100,Pipeline Infrastructure,Reduce liquid limit via compaction,False
CK001,Roads & Highways,70,Pipeline Infrastructure,Reduce liquid limit via compaction,False
CK001,Bridges,120,Pipeline Infrastructure,Reduce liquid limit via compaction,False
CK001,Tunnels,150,Pipeline Infrastructure,Reduce liquid limit via compaction,False
CK001,Railway Tracks,80,Pipeline Infrastructure,Reduce liquid limit via compaction,False
CK001,Pipeline Infrastructure,30,,,True
CK001,Dams,100,Pipeline Infrastructure,Use deep foundations or densify subsoil,False
CK001,Water Reservoirs,90,Pipeline Infrastructure,Reduce liquid limit via compaction,False
CK001,Airport Runways,180,Pipeline Infrastructure,Increase CBR in top 2 layers,False
CL023,Residential Building,50,,Reduce liquid limit via compaction,False
CL023,High-rise Building,150,,Reduce liquid limit via compaction,False
CL023,Low-rise,100,,Reduce liquid limit via compaction,False
CL023,Roads & Highways,70,,Use deep foundations or densify subsoil,False
CL023,Bridges,120,,Reduce liquid limit via compaction,False
CL023,Tunnels,150,,Reduce liquid limit via compaction,False
CL023,Railway Tracks,80,,Reduce liquid limit via compaction,False
CL023,Pipeline Infrastructure,30,,Reduce liquid limit via compaction,False
CL023,Dams,100,,Use deep foundations or densify subsoil,False
CL023,Water Reservoirs,90,,Reduce liquid limit via compaction,False
CL023,Airport Runways,180,,Reduce liquid limit via compaction,False
CL024,Residential Building,50,,,True
CL024,High-rise Building,150,Residential Building,Reduce liquid limit via compaction,False
CL024,Low-rise,100,Residential Building,Use deep foundations or densify subsoil,False
CL024,Roads & Highways,70,,,True
CL024,Bridges,120,Residential Building,Increase CBR in top 2 layers,False
CL024,Tunnels,150,Residential Building,Increase CBR in top 2 layers,False
CL024,Railway Tracks,80,,,True
CL024,Pipeline Infrastructure,30,,,True
CL024,Dams,100,Residential Building,Use deep foundations or densify subsoil,False
CL024,Water Reservoirs,90,Residential Building,Use deep foundations or densify subsoil,False
CL024,Airport Runways,180,Residential Building,Use deep foundations or densify subsoil,False
CL025,Residential Building,50,,Reduce liquid limit via compaction,False
CL025,High-rise Building,150,,Increase CBR in top 2 layers,False
CL025,Low-rise,100,,Increase CBR in top 2 layers,False
CL025,Roads & Highways,70,,Reduce liquid limit via compaction,False
CL025,Bridges,120,,Use deep foundations or densify subsoil,False
CL025,Tunnels,150,,Reduce liquid limit via compaction,False
CL025,Railway Tracks,80,,Use deep foundations or densify subsoil,False
CL025,Pipeline Infrastructure,30,,Increase CBR in top 2 layers,False
CL025,Dams,100,,Reduce liquid limit via compaction,False
CL025,Water Reservoirs,90,,Use deep foundations or densify subsoil,False
CL025,Airport Runways,180,,Reduce liquid limit via compaction,False
CL026,Residential Building,50,,,True
CL026,High-rise Building,150,Residential Building,Increase CBR in top 2 layers,False
CL026,Low-rise,100,Residential Building,Use deep foundations or densify subsoil,False
CL026,Roads & Highways,70,,,True
CL026,Bridges,120,Residential Building,Increase CBR in top 2 layers,False
CL026,Tunnels,150,Residential Building,Use deep foundations or densify subsoil,False
CL026,Railway Tracks,80,,,True
CL026,Pipeline Infrastructure,30,,,True
CL026,Dams,100,Residential Building,Use deep foundations or densify subsoil,False
CL026,Water Reservoirs,90,,,True
CL026,Airport Runways,180,Residential Building,Reduce liquid limit via compaction,False
CL027,Residential Building,50,,,True
CL027,High-rise Building,150,Residential Building,Increase CBR in top 2 layers,False
CL027,Low-rise,100,,,True
CL027,Roads & Highways,70,,,True
CL027,Bridges,120,Residential Building,Reduce liquid limit via compaction,False
CL027,Tunnels,150,Residential Building,Reduce liquid limit via compaction,False
CL027,Railway Tracks,80,,,True
CL027,Pipeline Infrastructure,30,,,True
CL027,Dams,100,Residential Building,Reduce liquid limit via compaction,False
CL027,Water Reservoirs,90,,,True
CL027,Airport Runways,180,Residential Building,Use deep foundations or densify subsoil,False
CL028,Residential Building,50,,Reduce liquid limit via compaction,False
CL028,High-rise Building,150,,Use deep foundations or densify subsoil,False
CL028,Low-rise,100,,Increase CBR in top 2 layers,False
CL028,Roads & Highways,70,,Use deep foundations or densify subsoil,False
CL028,Bridges,120,,Increase CBR in top 2 layers,False
CL028,Tunnels,150,,Use deep foundations or densify subsoil,False
CL028,Railway Tracks,80,,Use deep foundations or densify subsoil,False
CL028,Pipeline Infrastructure,30,,Reduce liquid limit via compaction,False
CL028,Dams,100,,Use deep foundations or densify subsoil,False
CL028,Water Reservoirs,90,,Use deep foundations or densify subsoil,False
CL028,Airport Runways,180,,Use deep foundations or densify subsoil,False
CM022,Residential Building,50,,Reduce liquid limit via compaction,False
CM022,High-rise Building,150,,Use deep foundations or densify subsoil,False
CM022,Low-rise,100,,Use deep foundations or densify subsoil,False
CM022,Roads & Highways,70,,Reduce liquid limit via compaction,False
CM022,Bridges,120,,Increase CBR in top 2 layers,False
CM022,Tunnels,150,,Increase CBR in top 2 layers,False
CM022,Railway Tracks,80,,Reduce liquid limit via compaction,False
CM022,Pipeline Infrastructure,30,,Reduce liquid limit via compaction,False
CM022,Dams,100,,Increase CBR in top 2 layers,False
CM022,Water Reservoirs,90,,Increase CBR in top 2 layers,False
CM022,Airport Runways,180,,Increase CBR in top 2 layers,False
CM023,Residential Building,50,Pipeline Infrastructure,Reduce liquid limit via compaction,False
CM023,High-rise Building,150,Pipeline Infrastructure,Use deep foundations or densify subsoil,False
CM023,Low-rise,100,Pipeline Infrastructure,Reduce liquid limit via compaction,False
CM023,Roads & Highways,70,Pipeline Infrastructure,Reduce liquid limit via compaction,False
CM023,Bridges,120,Pipeline Infrastructure,Increase CBR in top 2 layers,False
CM023,Tunnels,150,Pipeline Infrastructure,Use deep foundations or densify subsoil,False
CM023,Railway Tracks,80,Pipeline Infrastructure,Reduce liquid limit via compaction,False
CM023,Pipeline Infrastructure,30,,,True
CM023,Dams,100,Pipeline Infrastructure,Reduce liquid limit via compaction,False
CM023,Water Reservoirs,90,Pipeline Infrastructure,Use deep foundations or densify subsoil,False
CM023,Airport Runways,180,Pipeline Infrastructure,Increase CBR in top 2 layers,False
CM024,Residential Building,50,,,True
CM024,High-rise Building,150,Residential Building,Increase CBR in top 2 layers,False
CM024,Low-rise,100,Residential Building,Use deep foundations or densify subsoil,False
CM024,Roads & Highways,70,,,True
CM024,Bridges,120,Residential Building,Increase CBR in top 2 layers,False
CM024,Tunnels,150,Residential Building,Increase CBR in top 2 layers,False
CM024,Railway Tracks,80,,,True
CM024,Pipeline Infrastructure,30,,,True
CM024,Dams,100,Residential Building,Increase CBR in top 2 layers,False
CM024,Water Reservoirs,90,Residential Building,Use deep foundations or densify subsoil,False
CM024,Airport Runways,180,Residential Building,Use deep foundations or densify subsoil,False
CM025,Residential Building,50,Pipeline Infrastructure,Reduce liquid limit via compaction,False
CM025,High-rise Building,150,Pipeline Infrastructure,Use deep foundations or densify subsoil,False
CM025,Low-rise,100,Pipeline Infrastructure,Reduce liquid limit via compaction,False
CM025,Roads & Highways,70,Pipeline Infrastructure,Reduce liquid limit via compaction,False
CM025,Bridges,120,Pipeline Infrastructure,Reduce liquid limit via compaction,False
CM025,Tunnels,150,Pipeline Infrastructure,Increase CBR in top 2 layers,False
CM025,Railway Tracks,80,Pipeline Infrastructure,Reduce liquid limit via compaction,False
CM025,Pipeline Infrastructure,30,,,True
CM025,Dams,100,Pipeline Infrastructure,Reduce liquid limit via compaction,False
CM025,Water Reservoirs,90,Pipeline Infrastructure,Reduce liquid limit via compaction,False
CM025,Airport Runways,180,Pipeline Infrastructure,Increase CBR in top 2 layers,False
CM026,Residential Building,50,Pipeline Infrastructure,Increase CBR in top 2 layers,False
CM026,High-rise Building,150,Pipeline Infrastructure,Use deep foundations or densify subsoil,False
CM026,Low-rise,100,Pipeline Infrastructure,Use deep foundations or densify subsoil,False
CM026,Roads & Highways,70,Pipeline Infrastructure,Increase CBR in top 2 layers,False
CM026,Bridges,120,Pipeline Infrastructure,Increase CBR in top 2 layers,False
CM026,Tunnels,150,Pipeline Infrastructure,Use deep foundations or densify subsoil,False
CM026,Railway Tracks,80,Pipeline Infrastructure,Increase CBR in top 2 layers,False
CM026,Pipeline Infrastructure,30,,,True
CM026,Dams,100,Pipeline Infrastructure,Use deep foundations or densify subsoil,False
CM026,Water Reservoirs,90,Pipeline Infrastructure,Increase CBR in top 2 layers,False
CM026,Airport Runways,180,Pipeline Infrastructure,Reduce liquid limit via compaction,False
CM027,Residential Building,50,,Reduce liquid limit via compaction,False
CM027,High-rise Building,150,,Increase CBR in top 2 layers,False
CM027,Low-rise,100,,Use deep foundations or densify subsoil,False
CM027,Roads & Highways,70,,Reduce liquid limit via compaction,False
CM027,Bridges,120,,Increase CBR in top 2 layers,False
CM027,Tunnels,150,,Use deep foundations or densify subsoil,False
CM027,Railway Tracks,80,,Increase CBR in top 2 layers,False
CM027,Pipeline Infrastructure,30,,Reduce liquid limit via compaction,False
CM027,Dams,100,,Increase CBR in top 2 layers,False
CM027,Water Reservoirs,90,,Use deep foundations or densify subsoil,False
CM027,Airport Runways,180,,Increase CBR in top 2 layers,False
CM028,Residential Building,50,,Reduce liquid limit via compaction,False
CM028,High-rise Building,150,,Use deep foundations or densify subsoil,False
CM028,Low-rise,100,,Reduce liquid limit via compaction,False
CM028,Roads & Highways,70,,Reduce liquid limit via compaction,False
CM028,Bridges,120,,Reduce liquid limit via compaction,False
CM028,Tunnels,150,,Reduce liquid limit via compaction,False
CM028,Railway Tracks,80,,Reduce liquid limit via compaction,False
CM028,Pipeline Infrastructure,30,,Reduce liquid limit via compaction,False
CM028,Dams,100,,Reduce liquid limit via compaction,False
CM028,Water Reservoirs,90,,Reduce liquid limit via compaction,False
CM028,Airport Runways,180,,Use deep foundations or densify subsoil,False
CM029,Residential Building,50,,Reduce liquid limit via compaction,False
CM029,High-rise Building,150,,Increase CBR in top 2 layers,False
CM029,Low-rise,100,,Reduce liquid limit via compaction,False
CM029,Roads & Highways,70,,Reduce liquid limit via compaction,False
CM029,Bridges,120,,Use deep foundations or densify subsoil,False
CM029,Tunnels,150,,Increase CBR in top 2 layers,False
CM029,Railway Tracks,80,,Reduce liquid limit via compaction,False
CM029,Pipeline Infrastructure,30,,Reduce liquid limit via compaction,False
CM029,Dams,100,,Reduce liquid limit via compaction,False
CM029,Water Reservoirs,90,,Reduce liquid limit via compaction,False
CM029,Airport Runways,180,,Increase CBR in top 2 layers,False
CM030,Residential Building,50,,,True
CM030,High-rise Building,150,Residential Building,Reduce liquid limit via compaction,False
CM030,Low-rise,100,Residential Building,Reduce liquid limit via compaction,False
CM030,Roads & Highways,70,,,True
CM030,Bridges,120,Residential Building,Increase CBR in top 2 layers,False
CM030,Tunnels,150,Residential Building,Use deep foundations or densify subsoil,False
CM030,Railway Tracks,80,,,True
CM030,Pipeline Infrastructure,30,,,True
CM030,Dams,100,Residential Building,Reduce liquid limit via compaction,False
CM030,Water Reservoirs,90,Residential Building,Reduce liquid limit via compaction,False
CM030,Airport Runways,180,Residential Building,Reduce liquid limit via compaction,False
CM031,Residential Building,50,Pipeline Infrastructure,Increase CBR in top 2 layers,False
CM031,High-rise Building,150,Pipeline Infrastructure,Use deep foundations or densify subsoil,False
CM031,Low-rise,100,Pipeline Infrastructure,Reduce liquid limit via compaction,False
CM031,Roads & Highways,70,Pipeline Infrastructure,Increase CBR in top 2 layers,False
CM031,Bridges,120,Pipeline Infrastructure,Use deep foundations or densify subsoil,False
CM031,Tunnels,150,Pipeline Infrastructure,Increase CBR in top 2 layers,False
CM031,Railway Tracks,80,Pipeline Infrastructure,Use deep foundations or densify subsoil,False
CM031,Pipeline Infrastructure,30,,,True
CM031,Dams,100,Pipeline Infrastructure,Use deep foundations or densify subsoil,False
CM031,Water Reservoirs,90,Pipeline Infrastructure,Reduce liquid limit via compaction,False
CM031,Airport Runways,180,Pipeline Infrastructure,Reduce liquid limit via compaction,False
CM032,Residential Building,50,,,True
CM032,High-rise Building,150,Residential Building,Use deep foundations or densify subsoil,False
CM032,Low-rise,100,Residential Building,Use deep foundations or densify subsoil,False
CM032,Roads & Highways,70,,,True
CM032,Bridges,120,Residential Building,Use deep foundations or densify subsoil,False
CM032,Tunnels,150,Residential Building,Reduce liquid limit via compaction,False
CM032,Railway Tracks,80,,,True
CM032,Pipeline Infrastructure,30,,,True
CM032,Dams,100,Residential Building,Reduce liquid limit via compaction,False
CM032,Water Reservoirs,90,Residential Building,Use deep foundations or densify subsoil,False
CM032,Airport Runways,180,Residential Building,Use deep foundations or densify subsoil,False
CM033,Residential Building,50,,,True
CM033,High-rise Building,150,Residential Building,Use deep foundations or densify subsoil,False
CM033,Low-rise,100,,,True
CM033,Roads & Highways,70,,,True
CM033,Bridges,120,Residential Building,Use deep foundations or densify subsoil,False
CM033,Tunnels,150,Residential Building,Use deep foundations or densify subsoil,False
CM033,Railway Tracks,80,,,True
CM033,Pipeline Infrastructure,30,,,True
CM033,Dams,100,,,True
CM033,Water Reservoirs,90,,,True
CM033,Airport Runways,180,Residential Building,Use deep foundations or densify subsoil,False
CM034,Residential Building,50,,,True
CM034,High-rise Building,150,Residential Building,Increase CBR in top 2 layers,False
CM034,Low-rise,100,,,True
CM034,Roads & Highways,70,,,True
CM034,Bridges,120,Residential Building,Increase CBR in top 2 layers,False
CM034,Tunnels,150,Residential Building,Use deep foundations or densify subsoil,False
CM034,Railway Tracks,80,,,True
CM034,Pipeline Infrastructure,30,,,True
CM034,Dams,100,,,True
CM034,Water Reservoirs,90,,,True
CM034,Airport Runways,180,Residential Building,Use deep foundations or densify subsoil,False
CM035,Residential Building,50,,,True
CM035,High-rise Building,150,Residential Building,Use deep foundations or densify subsoil,False
CM035,Low-rise,100,Residential Building,Increase CBR in top 2 layers,False
CM035,Roads & Highways,70,Residential Building,Increase CBR in top 2 layers,False
CM035,Bridges,120,Residential Building,Reduce liquid limit via compaction,False
CM035,Tunnels,150,Residential Building,Reduce liquid limit via compaction,False
CM035,Railway Tracks,80,Residential Building,Increase CBR in top 2 layers,False
CM035,Pipeline Infrastructure,30,,,True
CM035,Dams,100,Residential Building,Increase CBR in top 2 layers,False
CM035,Water Reservoirs,90,Residential Building,Use deep foundations or densify subsoil,False
CM035,Airport Runways,180,Residential Building,Use deep foundations or densify subsoil,False
CM036,Residential Building,50,Pipeline Infrastructure,Reduce liquid limit via compaction,False
CM036,High-rise Building,150,Pipeline Infrastructure,Increase CBR in top 2 layers,False
CM036,Low-rise,100,Pipeline Infrastructure,Reduce liquid limit via compaction,False
CM036,Roads & Highways,70,Pipeline Infrastructure,Reduce liquid limit via compaction,False
CM036,Bridges,120,Pipeline Infrastructure,Use deep foundations or densify subsoil,False
CM036,Tunnels,150,Pipeline Infrastructure,Increase CBR in top 2 layers,False
CM036,Railway Tracks,80,Pipeline Infrastructure,Use deep foundations or densify subsoil,False
CM036,Pipeline Infrastructure,30,,,True
CM036,Dams,100,Pipeline Infrastructure,Increase CBR in top 2 layers,False
CM036,Water Reservoirs,90,Pipeline Infrastructure,Use deep foundations or densify subsoil,False
CM036,Airport Runways,180,Pipeline Infrastructure,Reduce liquid limit via compaction,False
CM037,Residential Building,50,,,True
CM037,High-rise Building,150,Residential Building,Use deep foundations or densify subsoil,False
CM037,Low-rise,100,Residential Building,Use deep foundations or densify subsoil,False
CM037,Roads & Highways,70,,,True
CM037,Bridges,120,Residential Building,Use deep foundations or densify subsoil,False
CM037,Tunnels,150,Residential Building,Increase CBR in top 2 layers,False
CM037,Railway Tracks,80,,,True
CM037,Pipeline Infrastructure,30,,,True
CM037,Dams,100,Residential Building,Increase CBR in top 2 layers,False
CM037,Water Reservoirs,90,Residential Building,Use deep foundations or densify subsoil,False
CM037,Airport Runways,180,Residential Building,Use deep foundations or densify subsoil,False
CM038,Residential Building,50,,Reduce liquid limit via compaction,False
CM038,High-rise Building,150,,Use deep foundations or densify subsoil,False
CM038,Low-rise,100,,Reduce liquid limit via compaction,False
CM038,Roads & Highways,70,,Reduce liquid limit via compaction,False
CM038,Bridges,120,,Use deep foundations or densify subsoil,False
CM038,Tunnels,150,,Reduce liquid limit via compaction,False
CM038,Railway Tracks,80,,Reduce liquid limit via compaction,False
CM038,Pipeline Infrastructure,30,,Reduce liquid limit via compaction,False
CM038,Dams,100,,Use deep foundations or densify subsoil,False
CM038,Water Reservoirs,90,,Reduce liquid limit via compaction,False
CM038,Airport Runways,180,,Reduce liquid limit via compaction,False
CM039,Residential Building,50,,,True
CM039,High-rise Building,150,Residential Building,Increase CBR in top 2 layers,False
CM039,Low-rise,100,Residential Building,Use deep foundations or densify subsoil,False
CM039,Roads & Highways,70,,,True
CM039,Bridges,120,Residential Building,Increase CBR in top 2 layers,False
CM039,Tunnels,150,Residential Building,Increase CBR in top 2 layers,False
CM039,Railway Tracks,80,,,True
CM039,Pipeline Infrastructure,30,,,True
CM039,Dams,100,Residential Building,Increase CBR in top 2 layers,False
CM039,Water Reservoirs,90,Residential Building,Use deep foundations or densify subsoil,False
CM039,Airport Runways,180,Residential Building,Increase CBR in top 2 layers,False
CM040,Residential Building,50,,,True
CM040,High-rise Building,150,Residential Building,Increase CBR in top 2 layers,False
CM040,Low-rise,100,Residential Building,Use deep foundations or densify subsoil,False
CM040,Roads & Highways,70,,,True
CM040,Bridges,120,Residential Building,Use deep foundations or densify subsoil,False
CM040,Tunnels,150,Residential Building,Increase CBR in top 2 layers,False
CM040,Railway Tracks,80,,,True
CM040,Pipeline Infrastructure,30,,,True
CM040,Dams,100,Residential Building,Use deep foundations or densify subsoil,False
CM040,Water Reservoirs,90,,,True
CM040,Airport Runways,180,Residential Building,Use deep foundations or densify subsoil,False
CM041,Residential Building,50,Pipeline Infrastructure,Reduce liquid limit via compaction,False
CM041,High-rise Building,150,Pipeline Infrastructure,Increase CBR in top 2 layers,False
CM041,Low-rise,100,Pipeline Infrastructure,Use deep foundations or densify subsoil,False
CM041,Roads & Highways,70,Pipeline Infrastructure,Reduce liquid limit via compaction,False
CM041,Bridges,120,Pipeline Infrastructure,Use deep foundations or densify subsoil,False
CM041,Tunnels,150,Pipeline Infrastructure,Increase CBR in top 2 layers,False
CM041,Railway Tracks,80,Pipeline Infrastructure,Reduce liquid limit via compaction,False
CM041,Pipeline Infrastructure,30,,,True
CM041,Dams,100,Pipeline Infrastructure,Reduce liquid limit via compaction,False
CM041,Water Reservoirs,90,Pipeline Infrastructure,Use deep foundations or densify subsoil,False
CM041,Airport Runways,180,Pipeline Infrastructure,Increase CBR in top 2 layers,False
CM042,Residential Building,50,,,True
CM042,High-rise Building,150,Residential Building,Reduce liquid limit via compaction,False
CM042,Low-rise,100,,,True
CM042,Roads & Highways,70,,,True
CM042,Bridges,120,Residential Building,Reduce liquid limit via compaction,False
CM042,Tunnels,150,Residential Building,Reduce liquid limit via compaction,False
CM042,Railway Tracks,80,,,True
CM042,Pipeline Infrastructure,30,,,True
CM042,Dams,100,Residential Building,Reduce liquid limit via compaction,False
CM042,Water Reservoirs,90,Residential Building,Reduce liquid limit via compaction,False
CM042,Airport Runways,180,Residential Building,Increase CBR in top 2 layers,False
CM043,Residential Building,50,,,True
CM043,High-rise Building,150,Residential Building,Use deep foundations or densify subsoil,False
CM043,Low-rise,100,Residential Building,Reduce liquid limit via compaction,False
CM043,Roads & Highways,70,,,True
CM043,Bridges,120,Residential Building,Use deep foundations or densify subsoil,False
CM043,Tunnels,150,Residential Building,Increase CBR in top 2 layers,False
CM043,Railway Tracks,80,,,True
CM043,Pipeline Infrastructure,30,,,True
CM043,Dams,100,Residential Building,Increase CBR in top 2 layers,False
CM043,Water Reservoirs,90,Residential Building,Reduce liquid limit via compaction,False
CM043,Airport Runways,180,Residential Building,Use deep foundations or densify subsoil,False
CM044,Residential Building,50,,Reduce liquid limit via compaction,False
CM044,High-rise Building,150,,Reduce liquid limit via compaction,False
CM044,Low-rise,100,,Increase CBR in top 2 layers,False
CM044,Roads & Highways,70,,Use deep foundations or densify subsoil,False
CM044,Bridges,120,,Increase CBR in top 2 layers,False
CM044,Tunnels,150,,Increase CBR in top 2 layers,False
CM044,Railway Tracks,80,,Use deep foundations or densify subsoil,False
CM044,Pipeline Infrastructure,30,,Reduce liquid limit via compaction,False
CM044,Dams,100,,Reduce liquid limit via compaction,False
CM044,Water Reservoirs,90,,Use deep foundations or densify subsoil,False
CM044,Airport Runways,180,,Reduce liquid limit via compaction,False
CM045,Residential Building,50,,,True
CM045,High-rise Building,150,Residential Building,Reduce liquid limit via compaction,False
CM045,Low-rise,100,,,True
CM045,Roads & Highways,70,,,True
CM045,Bridges,120,Residential Building,Reduce liquid limit via compaction,False
CM045,Tunnels,150,Residential Building,Reduce liquid limit via compaction,False
CM045,Railway Tracks,80,,,True
CM045,Pipeline Infrastructure,30,,,True
CM045,Dams,100,Residential Building,Reduce liquid limit via compaction,False
CM045,Water Reservoirs,90,,,True
CM045,Airport Runways,180,Residential Building,Increase CBR in top 2 layers,False
CM046,Residential Building,50,,,True
CM046,High-rise Building,150,Residential Building,Increase CBR in top 2 layers,False
CM046,Low-rise,100,Residential Building,Use deep foundations or densify subsoil,False
CM046,Roads & Highways,70,,,True
CM046,Bridges,120,Residential Building,Increase CBR in top 2 layers,False
CM046,Tunnels,150,Residential Building,Reduce liquid limit via compaction,False
CM046,Railway Tracks,80,Residential Building,Use deep foundations or densify subsoil,False
CM046,Pipeline Infrastructure,30,,,True
CM046,Dams,100,Residential Building,Reduce liquid limit via compaction,False
CM046,Water Reservoirs,90,Residential Building,Increase CBR in top 2 layers,False
CM046,Airport Runways,180,Residential Building,Increase CBR in top 2 layers,False
CM047,Residential Building,50,,Use deep foundations or densify subsoil,False
CM047,High-rise Building,150,,Use deep foundations or densify subsoil,False
CM047,Low-rise,100,,Use deep foundations or densify subsoil,False
CM047,Roads & Highways,70,,Increase CBR in top 2 layers,False
CM047,Bridges,120,,Use deep foundations or densify subsoil,False
CM047,Tunnels,150,,Increase CBR in top 2 layers,False
CM047,Railway Tracks,80,,Reduce liquid limit via compaction,False
CM047,Pipeline Infrastructure,30,,Use deep foundations or densify subsoil,False
CM047,Dams,100,,Increase CBR in top 2 layers,False
CM047,Water Reservoirs,90,,Reduce liquid limit via compaction,False
CM047,Airport Runways,180,,Use deep foundations or densify subsoil,False
CM048,Residential Building,50,,,True
CM048,High-rise Building,150,Residential Building,Increase CBR in top 2 layers,False
CM048,Low-rise,100,Residential Building,Use deep foundations or densify subsoil,False
CM048,Roads & Highways,70,,,True
CM048,Bridges,120,Residential Building,Increase CBR in top 2 layers,False
CM048,Tunnels,150,Residential Building,Increase CBR in top 2 layers,False
CM048,Railway Tracks,80,,,True
CM048,Pipeline Infrastructure,30,,,True
CM048,Dams,100,Residential Building,Use deep foundations or densify subsoil,False
CM048,Water Reservoirs,90,,,True
CM048,Airport Runways,180,Residential Building,Use deep foundations or densify subsoil,False
CM049,Residential Building,50,Pipeline Infrastructure,Reduce liquid limit via compaction,False
CM049,High-rise Building,150,Pipeline Infrastructure,Use deep foundations or densify subsoil,False
CM049,Low-rise,100,Pipeline Infrastructure,Reduce liquid limit via compaction,False
CM049,Roads & Highways,70,Pipeline Infrastructure,Reduce liquid limit via compaction,False
CM049,Bridges,120,Pipeline Infrastructure,Reduce liquid limit via compaction,False
CM049,Tunnels,150,Pipeline Infrastructure,Increase CBR in top 2 layers,False
CM049,Railway Tracks,80,Pipeline Infrastructure,Reduce liquid limit via compaction,False
CM049,Pipeline Infrastructure,30,,,True
CM049,Dams,100,Pipeline Infrastructure,Use deep foundations or densify subsoil,False
CM049,Water Reservoirs,90,Pipeline Infrastructure,Use deep foundations or densify subsoil,False
CM049,Airport Runways,180,Pipeline Infrastructure,Increase CBR in top 2 layers,False
CM050,Residential Building,50,Pipeline Infrastructure,Increase CBR in top 2 layers,False
CM050,High-rise Building,150,Pipeline Infrastructure,Increase CBR in top 2 layers,False
CM050,Low-rise,100,Pipeline Infrastructure,Increase CBR in top 2 layers,False
CM050,Roads & Highways,70,Pipeline Infrastructure,Use deep foundations or densify subsoil,False
CM050,Bridges,120,Pipeline Infrastructure,Reduce liquid limit via compaction,False
CM050,Tunnels,150,Pipeline Infrastructure,Use deep foundations or densify subsoil,False
CM050,Railway Tracks,80,Pipeline Infrastructure,Reduce liquid limit via compaction,False
CM050,Pipeline Infrastructure,30,,,True
CM050,Dams,100,Pipeline Infrastructure,Reduce liquid limit via compaction,False
CM050,Water Reservoirs,90,Pipeline Infrastructure,Reduce liquid limit via compaction,False
CM050,Airport Runways,180,Pipeline Infrastructure,Use deep foundations or densify subsoil,False
CM051,Residential Building,50,,Reduce liquid limit via compaction,False
CM051,High-rise Building,150,,Increase CBR in top 2 layers,False
CM051,Low-rise,100,,Reduce liquid limit via compaction,False
CM051,Roads & Highways,70,,Reduce liquid limit via compaction,False
CM051,Bridges,120,,Use deep foundations or densify subsoil,False
CM051,Tunnels,150,,Reduce liquid limit via compaction,False
CM051,Railway Tracks,80,,Reduce liquid limit via compaction,False
CM051,Pipeline Infrastructure,30,,Reduce liquid limit via compaction,False
CM051,Dams,100,,Reduce liquid limit via compaction,False
CM051,Water Reservoirs,90,,Reduce liquid limit via compaction,False
CM051,Airport Runways,180,,Use deep foundations or densify subsoil,False
CM052,Residential Building,50,,,True
CM052,High-rise Building,150,Residential Building,Use deep foundations or densify subsoil,False
CM052,Low-rise,100,Residential Building,Increase CBR in top 2 layers,False
CM052,Roads & Highways,70,,,True
CM052,Bridges,120,Residential Building,Use deep foundations or densify subsoil,False
CM052,Tunnels,150,Residential Building,Reduce liquid limit via compaction,False
CM052,Railway Tracks,80,Residential Building,Use deep foundations or densify subsoil,False
CM052,Pipeline Infrastructure,30,,,True
CM052,Dams,100,Residential Building,Increase CBR in top 2 layers,False
CM052,Water Reservoirs,90,Residential Building,Use deep foundations or densify subsoil,False
CM052,Airport Runways,180,Residential Building,Increase CBR in top 2 layers,False
CM053,Residential Building,50,,Reduce liquid limit via compaction,False
CM053,High-rise Building,150,,Reduce liquid limit via compaction,False
CM053,Low-rise,100,,Use deep foundations or densify subsoil,False
CM053,Roads & Highways,70,,Reduce liquid limit via compaction,False
CM053,Bridges,120,,Reduce liquid limit via compaction,False
CM053,Tunnels,150,,Use deep foundations or densify subsoil,False
CM053,Railway Tracks,80,,Reduce liquid limit via compaction,False
CM053,Pipeline Infrastructure,30,,Reduce liquid limit via compaction,False
CM053,Dams,100,,Reduce liquid limit via compaction,False
CM053,Water Reservoirs,90,,Reduce liquid limit via compaction,False
CM053,Airport Runways,180,,Use deep foundations or densify subsoil,False
CM054,Residential Building,50,,Reduce liquid limit via compaction,False
CM054,High-rise Building,150,,Increase CBR in top 2 layers,False
CM054,Low-rise,100,,Reduce liquid limit via compaction,False
CM054,Roads & Highways,70,,Reduce liquid limit via compaction,False
CM054,Bridges,120,,Reduce liquid limit via compaction,False
CM054,Tunnels,150,,Reduce liquid limit via compaction,False
CM054,Railway Tracks,80,,Reduce liquid limit via compaction,False
CM054,Pipeline Infrastructure,30,,Reduce liquid limit via compaction,False
CM054,Dams,100,,Reduce liquid limit via compaction,False
CM054,Water Reservoirs,90,,Reduce liquid limit via compaction,False
CM054,Airport Runways,180,,Use deep foundations or densify subsoil,False
CM055,Residential Building,50,,Reduce liquid limit via compaction,False
CM055,High-rise Building,150,,Use deep foundations or densify subsoil,False
CM055,Low-rise,100,,Reduce liquid limit via compaction,False
CM055,Roads & Highways,70,,Reduce liquid limit via compaction,False
CM055,Bridges,120,,Reduce liquid limit via compaction,False
CM055,Tunnels,150,,Reduce liquid limit via compaction,False
CM055,Railway Tracks,80,,Reduce liquid limit via compaction,False
CM055,Pipeline Infrastructure,30,,Reduce liquid limit via compaction,False
CM055,Dams,100,,Reduce liquid limit via compaction,False
CM055,Water Reservoirs,90,,Reduce liquid limit via compaction,False
CM055,Airport Runways,180,,Increase CBR in top 2 layers,False
CN011,Residential Building,50,,,True
CN011,High-rise Building,150,Residential Building,Use deep foundations or densify subsoil,False
CN011,Low-rise,100,Residential Building,Increase CBR in top 2 layers,False
CN011,Roads & Highways,70,Residential Building,Use deep foundations or densify subsoil,False
CN011,Bridges,120,Residential Building,Use deep foundations or densify subsoil,False
CN011,Tunnels,150,Residential Building,Increase CBR in top 2 layers,False
CN011,Railway Tracks,80,Residential Building,Use deep foundations or densify subsoil,False
CN011,Pipeline Infrastructure,30,,,True
CN011,Dams,100,Residential Building,Increase CBR in top 2 layers,False
CN011,Water Reservoirs,90,Residential Building,Increase CBR in top 2 layers,False
CN011,Airport Runways,180,Residential Building,Reduce liquid limit via compaction,False
CN012,Residential Building,50,Pipeline Infrastructure,Increase CBR in top 2 layers,False
CN012,High-rise Building,150,Pipeline Infrastructure,Use deep foundations or densify subsoil,False
CN012,Low-rise,100,Pipeline Infrastructure,Use deep foundations or densify subsoil,False
CN012,Roads & Highways,70,Pipeline Infrastructure,Reduce liquid limit via compaction,False
CN012,Bridges,120,Pipeline Infrastructure,Reduce liquid limit via compaction,False
CN012,Tunnels,150,Pipeline Infrastructure,Increase CBR in top 2 layers,False
CN012,Railway Tracks,80,Pipeline Infrastructure,Reduce liquid limit via compaction,False
CN012,Pipeline Infrastructure,30,,,True
CN012,Dams,100,Pipeline Infrastructure,Reduce liquid limit via compaction,False
CN012,Water Reservoirs,90,Pipeline Infrastructure,Use deep foundations or densify subsoil,False
CN012,Airport Runways,180,Pipeline Infrastructure,Reduce liquid limit via compaction,False
CN013,Residential Building,50,,Reduce liquid limit via compaction,False
CN013,High-rise Building,150,,Use deep foundations or densify subsoil,False
CN013,Low-rise,100,,Reduce liquid limit via compaction,False
CN013,Roads & Highways,70,,Increase CBR in top 2 layers,False
CN013,Bridges,120,,Use deep foundations or densify subsoil,False
CN013,Tunnels,150,,Reduce liquid limit via compaction,False
CN013,Railway Tracks,80,,Use deep foundations or densify subsoil,False
CN013,Pipeline Infrastructure,30,,Reduce liquid limit via compaction,False
CN013,Dams,100,,Reduce liquid limit via compaction,False
CN013,Water Reservoirs,90,,Use deep foundations or densify subsoil,False
CN013,Airport Runways,180,,Reduce liquid limit via compaction,False
CN014,Residential Building,50,,,True
CN014,High-rise Building,150,Residential Building,Increase CBR in top 2 layers,False
CN014,Low-rise,100,Residential Building,Use deep foundations or densify subsoil,False
CN014,Roads & Highways,70,,,True
CN014,Bridges,120,Residential Building,Use deep foundations or densify subsoil,False
CN014,Tunnels,150,Residential Building,Increase CBR in top 2 layers,False
CN014,Railway Tracks,80,,,True
CN014,Pipeline Infrastructure,30,,,True
CN014,Dams,100,Residential Building,Use deep foundations or densify subsoil,False
CN014,Water Reservoirs,90,Residential Building,Use deep foundations or densify subsoil,False
CN014,Airport Runways,180,Residential Building,Increase CBR in top 2 layers,False
CN015,Residential Building,50,,Reduce liquid limit via compaction,False
CN015,High-rise Building,150,,Increase CBR in top 2 layers,False
CN015,Low-rise,100,,Reduce liquid limit via compaction,False
CN015,Roads & Highways,70,,Reduce liquid limit via compaction,False
CN015,Bridges,120,,Reduce liquid limit via compaction,False
CN015,Tunnels,150,,Reduce liquid limit via compaction,False
CN015,Railway Tracks,80,,Reduce liquid limit via compaction,False
CN015,Pipeline Infrastructure,30,,Reduce liquid limit via compaction,False
CN015,Dams,100,,Use deep foundations or densify subsoil,False
CN015,Water Reservoirs,90,,Reduce liquid limit via compaction,False
CN015,Airport Runways,180,,Increase CBR in top 2 layers,False
CN016,Residential Building,50,,Reduce liquid limit via compaction,False
CN016,High-rise Building,150,,Use deep foundations or densify subsoil,False
CN016,Low-rise,100,,Use deep foundations or densify subsoil,False
CN016,Roads & Highways,70,,Reduce liquid limit via compaction,False
CN016,Bridges,120,,Use deep foundations or densify subsoil,False
CN016,Tunnels,150,,Increase CBR in top 2 layers,False
CN016,Railway Tracks,80,,Reduce liquid limit via compaction,False
CN016,Pipeline Infrastructure,30,,Reduce liquid limit via compaction,False
CN016,Dams,100,,Reduce liquid limit via compaction,False
CN016,Water Reservoirs,90,,Use deep foundations or densify subsoil,False
CN016,Airport Runways,180,,Use deep foundations or densify subsoil,False
CN017,Residential Building,50,,,True
CN017,High-rise Building,150,Residential Building,Increase CBR in top 2 layers,False
CN017,Low-rise,100,Residential Building,Use deep foundations or densify subsoil,False
CN017,Roads & Highways,70,,,True
CN017,Bridges,120,Residential Building,Use deep foundations or densify subsoil,False
CN017,Tunnels,150,Residential Building,Use deep foundations or densify subsoil,False
CN017,Railway Tracks,80,,,True
CN017,Pipeline Infrastructure,30,,,True
CN017,Dams,100,Residential Building,Increase CBR in top 2 layers,False
CN017,Water Reservoirs,90,,,True
CN017,Airport Runways,180,Residential Building,Use deep foundations or densify subsoil,False
CN018,Residential Building,50,,,True
CN018,High-rise Building,150,Residential Building,Increase CBR in top 2 layers,False
CN018,Low-rise,100,Residential Building,Increase CBR in top 2 layers,False
CN018,Roads & Highways,70,,,True
CN018,Bridges,120,Residential Building,Increase CBR in top 2 layers,False
CN018,Tunnels,150,Residential Building,Use deep foundations or densify subsoil,False
CN018,Railway Tracks,80,Residential Building,Use deep foundations or densify subsoil,False
CN018,Pipeline Infrastructure,30,,,True
CN018,Dams,100,Residential Building,Use deep foundations or densify subsoil,False
CN018,Water Reservoirs,90,Residential Building,Increase CBR in top 2 layers,False
CN018,Airport Runways,180,Residential Building,Increase CBR in top 2 layers,False
CN019,Residential Building,50,Pipeline Infrastructure,Reduce liquid limit via compaction,False
CN019,High-rise Building,150,Pipeline Infrastructure,Use deep foundations or densify subsoil,False
CN019,Low-rise,100,Pipeline Infrastructure,Use deep foundations or densify subsoil,False
CN019,Roads & Highways,70,Pipeline Infrastructure,Reduce liquid limit via compaction,False
CN019,Bridges,120,Pipeline Infrastructure,Increase CBR in top 2 layers,False
CN019,Tunnels,150,Pipeline Infrastructure,Increase CBR in top 2 layers,False
CN019,Railway Tracks,80,Pipeline Infrastructure,Reduce liquid limit via compaction,False
CN019,Pipeline Infrastructure,30,,,True
CN019,Dams,100,Pipeline Infrastructure,Use deep foundations or densify subsoil,False
CN019,Water Reservoirs,90,Pipeline Infrastructure,Reduce liquid limit via compaction,False
CN019,Airport Runways,180,Pipeline Infrastructure,Use deep foundations or densify subsoil,False
CN020,Residential Building,50,,,True
CN020,High-rise Building,150,Residential Building,Use deep foundations or densify subsoil,False
CN020,Low-rise,100,,,True
CN020,Roads & Highways,70,,,True
CN020,Bridges,120,,,True
CN020,Tunnels,150,Bridges,Increase CBR in top 2 layers,False
CN020,Railway Tracks,80,,,True
CN020,Pipeline Infrastructure,30,,,True
CN020,Dams,100,,,True
CN020,Water Reservoirs,90,,,True
CN020,Airport Runways,180,Residential Building,Increase CBR in top 2 layers,False
CN021,Residential Building,50,,,True
CN021,High-rise Building,150,Residential Building,Use deep foundations or densify subsoil,False
CN021,Low-rise,100,Residential Building,Use deep foundations or densify subsoil,False
CN021,Roads & Highways,70,Residential Building,Use deep foundations or densify subsoil,False
CN021,Bridges,120,Residential Building,Increase CBR in top 2 layers,False
CN021,Tunnels,150,Residential Building,Reduce liquid limit via compaction,False
CN021,Railway Tracks,80,Residential Building,Use deep foundations or densify subsoil,False
CN021,Pipeline Infrastructure,30,,,True
CN021,Dams,100,Residential Building,Reduce liquid limit via compaction,False
CN021,Water Reservoirs,90,Residential Building,Use deep foundations or densify subsoil,False
CN021,Airport Runways,180,Residential Building,Increase CBR in top 2 layers,False
CN022,Residential Building,50,,,True
CN022,High-rise Building,150,Residential Building,Use deep foundations or densify subsoil,False
CN022,Low-rise,100,Residential Building,Increase CBR in top 2 layers,False
CN022,Roads & Highways,70,,,True
CN022,Bridges,120,Residential Building,Use deep foundations or densify subsoil,False
CN022,Tunnels,150,Residential Building,Increase CBR in top 2 layers,False
CN022,Railway Tracks,80,Residential Building,Use deep foundations or densify subsoil,False
CN022,Pipeline Infrastructure,30,,,True
CN022,Dams,100,Residential Building,Increase CBR in top 2 layers,False
CN022,Water Reservoirs,90,Residential Building,Use deep foundations or densify subsoil,False
CN022,Airport Runways,180,Residential Building,Use deep foundations or densify subsoil,False
CN023,Residential Building,50,,,True
CN023,High-rise Building,150,Residential Building,Use deep foundations or densify subsoil,False
CN023,Low-rise,100,,,True
CN023,Roads & Highways,70,,,True
CN023,Bridges,120,Residential Building,Use deep foundations or densify subsoil,False
CN023,Tunnels,150,Residential Building,Increase CBR in top 2 layers,False
CN023,Railway Tracks,80,,,True
CN023,Pipeline Infrastructure,30,,,True
CN023,Dams,100,,,True
CN023,Water Reservoirs,90,,,True
CN023,Airport Runways,180,Residential Building,Use deep foundations or densify subsoil,False
CN024,Residential Building,50,Pipeline Infrastructure,Reduce liquid limit via compaction,False
CN024,High-rise Building,150,Pipeline Infrastructure,Reduce liquid limit via compaction,False
CN024,Low-rise,100,Pipeline Infrastructure,Increase CBR in top 2 layers,False
CN024,Roads & Highways,70,Pipeline Infrastructure,Reduce liquid limit via compaction,False
CN024,Bridges,120,Pipeline Infrastructure,Reduce liquid limit via compaction,False
CN024,Tunnels,150,Pipeline Infrastructure,Increase CBR in top 2 layers,False
CN024,Railway Tracks,80,Pipeline Infrastructure,Use deep foundations or densify subsoil,False
CN024,Pipeline Infrastructure,30,,,True
CN024,Dams,100,Pipeline Infrastructure,Reduce liquid limit via compaction,False
CN024,Water Reservoirs,90,Pipeline Infrastructure,Use deep foundations or densify subsoil,False
CN024,Airport Runways,180,Pipeline Infrastructure,Increase CBR in top 2 layers,False
CN025,Residential Building,50,Pipeline Infrastructure,Reduce liquid limit via compaction,False
CN025,High-rise Building,150,Pipeline Infrastructure,Increase CBR in top 2 layers,False
CN025,Low-rise,100,Pipeline Infrastructure,Reduce liquid limit via compaction,False
CN025,Roads & Highways,70,Pipeline Infrastructure,Reduce liquid limit via compaction,False
CN025,Bridges,120,Pipeline Infrastructure,Reduce liquid limit via compaction,False
CN025,Tunnels,150,Pipeline Infrastructure,Increase CBR in top 2 layers,False
CN025,Railway Tracks,80,Pipeline Infrastructure,Reduce liquid limit via compaction,False
CN025,Pipeline Infrastructure,30,,,True
CN025,Dams,100,Pipeline Infrastructure,Increase CBR in top 2 layers,False
CN025,Water Reservoirs,90,Pipeline Infrastructure,Reduce liquid limit via compaction,False
CN025,Airport Runways,180,Pipeline Infrastructure,Reduce liquid limit via compaction,False
CN026,Residential Building,50,,,True
CN026,High-rise Building,150,Residential Building,Use deep foundations or densify subsoil,False
CN026,Low-rise,100,Residential Building,Use deep foundations or densify subsoil,False
CN026,Roads & Highways,70,Residential Building,Use deep foundations or densify subsoil,False
CN026,Bridges,120,Residential Building,Increase CBR in top 2 layers,False
CN026,Tunnels,150,Residential Building,Increase CBR in top 2 layers,False
CN026,Railway Tracks,80,Residential Building,Increase CBR in top 2 layers,False
CN026,Pipeline Infrastructure,30,,,True
CN026,Dams,100,Residential Building,Reduce liquid limit via compaction,False
CN026,Water Reservoirs,90,Residential Building,Reduce liquid limit via compaction,False
CN026,Airport Runways,180,Residential Building,Reduce liquid limit via compaction,False
CN027,Residential Building,50,Pipeline Infrastructure,Reduce liquid limit via compaction,False
CN027,High-rise Building,150,Pipeline Infrastructure,Reduce liquid limit via compaction,False
CN027,Low-rise,100,Pipeline Infrastructure,Reduce liquid limit via compaction,False
CN027,Roads & Highways,70,Pipeline Infrastructure,Use deep foundations or densify subsoil,False
CN027,Bridges,120,Pipeline Infrastructure,Use deep foundations or densify subsoil,False
CN027,Tunnels,150,Pipeline Infrastructure,Increase CBR in top 2 layers,False
CN027,Railway Tracks,80,Pipeline Infrastructure,Reduce liquid limit via compaction,False
CN027,Pipeline Infrastructure,30,,,True
CN027,Dams,100,Pipeline Infrastructure,Reduce liquid limit via compaction,False
CN027,Water Reservoirs,90,Pipeline Infrastructure,Use deep foundations or densify subsoil,False
CN027,Airport Runways,180,Pipeline Infrastructure,Reduce liquid limit via compaction,False
CN028,Residential Building,50,,,True
CN028,High-rise Building,150,Residential Building,Increase CBR in top 2 layers,False
CN028,Low-rise,100,Residential Building,Increase CBR in top 2 layers,False
CN028,Roads & Highways,70,,,True
CN028,Bridges,120,Residential Building,Increase CBR in top 2 layers,False
CN028,Tunnels,150,Residential Building,Increase CBR in top 2 layers,False
CN028,Railway Tracks,80,Residential Building,Use deep foundations or densify subsoil,False
CN028,Pipeline Infrastructure,30,,,True
CN028,Dams,100,Residential Building,Use deep foundations or densify subsoil,False
CN028,Water Reservoirs,90,Residential Building,Use deep foundations or densify subsoil,False
CN028,Airport Runways,180,Residential Building,Reduce liquid limit via compaction,False
CN029,Residential Building,50,,,True
CN029,High-rise Building,150,Residential Building,Reduce liquid limit via compaction,False
CN029,Low-rise,100,Residential Building,Use deep foundations or densify subsoil,False
CN029,Roads & Highways,70,,,True
CN029,Bridges,120,Residential Building,Increase CBR in top 2 layers,False
CN029,Tunnels,150,Residential Building,Increase CBR in top 2 layers,False
CN029,Railway Tracks,80,,,True
CN029,Pipeline Infrastructure,30,,,True
CN029,Dams,100,Residential Building,Use deep foundations or densify subsoil,False
CN029,Water Reservoirs,90,Residential Building,Use deep foundations or densify subsoil,False
CN029,Airport Runways,180,Residential Building,Reduce liquid limit via compaction,False
CN030,Residential Building,50,,Reduce liquid limit via compaction,False
CN030,High-rise Building,150,,Use deep foundations or densify subsoil,False
CN030,Low-rise,100,,Use deep foundations or densify subsoil,False
CN030,Roads & Highways,70,,Increase CBR in top 2 layers,False
CN030,Bridges,120,,Use deep foundations or densify subsoil,False
CN030,Tunnels,150,,Use deep foundations or densify subsoil,False
CN030,Railway Tracks,80,,Use deep foundations or densify subsoil,False
CN030,Pipeline Infrastructure,30,,Reduce liquid limit via compaction,False
CN030,Dams,100,,Increase CBR in top 2 layers,False
CN030,Water Reservoirs,90,,Increase CBR in top 2 layers,False
CN030,Airport Runways,180,,Increase CBR in top 2 layers,False
CN031,Residential Building,50,Pipeline Infrastructure,Reduce liquid limit via compaction,False
CN031,High-rise Building,150,Pipeline Infrastructure,Reduce liquid limit via compaction,False
CN031,Low-rise,100,Pipeline Infrastructure,Reduce liquid limit via compaction,False
CN031,Roads & Highways,70,Pipeline Infrastructure,Reduce liquid limit via compaction,False
CN031,Bridges,120,Pipeline Infrastructure,Use deep foundations or densify subsoil,False
CN031,Tunnels,150,Pipeline Infrastructure,Increase CBR in top 2 layers,False
CN031,Railway Tracks,80,Pipeline Infrastructure,Reduce liquid limit via compaction,False
CN031,Pipeline Infrastructure,30,,,True
CN031,Dams,100,Pipeline Infrastructure,Reduce liquid limit via compaction,False
CN031,Water Reservoirs,90,Pipeline Infrastructure,Reduce liquid limit via compaction,False
CN031,Airport Runways,180,Pipeline Infrastructure,Reduce liquid limit via compaction,False
CN032,Residential Building,50,,,True
CN032,High-rise Building,150,Residential Building,Use deep foundations or densify subsoil,False
CN032,Low-rise,100,,,True
CN032,Roads & Highways,70,,,True
CN032,Bridges,120,Residential Building,Use deep foundations or densify subsoil,False
CN032,Tunnels,150,Residential Building,Increase CBR in top 2 layers,False
CN032,Railway Tracks,80,,,True
CN032,Pipeline Infrastructure,30,,,True
CN032,Dams,100,,,True
CN032,Water Reservoirs,90,,,True
CN032,Airport Runways,180,Residential Building,Reduce liquid limit via compaction,False
CN033,Residential Building,50,,Reduce liquid limit via compaction,False
CN033,High-rise Building,150,,Use deep foundations or densify subsoil,False
CN033,Low-rise,100,,Reduce liquid limit via compaction,False
CN033,Roads & Highways,70,,Reduce liquid limit via compaction,False
CN033,Bridges,120,,Increase CBR in top 2 layers,False
CN033,Tunnels,150,,Use deep foundations or densify subsoil,False
CN033,Railway Tracks,80,,Reduce liquid limit via compaction,False
CN033,Pipeline Infrastructure,30,,Reduce liquid limit via compaction,False
CN033,Dams,100,,Reduce liquid limit via compaction,False
CN033,Water Reservoirs,90,,Reduce liquid limit via compaction,False
CN033,Airport Runways,180,,Use deep foundations or densify subsoil,False
CN034,Residential Building,50,Pipeline Infrastructure,Reduce liquid limit via compaction,False
CN034,High-rise Building,150,Pipeline Infrastructure,Increase CBR in top 2 layers,False
CN034,Low-rise,100,Pipeline Infrastructure,Reduce liquid limit via compaction,False
CN034,Roads & Highways,70,Pipeline Infrastructure,Reduce liquid limit via compaction,False
CN034,Bridges,120,Pipeline Infrastructure,Reduce liquid limit via compaction,False
CN034,Tunnels,150,Pipeline Infrastructure,Use deep foundations or densify subsoil,False
CN034,Railway Tracks,80,Pipeline Infrastructure,Reduce liquid limit via compaction,False
CN034,Pipeline Infrastructure,30,,,True
CN034,Dams,100,Pipeline Infrastructure,Reduce liquid limit via compaction,False
CN034,Water Reservoirs,90,Pipeline Infrastructure,Reduce liquid limit via compaction,False
CN034,Airport Runways,180,Pipeline Infrastructure,Increase CBR in top 2 layers,False
CN035,Residential Building,50,,,True
CN035,High-rise Building,150,Residential Building,Reduce liquid limit via compaction,False
CN035,Low-rise,100,Residential Building,Use deep foundations or densify subsoil,False
CN035,Roads & Highways,70,,,True
CN035,Bridges,120,Residential Building,Reduce liquid limit via compaction,False
CN035,Tunnels,150,Residential Building,Use deep foundations or densify subsoil,False
CN035,Railway Tracks,80,,,True
CN035,Pipeline Infrastructure,30,,,True
CN035,Dams,100,Residential Building,Reduce liquid limit via compaction,False
CN035,Water Reservoirs,90,Residential Building,Use deep foundations or densify subsoil,False
CN035,Airport Runways,180,Residential Building,Reduce liquid limit via compaction,False
CN036,Residential Building,50,,Reduce liquid limit via compaction,False
CN036,High-rise Building,150,,Use deep foundations or densify subsoil,False
CN036,Low-rise,100,,Reduce liquid limit via compaction,False
CN036,Roads & Highways,70,,Increase CBR in top 2 layers,False
CN036,Bridges,120,,Reduce liquid limit via compaction,False
CN036,Tunnels,150,,Use deep foundations or densify subsoil,False
CN036,Railway Tracks,80,,Reduce liquid limit via compaction,False
CN036,Pipeline Infrastructure,30,,Use deep foundations or densify subsoil,False
CN036,Dams,100,,Increase CBR in top 2 layers,False
CN036,Water Reservoirs,90,,Reduce liquid limit via compaction,False
CN036,Airport Runways,180,,Increase CBR in top 2 layers,False
CN037,Residential Building,50,Pipeline Infrastructure,Use deep foundations or densify subsoil,False
CN037,High-rise Building,150,Pipeline Infrastructure,Use deep foundations or densify subsoil,False
CN037,Low-rise,100,Pipeline Infrastructure,Use deep foundations or densify subsoil,False
CN037,Roads & Highways,70,Pipeline Infrastructure,Use deep foundations or densify subsoil,False
CN037,Bridges,120,Pipeline Infrastructure,Use deep foundations or densify subsoil,False
CN037,Tunnels,150,Pipeline Infrastructure,Use deep foundations or densify subsoil,False
CN037,Railway Tracks,80,Pipeline Infrastructure,Use deep foundations or densify subsoil,False
CN037,Pipeline Infrastructure,30,,,True
CN037,Dams,100,Pipeline Infrastructure,Increase CBR in top 2 layers,False
CN037,Water Reservoirs,90,Pipeline Infrastructure,Use deep foundations or densify subsoil,False
CN037,Airport Runways,180,Pipeline Infrastructure,Increase CBR in top 2 layers,False
CN038,Residential Building,50,,Reduce liquid limit via compaction,False
CN038,High-rise Building,150,,Increase CBR in top 2 layers,False
CN038,Low-rise,100,,Use deep foundations or densify subsoil,False
CN038,Roads & Highways,70,,Use deep foundations or densify subsoil,False
CN038,Bridges,120,,Increase CBR in top 2 layers,False
CN038,Tunnels,150,,Increase CBR in top 2 layers,False
CN038,Railway Tracks,80,,Use deep foundations or densify subsoil,False
CN038,Pipeline Infrastructure,30,,Reduce liquid limit via compaction,False
CN038,Dams,100,,Use deep foundations or densify subsoil,False
CN038,Water Reservoirs,90,,Reduce liquid limit via compaction,False
CN038,Airport Runways,180,,Reduce liquid limit via compaction,False
CN039,Residential Building,50,,,True
CN039,High-rise Building,150,Residential Building,Use deep foundations or densify subsoil,False
CN039,Low-rise,100,,,True
CN039,Roads & Highways,70,,,True
CN039,Bridges,120,Residential Building,Reduce liquid limit via compaction,False
CN039,Tunnels,150,Residential Building,Use deep foundations or densify subsoil,False
CN039,Railway Tracks,80,,,True
CN039,Pipeline Infrastructure,30,,,True
CN039,Dams,100,Residential Building,Reduce liquid limit via compaction,False
CN039,Water Reservoirs,90,,,True
CN039,Airport Runways,180,Residential Building,Reduce liquid limit via compaction,False
CN040,Residential Building,50,,,True
CN040,High-rise Building,150,Residential Building,Use deep foundations or densify subsoil,False
CN040,Low-rise,100,Residential Building,Use deep foundations or densify subsoil,False
CN040,Roads & Highways,70,,,True
CN040,Bridges,120,Residential Building,Use deep foundations or densify subsoil,False
CN040,Tunnels,150,Residential Building,Increase CBR in top 2 layers,False
CN040,Railway Tracks,80,,,True
CN040,Pipeline Infrastructure,30,,,True
CN040,Dams,100,Residential Building,Use deep foundations or densify subsoil,False
CN040,Water Reservoirs,90,,,True
CN040,Airport Runways,180,Residential Building,Increase CBR in top 2 layers,False
CN041,Residential Building,50,Pipeline Infrastructure,Reduce liquid limit via compaction,False
CN041,High-rise Building,150,Pipeline Infrastructure,Use deep foundations or densify subsoil,False
CN041,Low-rise,100,Pipeline Infrastructure,Use deep foundations or densify subsoil,False
CN041,Roads & Highways,70,Pipeline Infrastructure,Reduce liquid limit via compaction,False
CN041,Bridges,120,Pipeline Infrastructure,Increase CBR in top 2 layers,False
CN041,Tunnels,150,Pipeline Infrastructure,Reduce liquid limit via compaction,False
CN041,Railway Tracks,80,Pipeline Infrastructure,Reduce liquid limit via compaction,False
CN041,Pipeline Infrastructure,30,,,True
CN041,Dams,100,Pipeline Infrastructure,Use deep foundations or densify subsoil,False
CN041,Water Reservoirs,90,Pipeline Infrastructure,Reduce liquid limit via compaction,False
CN041,Airport Runways,180,Pipeline Infrastructure,Reduce liquid limit via compaction,False
CN042,Residential Building,50,,Reduce liquid limit via compaction,False
CN042,High-rise Building,150,,Increase CBR in top 2 layers,False
CN042,Low-rise,100,,Use deep foundations or densify subsoil,False
CN042,Roads & Highways,70,,Increase CBR in top 2 layers,False
CN042,Bridges,120,,Increase CBR in top 2 layers,False
CN042,Tunnels,150,,Use deep foundations or densify subsoil,False
CN042,Railway Tracks,80,,Use deep foundations or densify subsoil,False
CN042,Pipeline Infrastructure,30,,Increase CBR in top 2 layers,False
CN042,Dams,100,,Reduce liquid limit via compaction,False
CN042,Water Reservoirs,90,,Increase CBR in top 2 layers,False
CN042,Airport Runways,180,,Reduce liquid limit via compaction,False
CN043,Residential Building,50,,Reduce liquid limit via compaction,False
CN043,High-rise Building,150,,Reduce liquid limit via compaction,False
CN043,Low-rise,100,,Reduce liquid limit via compaction,False
CN043,Roads & Highways,70,,Reduce liquid limit via compaction,False
CN043,Bridges,120,,Use deep foundations or densify subsoil,False
CN043,Tunnels,150,,Use deep foundations or densify subsoil,False
CN043,Railway Tracks,80,,Reduce liquid limit via compaction,False
CN043,Pipeline Infrastructure,30,,Reduce liquid limit via compaction,False
CN043,Dams,100,,Reduce liquid limit via compaction,False
CN043,Water Reservoirs,90,,Reduce liquid limit via compaction,False
CN043,Airport Runways,180,,Reduce liquid limit via compaction,False
CN044,Residential Building,50,Pipeline Infrastructure,Use deep foundations or densify subsoil,False
CN044,High-rise Building,150,Pipeline Infrastructure,Use deep foundations or densify subsoil,False
CN044,Low-rise,100,Pipeline Infrastructure,Increase CBR in top 2 layers,False
CN044,Roads & Highways,70,Pipeline Infrastructure,Increase CBR in top 2 layers,False
CN044,Bridges,120,Pipeline Infrastructure,Use deep foundations or densify subsoil,False
CN044,Tunnels,150,Pipeline Infrastructure,Use deep foundations or densify subsoil,False
CN044,Railway Tracks,80,Pipeline Infrastructure,Use deep foundations or densify subsoil,False
CN044,Pipeline Infrastructure,30,,,True
CN044,Dams,100,Pipeline Infrastructure,Use deep foundations or densify subsoil,False
CN044,Water Reservoirs,90,Pipeline Infrastructure,Increase CBR in top 2 layers,False
CN044,Airport Runways,180,Pipeline Infrastructure,Use deep foundations or densify subsoil,False
CN045,Residential Building,50,,,True
CN045,High-rise Building,150,Residential Building,Increase CBR in top 2 layers,False
CN045,Low-rise,100,Residential Building,Use deep foundations or densify subsoil,False
CN045,Roads & Highways,70,,,True
CN045,Bridges,120,Residential Building,Increase CBR in top 2 layers,False
CN045,Tunnels,150,Residential Building,Use deep foundations or densify subsoil,False
CN045,Railway Tracks,80,,,True
CN045,Pipeline Infrastructure,30,,,True
CN045,Dams,100,Residential Building,Increase CBR in top 2 layers,False
CN045,Water Reservoirs,90,,,True
CN045,Airport Runways,180,Residential Building,Reduce liquid limit via compaction,False
CN046,Residential Building,50,,Use deep foundations or densify subsoil,False
CN046,High-rise Building,150,,Reduce liquid limit via compaction,False
CN046,Low-rise,100,,Reduce liquid limit via compaction,False
CN046,Roads & Highways,70,,Use deep foundations or densify subsoil,False
CN046,Bridges,120,,Increase CBR in top 2 layers,False
CN046,Tunnels,150,,Use deep foundations or densify subsoil,False
CN046,Railway Tracks,80,,Use deep foundations or densify subsoil,False
CN046,Pipeline Infrastructure,30,,Reduce liquid limit via compaction,False
CN046,Dams,100,,Increase CBR in top 2 layers,False
CN046,Water Reservoirs,90,,Reduce liquid limit via compaction,False
CN046,Airport Runways,180,,Use deep foundations or densify subsoil,False
CN047,Residential Building,50,,Reduce liquid limit via compaction,False
CN047,High-rise Building,150,,Use deep foundations or densify subsoil,False
CN047,Low-rise,100,,Reduce liquid limit via compaction,False
CN047,Roads & Highways,70,,Reduce liquid limit via compaction,False
CN047,Bridges,120,,Reduce liquid limit via compaction,False
CN047,Tunnels,150,,Increase CBR in top 2 layers,False
CN047,Railway Tracks,80,,Reduce liquid limit via compaction,False
CN047,Pipeline Infrastructure,30,,Reduce liquid limit via compaction,False
CN047,Dams,100,,Reduce liquid limit via compaction,False
CN047,Water Reservoirs,90,,Reduce liquid limit via compaction,False
CN047,Airport Runways,180,,Use deep foundations or densify subsoil,False
CN048,Residential Building,50,,,True
CN048,High-rise Building,150,Residential Building,Increase CBR in top 2 layers,False
CN048,Low-rise,100,Residential Building,Increase CBR in top 2 layers,False
CN048,Roads & Highways,70,Residential Building,Use deep foundations or densify subsoil,False
CN048,Bridges,120,Residential Building,Increase CBR in top 2 layers,False
CN048,Tunnels,150,Residential Building,Increase CBR in top 2 layers,False
CN048,Railway Tracks,80,Residential Building,Increase CBR in top 2 layers,False
CN048,Pipeline Infrastructure,30,,,True
CN048,Dams,100,Residential Building,Increase CBR in top 2 layers,False
CN048,Water Reservoirs,90,Residential Building,Use deep foundations or densify subsoil,False
CN048,Airport Runways,180,Residential Building,Reduce liquid limit via compaction,False
CN049,Residential Building,50,Pipeline Infrastructure,Use deep foundations or densify subsoil,False
CN049,High-rise Building,150,Pipeline Infrastructure,Reduce liquid limit via compaction,False
CN049,Low-rise,100,Pipeline Infrastructure,Reduce liquid limit via compaction,False
CN049,Roads & Highways,70,Pipeline Infrastructure,Use deep foundations or densify subsoil,False
CN049,Bridges,120,Pipeline Infrastructure,Use deep foundations or densify subsoil,False
CN049,Tunnels,150,Pipeline Infrastructure,Use deep foundations or densify subsoil,False
CN049,Railway Tracks,80,Pipeline Infrastructure,Increase CBR in top 2 layers,False
CN049,Pipeline Infrastructure,30,,,True
CN049,Dams,100,Pipeline Infrastructure,Reduce liquid limit via compaction,False
CN049,Water Reservoirs,90,Pipeline Infrastructure,Reduce liquid limit via compaction,False
CN049,Airport Runways,180,Pipeline Infrastructure,Reduce liquid limit via compaction,False
CN050,Residential Building,50,Pipeline Infrastructure,Reduce liquid limit via compaction,False
CN050,High-rise Building,150,Pipeline Infrastructure,Use deep foundations or densify subsoil,False
CN050,Low-rise,100,Pipeline Infrastructure,Increase CBR in top 2 layers,False
CN050,Roads & Highways,70,Pipeline Infrastructure,Reduce liquid limit via compaction,False
CN050,Bridges,120,Pipeline Infrastructure,Reduce liquid limit via compaction,False
CN050,Tunnels,150,Pipeline Infrastructure,Use deep foundations or densify subsoil,False
CN050,Railway Tracks,80,Pipeline Infrastructure,Use deep foundations or densify subsoil,False
CN050,Pipeline Infrastructure,30,,,True
CN050,Dams,100,Pipeline Infrastructure,Reduce liquid limit via compaction,False
CN050,Water Reservoirs,90,Pipeline Infrastructure,Reduce liquid limit via compaction,False
CN050,Airport Runways,180,Pipeline Infrastructure,Reduce liquid limit via compaction,False
CN051,Residential Building,50,,Increase CBR in top 2 layers,False
CN051,High-rise Building,150,,Reduce liquid limit via compaction,False
CN051,Low-rise,100,,Reduce liquid limit via compaction,False
CN051,Roads & Highways,70,,Increase CBR in top 2 layers,False
CN051,Bridges,120,,Increase CBR in top 2 layers,False
CN051,Tunnels,150,,Reduce liquid limit via compaction,False
CN051,Railway Tracks,80,,Increase CBR in top 2 layers,False
CN051,Pipeline Infrastructure,30,,Reduce liquid limit via compaction,False
CN051,Dams,100,,Increase CBR in top 2 layers,False
CN051,Water Reservoirs,90,,Use deep foundations or densify subsoil,False
CN051,Airport Runways,180,,Increase CBR in top 2 layers,False
CN052,Residential Building,50,Pipeline Infrastructure,Reduce liquid limit via compaction,False
CN052,High-rise Building,150,Pipeline Infrastructure,Increase CBR in top 2 layers,False
CN052,Low-rise,100,Pipeline Infrastructure,Use deep foundations or densify subsoil,False
CN052,Roads & Highways,70,Pipeline Infrastructure,Reduce liquid limit via compaction,False
CN052,Bridges,120,Pipeline Infrastructure,Reduce liquid limit via compaction,False
CN052,Tunnels,150,Pipeline Infrastructure,Reduce liquid limit via compaction,False
CN052,Railway Tracks,80,Pipeline Infrastructure,Reduce liquid limit via compaction,False
CN052,Pipeline Infrastructure,30,,,True
CN052,Dams,100,Pipeline Infrastructure,Reduce liquid limit via compaction,False
CN052,Water Reservoirs,90,Pipeline Infrastructure,Reduce liquid limit via compaction,False
CN052,Airport Runways,180,Pipeline Infrastructure,Increase CBR in top 2 layers,False
CN053,Residential Building,50,,Reduce liquid limit via compaction,False
CN053,High-rise Building,150,,Reduce liquid limit via compaction,False
CN053,Low-rise,100,,Use deep foundations or densify subsoil,False
CN053,Roads & Highways,70,,Increase CBR in top 2 layers,False
CN053,Bridges,120,,Increase CBR in top 2 layers,False
CN053,Tunnels,150,,Use deep foundations or densify subsoil,False
CN053,Railway Tracks,80,,Increase CBR in top 2 layers,False
CN053,Pipeline Infrastructure,30,,Reduce liquid limit via compaction,False
CN053,Dams,100,,Reduce liquid limit via compaction,False
CN053,Water Reservoirs,90,,Increase CBR in top 2 layers,False
CN053,Airport Runways,180,,Reduce liquid limit via compaction,False
CN054,Residential Building,50,,Reduce liquid limit via compaction,False
CN054,High-rise Building,150,,Reduce liquid limit via compaction,False
CN054,Low-rise,100,,Reduce liquid limit via compaction,False
CN054,Roads & Highways,70,,Reduce liquid limit via compaction,False
CN054,Bridges,120,,Reduce liquid limit via compaction,False
CN054,Tunnels,150,,Increase CBR in top 2 layers,False
CN054,Railway Tracks,80,,Reduce liquid limit via compaction,False
CN054,Pipeline Infrastructure,30,,Reduce liquid limit via compaction,False
CN054,Dams,100,,Reduce liquid limit via compaction,False
CN054,Water Reservoirs,90,,Reduce liquid limit via compaction,False
CN054,Airport Runways,180,,Increase CBR in top 2 layers,False
CN055,Residential Building,50,Pipeline Infrastructure,Reduce liquid limit via compaction,False
CN055,High-rise Building,150,Pipeline Infrastructure,Reduce liquid limit via compaction,False
CN055,Low-rise,100,Pipeline Infrastructure,Reduce liquid limit via compaction,False
CN055,Roads & Highways,70,Pipeline Infrastructure,Reduce liquid limit via compaction,False
CN055,Bridges,120,Pipeline Infrastructure,Increase CBR in top 2 layers,False
CN055,Tunnels,150,Pipeline Infrastructure,Reduce liquid limit via compaction,False
CN055,Railway Tracks,80,Pipeline Infrastructure,Reduce liquid limit via compaction,False
CN055,Pipeline Infrastructure,30,,,True
CN055,Dams,100,Pipeline Infrastructure,Increase CBR in top 2 layers,False
CN055,Water Reservoirs,90,Pipeline Infrastructure,Increase CBR in top 2 layers,False
CN055,Airport Runways,180,Pipeline Infrastructure,Reduce liquid limit via compaction,False
CN056,Residential Building,50,,Reduce liquid limit via compaction,False
CN056,High-rise Building,150,,Reduce liquid limit via compaction,False
CN056,Low-rise,100,,Use deep foundations or densify subsoil,False
CN056,Roads & Highways,70,,Reduce liquid limit via compaction,False
CN056,Bridges,120,,Increase CBR in top 2 layers,False
CN056,Tunnels,150,,Increase CBR in top 2 layers,False
CN056,Railway Tracks,80,,Reduce liquid limit via compaction,False
CN056,Pipeline Infrastructure,30,,Reduce liquid limit via compaction,False
CN056,Dams,100,,Increase CBR in top 2 layers,False
CN056,Water Reservoirs,90,,Use deep foundations or densify subsoil,False
CN056,Airport Runways,180,,Increase CBR in top 2 layers,False
CN057,Residential Building,50,,Reduce liquid limit via compaction,False
CN057,High-rise Building,150,,Reduce liquid limit via compaction,False
CN057,Low-rise,100,,Increase CBR in top 2 layers,False
CN057,Roads & Highways,70,,Reduce liquid limit via compaction,False
CN057,Bridges,120,,Reduce liquid limit via compaction,False
CN057,Tunnels,150,,Increase CBR in top 2 layers,False
CN057,Railway Tracks,80,,Reduce liquid limit via compaction,False
CN057,Pipeline Infrastructure,30,,Reduce liquid limit via compaction,False
CN057,Dams,100,,Increase CBR in top 2 layers,False
CN057,Water Reservoirs,90,,Use deep foundations or densify subsoil,False
CN057,Airport Runways,180,,Use deep foundations or densify subsoil,False
CN058,Residential Building,50,,Reduce liquid limit via compaction,False
CN058,High-rise Building,150,,Use deep foundations or densify subsoil,False
CN058,Low-rise,100,,Use deep foundations or densify subsoil,False
CN058,Roads & Highways,70,,Use deep foundations or densify subsoil,False
CN058,Bridges,120,,Use deep foundations or densify subsoil,False
CN058,Tunnels,150,,Increase CBR in top 2 layers,False
CN058,Railway Tracks,80,,Use deep foundations or densify subsoil,False
CN058,Pipeline Infrastructure,30,,Reduce liquid limit via compaction,False
CN058,Dams,100,,Increase CBR in top 2 layers,False
CN058,Water Reservoirs,90,,Use deep foundations or densify subsoil,False
CN058,Airport Runways,180,,Use deep foundations or densify subsoil,False
CN059,Residential Building,50,,Reduce liquid limit via compaction,False
CN059,High-rise Building,150,,Use deep foundations or densify subsoil,False
CN059,Low-rise,100,,Use deep foundations or densify subsoil,False
CN059,Roads & Highways,70,,Reduce liquid limit via compaction,False
CN059,Bridges,120,,Use deep foundations or densify subsoil,False
CN059,Tunnels,150,,Reduce liquid limit via compaction,False
CN059,Railway Tracks,80,,Reduce liquid limit via compaction,False
CN059,Pipeline Infrastructure,30,,Reduce liquid limit via compaction,False
CN059,Dams,100,,Reduce liquid limit via compaction,False
CN059,Water Reservoirs,90,,Reduce liquid limit via compaction,False
CN059,Airport Runways,180,,Use deep foundations or densify subsoil,False
CN060,Residential Building,50,,,True
CN060,High-rise Building,150,Residential Building,Increase CBR in top 2 layers,False
CN060,Low-rise,100,,,True
CN060,Roads & Highways,70,,,True
CN060,Bridges,120,,,True
CN060,Tunnels,150,Bridges,Increase CBR in top 2 layers,False
CN060,Railway Tracks,80,,,True
CN060,Pipeline Infrastructure,30,,,True
CN060,Dams,100,,,True
CN060,Water Reservoirs,90,,,True
CN060,Airport Runways,180,Residential Building,Use deep foundations or densify subsoil,False
CO045,Residential Building,50,,,True
CO045,High-rise Building,150,Residential Building,Increase CBR in top 2 layers,False
CO045,Low-rise,100,Residential Building,Reduce liquid limit via compaction,False
CO045,Roads & Highways,70,,,True
CO045,Bridges,120,Residential Building,Increase CBR in top 2 layers,False
CO045,Tunnels,150,Residential Building,Increase CBR in top 2 layers,False
CO045,Railway Tracks,80,,,True
CO045,Pipeline Infrastructure,30,,,True
CO045,Dams,100,Residential Building,Reduce liquid limit via compaction,False
CO045,Water Reservoirs,90,Residential Building,Reduce liquid limit via compaction,False
CO045,Airport Runways,180,Residential Building,Use deep foundations or densify subsoil,False
CO046,Residential Building,50,,,True
CO046,High-rise Building,150,Residential Building,Increase CBR in top 2 layers,False
CO046,Low-rise,100,,,True
CO046,Roads & Highways,70,,,True
CO046,Bridges,120,,,True
CO046,Tunnels,150,Bridges,Use deep foundations or densify subsoil,False
CO046,Railway Tracks,80,,,True
CO046,Pipeline Infrastructure,30,,,True
CO046,Dams,100,,,True
CO046,Water Reservoirs,90,,,True
CO046,Airport Runways,180,Residential Building,Use deep foundations or densify subsoil,False
CO047,Residential Building,50,,,True
CO047,High-rise Building,150,Residential Building,Use deep foundations or densify subsoil,False
CO047,Low-rise,100,,,True
CO047,Roads & Highways,70,,,True
CO047,Bridges,120,,,True
CO047,Tunnels,150,Bridges,Use deep foundations or densify subsoil,False
CO047,Railway Tracks,80,,,True
CO047,Pipeline Infrastructure,30,,,True
CO047,Dams,100,,,True
CO047,Water Reservoirs,90,,,True
CO047,Airport Runways,180,Residential Building,Increase CBR in top 2 layers,False
CO048,Residential Building,50,,Reduce liquid limit via compaction,False
CO048,High-rise Building,150,,Reduce liquid limit via compaction,False
CO048,Low-rise,100,,Increase CBR in top 2 layers,False
CO048,Roads & Highways,70,,Increase CBR in top 2 layers,False
CO048,Bridges,120,,Increase CBR in top 2 layers,False
CO048,Tunnels,150,,Reduce liquid limit via compaction,False
CO048,Railway Tracks,80,,Reduce liquid limit via compaction,False
CO048,Pipeline Infrastructure,30,,Reduce liquid limit via compaction,False
CO048,Dams,100,,Use deep foundations or densify subsoil,False
CO048,Water Reservoirs,90,,Reduce liquid limit via compaction,False
CO048,Airport Runways,180,,Reduce liquid limit via compaction,False
CO049,Residential Building,50,,Reduce liquid limit via compaction,False
CO049,High-rise Building,150,,Increase CBR in top 2 layers,False
CO049,Low-rise,100,,Use deep foundations or densify subsoil,False
CO049,Roads & Highways,70,,Reduce liquid limit via compaction,False
CO049,Bridges,120,,Reduce liquid limit via compaction,False
CO049,Tunnels,150,,Increase CBR in top 2 layers,False
CO049,Railway Tracks,80,,Reduce liquid limit via compaction,False
CO049,Pipeline Infrastructure,30,,Reduce liquid limit via compaction,False
CO049,Dams,100,,Increase CBR in top 2 layers,False
CO049,Water Reservoirs,90,,Reduce liquid limit via compaction,False
CO049,Airport Runways,180,,Increase CBR in top 2 layers,False
CO050,Residential Building,50,,,True
CO050,High-rise Building,150,Residential Building,Increase CBR in top 2 layers,False
CO050,Low-rise,100,Residential Building,Reduce liquid limit via compaction,False
CO050,Roads & Highways,70,,,True
CO050,Bridges,120,Residential Building,Increase CBR in top 2 layers,False
CO050,Tunnels,150,Residential Building,Use deep foundations or densify subsoil,False
CO050,Railway Tracks,80,,,True
CO050,Pipeline Infrastructure,30,,,True
CO050,Dams,100,Residential Building,Increase CBR in top 2 layers,False
CO050,Water Reservoirs,90,Residential Building,Use deep foundations or densify subsoil,False
CO050,Airport Runways,180,Residential Building,Reduce liquid limit via compaction,False
CO051,Residential Building,50,,Reduce liquid limit via compaction,False
CO051,High-rise Building,150,,Reduce liquid limit via compaction,False
CO051,Low-rise,100,,Reduce liquid limit via compaction,False
CO051,Roads & Highways,70,,Reduce liquid limit via compaction,False
CO051,Bridges,120,,Reduce liquid limit via compaction,False
CO051,Tunnels,150,,Use deep foundations or densify subsoil,False
CO051,Railway Tracks,80,,Reduce liquid limit via compaction,False
CO051,Pipeline Infrastructure,30,,Reduce liquid limit via compaction,False
CO051,Dams,100,,Reduce liquid limit via compaction,False
CO051,Water Reservoirs,90,,Reduce liquid limit via compaction,False
CO051,Airport Runways,180,,Reduce liquid limit via compaction,False
CO052,Residential Building,50,Pipeline Infrastructure,Reduce liquid limit via compaction,False
CO052,High-rise Building,150,Pipeline Infrastructure,Reduce liquid limit via compaction,False
CO052,Low-rise,100,Pipeline Infrastructure,Increase CBR in top 2 layers,False
CO052,Roads & Highways,70,Pipeline Infrastructure,Reduce liquid limit via compaction,False
CO052,Bridges,120,Pipeline Infrastructure,Increase CBR in top 2 layers,False
CO052,Tunnels,150,Pipeline Infrastructure,Use deep foundations or densify subsoil,False
CO052,Railway Tracks,80,Pipeline Infrastructure,Reduce liquid limit via compaction,False
CO052,Pipeline Infrastructure,30,,,True
CO052,Dams,100,Pipeline Infrastructure,Use deep foundations or densify subsoil,False
CO052,Water Reservoirs,90,Pipeline Infrastructure,Reduce liquid limit via compaction,False
CO052,Airport Runways,180,Pipeline Infrastructure,Use deep foundations or densify subsoil,False
CO053,Residential Building,50,,Reduce liquid limit via compaction,False
CO053,High-rise Building,150,,Increase CBR in top 2 layers,False
CO053,Low-rise,100,,Reduce liquid limit via compaction,False
CO053,Roads & Highways,70,,Reduce liquid limit via compaction,False
CO053,Bridges,120,,Reduce liquid limit via compaction,False
CO053,Tunnels,150,,Increase CBR in top 2 layers,False
CO053,Railway Tracks,80,,Reduce liquid limit via compaction,False
CO053,Pipeline Infrastructure,30,,Reduce liquid limit via compaction,False
CO053,Dams,100,,Reduce liquid limit via compaction,False
CO053,Water Reservoirs,90,,Reduce liquid limit via compaction,False
CO053,Airport Runways,180,,Use deep foundations or densify subsoil,False
CO054,Residential Building,50,,,True
CO054,High-rise Building,150,Residential Building,Increase CBR in top 2 layers,False
CO054,Low-rise,100,Residential Building,Use deep foundations or densify subsoil,False
CO054,Roads & Highways,70,,,True
CO054,Bridges,120,Residential Building,Increase CBR in top 2 layers,False
CO054,Tunnels,150,Residential Building,Increase CBR in top 2 layers,False
CO054,Railway Tracks,80,,,True
CO054,Pipeline Infrastructure,30,,,True
CO054,Dams,100,Residential Building,Increase CBR in top 2 layers,False
CO054,Water Reservoirs,90,,,True
CO054,Airport Runways,180,Residential Building,Increase CBR in top 2 layers,False
CO055,Residential Building,50,,,True
CO055,High-rise Building,150,Residential Building,Use deep foundations or densify subsoil,False
CO055,Low-rise,100,Residential Building,Increase CBR in top 2 layers,False
CO055,Roads & Highways,70,,,True
CO055,Bridges,120,Residential Building,Increase CBR in top 2 layers,False
CO055,Tunnels,150,Residential Building,Use deep foundations or densify subsoil,False
CO055,Railway Tracks,80,Residential Building,Use deep foundations or densify subsoil,False
CO055,Pipeline Infrastructure,30,,,True
CO055,Dams,100,Residential Building,Use deep foundations or densify subsoil,False
CO055,Water Reservoirs,90,Residential Building,Increase CBR in top 2 layers,False
CO055,Airport Runways,180,Residential Building,Use deep foundations or densify subsoil,False
CO056,Residential Building,50,Pipeline Infrastructure,Reduce liquid limit via compaction,False
CO056,High-rise Building,150,Pipeline Infrastructure,Use deep foundations or densify subsoil,False
CO056,Low-rise,100,Pipeline Infrastructure,Reduce liquid limit via compaction,False
CO056,Roads & Highways,70,Pipeline Infrastructure,Reduce liquid limit via compaction,False
CO056,Bridges,120,Pipeline Infrastructure,Reduce liquid limit via compaction,False
CO056,Tunnels,150,Pipeline Infrastructure,Reduce liquid limit via compaction,False
CO056,Railway Tracks,80,Pipeline Infrastructure,Reduce liquid limit via compaction,False
CO056,Pipeline Infrastructure,30,,,True
CO056,Dams,100,Pipeline Infrastructure,Reduce liquid limit via compaction,False
CO056,Water Reservoirs,90,Pipeline Infrastructure,Reduce liquid limit via compaction,False
CO056,Airport Runways,180,Pipeline Infrastructure,Use deep foundations or densify subsoil,False
CO057,Residential Building,50,,,True
CO057,High-rise Building,150,Residential Building,Reduce liquid limit via compaction,False
CO057,Low-rise,100,Residential Building,Use deep foundations or densify subsoil,False
CO057,Roads & Highways,70,Residential Building,Use deep foundations or densify subsoil,False
CO057,Bridges,120,Residential Building,Reduce liquid limit via compaction,False
CO057,Tunnels,150,Residential Building,Increase CBR in top 2 layers,False
CO057,Railway Tracks,80,Residential Building,Use deep foundations or densify subsoil,False
CO057,Pipeline Infrastructure,30,,,True
CO057,Dams,100,Residential Building,Reduce liquid limit via compaction,False
CO057,Water Reservoirs,90,Residential Building,Use deep foundations or densify subsoil,False
CO057,Airport Runways,180,Residential Building,Use deep foundations or densify subsoil,False
CO058,Residential Building,50,,,True
CO058,High-rise Building,150,Residential Building,Reduce liquid limit via compaction,False
CO058,Low-rise,100,Residential Building,Increase CBR in top 2 layers,False
CO058,Roads & Highways,70,Residential Building,Use deep foundations or densify subsoil,False
CO058,Bridges,120,Residential Building,Use deep foundations or densify subsoil,False
CO058,Tunnels,150,Residential Building,Use deep foundations or densify subsoil,False
CO058,Railway Tracks,80,Residential Building,Increase CBR in top 2 layers,False
CO058,Pipeline Infrastructure,30,,,True
CO058,Dams,100,Residential Building,Reduce liquid limit via compaction,False
CO058,Water Reservoirs,90,Residential Building,Reduce liquid limit via compaction,False
CO058,Airport Runways,180,Residential Building,Use deep foundations or densify subsoil,False
CO059,Residential Building,50,Pipeline Infrastructure,Use deep foundations or densify subsoil,False
CO059,High-rise Building,150,Pipeline Infrastructure,Increase CBR in top 2 layers,False
CO059,Low-rise,100,Pipeline Infrastructure,Use deep foundations or densify subsoil,False
CO059,Roads & Highways,70,Pipeline Infrastructure,Use deep foundations or densify subsoil,False
CO059,Bridges,120,Pipeline Infrastructure,Use deep foundations or densify subsoil,False
CO059,Tunnels,150,Pipeline Infrastructure,Use deep foundations or densify subsoil,False
CO059,Railway Tracks,80,Pipeline Infrastructure,Increase CBR in top 2 layers,False
CO059,Pipeline Infrastructure,30,,,True
CO059,Dams,100,Pipeline Infrastructure,Use deep foundations or densify subsoil,False
CO059,Water Reservoirs,90,Pipeline Infrastructure,Use deep foundations or densify subsoil,False
CO059,Airport Runways,180,Pipeline Infrastructure,Increase CBR in top 2 layers,False
CO060,Residential Building,50,,Reduce liquid limit via compaction,False
CO060,High-rise Building,150,,Use deep foundations or densify subsoil,False
CO060,Low-rise,100,,Use deep foundations or densify subsoil,False
CO060,Roads & Highways,70,,Use deep foundations or densify subsoil,False
CO060,Bridges,120,,Reduce liquid limit via compaction,False
CO060,Tunnels,150,,Use deep foundations or densify subsoil,False
CO060,Railway Tracks,80,,Increase CBR in top 2 layers,False
CO060,Pipeline Infrastructure,30,,Reduce liquid limit via compaction,False
CO060,Dams,100,,Reduce liquid limit via compaction,False
CO060,Water Reservoirs,90,,Use deep foundations or densify subsoil,False
CO060,Airport Runways,180,,Use deep foundations or densify subsoil,False
CO061,Residential Building,50,,Use deep foundations or densify subsoil,False
CO061,High-rise Building,150,,Increase CBR in top 2 layers,False
CO061,Low-rise,100,,Use deep foundations or densify subsoil,False
CO061,Roads & Highways,70,,Reduce liquid limit via compaction,False
CO061,Bridges,120,,Use deep foundations or densify subsoil,False
CO061,Tunnels,150,,Reduce liquid limit via compaction,False
CO061,Railway Tracks,80,,Reduce liquid limit via compaction,False
CO061,Pipeline Infrastructure,30,,Increase CBR in top 2 layers,False
CO061,Dams,100,,Reduce liquid limit via compaction,False
CO061,Water Reservoirs,90,,Use deep foundations or densify subsoil,False
CO061,Airport Runways,180,,Increase CBR in top 2 layers,False
CO062,Residential Building,50,,,True
CO062,High-rise Building,150,Residential Building,Use deep foundations or densify subsoil,False
CO062,Low-rise,100,Residential Building,Increase CBR in top 2 layers,False
CO062,Roads & Highways,70,,,True
CO062,Bridges,120,Residential Building,Increase CBR in top 2 layers,False
CO062,Tunnels,150,Residential Building,Use deep foundations or densify subsoil,False
CO062,Railway Tracks,80,Residential Building,Use deep foundations or densify subsoil,False
CO062,Pipeline Infrastructure,30,,,True
CO062,Dams,100,Residential Building,Use deep foundations or densify subsoil,False
CO062,Water Reservoirs,90,Residential Building,Use deep foundations or densify subsoil,False
CO062,Airport Runways,180,Residential Building,Use deep foundations or densify subsoil,False
CO063,Residential Building,50,,,True
CO063,High-rise Building,150,Residential Building,Reduce liquid limit via compaction,False
CO063,Low-rise,100,Residential Building,Reduce liquid limit via compaction,False
CO063,Roads & Highways,70,Residential Building,Use deep foundations or densify subsoil,False
CO063,Bridges,120,Residential Building,Use deep foundations or densify subsoil,False
CO063,Tunnels,150,Residential Building,Reduce liquid limit via compaction,False
CO063,Railway Tracks,80,Residential Building,Increase CBR in top 2 layers,False
CO063,Pipeline Infrastructure,30,,,True
CO063,Dams,100,Residential Building,Reduce liquid limit via compaction,False
CO063,Water Reservoirs,90,Residential Building,Increase CBR in top 2 layers,False
CO063,Airport Runways,180,Residential Building,Use deep foundations or densify subsoil,False
CO064,Residential Building,50,Pipeline Infrastructure,Use deep foundations or densify subsoil,False
CO064,High-rise Building,150,Pipeline Infrastructure,Increase CBR in top 2 layers,False
CO064,Low-rise,100,Pipeline Infrastructure,Use deep foundations or densify subsoil,False
CO064,Roads & Highways,70,Pipeline Infrastructure,Use deep foundations or densify subsoil,False
CO064,Bridges,120,Pipeline Infrastructure,Use deep foundations or densify subsoil,False
CO064,Tunnels,150,Pipeline Infrastructure,Use deep foundations or densify subsoil,False
CO064,Railway Tracks,80,Pipeline Infrastructure,Use deep foundations or densify subsoil,False
CO064,Pipeline Infrastructure,30,,,True
CO064,Dams,100,Pipeline Infrastructure,Increase CBR in top 2 layers,False
CO064,Water Reservoirs,90,Pipeline Infrastructure,Increase CBR in top 2 layers,False
CO064,Airport Runways,180,Pipeline Infrastructure,Reduce liquid limit via compaction,False
CO065,Residential Building,50,,Reduce liquid limit via compaction,False
CO065,High-rise Building,150,,Reduce liquid limit via compaction,False
CO065,Low-rise,100,,Use deep foundations or densify subsoil,False
CO065,Roads & Highways,70,,Reduce liquid limit via compaction,False
CO065,Bridges,120,,Reduce liquid limit via compaction,False
CO065,Tunnels,150,,Increase CBR in top 2 layers,False
CO065,Railway Tracks,80,,Use deep foundations or densify subsoil,False
CO065,Pipeline Infrastructure,30,,Reduce liquid limit via compaction,False
CO065,Dams,100,,Reduce liquid limit via compaction,False
CO065,Water Reservoirs,90,,Reduce liquid limit via compaction,False
CO065,Airport Runways,180,,Use deep foundations or densify subsoil,False
CO066,Residential Building,50,Pipeline Infrastructure,Reduce liquid limit via compaction,False
CO066,High-rise Building,150,Pipeline Infrastructure,Reduce liquid limit via compaction,False
CO066,Low-rise,100,Pipeline Infrastructure,Use deep foundations or densify subsoil,False
CO066,Roads & Highways,70,Pipeline Infrastructure,Reduce liquid limit via compaction,False
CO066,Bridges,120,Pipeline Infrastructure,Use deep foundations or densify subsoil,False
CO066,Tunnels,150,Pipeline Infrastructure,Increase CBR in top 2 layers,False
CO066,Railway Tracks,80,Pipeline Infrastructure,Increase CBR in top 2 layers,False
CO066,Pipeline Infrastructure,30,,,True
CO066,Dams,100,Pipeline Infrastructure,Reduce liquid limit via compaction,False
CO066,Water Reservoirs,90,Pipeline Infrastructure,Increase CBR in top 2 layers,False
CO066,Airport Runways,180,Pipeline Infrastructure,Use deep foundations or densify subsoil,False
CO067,Residential Building,50,Pipeline Infrastructure,Reduce liquid limit via compaction,False
CO067,High-rise Building,150,Pipeline Infrastructure,Use deep foundations or densify subsoil,False
CO067,Low-rise,100,Pipeline Infrastructure,Reduce liquid limit via compaction,False
CO067,Roads & Highways,70,Pipeline Infrastructure,Reduce liquid limit via compaction,False
CO067,Bridges,120,Pipeline Infrastructure,Use deep foundations or densify subsoil,False
CO067,Tunnels,150,Pipeline Infrastructure,Reduce liquid limit via compaction,False
CO067,Railway Tracks,80,Pipeline Infrastructure,Reduce liquid limit via compaction,False
CO067,Pipeline Infrastructure,30,,,True
CO067,Dams,100,Pipeline Infrastructure,Increase CBR in top 2 layers,False
CO067,Water Reservoirs,90,Pipeline Infrastructure,Reduce liquid limit via compaction,False
CO067,Airport Runways,180,Pipeline Infrastructure,Increase CBR in top 2 layers,False
CO068,Residential Building,50,Pipeline Infrastructure,Increase CBR in top 2 layers,False
CO068,High-rise Building,150,Pipeline Infrastructure,Reduce liquid limit via compaction,False
CO068,Low-rise,100,Pipeline Infrastructure,Use deep foundations or densify subsoil,False
CO068,Roads & Highways,70,Pipeline Infrastructure,Increase CBR in top 2 layers,False
CO068,Bridges,120,Pipeline Infrastructure,Use deep foundations or densify subsoil,False
CO068,Tunnels,150,Pipeline Infrastructure,Increase CBR in top 2 layers,False
CO068,Railway Tracks,80,Pipeline Infrastructure,Use deep foundations or densify subsoil,False
CO068,Pipeline Infrastructure,30,,,True
CO068,Dams,100,Pipeline Infrastructure,Reduce liquid limit via compaction,False
CO068,Water Reservoirs,90,Pipeline Infrastructure,Increase CBR in top 2 layers,False
CO068,Airport Runways,180,Pipeline Infrastructure,Use deep foundations or densify subsoil,False
CO069,Residential Building,50,Pipeline Infrastructure,Reduce liquid limit via compaction,False
CO069,High-rise Building,150,Pipeline Infrastructure,Use deep foundations or densify subsoil,False
CO069,Low-rise,100,Pipeline Infrastructure,Reduce liquid limit via compaction,False
CO069,Roads & Highways,70,Pipeline Infrastructure,Reduce liquid limit via compaction,False
CO069,Bridges,120,Pipeline Infrastructure,Use deep foundations or densify subsoil,False
CO069,Tunnels,150,Pipeline Infrastructure,Reduce liquid limit via compaction,False
CO069,Railway Tracks,80,Pipeline Infrastructure,Reduce liquid limit via compaction,False
CO069,Pipeline Infrastructure,30,,,True
CO069,Dams,100,Pipeline Infrastructure,Reduce liquid limit via compaction,False
CO069,Water Reservoirs,90,Pipeline Infrastructure,Reduce liquid limit via compaction,False
CO069,Airport Runways,180,Pipeline Infrastructure,Use deep foundations or densify subsoil,False
CO070,Residential Building,50,,,True
CO070,High-rise Building,150,Residential Building,Use deep foundations or densify subsoil,False
CO070,Low-rise,100,Residential Building,Increase CBR in top 2 layers,False
CO070,Roads & Highways,70,Residential Building,Use deep foundations or densify subsoil,False
CO070,Bridges,120,Residential Building,Increase CBR in top 2 layers,False
CO070,Tunnels,150,Residential Building,Use deep foundations or densify subsoil,False
CO070,Railway Tracks,80,Residential Building,Increase CBR in top 2 layers,False
CO070,Pipeline Infrastructure,30,,,True
CO070,Dams,100,Residential Building,Increase CBR in top 2 layers,False
CO070,Water Reservoirs,90,Residential Building,Use deep foundations or densify subsoil,False
CO070,Airport Runways,180,Residential Building,Reduce liquid limit via compaction,False
CO071,Residential Building,50,Pipeline Infrastructure,Reduce liquid limit via compaction,False
CO071,High-rise Building,150,Pipeline Infrastructure,Reduce liquid limit via compaction,False
CO071,Low-rise,100,Pipeline Infrastructure,Use deep foundations or densify subsoil,False
CO071,Roads & Highways,70,Pipeline Infrastructure,Reduce liquid limit via compaction,False
CO071,Bridges,120,Pipeline Infrastructure,Increase CBR in top 2 layers,False
CO071,Tunnels,150,Pipeline Infrastructure,Reduce liquid limit via compaction,False
CO071,Railway Tracks,80,Pipeline Infrastructure,Use deep foundations or densify subsoil,False
CO071,Pipeline Infrastructure,30,,,True
CO071,Dams,100,Pipeline Infrastructure,Increase CBR in top 2 layers,False
CO071,Water Reservoirs,90,Pipeline Infrastructure,Increase CBR in top 2 layers,False
CO071,Airport Runways,180,Pipeline Infrastructure,Increase CBR in top 2 layers,False
CR001,Residential Building,50,,,True
CR001,High-rise Building,150,Residential Building,Use deep foundations or densify subsoil,False
CR001,Low-rise,100,Residential Building,Increase CBR in top 2 layers,False
CR001,Roads & Highways,70,,,True
CR001,Bridges,120,Residential Building,Use deep foundations or densify subsoil,False
CR001,Tunnels,150,Residential Building,Reduce liquid limit via compaction,False
CR001,Railway Tracks,80,Residential Building,Use deep foundations or densify subsoil,False
CR001,Pipeline Infrastructure,30,,,True
CR001,Dams,100,Residential Building,Reduce liquid limit via compaction,False
CR001,Water Reservoirs,90,Residential Building,Use deep foundations or densify subsoil,False
CR001,Airport Runways,180,Residential Building,Use deep foundations or densify subsoil,False
CR002,Residential Building,50,,,True
CR002,High-rise Building,150,Residential Building,Use deep foundations or densify subsoil,False
CR002,Low-rise,100,,,True
CR002,Roads & Highways,70,,,True
CR002,Bridges,120,Residential Building,Use deep foundations or densify subsoil,False
CR002,Tunnels,150,Residential Building,Increase CBR in top 2 layers,False
CR002,Railway Tracks,80,,,True
CR002,Pipeline Infrastructure,30,,,True
CR002,Dams,100,,,True
CR002,Water Reservoirs,90,,,True
CR002,Airport Runways,180,Residential Building,Increase CBR in top 2 layers,False
CR003,Residential Building,50,,,True
CR003,High-rise Building,150,Residential Building,Use deep foundations or densify subsoil,False
CR003,Low-rise,100,Residential Building,Increase CBR in top 2 layers,False
CR003,Roads & Highways,70,,,True
CR003,Bridges,120,Residential Building,Use deep foundations or densify subsoil,False
CR003,Tunnels,150,Residential Building,Use deep foundations or densify subsoil,False
CR003,Railway Tracks,80,Residential Building,Use deep foundations or densify subsoil,False
CR003,Pipeline Infrastructure,30,,,True
CR003,Dams,100,Residential Building,Increase CBR in top 2 layers,False
CR003,Water Reservoirs,90,Residential Building,Increase CBR in top 2 layers,False
CR003,Airport Runways,180,Residential Building,Reduce liquid limit via compaction,False
CR004,Residential Building,50,Pipeline Infrastructure,Reduce liquid limit via compaction,False
CR004,High-rise Building,150,Pipeline Infrastructure,Reduce liquid limit via compaction,False
CR004,Low-rise,100,Pipeline Infrastructure,Reduce liquid limit via compaction,False
CR004,Roads & Highways,70,Pipeline Infrastructure,Reduce liquid limit via compaction,False
CR004,Bridges,120,Pipeline Infrastructure,Reduce liquid limit via compaction,False
CR004,Tunnels,150,Pipeline Infrastructure,Increase CBR in top 2 layers,False
CR004,Railway Tracks,80,Pipeline Infrastructure,Reduce liquid limit via compaction,False
CR004,Pipeline Infrastructure,30,,,True
CR004,Dams,100,Pipeline Infrastructure,Reduce liquid limit via compaction,False
CR004,Water Reservoirs,90,Pipeline Infrastructure,Reduce liquid limit via compaction,False
CR004,Airport Runways,180,Pipeline Infrastructure,Reduce liquid limit via compaction,False
CR005,Residential Building,50,,,True
CR005,High-rise Building,150,Residential Building,Increase CBR in top 2 layers,False
CR005,Low-rise,100,Residential Building,Use deep foundations or densify subsoil,False
CR005,Roads & Highways,70,,,True
CR005,Bridges,120,Residential Building,Reduce liquid limit via compaction,False
CR005,Tunnels,150,Residential Building,Increase CBR in top 2 layers,False
CR005,Railway Tracks,80,,,True
CR005,Pipeline Infrastructure,30,,,True
CR005,Dams,100,Residential Building,Reduce liquid limit via compaction,False
CR005,Water Reservoirs,90,Residential Building,Reduce liquid limit via compaction,False
CR005,Airport Runways,180,Residential Building,Reduce liquid limit via compaction,False
CR006,Residential Building,50,,,True
CR006,High-rise Building,150,Residential Building,Increase CBR in top 2 layers,False
CR006,Low-rise,100,,,True
CR006,Roads & Highways,70,,,True
CR006,Bridges,120,Residential Building,Use deep foundations or densify subsoil,False
CR006,Tunnels,150,Residential Building,Use deep foundations or densify subsoil,False
CR006,Railway Tracks,80,,,True
CR006,Pipeline Infrastructure,30,,,True
CR006,Dams,100,,,True
CR006,Water Reservoirs,90,,,True
CR006,Airport Runways,180,Residential Building,Increase CBR in top 2 layers,False
CR007,Residential Building,50,Pipeline Infrastructure,Reduce liquid limit via compaction,False
CR007,High-rise Building,150,Pipeline Infrastructure,Increase CBR in top 2 layers,False
CR007,Low-rise,100,Pipeline Infrastructure,Reduce liquid limit via compaction,False
CR007,Roads & Highways,70,Pipeline Infrastructure,Reduce liquid limit via compaction,False
CR007,Bridges,120,Pipeline Infrastructure,Reduce liquid limit via compaction,False
CR007,Tunnels,150,Pipeline Infrastructure,Increase CBR in top 2 layers,False
CR007,Railway Tracks,80,Pipeline Infrastructure,Reduce liquid limit via compaction,False
CR007,Pipeline Infrastructure,30,,,True
CR007,Dams,100,Pipeline Infrastructure,Reduce liquid limit via compaction,False
CR007,Water Reservoirs,90,Pipeline Infrastructure,Use deep foundations or densify subsoil,False
CR007,Airport Runways,180,Pipeline Infrastructure,Reduce liquid limit via compaction,False
CR008,Residential Building,50,,Reduce liquid limit via compaction,False
CR008,High-rise Building,150,,Use deep foundations or densify subsoil,False
CR008,Low-rise,100,,Reduce liquid limit via compaction,False
CR008,Roads & Highways,70,,Reduce liquid limit via compaction,False
CR008,Bridges,120,,Increase CBR in top 2 layers,False
CR008,Tunnels,150,,Reduce liquid limit via compaction,False
CR008,Railway Tracks,80,,Reduce liquid limit via compaction,False
CR008,Pipeline Infrastructure,30,,Reduce liquid limit via compaction,False
CR008,Dams,100,,Reduce liquid limit via compaction,False
CR008,Water Reservoirs,90,,Reduce liquid limit via compaction,False
CR008,Airport Runways,180,,Use deep foundations or densify subsoil,False
CR009,Residential Building,50,,,True
CR009,High-rise Building,150,Residential Building,Use deep foundations or densify subsoil,False
CR009,Low-rise,100,Residential Building,Use deep foundations or densify subsoil,False
CR009,Roads & Highways,70,Residential Building,Use deep foundations or densify subsoil,False
CR009,Bridges,120,Residential Building,Use deep foundations or densify subsoil,False
CR009,Tunnels,150,Residential Building,Use deep foundations or densify subsoil,False
CR009,Railway Tracks,80,Residential Building,Increase CBR in top 2 layers,False
CR009,Pipeline Infrastructure,30,,,True
CR009,Dams,100,Residential Building,Increase CBR in top 2 layers,False
CR009,Water Reservoirs,90,Residential Building,Increase CBR in top 2 layers,False
CR009,Airport Runways,180,Residential Building,Use deep foundations or densify subsoil,False
CR010,Residential Building,50,,,True
CR010,High-rise Building,150,Residential Building,Increase CBR in top 2 layers,False
CR010,Low-rise,100,,,True
CR010,Roads & Highways,70,,,True
CR010,Bridges,120,,,True
CR010,Tunnels,150,Bridges,Use deep foundations or densify subsoil,False
CR010,Railway Tracks,80,,,True
CR010,Pipeline Infrastructure,30,,,True
CR010,Dams,100,,,True
CR010,Water Reservoirs,90,,,True
CR010,Airport Runways,180,Residential Building,Increase CBR in top 2 layers,False
CR011,Residential Building,50,,,True
CR011,High-rise Building,150,Residential Building,Increase CBR in top 2 layers,False
CR011,Low-rise,100,,,True
CR011,Roads & Highways,70,,,True
CR011,Bridges,120,,,True
CR011,Tunnels,150,Bridges,Increase CBR in top 2 layers,False
CR011,Railway Tracks,80,,,True
CR011,Pipeline Infrastructure,30,,,True
CR011,Dams,100,,,True
CR011,Water Reservoirs,90,,,True
CR011,Airport Runways,180,Residential Building,Increase CBR in top 2 layers,False
CR012,Residential Building,50,,Reduce liquid limit via compaction,False
CR012,High-rise Building,150,,Reduce liquid limit via compaction,False
CR012,Low-rise,100,,Use deep foundations or densify subsoil,False
CR012,Roads & Highways,70,,Reduce liquid limit via compaction,False
CR012,Bridges,120,,Reduce liquid limit via compaction,False
CR012,Tunnels,150,,Reduce liquid limit via compaction,False
CR012,Railway Tracks,80,,Increase CBR in top 2 layers,False
CR012,Pipeline Infrastructure,30,,Reduce liquid limit via compaction,False
CR012,Dams,100,,Use deep foundations or densify subsoil,False
CR012,Water Reservoirs,90,,Increase CBR in top 2 layers,False
CR012,Airport Runways,180,,Reduce liquid limit via compaction,False
CR013,Residential Building,50,,,True
CR013,High-rise Building,150,Residential Building,Use deep foundations or densify subsoil,False
CR013,Low-rise,100,Residential Building,Use deep foundations or densify subsoil,False
CR013,Roads & Highways,70,,,True
CR013,Bridges,120,Residential Building,Use deep foundations or densify subsoil,False
CR013,Tunnels,150,Residential Building,Increase CBR in top 2 layers,False
CR013,Railway Tracks,80,,,True
CR013,Pipeline Infrastructure,30,,,True
CR013,Dams,100,Residential Building,Reduce liquid limit via compaction,False
CR013,Water Reservoirs,90,Residential Building,Reduce liquid limit via compaction,False
CR013,Airport Runways,180,Residential Building,Reduce liquid limit via compaction,False
CR014,Residential Building,50,,,True
CR014,High-rise Building,150,Residential Building,Use deep foundations or densify subsoil,False
CR014,Low-rise,100,,,True
CR014,Roads & Highways,70,,,True
CR014,Bridges,120,Residential Building,Use deep foundations or densify subsoil,False
CR014,Tunnels,150,Residential Building,Use deep foundations or densify subsoil,False
CR014,Railway Tracks,80,,,True
CR014,Pipeline Infrastructure,30,,,True
CR014,Dams,100,,,True
CR014,Water Reservoirs,90,,,True
CR014,Airport Runways,180,Residential Building,Increase CBR in top 2 layers,False
CR015,Residential Building,50,,Reduce liquid limit via compaction,False
CR015,High-rise Building,150,,Increase CBR in top 2 layers,False
CR015,Low-rise,100,,Reduce liquid limit via compaction,False
CR015,Roads & Highways,70,,Reduce liquid limit via compaction,False
CR015,Bridges,120,,Use deep foundations or densify subsoil,False
CR015,Tunnels,150,,Increase CBR in top 2 layers,False
CR015,Railway Tracks,80,,Reduce liquid limit via compaction,False
CR015,Pipeline Infrastructure,30,,Reduce liquid limit via compaction,False
CR015,Dams,100,,Reduce liquid limit via compaction,False
CR015,Water Reservoirs,90,,Reduce liquid limit via compaction,False
CR015,Airport Runways,180,,Use deep foundations or densify subsoil,False
CR016,Residential Building,50,Pipeline Infrastructure,Increase CBR in top 2 layers,False
CR016,High-rise Building,150,Pipeline Infrastructure,Use deep foundations or densify subsoil,False
CR016,Low-rise,100,Pipeline Infrastructure,Increase CBR in top 2 layers,False
CR016,Roads & Highways,70,Pipeline Infrastructure,Use deep foundations or densify subsoil,False
CR016,Bridges,120,Pipeline Infrastructure,Use deep foundations or densify subsoil,False
CR016,Tunnels,150,Pipeline Infrastructure,Use deep foundations or densify subsoil,False
CR016,Railway Tracks,80,Pipeline Infrastructure,Use deep foundations or densify subsoil,False
CR016,Pipeline Infrastructure,30,,,True
CR016,Dams,100,Pipeline Infrastructure,Use deep foundations or densify subsoil,False
CR016,Water Reservoirs,90,Pipeline Infrastructure,Increase CBR in top 2 layers,False
CR016,Airport Runways,180,Pipeline Infrastructure,Use deep foundations or densify subsoil,False
CR017,Residential Building,50,,,True
CR017,High-rise Building,150,Residential Building,Reduce liquid limit via compaction,False
CR017,Low-rise,100,Residential Building,Reduce liquid limit via compaction,False
CR017,Roads & Highways,70,,,True
CR017,Bridges,120,Residential Building,Increase CBR in top 2 layers,False
CR017,Tunnels,150,Residential Building,Increase CBR in top 2 layers,False
CR017,Railway Tracks,80,,,True
CR017,Pipeline Infrastructure,30,,,True
CR017,Dams,100,Residential Building,Reduce liquid limit via compaction,False
CR017,Water Reservoirs,90,Residential Building,Reduce liquid limit via compaction,False
CR017,Airport Runways,180,Residential Building,Use deep foundations or densify subsoil,False
CR018,Residential Building,50,,,True
CR018,High-rise Building,150,Residential Building,Increase CBR in top 2 layers,False
CR018,Low-rise,100,Residential Building,Increase CBR in top 2 layers,False
CR018,Roads & Highways,70,Residential Building,Use deep foundations or densify subsoil,False
CR018,Bridges,120,Residential Building,Use deep foundations or densify subsoil,False
CR018,Tunnels,150,Residential Building,Increase CBR in top 2 layers,False
CR018,Railway Tracks,80,Residential Building,Use deep foundations or densify subsoil,False
CR018,Pipeline Infrastructure,30,,,True
CR018,Dams,100,Residential Building,Use deep foundations or densify subsoil,False
CR018,Water Reservoirs,90,Residential Building,Increase CBR in top 2 layers,False
CR018,Airport Runways,180,Residential Building,Use deep foundations or densify subsoil,False
CR019,Residential Building,50,,,True
CR019,High-rise Building,150,Residential Building,Use deep foundations or densify subsoil,False
CR019,Low-rise,100,Residential Building,Use deep foundations or densify subsoil,False
CR019,Roads & Highways,70,,,True
CR019,Bridges,120,Residential Building,Increase CBR in top 2 layers,False
CR019,Tunnels,150,Residential Building,Increase CBR in top 2 layers,False
CR019,Railway Tracks,80,Residential Building,Use deep foundations or densify subsoil,False
CR019,Pipeline Infrastructure,30,,,True
CR019,Dams,100,Residential Building,Increase CBR in top 2 layers,False
CR019,Water Reservoirs,90,Residential Building,Increase CBR in top 2 layers,False
CR019,Airport Runways,180,Residential Building,Increase CBR in top 2 layers,False
CR020,Residential Building,50,,Increase CBR in top 2 layers,False
CR020,High-rise Building,150,,Reduce liquid limit via compaction,False
CR020,Low-rise,100,,Reduce liquid limit via compaction,False
CR020,Roads & Highways,70,,Increase CBR in top 2 layers,False
CR020,Bridges,120,,Reduce liquid limit via compaction,False
CR020,Tunnels,150,,Increase CBR in top 2 layers,False
CR020,Railway Tracks,80,,Use deep foundations or densify subsoil,False
CR020,Pipeline Infrastructure,30,,Increase CBR in top 2 layers,False
CR020,Dams,100,,Reduce liquid limit via compaction,False
CR020,Water Reservoirs,90,,Use deep foundations or densify subsoil,False
CR020,Airport Runways,180,,Use deep foundations or densify subsoil,False
CR021,Residential Building,50,,Reduce liquid limit via compaction,False
CR021,High-rise Building,150,,Use deep foundations or densify subsoil,False
CR021,Low-rise,100,,Reduce liquid limit via compaction,False
CR021,Roads & Highways,70,,Reduce liquid limit via compaction,False
CR021,Bridges,120,,Reduce liquid limit via compaction,False
CR021,Tunnels,150,,Use deep foundations or densify subsoil,False
CR021,Railway Tracks,80,,Reduce liquid limit via compaction,False
CR021,Pipeline Infrastructure,30,,Reduce liquid limit via compaction,False
CR021,Dams,100,,Reduce liquid limit via compaction,False
CR021,Water Reservoirs,90,,Reduce liquid limit via compaction,False
CR021,Airport Runways,180,,Increase CBR in top 2 layers,False
CR022,Residential Building,50,,,True
CR022,High-rise Building,150,Residential Building,Increase CBR in top 2 layers,False
CR022,Low-rise,100,,,True
CR022,Roads & Highways,70,,,True
CR022,Bridges,120,,,True
CR022,Tunnels,150,Bridges,Use deep foundations or densify subsoil,False
CR022,Railway Tracks,80,,,True
CR022,Pipeline Infrastructure,30,,,True
CR022,Dams,100,,,True
CR022,Water Reservoirs,90,,,True
CR022,Airport Runways,180,Residential Building,Increase CBR in top 2 layers,False
CR023,Residential Building,50,,,True
CR023,High-rise Building,150,Residential Building,Use deep foundations or densify subsoil,False
CR023,Low-rise,100,Residential Building,Use deep foundations or densify subsoil,False
CR023,Roads & Highways,70,,,True
CR023,Bridges,120,Residential Building,Increase CBR in top 2 layers,False
CR023,Tunnels,150,Residential Building,Use deep foundations or densify subsoil,False
CR023,Railway Tracks,80,Residential Building,Use deep foundations or densify subsoil,False
CR023,Pipeline Infrastructure,30,,,True
CR023,Dams,100,Residential Building,Increase CBR in top 2 layers,False
CR023,Water Reservoirs,90,Residential Building,Increase CBR in top 2 layers,False
CR023,Airport Runways,180,Residential Building,Use deep foundations or densify subsoil,False
CR024,Residential Building,50,,Reduce liquid limit via compaction,False
CR024,High-rise Building,150,,Reduce liquid limit via compaction,False
CR024,Low-rise,100,,Use deep foundations or densify subsoil,False
CR024,Roads & Highways,70,,Reduce liquid limit via compaction,False
CR024,Bridges,120,,Increase CBR in top 2 layers,False
CR024,Tunnels,150,,Use deep foundations or densify subsoil,False
CR024,Railway Tracks,80,,Use deep foundations or densify subsoil,False
CR024,Pipeline Infrastructure,30,,Reduce liquid limit via compaction,False
CR024,Dams,100,,Use deep foundations or densify subsoil,False
CR024,Water Reservoirs,90,,Increase CBR in top 2 layers,False
CR024,Airport Runways,180,,Use deep foundations or densify subsoil,False
CR025,Residential Building,50,,,True
CR025,High-rise Building,150,Residential Building,Increase CBR in top 2 layers,False
CR025,Low-rise,100,Residential Building,Use deep foundations or densify subsoil,False
CR025,Roads & Highways,70,Residential Building,Use deep foundations or densify subsoil,False
CR025,Bridges,120,Residential Building,Use deep foundations or densify subsoil,False
CR025,Tunnels,150,Residential Building,Increase CBR in top 2 layers,False
CR025,Railway Tracks,80,Residential Building,Increase CBR in top 2 layers,False
CR025,Pipeline Infrastructure,30,,,True
CR025,Dams,100,Residential Building,Use deep foundations or densify subsoil,False
CR025,Water Reservoirs,90,Residential Building,Increase CBR in top 2 layers,False
CR025,Airport Runways,180,Residential Building,Reduce liquid limit via compaction,False
CR026,Residential Building,50,,Reduce liquid limit via compaction,False
CR026,High-rise Building,150,,Use deep foundations or densify subsoil,False
CR026,Low-rise,100,,Increase CBR in top 2 layers,False
CR026,Roads & Highways,70,,Reduce liquid limit via compaction,False
CR026,Bridges,120,,Increase CBR in top 2 layers,False
CR026,Tunnels,150,,Increase CBR in top 2 layers,False
CR026,Railway Tracks,80,,Reduce liquid limit via compaction,False
CR026,Pipeline Infrastructure,30,,Reduce liquid limit via compaction,False
CR026,Dams,100,,Reduce liquid limit via compaction,False
CR026,Water Reservoirs,90,,Reduce liquid limit via compaction,False
CR026,Airport Runways,180,,Reduce liquid limit via compaction,False
CR027,Residential Building,50,,,True
CR027,High-rise Building,150,Residential Building,Increase CBR in top 2 layers,False
CR027,Low-rise,100,Residential Building,Use deep foundations or densify subsoil,False
CR027,Roads & Highways,70,Residential Building,Increase CBR in top 2 layers,False
CR027,Bridges,120,Residential Building,Increase CBR in top 2 layers,False
CR027,Tunnels,150,Residential Building,Increase CBR in top 2 layers,False
CR027,Railway Tracks,80,Residential Building,Increase CBR in top 2 layers,False
CR027,Pipeline Infrastructure,30,,,True
CR027,Dams,100,Residential Building,Use deep foundations or densify subsoil,False
CR027,Water Reservoirs,90,Residential Building,Increase CBR in top 2 layers,False
CR027,Airport Runways,180,Residential Building,Increase CBR in top 2 layers,False
CR028,Residential Building,50,Pipeline Infrastructure,Reduce liquid limit via compaction,False
CR028,High-rise Building,150,Pipeline Infrastructure,Use deep foundations or densify subsoil,False
CR028,Low-rise,100,Pipeline Infrastructure,Reduce liquid limit via compaction,False
CR028,Roads & Highways,70,Pipeline Infrastructure,Reduce liquid limit via compaction,False
CR028,Bridges,120,Pipeline Infrastructure,Reduce liquid limit via compaction,False
CR028,Tunnels,150,Pipeline Infrastructure,Increase CBR in top 2 layers,False
CR028,Railway Tracks,80,Pipeline Infrastructure,Reduce liquid limit via compaction,False
CR028,Pipeline Infrastructure,30,,,True
CR028,Dams,100,Pipeline Infrastructure,Reduce liquid limit via compaction,False
CR028,Water Reservoirs,90,Pipeline Infrastructure,Reduce liquid limit via compaction,False
CR028,Airport Runways,180,Pipeline Infrastructure,Use deep foundations or densify subsoil,False
CU001,Residential Building,50,Pipeline Infrastructure,Reduce liquid limit via compaction,False
CU001,High-rise Building,150,Pipeline Infrastructure,Reduce liquid limit via compaction,False
CU001,Low-rise,100,Pipeline Infrastructure,Reduce liquid limit via compaction,False
CU001,Roads & Highways,70,Pipeline Infrastructure,Reduce liquid limit via compaction,False
CU001,Bridges,120,Pipeline Infrastructure,Use deep foundations or densify subsoil,False
CU001,Tunnels,150,Pipeline Infrastructure,Increase CBR in top 2 layers,False
CU001,Railway Tracks,80,Pipeline Infrastructure,Reduce liquid limit via compaction,False
CU001,Pipeline Infrastructure,30,,,True
CU001,Dams,100,Pipeline Infrastructure,Use deep foundations or densify subsoil,False
CU001,Water Reservoirs,90,Pipeline Infrastructure,Reduce liquid limit via compaction,False
CU001,Airport Runways,180,Pipeline Infrastructure,Reduce liquid limit via compaction,False
CU002,Residential Building,50,Pipeline Infrastructure,Reduce liquid limit via compaction,False
CU002,High-rise Building,150,Pipeline Infrastructure,Use deep foundations or densify subsoil,False
CU002,Low-rise,100,Pipeline Infrastructure,Use deep foundations or densify subsoil,False
CU002,Roads & Highways,70,Pipeline Infrastructure,Reduce liquid limit via compaction,False
CU002,Bridges,120,Pipeline Infrastructure,Reduce liquid limit via compaction,False
CU002,Tunnels,150,Pipeline Infrastructure,Reduce liquid limit via compaction,False
CU002,Railway Tracks,80,Pipeline Infrastructure,Reduce liquid limit via compaction,False
CU002,Pipeline Infrastructure,30,,,True
CU002,Dams,100,Pipeline Infrastructure,Increase CBR in top 2 layers,False
CU002,Water Reservoirs,90,Pipeline Infrastructure,Increase CBR in top 2 layers,False
CU002,Airport Runways,180,Pipeline Infrastructure,Use deep foundations or densify subsoil,False
CU003,Residential Building,50,,,True
CU003,High-rise Building,150,Residential Building,Increase CBR in top 2 layers,False
CU003,Low-rise,100,,,True
CU003,Roads & Highways,70,,,True
CU003,Bridges,120,Residential Building,Reduce liquid limit via compaction,False
CU003,Tunnels,150,Residential Building,Reduce liquid limit via compaction,False
CU003,Railway Tracks,80,,,True
CU003,Pipeline Infrastructure,30,,,True
CU003,Dams,100,Residential Building,Reduce liquid limit via compaction,False
CU003,Water Reservoirs,90,,,True
CU003,Airport Runways,180,Residential Building,Increase CBR in top 2 layers,False
CU004,Residential Building,50,,,True
CU004,High-rise Building,150,Residential Building,Reduce liquid limit via compaction,False
CU004,Low-rise,100,Residential Building,Use deep foundations or densify subsoil,False
CU004,Roads & Highways,70,,,True
CU004,Bridges,120,Residential Building,Use deep foundations or densify subsoil,False
CU004,Tunnels,150,Residential Building,Increase CBR in top 2 layers,False
CU004,Railway Tracks,80,Residential Building,Use deep foundations or densify subsoil,False
CU004,Pipeline Infrastructure,30,,,True
CU004,Dams,100,Residential Building,Increase CBR in top 2 layers,False
CU004,Water Reservoirs,90,Residential Building,Increase CBR in top 2 layers,False
CU004,Airport Runways,180,Residential Building,Increase CBR in top 2 layers,False
CU005,Residential Building,50,,Reduce liquid limit via compaction,False
CU005,High-rise Building,150,,Reduce liquid limit via compaction,False
CU005,Low-rise,100,,Use deep foundations or densify subsoil,False
CU005,Roads & Highways,70,,Reduce liquid limit via compaction,False
CU005,Bridges,120,,Use deep foundations or densify subsoil,False
CU005,Tunnels,150,,Use deep foundations or densify subsoil,False
CU005,Railway Tracks,80,,Reduce liquid limit via compaction,False
CU005,Pipeline Infrastructure,30,,Reduce liquid limit via compaction,False
CU005,Dams,100,,Reduce liquid limit via compaction,False
CU005,Water Reservoirs,90,,Reduce liquid limit via compaction,False
CU005,Airport Runways,180,,Reduce liquid limit via compaction,False
CU006,Residential Building,50,,Reduce liquid limit via compaction,False
CU006,High-rise Building,150,,Use deep foundations or densify subsoil,False
CU006,Low-rise,100,,Use deep foundations or densify subsoil,False
CU006,Roads & Highways,70,,Reduce liquid limit via compaction,False
CU006,Bridges,120,,Increase CBR in top 2 layers,False
CU006,Tunnels,150,,Use deep foundations or densify subsoil,False
CU006,Railway Tracks,80,,Reduce liquid limit via compaction,False
CU006,Pipeline Infrastructure,30,,Reduce liquid limit via compaction,False
CU006,Dams,100,,Increase CBR in top 2 layers,False
CU006,Water Reservoirs,90,,Reduce liquid limit via compaction,False
CU006,Airport Runways,180,,Increase CBR in top 2 layers,False
CU007,Residential Building,50,,,True
CU007,High-rise Building,150,Residential Building,Use deep foundations or densify subsoil,False
CU007,Low-rise,100,,,True
CU007,Roads & Highways,70,,,True
CU007,Bridges,120,,,True
CU007,Tunnels,150,Bridges,Increase CBR in top 2 layers,False
CU007,Railway Tracks,80,,,True
CU007,Pipeline Infrastructure,30,,,True
CU007,Dams,100,,,True
CU007,Water Reservoirs,90,,,True
CU007,Airport Runways,180,Residential Building,Use deep foundations or densify subsoil,False
CU008,Residential Building,50,,Increase CBR in top 2 layers,False
CU008,High-rise Building,150,,Reduce liquid limit via compaction,False
CU008,Low-rise,100,,Use deep foundations or densify subsoil,False
CU008,Roads & Highways,70,,Increase CBR in top 2 layers,False
CU008,Bridges,120,,Use deep foundations or densify subsoil,False
CU008,Tunnels,150,,Increase CBR in top 2 layers,False
CU008,Railway Tracks,80,,Use deep foundations or densify subsoil,False
CU008,Pipeline Infrastructure,30,,Reduce liquid limit via compaction,False
CU008,Dams,100,,Reduce liquid limit via compaction,False
CU008,Water Reservoirs,90,,Increase CBR in top 2 layers,False
CU008,Airport Runways,180,,Reduce liquid limit via compaction,False
CU009,Residential Building,50,,Use deep foundations or densify subsoil,False
CU009,High-rise Building,150,,Increase CBR in top 2 layers,False
CU009,Low-rise,100,,Use deep foundations or densify subsoil,False
CU009,Roads & Highways,70,,Use deep foundations or densify subsoil,False
CU009,Bridges,120,,Increase CBR in top 2 layers,False
CU009,Tunnels,150,,Use deep foundations or densify subsoil,False
CU009,Railway Tracks,80,,Increase CBR in top 2 layers,False
CU009,Pipeline Infrastructure,30,,Increase CBR in top 2 layers,False
CU009,Dams,100,,Increase CBR in top 2 layers,False
CU009,Water Reservoirs,90,,Increase CBR in top 2 layers,False
CU009,Airport Runways,180,,Increase CBR in top 2 layers,False
CU010,Residential Building,50,,,True
CU010,High-rise Building,150,Residential Building,Use deep foundations or densify subsoil,False
CU010,Low-rise,100,Residential Building,Increase CBR in top 2 layers,False
CU010,Roads & Highways,70,Residential Building,Use deep foundations or densify subsoil,False
CU010,Bridges,120,Residential Building,Increase CBR in top 2 layers,False
CU010,Tunnels,150,Residential Building,Use deep foundations or densify subsoil,False
CU010,Railway Tracks,80,Residential Building,Increase CBR in top 2 layers,False
CU010,Pipeline Infrastructure,30,,,True
CU010,Dams,100,Residential Building,Increase CBR in top 2 layers,False
CU010,Water Reservoirs,90,Residential Building,Use deep foundations or densify subsoil,False
CU010,Airport Runways,180,Residential Building,Increase CBR in top 2 layers,False
CU011,Residential Building,50,,Reduce liquid limit via compaction,False
CU011,High-rise Building,150,,Reduce liquid limit via compaction,False
CU011,Low-rise,100,,Reduce liquid limit via compaction,False
CU011,Roads & Highways,70,,Increase CBR in top 2 layers,False
CU011,Bridges,120,,Use deep foundations or densify subsoil,False
CU011,Tunnels,150,,Reduce liquid limit via compaction,False
CU011,Railway Tracks,80,,Reduce liquid limit via compaction,False
CU011,Pipeline Infrastructure,30,,Reduce liquid limit via compaction,False
CU011,Dams,100,,Use deep foundations or densify subsoil,False
CU011,Water Reservoirs,90,,Use deep foundations or densify subsoil,False
CU011,Airport Runways,180,,Increase CBR in top 2 layers,False
CU012,Residential Building,50,,,True
CU012,High-rise Building,150,Residential Building,Reduce liquid limit via compaction,False
CU012,Low-rise,100,Residential Building,Use deep foundations or densify subsoil,False
CU012,Roads & Highways,70,,,True
CU012,Bridges,120,Residential Building,Increase CBR in top 2 layers,False
CU012,Tunnels,150,Residential Building,Increase CBR in top 2 layers,False
CU012,Railway Tracks,80,,,True
CU012,Pipeline Infrastructure,30,,,True
CU012,Dams,100,Residential Building,Increase CBR in top 2 layers,False
CU012,Water Reservoirs,90,Residential Building,Reduce liquid limit via compaction,False
CU012,Airport Runways,180,Residential Building,Reduce liquid limit via compaction,False
CU013,Residential Building,50,,,True
CU013,High-rise Building,150,Residential Building,Use deep foundations or densify subsoil,False
CU013,Low-rise,100,Residential Building,Use deep foundations or densify subsoil,False
CU013,Roads & Highways,70,,,True
CU013,Bridges,120,Residential Building,Increase CBR in top 2 layers,False
CU013,Tunnels,150,Residential Building,Increase CBR in top 2 layers,False
CU013,Railway Tracks,80,,,True
CU013,Pipeline Infrastructure,30,,,True
CU013,Dams,100,Residential Building,Increase CBR in top 2 layers,False
CU013,Water Reservoirs,90,Residential Building,Use deep foundations or densify subsoil,False
CU013,Airport Runways,180,Residential Building,Use deep foundations or densify subsoil,False
CU014,Residential Building,50,,Reduce liquid limit via compaction,False
CU014,High-rise Building,150,,Use deep foundations or densify subsoil,False
CU014,Low-rise,100,,Use deep foundations or densify subsoil,False
CU014,Roads & Highways,70,,Use deep foundations or densify subsoil,False
CU014,Bridges,120,,Increase CBR in top 2 layers,False
CU014,Tunnels,150,,Use deep foundations or densify subsoil,False
CU014,Railway Tracks,80,,Reduce liquid limit via compaction,False
CU014,Pipeline Infrastructure,30,,Reduce liquid limit via compaction,False
CU014,Dams,100,,Reduce liquid limit via compaction,False
CU014,Water Reservoirs,90,,Use deep foundations or densify subsoil,False
CU014,Airport Runways,180,,Use deep foundations or densify subsoil,False
CU015,Residential Building,50,,,True
CU015,High-rise Building,150,Residential Building,Use deep foundations or densify subsoil,False
CU015,Low-rise,100,Residential Building,Use deep foundations or densify subsoil,False
CU015,Roads & Highways,70,,,True
CU015,Bridges,120,Residential Building,Increase CBR in top 2 layers,False
CU015,Tunnels,150,Residential Building,Reduce liquid limit via compaction,False
CU015,Railway Tracks,80,,,True
CU015,Pipeline Infrastructure,30,,,True
CU015,Dams,100,Residential Building,Reduce liquid limit via compaction,False
CU015,Water Reservoirs,90,Residential Building,Use deep foundations or densify subsoil,False
CU015,Airport Runways,180,Residential Building,Increase CBR in top 2 layers,False
CU016,Residential Building,50,Pipeline Infrastructure,Reduce liquid limit via compaction,False
CU016,High-rise Building,150,Pipeline Infrastructure,Use deep foundations or densify subsoil,False
CU016,Low-rise,100,Pipeline Infrastructure,Reduce liquid limit via compaction,False
CU016,Roads & Highways,70,Pipeline Infrastructure,Reduce liquid limit via compaction,False
CU016,Bridges,120,Pipeline Infrastructure,Reduce liquid limit via compaction,False
CU016,Tunnels,150,Pipeline Infrastructure,Use deep foundations or densify subsoil,False
CU016,Railway Tracks,80,Pipeline Infrastructure,Reduce liquid limit via compaction,False
CU016,Pipeline Infrastructure,30,,,True
CU016,Dams,100,Pipeline Infrastructure,Use deep foundations or densify subsoil,False
CU016,Water Reservoirs,90,Pipeline Infrastructure,Reduce liquid limit via compaction,False
CU016,Airport Runways,180,Pipeline Infrastructure,Use deep foundations or densify subsoil,False
CU017,Residential Building,50,Pipeline Infrastructure,Reduce liquid limit via compaction,False
CU017,High-rise Building,150,Pipeline Infrastructure,Increase CBR in top 2 layers,False
CU017,Low-rise,100,Pipeline Infrastructure,Reduce liquid limit via compaction,False
CU017,Roads & Highways,70,Pipeline Infrastructure,Reduce liquid limit via compaction,False
CU017,Bridges,120,Pipeline Infrastructure,Increase CBR in top 2 layers,False
CU017,Tunnels,150,Pipeline Infrastructure,Reduce liquid limit via compaction,False
CU017,Railway Tracks,80,Pipeline Infrastructure,Reduce liquid limit via compaction,False
CU017,Pipeline Infrastructure,30,,,True
CU017,Dams,100,Pipeline Infrastructure,Reduce liquid limit via compaction,False
CU017,Water Reservoirs,90,Pipeline Infrastructure,Reduce liquid limit via compaction,False
CU017,Airport Runways,180,Pipeline Infrastructure,Use deep foundations or densify subsoil,False
CU018,Residential Building,50,,Reduce liquid limit via compaction,False
CU018,High-rise Building,150,,Use deep foundations or densify subsoil,False
CU018,Low-rise,100,,Reduce liquid limit via compaction,False
CU018,Roads & Highways,70,,Reduce liquid limit via compaction,False
CU018,Bridges,120,,Reduce liquid limit via compaction,False
CU018,Tunnels,150,,Use deep foundations or densify subsoil,False
CU018,Railway Tracks,80,,Reduce liquid limit via compaction,False
CU018,Pipeline Infrastructure,30,,Reduce liquid limit via compaction,False
CU018,Dams,100,,Reduce liquid limit via compaction,False
CU018,Water Reservoirs,90,,Reduce liquid limit via compaction,False
CU018,Airport Runways,180,,Use deep foundations or densify subsoil,False
CU019,Residential Building,50,,,True
CU019,High-rise Building,150,Residential Building,Increase CBR in top 2 layers,False
CU019,Low-rise,100,Residential Building,Use deep foundations or densify subsoil,False
CU019,Roads & Highways,70,Residential Building,Use deep foundations or densify subsoil,False
CU019,Bridges,120,Residential Building,Use deep foundations or densify subsoil,False
CU019,Tunnels,150,Residential Building,Use deep foundations or densify subsoil,False
CU019,Railway Tracks,80,Residential Building,Use deep foundations or densify subsoil,False
CU019,Pipeline Infrastructure,30,,,True
CU019,Dams,100,Residential Building,Increase CBR in top 2 layers,False
CU019,Water Reservoirs,90,Residential Building,Use deep foundations or densify subsoil,False
CU019,Airport Runways,180,Residential Building,Reduce liquid limit via compaction,False
CU020,Residential Building,50,,Reduce liquid limit via compaction,False
CU020,High-rise Building,150,,Use deep foundations or densify subsoil,False
CU020,Low-rise,100,,Reduce liquid limit via compaction,False
CU020,Roads & Highways,70,,Use deep foundations or densify subsoil,False
CU020,Bridges,120,,Reduce liquid limit via compaction,False
CU020,Tunnels,150,,Use deep foundations or densify subsoil,False
CU020,Railway Tracks,80,,Increase CBR in top 2 layers,False
CU020,Pipeline Infrastructure,30,,Reduce liquid limit via compaction,False
CU020,Dams,100,,Increase CBR in top 2 layers,False
CU020,Water Reservoirs,90,,Reduce liquid limit via compaction,False
CU020,Airport Runways,180,,Use deep foundations or densify subsoil,False
CU021,Residential Building,50,Pipeline Infrastructure,Reduce liquid limit via compaction,False
CU021,High-rise Building,150,Pipeline Infrastructure,Increase CBR in top 2 layers,False
CU021,Low-rise,100,Pipeline Infrastructure,Reduce liquid limit via compaction,False
CU021,Roads & Highways,70,Pipeline Infrastructure,Reduce liquid limit via compaction,False
CU021,Bridges,120,Pipeline Infrastructure,Use deep foundations or densify subsoil,False
CU021,Tunnels,150,Pipeline Infrastructure,Use deep foundations or densify subsoil,False
CU021,Railway Tracks,80,Pipeline Infrastructure,Reduce liquid limit via compaction,False
CU021,Pipeline Infrastructure,30,,,True
CU021,Dams,100,Pipeline Infrastructure,Reduce liquid limit via compaction,False
CU021,Water Reservoirs,90,Pipeline Infrastructure,Reduce liquid limit via compaction,False
CU021,Airport Runways,180,Pipeline Infrastructure,Use deep foundations or densify subsoil,False
DE041,Residential Building,50,Pipeline Infrastructure,Reduce liquid limit via compaction,False
DE041,High-rise Building,150,Pipeline Infrastructure,Increase CBR in top 2 layers,False
DE041,Low-rise,100,Pipeline Infrastructure,Use deep foundations or densify subsoil,False
DE041,Roads & Highways,70,Pipeline Infrastructure,Increase CBR in top 2 layers,False
DE041,Bridges,120,Pipeline Infrastructure,Increase CBR in top 2 layers,False
DE041,Tunnels,150,Pipeline Infrastructure,Use deep foundations or densify subsoil,False
DE041,Railway Tracks,80,Pipeline Infrastructure,Use deep foundations or densify subsoil,False
DE041,Pipeline Infrastructure,30,,,True
DE041,Dams,100,Pipeline Infrastructure,Use deep foundations or densify subsoil,False
DE041,Water Reservoirs,90,Pipeline Infrastructure,Reduce liquid limit via compaction,False
DE041,Airport Runways,180,Pipeline Infrastructure,Increase CBR in top 2 layers,False
DZ001,Residential Building,50,,Reduce liquid limit via compaction,False
DZ001,High-rise Building,150,,Use deep foundations or densify subsoil,False
DZ001,Low-rise,100,,Use deep foundations or densify subsoil,False
DZ001,Roads & Highways,70,,Reduce liquid limit via compaction,False
DZ001,Bridges,120,,Increase CBR in top 2 layers,False
DZ001,Tunnels,150,,Use deep foundations or densify subsoil,False
DZ001,Railway Tracks,80,,Reduce liquid limit via compaction,False
DZ001,Pipeline Infrastructure,30,,Reduce liquid limit via compaction,False
DZ001,Dams,100,,Use deep foundations or densify subsoil,False
DZ001,Water Reservoirs,90,,Reduce liquid limit via compaction,False
DZ001,Airport Runways,180,,Increase CBR in top 2 layers,False
DZ002,Residential Building,50,,Increase CBR in top 2 layers,False
DZ002,High-rise Building,150,,Use deep foundations or densify subsoil,False
DZ002,Low-rise,100,,Reduce liquid limit via compaction,False
DZ002,Roads & Highways,70,,Use deep foundations or densify subsoil,False
DZ002,Bridges,120,,Reduce liquid limit via compaction,False
DZ002,Tunnels,150,,Increase CBR in top 2 layers,False
DZ002,Railway Tracks,80,,Use deep foundations or densify subsoil,False
DZ002,Pipeline Infrastructure,30,,Increase CBR in top 2 layers,False
DZ002,Dams,100,,Increase CBR in top 2 layers,False
DZ002,Water Reservoirs,90,,Use deep foundations or densify subsoil,False
DZ002,Airport Runways,180,,Increase CBR in top 2 layers,False
DZ003,Residential Building,50,,Reduce liquid limit via compaction,False
DZ003,High-rise Building,150,,Use deep foundations or densify subsoil,False
DZ003,Low-rise,100,,Reduce liquid limit via compaction,False
DZ003,Roads & Highways,70,,Reduce liquid limit via compaction,False
DZ003,Bridges,120,,Increase CBR in top 2 layers,False
DZ003,Tunnels,150,,Reduce liquid limit via compaction,False
DZ003,Railway Tracks,80,,Reduce liquid limit via compaction,False
DZ003,Pipeline Infrastructure,30,,Reduce liquid limit via compaction,False
DZ003,Dams,100,,Reduce liquid limit via compaction,False
DZ003,Water Reservoirs,90,,Reduce liquid limit via compaction,False
DZ003,Airport Runways,180,,Increase CBR in top 2 layers,False
DZ004,Residential Building,50,Pipeline Infrastructure,Reduce liquid limit via compaction,False
DZ004,High-rise Building,150,Pipeline Infrastructure,Reduce liquid limit via compaction,False
DZ004,Low-rise,100,Pipeline Infrastructure,Use deep foundations or densify subsoil,False
DZ004,Roads & Highways,70,Pipeline Infrastructure,Reduce liquid limit via compaction,False
DZ004,Bridges,120,Pipeline Infrastructure,Use deep foundations or densify subsoil,False
DZ004,Tunnels,150,Pipeline Infrastructure,Reduce liquid limit via compaction,False
DZ004,Railway Tracks,80,Pipeline Infrastructure,Reduce liquid limit via compaction,False
DZ004,Pipeline Infrastructure,30,,,True
DZ004,Dams,100,Pipeline Infrastructure,Reduce liquid limit via compaction,False
DZ004,Water Reservoirs,90,Pipeline Infrastructure,Reduce liquid limit via compaction,False
DZ004,Airport Runways,180,Pipeline Infrastructure,Increase CBR in top 2 layers,False
EC019,Residential Building,50,Pipeline Infrastructure,Reduce liquid limit via compaction,False
EC019,High-rise Building,150,Pipeline Infrastructure,Use deep foundations or densify subsoil,False
EC019,Low-rise,100,Pipeline Infrastructure,Reduce liquid limit via compaction,False
EC019,Roads & Highways,70,Pipeline Infrastructure,Reduce liquid limit via compaction,False
EC019,Bridges,120,Pipeline Infrastructure,Increase CBR in top 2 layers,False
EC019,Tunnels,150,Pipeline Infrastructure,Reduce liquid limit via compaction,False
EC019,Railway Tracks,80,Pipeline Infrastructure,Use deep foundations or densify subsoil,False
EC019,Pipeline Infrastructure,30,,,True
EC019,Dams,100,Pipeline Infrastructure,Use deep foundations or densify subsoil,False
EC019,Water Reservoirs,90,Pipeline Infrastructure,Use deep foundations or densify subsoil,False
EC019,Airport Runways,180,Pipeline Infrastructure,Reduce liquid limit via compaction,False
EC020,Residential Building,50,Pipeline Infrastructure,Reduce liquid limit via compaction,False
EC020,High-rise Building,150,Pipeline Infrastructure,Reduce liquid limit via compaction,False
EC020,Low-rise,100,Pipeline Infrastructure,Reduce liquid limit via compaction,False
EC020,Roads & Highways,70,Pipeline Infrastructure,Reduce liquid limit via compaction,False
EC020,Bridges,120,Pipeline Infrastructure,Use deep foundations or densify subsoil,False
EC020,Tunnels,150,Pipeline Infrastructure,Increase CBR in top 2 layers,False
EC020,Railway Tracks,80,Pipeline Infrastructure,Reduce liquid limit via compaction,False
EC020,Pipeline Infrastructure,30,,,True
EC020,Dams,100,Pipeline Infrastructure,Use deep foundations or densify subsoil,False
EC020,Water Reservoirs,90,Pipeline Infrastructure,Reduce liquid limit via compaction,False
EC020,Airport Runways,180,Pipeline Infrastructure,Use deep foundations or densify subsoil,False
EC021,Residential Building,50,Pipeline Infrastructure,Increase CBR in top 2 layers,False
EC021,High-rise Building,150,Pipeline Infrastructure,Use deep foundations or densify subsoil,False
EC021,Low-rise,100,Pipeline Infrastructure,Use deep foundations or densify subsoil,False
EC021,Roads & Highways,70,Pipeline Infrastructure,Increase CBR in top 2 layers,False
EC021,Bridges,120,Pipeline Infrastructure,Increase CBR in top 2 layers,False
EC021,Tunnels,150,Pipeline Infrastructure,Increase CBR in top 2 layers,False
EC021,Railway Tracks,80,Pipeline Infrastructure,Use deep foundations or densify subsoil,False
EC021,Pipeline Infrastructure,30,,,True
EC021,Dams,100,Pipeline Infrastructure,Increase CBR in top 2 layers,False
EC021,Water Reservoirs,90,Pipeline Infrastructure,Increase CBR in top 2 layers,False
EC021,Airport Runways,180,Pipeline Infrastructure,Reduce liquid limit via compaction,False
EC022,Residential Building,50,,Reduce liquid limit via compaction,False
EC022,High-rise Building,150,,Increase CBR in top 2 layers,False
EC022,Low-rise,100,,Reduce liquid limit via compaction,False
EC022,Roads & Highways,70,,Reduce liquid limit via compaction,False
EC022,Bridges,120,,Reduce liquid limit via compaction,False
EC022,Tunnels,150,,Reduce liquid limit via compaction,False
EC022,Railway Tracks,80,,Reduce liquid limit via compaction,False
EC022,Pipeline Infrastructure,30,,Reduce liquid limit via compaction,False
EC022,Dams,100,,Reduce liquid limit via compaction,False
EC022,Water Reservoirs,90,,Reduce liquid limit via compaction,False
EC022,Airport Runways,180,,Use deep foundations or densify subsoil,False
EC023,Residential Building,50,,,True
EC023,High-rise Building,150,Residential Building,Increase CBR in top 2 layers,False
EC023,Low-rise,100,,,True
EC023,Roads & Highways,70,,,True
EC023,Bridges,120,Residential Building,Use deep foundations or densify subsoil,False
EC023,Tunnels,150,Residential Building,Increase CBR in top 2 layers,False
EC023,Railway Tracks,80,,,True
EC023,Pipeline Infrastructure,30,,,True
EC023,Dams,100,Residential Building,Reduce liquid limit via compaction,False
EC023,Water Reservoirs,90,Residential Building,Reduce liquid limit via compaction,False
EC023,Airport Runways,180,Residential Building,Reduce liquid limit via compaction,False
EC024,Residential Building,50,,,True
EC024,High-rise Building,150,Residential Building,Increase CBR in top 2 layers,False
EC024,Low-rise,100,Residential Building,Use deep foundations or densify subsoil,False
EC024,Roads & Highways,70,Residential Building,Increase CBR in top 2 layers,False
EC024,Bridges,120,Residential Building,Use deep foundations or densify subsoil,False
EC024,Tunnels,150,Residential Building,Increase CBR in top 2 layers,False
EC024,Railway Tracks,80,Residential Building,Use deep foundations or densify subsoil,False
EC024,Pipeline Infrastructure,30,,,True
EC024,Dams,100,Residential Building,Use deep foundations or densify subsoil,False
EC024,Water Reservoirs,90,Residential Building,Increase CBR in top 2 layers,False
EC024,Airport Runways,180,Residential Building,Increase CBR in top 2 layers,False
EC025,Residential Building,50,,,True
EC025,High-rise Building,150,Residential Building,Reduce liquid limit via compaction,False
EC025,Low-rise,100,,,True
EC025,Roads & Highways,70,,,True
EC025,Bridges,120,Residential Building,Use deep foundations or densify subsoil,False
EC025,Tunnels,150,Residential Building,Reduce liquid limit via compaction,False
EC025,Railway Tracks,80,,,True
EC025,Pipeline Infrastructure,30,,,True
EC025,Dams,100,Residential Building,Reduce liquid limit via compaction,False
EC025,Water Reservoirs,90,,,True
EC025,Airport Runways,180,Residential Building,Use deep foundations or densify subsoil,False
EC026,Residential Building,50,,,True
EC026,High-rise Building,150,Residential Building,Increase CBR in top 2 layers,False
EC026,Low-rise,100,,,True
EC026,Roads & Highways,70,,,True
EC026,Bridges,120,Residential Building,Use deep foundations or densify subsoil,False
EC026,Tunnels,150,Residential Building,Increase CBR in top 2 layers,False
EC026,Railway Tracks,80,,,True
EC026,Pipeline Infrastructure,30,,,True
EC026,Dams,100,,,True
EC026,Water Reservoirs,90,,,True
EC026,Airport Runways,180,Residential Building,Increase CBR in top 2 layers,False
EC027,Residential Building,50,,Reduce liquid limit via compaction,False
EC027,High-rise Building,150,,Reduce liquid limit via compaction,False
EC027,Low-rise,100,,Increase CBR in top 2 layers,False
EC027,Roads & Highways,70,,Increase CBR in top 2 layers,False
EC027,Bridges,120,,Reduce liquid limit via compaction,False
EC027,Tunnels,150,,Reduce liquid limit via compaction,False
EC027,Railway Tracks,80,,Reduce liquid limit via compaction,False
EC027,Pipeline Infrastructure,30,,Use deep foundations or densify subsoil,False
EC027,Dams,100,,Use deep foundations or densify subsoil,False
EC027,Water Reservoirs,90,,Use deep foundations or densify subsoil,False
EC027,Airport Runways,180,,Increase CBR in top 2 layers,False
EC028,Residential Building,50,Pipeline Infrastructure,Reduce liquid limit via compaction,False
EC028,High-rise Building,150,Pipeline Infrastructure,Increase CBR in top 2 layers,False
EC028,Low-rise,100,Pipeline Infrastructure,Reduce liquid limit via compaction,False
EC028,Roads & Highways,70,Pipeline Infrastructure,Reduce liquid limit via compaction,False
EC028,Bridges,120,Pipeline Infrastructure,Use deep foundations or densify subsoil,False
EC028,Tunnels,150,Pipeline Infrastructure,Use deep foundations or densify subsoil,False
EC028,Railway Tracks,80,Pipeline Infrastructure,Reduce liquid limit via compaction,False
EC028,Pipeline Infrastructure,30,,,True
EC028,Dams,100,Pipeline Infrastructure,Reduce liquid limit via compaction,False
EC028,Water Reservoirs,90,Pipeline Infrastructure,Reduce liquid limit via compaction,False
EC028,Airport Runways,180,Pipeline Infrastructure,Increase CBR in top 2 layers,False
EC029,Residential Building,50,,Reduce liquid limit via compaction,False
EC029,High-rise Building,150,,Increase CBR in top 2 layers,False
EC029,Low-rise,100,,Use deep foundations or densify subsoil,False
EC029,Roads & Highways,70,,Reduce liquid limit via compaction,False
EC029,Bridges,120,,Increase CBR in top 2 layers,False
EC029,Tunnels,150,,Increase CBR in top 2 layers,False
EC029,Railway Tracks,80,,Reduce liquid limit via compaction,False
EC029,Pipeline Infrastructure,30,,Reduce liquid limit via compaction,False
EC029,Dams,100,,Reduce liquid limit via compaction,False
EC029,Water Reservoirs,90,,Reduce liquid limit via compaction,False
EC029,Airport Runways,180,,Use deep foundations or densify subsoil,False
EC030,Residential Building,50,,,True
EC030,High-rise Building,150,Residential Building,Increase CBR in top 2 layers,False
EC030,Low-rise,100,Residential Building,Use deep foundations or densify subsoil,False
EC030,Roads & Highways,70,,,True
EC030,Bridges,120,Residential Building,Reduce liquid limit via compaction,False
EC030,Tunnels,150,Residential Building,Use deep foundations or densify subsoil,False
EC030,Railway Tracks,80,Residential Building,Use deep foundations or densify subsoil,False
EC030,Pipeline Infrastructure,30,,,True
EC030,Dams,100,Residential Building,Use deep foundations or densify subsoil,False
EC030,Water Reservoirs,90,Residential Building,Reduce liquid limit via compaction,False
EC030,Airport Runways,180,Residential Building,Reduce liquid limit via compaction,False
EC031,Residential Building,50,,Reduce liquid limit via compaction,False
EC031,High-rise Building,150,,Reduce liquid limit via compaction,False
EC031,Low-rise,100,,Reduce liquid limit via compaction,False
EC031,Roads & Highways,70,,Reduce liquid limit via compaction,False
EC031,Bridges,120,,Reduce liquid limit via compaction,False
EC031,Tunnels,150,,Use deep foundations or densify subsoil,False
EC031,Railway Tracks,80,,Increase CBR in top 2 layers,False
EC031,Pipeline Infrastructure,30,,Reduce liquid limit via compaction,False
EC031,Dams,100,,Reduce liquid limit via compaction,False
EC031,Water Reservoirs,90,,Use deep foundations or densify subsoil,False
EC031,Airport Runways,180,,Increase CBR in top 2 layers,False
EC032,Residential Building,50,Pipeline Infrastructure,Reduce liquid limit via compaction,False
EC032,High-rise Building,150,Pipeline Infrastructure,Increase CBR in top 2 layers,False
EC032,Low-rise,100,Pipeline Infrastructure,Reduce liquid limit via compaction,False
EC032,Roads & Highways,70,Pipeline Infrastructure,Reduce liquid limit via compaction,False
EC032,Bridges,120,Pipeline Infrastructure,Increase CBR in top 2 layers,False
EC032,Tunnels,150,Pipeline Infrastructure,Increase CBR in top 2 layers,False
EC032,Railway Tracks,80,Pipeline Infrastructure,Reduce liquid limit via compaction,False
EC032,Pipeline Infrastructure,30,,,True
EC032,Dams,100,Pipeline Infrastructure,Use deep foundations or densify subsoil,False
EC032,Water Reservoirs,90,Pipeline Infrastructure,Reduce liquid limit via compaction,False
EC032,Airport Runways,180,Pipeline Infrastructure,Use deep foundations or densify subsoil,False
EC033,Residential Building,50,Pipeline Infrastructure,Increase CBR in top 2 layers,False
EC033,High-rise Building,150,Pipeline Infrastructure,Reduce liquid limit via compaction,False
EC033,Low-rise,100,Pipeline Infrastructure,Use deep foundations or densify subsoil,False
EC033,Roads & Highways,70,Pipeline Infrastructure,Reduce liquid limit via compaction,False
EC033,Bridges,120,Pipeline Infrastructure,Use deep foundations or densify subsoil,False
EC033,Tunnels,150,Pipeline Infrastructure,Reduce liquid limit via compaction,False
EC033,Railway Tracks,80,Pipeline Infrastructure,Reduce liquid limit via compaction,False
EC033,Pipeline Infrastructure,30,,,True
EC033,Dams,100,Pipeline Infrastructure,Reduce liquid limit via compaction,False
EC033,Water Reservoirs,90,Pipeline Infrastructure,Reduce liquid limit via compaction,False
EC033,Airport Runways,180,Pipeline Infrastructure,Reduce liquid limit via compaction,False
EC034,Residential Building,50,,Use deep foundations or densify subsoil,False
EC034,High-rise Building,150,,Reduce liquid limit via compaction,False
EC034,Low-rise,100,,Use deep foundations or densify subsoil,False
EC034,Roads & Highways,70,,Use deep foundations or densify subsoil,False
EC034,Bridges,120,,Increase CBR in top 2 layers,False
EC034,Tunnels,150,,Reduce liquid limit via compaction,False
EC034,Railway Tracks,80,,Increase CBR in top 2 layers,False
EC034,Pipeline Infrastructure,30,,Increase CBR in top 2 layers,False
EC034,Dams,100,,Use deep foundations or densify subsoil,False
EC034,Water Reservoirs,90,,Use deep foundations or densify subsoil,False
EC034,Airport Runways,180,,Increase CBR in top 2 layers,False
FI010,Residential Building,50,,Reduce liquid limit via compaction,False
FI010,High-rise Building,150,,Increase CBR in top 2 layers,False
FI010,Low-rise,100,,Use deep foundations or densify subsoil,False
FI010,Roads & Highways,70,,Reduce liquid limit via compaction,False
FI010,Bridges,120,,Use deep foundations or densify subsoil,False
FI010,Tunnels,150,,Use deep foundations or densify subsoil,False
FI010,Railway Tracks,80,,Reduce liquid limit via compaction,False
FI010,Pipeline Infrastructure,30,,Reduce liquid limit via compaction,False
FI010,Dams,100,,Increase CBR in top 2 layers,False
FI010,Water Reservoirs,90,,Reduce liquid limit via compaction,False
FI010,Airport Runways,180,,Increase CBR in top 2 layers,False
GN007,Residential Building,50,,,True
GN007,High-rise Building,150,Residential Building,Reduce liquid limit via compaction,False
GN007,Low-rise,100,Residential Building,Use deep foundations or densify subsoil,False
GN007,Roads & Highways,70,,,True
GN007,Bridges,120,Residential Building,Increase CBR in top 2 layers,False
GN007,Tunnels,150,Residential Building,Use deep foundations or densify subsoil,False
GN007,Railway Tracks,80,,,True
GN007,Pipeline Infrastructure,30,,,True
GN007,Dams,100,Residential Building,Use deep foundations or densify subsoil,False
GN007,Water Reservoirs,90,Residential Building,Reduce liquid limit via compaction,False
GN007,Airport Runways,180,Residential Building,Increase CBR in top 2 layers,False
GT001,Residential Building,50,,Reduce liquid limit via compaction,False
GT001,High-rise Building,150,,Use deep foundations or densify subsoil,False
GT001,Low-rise,100,,Increase CBR in top 2 layers,False
GT001,Roads & Highways,70,,Use deep foundations or densify subsoil,False
GT001,Bridges,120,,Reduce liquid limit via compaction,False
GT001,Tunnels,150,,Use deep foundations or densify subsoil,False
GT001,Railway Tracks,80,,Increase CBR in top 2 layers,False
GT001,Pipeline Infrastructure,30,,Reduce liquid limit via compaction,False
GT001,Dams,100,,Use deep foundations or densify subsoil,False
GT001,Water Reservoirs,90,,Increase CBR in top 2 layers,False
GT001,Airport Runways,180,,Increase CBR in top 2 layers,False
GT002,Residential Building,50,,Reduce liquid limit via compaction,False
GT002,High-rise Building,150,,Use deep foundations or densify subsoil,False
GT002,Low-rise,100,,Use deep foundations or densify subsoil,False
GT002,Roads & Highways,70,,Use deep foundations or densify subsoil,False
GT002,Bridges,120,,Increase CBR in top 2 layers,False
GT002,Tunnels,150,,Increase CBR in top 2 layers,False
GT002,Railway Tracks,80,,Use deep foundations or densify subsoil,False
GT002,Pipeline Infrastructure,30,,Reduce liquid limit via compaction,False
GT002,Dams,100,,Use deep foundations or densify subsoil,False
GT002,Water Reservoirs,90,,Use deep foundations or densify subsoil,False
GT002,Airport Runways,180,,Reduce liquid limit via compaction,False
GT003,Residential Building,50,Pipeline Infrastructure,Reduce liquid limit via compaction,False
GT003,High-rise Building,150,Pipeline Infrastructure,Reduce liquid limit via compaction,False
GT003,Low-rise,100,Pipeline Infrastructure,Use deep foundations or densify subsoil,False
GT003,Roads & Highways,70,Pipeline Infrastructure,Reduce liquid limit via compaction,False
GT003,Bridges,120,Pipeline Infrastructure,Use deep foundations or densify subsoil,False
GT003,Tunnels,150,Pipeline Infrastructure,Reduce liquid limit via compaction,False
GT003,Railway Tracks,80,Pipeline Infrastructure,Reduce liquid limit via compaction,False
GT003,Pipeline Infrastructure,30,,,True
GT003,Dams,100,Pipeline Infrastructure,Use deep foundations or densify subsoil,False
GT003,Water Reservoirs,90,Pipeline Infrastructure,Use deep foundations or densify subsoil,False
GT003,Airport Runways,180,Pipeline Infrastructure,Use deep foundations or densify subsoil,False
GT004,Residential Building,50,,,True
GT004,High-rise Building,150,Residential Building,Use deep foundations or densify subsoil,False
GT004,Low-rise,100,Residential Building,Use deep foundations or densify subsoil,False
GT004,Roads & Highways,70,,,True
GT004,Bridges,120,Residential Building,Increase CBR in top 2 layers,False
GT004,Tunnels,150,Residential Building,Increase CBR in top 2 layers,False
GT004,Railway Tracks,80,,,True
GT004,Pipeline Infrastructure,30,,,True
GT004,Dams,100,Residential Building,Use deep foundations or densify subsoil,False
GT004,Water Reservoirs,90,Residential Building,Use deep foundations or densify subsoil,False
GT004,Airport Runways,180,Residential Building,Reduce liquid limit via compaction,False
GT005,Residential Building,50,,,True
GT005,High-rise Building,150,Residential Building,Use deep foundations or densify subsoil,False
GT005,Low-rise,100,Residential Building,Use deep foundations or densify subsoil,False
GT005,Roads & Highways,70,,,True
GT005,Bridges,120,Residential Building,Use deep foundations or densify subsoil,False
GT005,Tunnels,150,Residential Building,Use deep foundations or densify subsoil,False
GT005,Railway Tracks,80,,,True
GT005,Pipeline Infrastructure,30,,,True
GT005,Dams,100,Residential Building,Use deep foundations or densify subsoil,False
GT005,Water Reservoirs,90,Residential Building,Use deep foundations or densify subsoil,False
GT005,Airport Runways,180,Residential Building,Increase CBR in top 2 layers,False
GT006,Residential Building,50,,Increase CBR in top 2 layers,False
GT006,High-rise Building,150,,Increase CBR in top 2 layers,False
GT006,Low-rise,100,,Use deep foundations or densify subsoil,False
GT006,Roads & Highways,70,,Use deep foundations or densify subsoil,False
GT006,Bridges,120,,Increase CBR in top 2 layers,False
GT006,Tunnels,150,,Use deep foundations or densify subsoil,False
GT006,Railway Tracks,80,,Use deep foundations or densify subsoil,False
GT006,Pipeline Infrastructure,30,,Increase CBR in top 2 layers,False
GT006,Dams,100,,Increase CBR in top 2 layers,False
GT006,Water Reservoirs,90,,Use deep foundations or densify subsoil,False
GT006,Airport Runways,180,,Increase CBR in top 2 layers,False
GT007,Residential Building,50,,,True
GT007,High-rise Building,150,Residential Building,Increase CBR in top 2 layers,False
GT007,Low-rise,100,,,True
GT007,Roads & Highways,70,,,True
GT007,Bridges,120,Residential Building,Reduce liquid limit via compaction,False
GT007,Tunnels,150,Residential Building,Use deep foundations or densify subsoil,False
GT007,Railway Tracks,80,,,True
GT007,Pipeline Infrastructure,30,,,True
GT007,Dams,100,Residential Building,Reduce liquid limit via compaction,False
GT007,Water Reservoirs,90,Residential Building,Reduce liquid limit via compaction,False
GT007,Airport Runways,180,Residential Building,Increase CBR in top 2 layers,False
GT008,Residential Building,50,,,True
GT008,High-rise Building,150,Residential Building,Increase CBR in top 2 layers,False
GT008,Low-rise,100,Residential Building,Increase CBR in top 2 layers,False
GT008,Roads & Highways,70,Residential Building,Use deep foundations or densify subsoil,False
GT008,Bridges,120,Residential Building,Increase CBR in top 2 layers,False
GT008,Tunnels,150,Residential Building,Use deep foundations or densify subsoil,False
GT008,Railway Tracks,80,Residential Building,Increase CBR in top 2 layers,False
GT008,Pipeline Infrastructure,30,,,True
GT008,Dams,100,Residential Building,Increase CBR in top 2 layers,False
GT008,Water Reservoirs,90,Residential Building,Use deep foundations or densify subsoil,False
GT008,Airport Runways,180,Residential Building,Increase CBR in top 2 layers,False
GT009,Residential Building,50,Pipeline Infrastructure,Reduce liquid limit via compaction,False
GT009,High-rise Building,150,Pipeline Infrastructure,Reduce liquid limit via compaction,False
GT009,Low-rise,100,Pipeline Infrastructure,Use deep foundations or densify subsoil,False
GT009,Roads & Highways,70,Pipeline Infrastructure,Reduce liquid limit via compaction,False
GT009,Bridges,120,Pipeline Infrastructure,Use deep foundations or densify subsoil,False
GT009,Tunnels,150,Pipeline Infrastructure,Reduce liquid limit via compaction,False
GT009,Railway Tracks,80,Pipeline Infrastructure,Use deep foundations or densify subsoil,False
GT009,Pipeline Infrastructure,30,,,True
GT009,Dams,100,Pipeline Infrastructure,Reduce liquid limit via compaction,False
GT009,Water Reservoirs,90,Pipeline Infrastructure,Increase CBR in top 2 layers,False
GT009,Airport Runways,180,Pipeline Infrastructure,Use deep foundations or densify subsoil,False
GT010,Residential Building,50,,Reduce liquid limit via compaction,False
GT010,High-rise Building,150,,Use deep foundations or densify subsoil,False
GT010,Low-rise,100,,Use deep foundations or densify subsoil,False
GT010,Roads & Highways,70,,Reduce liquid limit via compaction,False
GT010,Bridges,120,,Use deep foundations or densify subsoil,False
GT010,Tunnels,150,,Use deep foundations or densify subsoil,False
GT010,Railway Tracks,80,,Reduce liquid limit via compaction,False
GT010,Pipeline Infrastructure,30,,Reduce liquid limit via compaction,False
GT010,Dams,100,,Reduce liquid limit via compaction,False
GT010,Water Reservoirs,90,,Reduce liquid limit via compaction,False
GT010,Airport Runways,180,,Use deep foundations or densify subsoil,False
GT011,Residential Building,50,,,True
GT011,High-rise Building,150,Residential Building,Increase CBR in top 2 layers,False
GT011,Low-rise,100,Residential Building,Reduce liquid limit via compaction,False
GT011,Roads & Highways,70,,,True
GT011,Bridges,120,Residential Building,Increase CBR in top 2 layers,False
GT011,Tunnels,150,Residential Building,Use deep foundations or densify subsoil,False
GT011,Railway Tracks,80,,,True
GT011,Pipeline Infrastructure,30,,,True
GT011,Dams,100,Residential Building,Reduce liquid limit via compaction,False
GT011,Water Reservoirs,90,Residential Building,Reduce liquid limit via compaction,False
GT011,Airport Runways,180,Residential Building,Reduce liquid limit via compaction,False
GY001,Residential Building,50,,Reduce liquid limit via compaction,False
GY001,High-rise Building,150,,Increase CBR in top 2 layers,False
GY001,Low-rise,100,,Reduce liquid limit via compaction,False
GY001,Roads & Highways,70,,Reduce liquid limit via compaction,False
GY001,Bridges,120,,Reduce liquid limit via compaction,False
GY001,Tunnels,150,,Use deep foundations or densify subsoil,False
GY001,Railway Tracks,80,,Reduce liquid limit via compaction,False
GY001,Pipeline Infrastructure,30,,Reduce liquid limit via compaction,False
GY001,Dams,100,,Reduce liquid limit via compaction,False
GY001,Water Reservoirs,90,,Reduce liquid limit via compaction,False
GY001,Airport Runways,180,,Use deep foundations or densify subsoil,False
GY002,Residential Building,50,Pipeline Infrastructure,Reduce liquid limit via compaction,False
GY002,High-rise Building,150,Pipeline Infrastructure,Use deep foundations or densify subsoil,False
GY002,Low-rise,100,Pipeline Infrastructure,Increase CBR in top 2 layers,False
GY002,Roads & Highways,70,Pipeline Infrastructure,Reduce liquid limit via compaction,False
GY002,Bridges,120,Pipeline Infrastructure,Increase CBR in top 2 layers,False
GY002,Tunnels,150,Pipeline Infrastructure,Increase CBR in top 2 layers,False
GY002,Railway Tracks,80,Pipeline Infrastructure,Use deep foundations or densify subsoil,False
GY002,Pipeline Infrastructure,30,,,True
GY002,Dams,100,Pipeline Infrastructure,Increase CBR in top 2 layers,False
GY002,Water Reservoirs,90,Pipeline Infrastructure,Increase CBR in top 2 layers,False
GY002,Airport Runways,180,Pipeline Infrastructure,Reduce liquid limit via compaction,False
GY003,Residential Building,50,,Reduce liquid limit via compaction,False
GY003,High-rise Building,150,,Increase CBR in top 2 layers,False
GY003,Low-rise,100,,Use deep foundations or densify subsoil,False
GY003,Roads & Highways,70,,Reduce liquid limit via compaction,False
GY003,Bridges,120,,Increase CBR in top 2 layers,False
GY003,Tunnels,150,,Increase CBR in top 2 layers,False
GY003,Railway Tracks,80,,Reduce liquid limit via compaction,False
GY003,Pipeline Infrastructure,30,,Reduce liquid limit via compaction,False
GY003,Dams,100,,Use deep foundations or densify subsoil,False
GY003,Water Reservoirs,90,,Reduce liquid limit via compaction,False
GY003,Airport Runways,180,,Use deep foundations or densify subsoil,False
HN001,Residential Building,50,,Reduce liquid limit via compaction,False
HN001,High-rise Building,150,,Reduce liquid limit via compaction,False
HN001,Low-rise,100,,Reduce liquid limit via compaction,False
HN001,Roads & Highways,70,,Increase CBR in top 2 layers,False
HN001,Bridges,120,,Increase CBR in top 2 layers,False
HN001,Tunnels,150,,Increase CBR in top 2 layers,False
HN001,Railway Tracks,80,,Use deep foundations or densify subsoil,False
HN001,Pipeline Infrastructure,30,,Reduce liquid limit via compaction,False
HN001,Dams,100,,Use deep foundations or densify subsoil,False
HN001,Water Reservoirs,90,,Reduce liquid limit via compaction,False
HN001,Airport Runways,180,,Reduce liquid limit via compaction,False
HN002,Residential Building,50,,Reduce liquid limit via compaction,False
HN002,High-rise Building,150,,Reduce liquid limit via compaction,False
HN002,Low-rise,100,,Increase CBR in top 2 layers,False
HN002,Roads & Highways,70,,Reduce liquid limit via compaction,False
HN002,Bridges,120,,Reduce liquid limit via compaction,False
HN002,Tunnels,150,,Use deep foundations or densify subsoil,False
HN002,Railway Tracks,80,,Increase CBR in top 2 layers,False
HN002,Pipeline Infrastructure,30,,Reduce liquid limit via compaction,False
HN002,Dams,100,,Increase CBR in top 2 layers,False
HN002,Water Reservoirs,90,,Use deep foundations or densify subsoil,False
HN002,Airport Runways,180,,Reduce liquid limit via compaction,False
HN003,Residential Building,50,,Use deep foundations or densify subsoil,False
HN003,High-rise Building,150,,Reduce liquid limit via compaction,False
HN003,Low-rise,100,,Increase CBR in top 2 layers,False
HN003,Roads & Highways,70,,Increase CBR in top 2 layers,False
HN003,Bridges,120,,Increase CBR in top 2 layers,False
HN003,Tunnels,150,,Use deep foundations or densify subsoil,False
HN003,Railway Tracks,80,,Use deep foundations or densify subsoil,False
HN003,Pipeline Infrastructure,30,,Reduce liquid limit via compaction,False
HN003,Dams,100,,Increase CBR in top 2 layers,False
HN003,Water Reservoirs,90,,Use deep foundations or densify subsoil,False
HN003,Airport Runways,180,,Use deep foundations or densify subsoil,False
HN004,Residential Building,50,Pipeline Infrastructure,Use deep foundations or densify subsoil,False
HN004,High-rise Building,150,Pipeline Infrastructure,Reduce liquid limit via compaction,False
HN004,Low-rise,100,Pipeline Infrastructure,Increase CBR in top 2 layers,False
HN004,Roads & Highways,70,Pipeline Infrastructure,Increase CBR in top 2 layers,False
HN004,Bridges,120,Pipeline Infrastructure,Increase CBR in top 2 layers,False
HN004,Tunnels,150,Pipeline Infrastructure,Use deep foundations or densify subsoil,False
HN004,Railway Tracks,80,Pipeline Infrastructure,Increase CBR in top 2 layers,False
HN004,Pipeline Infrastructure,30,,,True
HN004,Dams,100,Pipeline Infrastructure,Reduce liquid limit via compaction,False
HN004,Water Reservoirs,90,Pipeline Infrastructure,Use deep foundations or densify subsoil,False
HN004,Airport Runways,180,Pipeline Infrastructure,Use deep foundations or densify subsoil,False
HN005,Residential Building,50,,Reduce liquid limit via compaction,False
HN005,High-rise Building,150,,Increase CBR in top 2 layers,False
HN005,Low-rise,100,,Use deep foundations or densify subsoil,False
HN005,Roads & Highways,70,,Increase CBR in top 2 layers,False
HN005,Bridges,120,,Reduce liquid limit via compaction,False
HN005,Tunnels,150,,Use deep foundations or densify subsoil,False
HN005,Railway Tracks,80,,Reduce liquid limit via compaction,False
HN005,Pipeline Infrastructure,30,,Reduce liquid limit via compaction,False
HN005,Dams,100,,Use deep foundations or densify subsoil,False
HN005,Water Reservoirs,90,,Reduce liquid limit via compaction,False
HN005,Airport Runways,180,,Increase CBR in top 2 layers,False
HN006,Residential Building,50,Pipeline Infrastructure,Increase CBR in top 2 layers,False
HN006,High-rise Building,150,Pipeline Infrastructure,Increase CBR in top 2 layers,False
HN006,Low-rise,100,Pipeline Infrastructure,Reduce liquid limit via compaction,False
HN006,Roads & Highways,70,Pipeline Infrastructure,Reduce liquid limit via compaction,False
HN006,Bridges,120,Pipeline Infrastructure,Increase CBR in top 2 layers,False
HN006,Tunnels,150,Pipeline Infrastructure,Increase CBR in top 2 layers,False
HN006,Railway Tracks,80,Pipeline Infrastructure,Reduce liquid limit via compaction,False
HN006,Pipeline Infrastructure,30,,,True
HN006,Dams,100,Pipeline Infrastructure,Increase CBR in top 2 layers,False
HN006,Water Reservoirs,90,Pipeline Infrastructure,Increase CBR in top 2 layers,False
HN006,Airport Runways,180,Pipeline Infrastructure,Increase CBR in top 2 layers,False
HN007,Residential Building,50,,,True
HN007,High-rise Building,150,Residential Building,Increase CBR in top 2 layers,False
HN007,Low-rise,100,Residential Building,Increase CBR in top 2 layers,False
HN007,Roads & Highways,70,Residential Building,Increase CBR in top 2 layers,False
HN007,Bridges,120,Residential Building,Increase CBR in top 2 layers,False
HN007,Tunnels,150,Residential Building,Increase CBR in top 2 layers,False
HN007,Railway Tracks,80,Residential Building,Increase CBR in top 2 layers,False
HN007,Pipeline Infrastructure,30,,,True
HN007,Dams,100,Residential Building,Increase CBR in top 2 layers,False
HN007,Water Reservoirs,90,Residential Building,Increase CBR in top 2 layers,False
HN007,Airport Runways,180,Residential Building,Increase CBR in top 2 layers,False
HN008,Residential Building,50,,,True
HN008,High-rise Building,150,Residential Building,Use deep foundations or densify subsoil,False
HN008,Low-rise,100,Residential Building,Reduce liquid limit via compaction,False
HN008,Roads & Highways,70,,,True
HN008,Bridges,120,Residential Building,Use deep foundations or densify subsoil,False
HN008,Tunnels,150,Residential Building,Use deep foundations or densify subsoil,False
HN008,Railway Tracks,80,,,True
HN008,Pipeline Infrastructure,30,,,True
HN008,Dams,100,Residential Building,Reduce liquid limit via compaction,False
HN008,Water Reservoirs,90,Residential Building,Reduce liquid limit via compaction,False
HN008,Airport Runways,180,Residential Building,Reduce liquid limit via compaction,False
ID045,Residential Building,50,,,True
ID045,High-rise Building,150,Residential Building,Reduce liquid limit via compaction,False
ID045,Low-rise,100,Residential Building,Use deep foundations or densify subsoil,False
ID045,Roads & Highways,70,,,True
ID045,Bridges,120,Residential Building,Reduce liquid limit via compaction,False
ID045,Tunnels,150,Residential Building,Use deep foundations or densify subsoil,False
ID045,Railway Tracks,80,,,True
ID045,Pipeline Infrastructure,30,,,True
ID045,Dams,100,Residential Building,Reduce liquid limit via compaction,False
ID045,Water Reservoirs,90,Residential Building,Use deep foundations or densify subsoil,False
ID045,Airport Runways,180,Residential Building,Increase CBR in top 2 layers,False
ID046,Residential Building,50,,,True
ID046,High-rise Building,150,Residential Building,Increase CBR in top 2 layers,False
ID046,Low-rise,100,Residential Building,Increase CBR in top 2 layers,False
ID046,Roads & Highways,70,,,True
ID046,Bridges,120,Residential Building,Use deep foundations or densify subsoil,False
ID046,Tunnels,150,Residential Building,Use deep foundations or densify subsoil,False
ID046,Railway Tracks,80,Residential Building,Use deep foundations or densify subsoil,False
ID046,Pipeline Infrastructure,30,,,True
ID046,Dams,100,Residential Building,Use deep foundations or densify subsoil,False
ID046,Water Reservoirs,90,Residential Building,Increase CBR in top 2 layers,False
ID046,Airport Runways,180,Residential Building,Increase CBR in top 2 layers,False
ID047,Residential Building,50,,,True
ID047,High-rise Building,150,Residential Building,Increase CBR in top 2 layers,False
ID047,Low-rise,100,,,True
ID047,Roads & Highways,70,,,True
ID047,Bridges,120,Residential Building,Increase CBR in top 2 layers,False
ID047,Tunnels,150,Residential Building,Use deep foundations or densify subsoil,False
ID047,Railway Tracks,80,,,True
ID047,Pipeline Infrastructure,30,,,True
ID047,Dams,100,,,True
ID047,Water Reservoirs,90,,,True
ID047,Airport Runways,180,Residential Building,Use deep foundations or densify subsoil,False
ID048,Residential Building,50,,,True
ID048,High-rise Building,150,Residential Building,Use deep foundations or densify subsoil,False
ID048,Low-rise,100,Residential Building,Increase CBR in top 2 layers,False
ID048,Roads & Highways,70,Residential Building,Use deep foundations or densify subsoil,False
ID048,Bridges,120,Residential Building,Increase CBR in top 2 layers,False
ID048,Tunnels,150,Residential Building,Increase CBR in top 2 layers,False
ID048,Railway Tracks,80,Residential Building,Increase CBR in top 2 layers,False
ID048,Pipeline Infrastructure,30,,,True
ID048,Dams,100,Residential Building,Increase CBR in top 2 layers,False
ID048,Water Reservoirs,90,Residential Building,Use deep foundations or densify subsoil,False
ID048,Airport Runways,180,Residential Building,Use deep foundations or densify subsoil,False
ID049,Residential Building,50,,,True
ID049,High-rise Building,150,Residential Building,Use deep foundations or densify subsoil,False
ID049,Low-rise,100,Residential Building,Increase CBR in top 2 layers,False
ID049,Roads & Highways,70,,,True
ID049,Bridges,120,Residential Building,Use deep foundations or densify subsoil,False
ID049,Tunnels,150,Residential Building,Increase CBR in top 2 layers,False
ID049,Railway Tracks,80,Residential Building,Use deep foundations or densify subsoil,False
ID049,Pipeline Infrastructure,30,,,True
ID049,Dams,100,Residential Building,Use deep foundations or densify subsoil,False
ID049,Water Reservoirs,90,Residential Building,Use deep foundations or densify subsoil,False
ID049,Airport Runways,180,Residential Building,Use deep foundations or densify subsoil,False
ID050,Residential Building,50,,Reduce liquid limit via compaction,False
ID050,High-rise Building,150,,Increase CBR in top 2 layers,False
ID050,Low-rise,100,,Reduce liquid limit via compaction,False
ID050,Roads & Highways,70,,Reduce liquid limit via compaction,False
ID050,Bridges,120,,Use deep foundations or densify subsoil,False
ID050,Tunnels,150,,Reduce liquid limit via compaction,False
ID050,Railway Tracks,80,,Reduce liquid limit via compaction,False
ID050,Pipeline Infrastructure,30,,Reduce liquid limit via compaction,False
ID050,Dams,100,,Reduce liquid limit via compaction,False
ID050,Water Reservoirs,90,,Reduce liquid limit via compaction,False
ID050,Airport Runways,180,,Increase CBR in top 2 layers,False
ID051,Residential Building,50,,,True
ID051,High-rise Building,150,Residential Building,Use deep foundations or densify subsoil,False
ID051,Low-rise,100,Residential Building,Increase CBR in top 2 layers,False
ID051,Roads & Highways,70,Residential Building,Use deep foundations or densify subsoil,False
ID051,Bridges,120,Residential Building,Use deep foundations or densify subsoil,False
ID051,Tunnels,150,Residential Building,Increase CBR in top 2 layers,False
ID051,Railway Tracks,80,Residential Building,Increase CBR in top 2 layers,False
ID051,Pipeline Infrastructure,30,,,True
ID051,Dams,100,Residential Building,Increase CBR in top 2 layers,False
ID051,Water Reservoirs,90,Residential Building,Increase CBR in top 2 layers,False
ID051,Airport Runways,180,Residential Building,Use deep foundations or densify subsoil,False
ID052,Residential Building,50,Pipeline Infrastructure,Reduce liquid limit via compaction,False
ID052,High-rise Building,150,Pipeline Infrastructure,Increase CBR in top 2 layers,False
ID052,Low-rise,100,Pipeline Infrastructure,Reduce liquid limit via compaction,False
ID052,Roads & Highways,70,Pipeline Infrastructure,Reduce liquid limit via compaction,False
ID052,Bridges,120,Pipeline Infrastructure,Use deep foundations or densify subsoil,False
ID052,Tunnels,150,Pipeline Infrastructure,Increase CBR in top 2 layers,False
ID052,Railway Tracks,80,Pipeline Infrastructure,Reduce liquid limit via compaction,False
ID052,Pipeline Infrastructure,30,,,True
ID052,Dams,100,Pipeline Infrastructure,Reduce liquid limit via compaction,False
ID052,Water Reservoirs,90,Pipeline Infrastructure,Reduce liquid limit via compaction,False
ID052,Airport Runways,180,Pipeline Infrastructure,Use deep foundations or densify subsoil,False
ID053,Residential Building,50,Pipeline Infrastructure,Reduce liquid limit via compaction,False
ID053,High-rise Building,150,Pipeline Infrastructure,Reduce liquid limit via compaction,False
ID053,Low-rise,100,Pipeline Infrastructure,Reduce liquid limit via compaction,False
ID053,Roads & Highways,70,Pipeline Infrastructure,Reduce liquid limit via compaction,False
ID053,Bridges,120,Pipeline Infrastructure,Reduce liquid limit via compaction,False
ID053,Tunnels,150,Pipeline Infrastructure,Reduce liquid limit via compaction,False
ID053,Railway Tracks,80,Pipeline Infrastructure,Reduce liquid limit via compaction,False
ID053,Pipeline Infrastructure,30,,,True
ID053,Dams,100,Pipeline Infrastructure,Reduce liquid limit via compaction,False
ID053,Water Reservoirs,90,Pipeline Infrastructure,Reduce liquid limit via compaction,False
ID053,Airport Runways,180,Pipeline Infrastructure,Use deep foundations or densify subsoil,False
ID054,Residential Building,50,Pipeline Infrastructure,Reduce liquid limit via compaction,False
ID054,High-rise Building,150,Pipeline Infrastructure,Increase CBR in top 2 layers,False
ID054,Low-rise,100,Pipeline Infrastructure,Use deep foundations or densify subsoil,False
ID054,Roads & Highways,70,Pipeline Infrastructure,Reduce liquid limit via compaction,False
ID054,Bridges,120,Pipeline Infrastructure,Increase CBR in top 2 layers,False
ID054,Tunnels,150,Pipeline Infrastructure,Reduce liquid limit via compaction,False
ID054,Railway Tracks,80,Pipeline Infrastructure,Use deep foundations or densify subsoil,False
ID054,Pipeline Infrastructure,30,,,True
ID054,Dams,100,Pipeline Infrastructure,Use deep foundations or densify subsoil,False
ID054,Water Reservoirs,90,Pipeline Infrastructure,Use deep foundations or densify subsoil,False
ID054,Airport Runways,180,Pipeline Infrastructure,Use deep foundations or densify subsoil,False
ID055,Residential Building,50,Pipeline Infrastructure,Reduce liquid limit via compaction,False
ID055,High-rise Building,150,Pipeline Infrastructure,Reduce liquid limit via compaction,False
ID055,Low-rise,100,Pipeline Infrastructure,Reduce liquid limit via compaction,False
ID055,Roads & Highways,70,Pipeline Infrastructure,Reduce liquid limit via compaction,False
ID055,Bridges,120,Pipeline Infrastructure,Reduce liquid limit via compaction,False
ID055,Tunnels,150,Pipeline Infrastructure,Increase CBR in top 2 layers,False
ID055,Railway Tracks,80,Pipeline Infrastructure,Reduce liquid limit via compaction,False
ID055,Pipeline Infrastructure,30,,,True
ID055,Dams,100,Pipeline Infrastructure,Reduce liquid limit via compaction,False
ID055,Water Reservoirs,90,Pipeline Infrastructure,Reduce liquid limit via compaction,False
ID055,Airport Runways,180,Pipeline Infrastructure,Reduce liquid limit via compaction,False
ID056,Residential Building,50,,Reduce liquid limit via compaction,False
ID056,High-rise Building,150,,Use deep foundations or densify subsoil,False
ID056,Low-rise,100,,Use deep foundations or densify subsoil,False
ID056,Roads & Highways,70,,Reduce liquid limit via compaction,False
ID056,Bridges,120,,Use deep foundations or densify subsoil,False
ID056,Tunnels,150,,Use deep foundations or densify subsoil,False
ID056,Railway Tracks,80,,Reduce liquid limit via compaction,False
ID056,Pipeline Infrastructure,30,,Reduce liquid limit via compaction,False
ID056,Dams,100,,Increase CBR in top 2 layers,False
ID056,Water Reservoirs,90,,Reduce liquid limit via compaction,False
ID056,Airport Runways,180,,Reduce liquid limit via compaction,False
ID057,Residential Building,50,,,True
ID057,High-rise Building,150,Residential Building,Use deep foundations or densify subsoil,False
ID057,Low-rise,100,,,True
ID057,Roads & Highways,70,,,True
ID057,Bridges,120,Residential Building,Use deep foundations or densify subsoil,False
ID057,Tunnels,150,Residential Building,Increase CBR in top 2 layers,False
ID057,Railway Tracks,80,,,True
ID057,Pipeline Infrastructure,30,,,True
ID057,Dams,100,,,True
ID057,Water Reservoirs,90,,,True
ID057,Airport Runways,180,Residential Building,Reduce liquid limit via compaction,False
ID058,Residential Building,50,,Use deep foundations or densify subsoil,False
ID058,High-rise Building,150,,Reduce liquid limit via compaction,False
ID058,Low-rise,100,,Increase CBR in top 2 layers,False
ID058,Roads & Highways,70,,Increase CBR in top 2 layers,False
ID058,Bridges,120,,Increase CBR in top 2 layers,False
ID058,Tunnels,150,,Use deep foundations or densify subsoil,False
ID058,Railway Tracks,80,,Increase CBR in top 2 layers,False
ID058,Pipeline Infrastructure,30,,Reduce liquid limit via compaction,False
ID058,Dams,100,,Increase CBR in top 2 layers,False
ID058,Water Reservoirs,90,,Reduce liquid limit via compaction,False
ID058,Airport Runways,180,,Reduce liquid limit via compaction,False
ID059,Residential Building,50,,,True
ID059,High-rise Building,150,Residential Building,Use deep foundations or densify subsoil,False
ID059,Low-rise,100,Residential Building,Use deep foundations or densify subsoil,False
ID059,Roads & Highways,70,,,True
ID059,Bridges,120,Residential Building,Use deep foundations or densify subsoil,False
ID059,Tunnels,150,Residential Building,Increase CBR in top 2 layers,False
ID059,Railway Tracks,80,,,True
ID059,Pipeline Infrastructure,30,,,True
ID059,Dams,100,Residential Building,Increase CBR in top 2 layers,False
ID059,Water Reservoirs,90,Residential Building,Reduce liquid limit via compaction,False
ID059,Airport Runways,180,Residential Building,Reduce liquid limit via compaction,False
ID060,Residential Building,50,,,True
ID060,High-rise Building,150,Residential Building,Increase CBR in top 2 layers,False
ID060,Low-rise,100,Residential Building,Increase CBR in top 2 layers,False
ID060,Roads & Highways,70,Residential Building,Use deep foundations or densify subsoil,False
ID060,Bridges,120,Residential Building,Increase CBR in top 2 layers,False
ID060,Tunnels,150,Residential Building,Use deep foundations or densify subsoil,False
ID060,Railway Tracks,80,Residential Building,Use deep foundations or densify subsoil,False
ID060,Pipeline Infrastructure,30,,,True
ID060,Dams,100,Residential Building,Use deep foundations or densify subsoil,False
ID060,Water Reservoirs,90,Residential Building,Increase CBR in top 2 layers,False
ID060,Airport Runways,180,Residential Building,Increase CBR in top 2 layers,False
ID061,Residential Building,50,,Increase CBR in top 2 layers,False
ID061,High-rise Building,150,,Increase CBR in top 2 layers,False
ID061,Low-rise,100,,Increase CBR in top 2 layers,False
ID061,Roads & Highways,70,,Increase CBR in top 2 layers,False
ID061,Bridges,120,,Reduce liquid limit via compaction,False
ID061,Tunnels,150,,Increase CBR in top 2 layers,False
ID061,Railway Tracks,80,,Increase CBR in top 2 layers,False
ID061,Pipeline Infrastructure,30,,Increase CBR in top 2 layers,False
ID061,Dams,100,,Reduce liquid limit via compaction,False
ID061,Water Reservoirs,90,,Increase CBR in top 2 layers,False
ID061,Airport Runways,180,,Increase CBR in top 2 layers,False
ID062,Residential Building,50,,,True
ID062,High-rise Building,150,Residential Building,Use deep foundations or densify subsoil,False
ID062,Low-rise,100,Residential Building,Increase CBR in top 2 layers,False
ID062,Roads & Highways,70,,,True
ID062,Bridges,120,Residential Building,Use deep foundations or densify subsoil,False
ID062,Tunnels,150,Residential Building,Reduce liquid limit via compaction,False
ID062,Railway Tracks,80,Residential Building,Use deep foundations or densify subsoil,False
ID062,Pipeline Infrastructure,30,,,True
ID062,Dams,100,Residential Building,Reduce liquid limit via compaction,False
ID062,Water Reservoirs,90,Residential Building,Reduce liquid limit via compaction,False
ID062,Airport Runways,180,Residential Building,Reduce liquid limit via compaction,False
ID063,Residential Building,50,Pipeline Infrastructure,Reduce liquid limit via compaction,False
ID063,High-rise Building,150,Pipeline Infrastructure,Reduce liquid limit via compaction,False
ID063,Low-rise,100,Pipeline Infrastructure,Reduce liquid limit via compaction,False
ID063,Roads & Highways,70,Pipeline Infrastructure,Reduce liquid limit via compaction,False
ID063,Bridges,120,Pipeline Infrastructure,Reduce liquid limit via compaction,False
ID063,Tunnels,150,Pipeline Infrastructure,Use deep foundations or densify subsoil,False
ID063,Railway Tracks,80,Pipeline Infrastructure,Reduce liquid limit via compaction,False
ID063,Pipeline Infrastructure,30,,,True
ID063,Dams,100,Pipeline Infrastructure,Reduce liquid limit via compaction,False
ID063,Water Reservoirs,90,Pipeline Infrastructure,Reduce liquid limit via compaction,False
ID063,Airport Runways,180,Pipeline Infrastructure,Increase CBR in top 2 layers,False
ID064,Residential Building,50,Pipeline Infrastructure,Reduce liquid limit via compaction,False
ID064,High-rise Building,150,Pipeline Infrastructure,Reduce liquid limit via compaction,False
ID064,Low-rise,100,Pipeline Infrastructure,Reduce liquid limit via compaction,False
ID064,Roads & Highways,70,Pipeline Infrastructure,Use deep foundations or densify subsoil,False
ID064,Bridges,120,Pipeline Infrastructure,Increase CBR in top 2 layers,False
ID064,Tunnels,150,Pipeline Infrastructure,Increase CBR in top 2 layers,False
ID064,Railway Tracks,80,Pipeline Infrastructure,Increase CBR in top 2 layers,False
ID064,Pipeline Infrastructure,30,,,True
ID064,Dams,100,Pipeline Infrastructure,Use deep foundations or densify subsoil,False
ID064,Water Reservoirs,90,Pipeline Infrastructure,Use deep foundations or densify subsoil,False
ID064,Airport Runways,180,Pipeline Infrastructure,Reduce liquid limit via compaction,False
ID065,Residential Building,50,,,True
ID065,High-rise Building,150,Residential Building,Use deep foundations or densify subsoil,False
ID065,Low-rise,100,Residential Building,Use deep foundations or densify subsoil,False
ID065,Roads & Highways,70,Residential Building,Increase CBR in top 2 layers,False
ID065,Bridges,120,Residential Building,Use deep foundations or densify subsoil,False
ID065,Tunnels,150,Residential Building,Increase CBR in top 2 layers,False
ID065,Railway Tracks,80,Residential Building,Use deep foundations or densify subsoil,False
ID065,Pipeline Infrastructure,30,,,True
ID065,Dams,100,Residential Building,Increase CBR in top 2 layers,False
ID065,Water Reservoirs,90,Residential Building,Use deep foundations or densify subsoil,False
ID065,Airport Runways,180,Residential Building,Reduce liquid limit via compaction,False
ID066,Residential Building,50,,,True
ID066,High-rise Building,150,Residential Building,Increase CBR in top 2 layers,False
ID066,Low-rise,100,Residential Building,Use deep foundations or densify subsoil,False
ID066,Roads & Highways,70,Residential Building,Use deep foundations or densify subsoil,False
ID066,Bridges,120,Residential Building,Use deep foundations or densify subsoil,False
ID066,Tunnels,150,Residential Building,Increase CBR in top 2 layers,False
ID066,Railway Tracks,80,Residential Building,Increase CBR in top 2 layers,False
ID066,Pipeline Infrastructure,30,,,True
ID066,Dams,100,Residential Building,Use deep foundations or densify subsoil,False
ID066,Water Reservoirs,90,Residential Building,Use deep foundations or densify subsoil,False
ID066,Airport Runways,180,Residential Building,Use deep foundations or densify subsoil,False
ID067,Residential Building,50,Pipeline Infrastructure,Reduce liquid limit via compaction,False
ID067,High-rise Building,150,Pipeline Infrastructure,Increase CBR in top 2 layers,False
ID067,Low-rise,100,Pipeline Infrastructure,Reduce liquid limit via compaction,False
ID067,Roads & Highways,70,Pipeline Infrastructure,Reduce liquid limit via compaction,False
ID067,Bridges,120,Pipeline Infrastructure,Increase CBR in top 2 layers,False
ID067,Tunnels,150,Pipeline Infrastructure,Use deep foundations or densify subsoil,False
ID067,Railway Tracks,80,Pipeline Infrastructure,Use deep foundations or densify subsoil,False
ID067,Pipeline Infrastructure,30,,,True
ID067,Dams,100,Pipeline Infrastructure,Reduce liquid limit via compaction,False
ID067,Water Reservoirs,90,Pipeline Infrastructure,Use deep foundations or densify subsoil,False
ID067,Airport Runways,180,Pipeline Infrastructure,Use deep foundations or densify subsoil,False
ID068,Residential Building,50,,,True
ID068,High-rise Building,150,Residential Building,Increase CBR in top 2 layers,False
ID068,Low-rise,100,Residential Building,Use deep foundations or densify subsoil,False
ID068,Roads & Highways,70,,,True
ID068,Bridges,120,Residential Building,Reduce liquid limit via compaction,False
ID068,Tunnels,150,Residential Building,Use deep foundations or densify subsoil,False
ID068,Railway Tracks,80,,,True
ID068,Pipeline Infrastructure,30,,,True
ID068,Dams,100,Residential Building,Use deep foundations or densify subsoil,False
ID068,Water Reservoirs,90,Residential Building,Reduce liquid limit via compaction,False
ID068,Airport Runways,180,Residential Building,Use deep foundations or densify subsoil,False
ID069,Residential Building,50,,Reduce liquid limit via compaction,False
ID069,High-rise Building,150,,Reduce liquid limit via compaction,False
ID069,Low-rise,100,,Increase CBR in top 2 layers,False
ID069,Roads & Highways,70,,Use deep foundations or densify subsoil,False
ID069,Bridges,120,,Reduce liquid limit via compaction,False
ID069,Tunnels,150,,Reduce liquid limit via compaction,False
ID069,Railway Tracks,80,,Use deep foundations or densify subsoil,False
ID069,Pipeline Infrastructure,30,,Reduce liquid limit via compaction,False
ID069,Dams,100,,Use deep foundations or densify subsoil,False
ID069,Water Reservoirs,90,,Use deep foundations or densify subsoil,False
ID069,Airport Runways,180,,Use deep foundations or densify subsoil,False
ID070,Residential Building,50,Pipeline Infrastructure,Reduce liquid limit via compaction,False
ID070,High-rise Building,150,Pipeline Infrastructure,Increase CBR in top 2 layers,False
ID070,Low-rise,100,Pipeline Infrastructure,Reduce liquid limit via compaction,False
ID070,Roads & Highways,70,Pipeline Infrastructure,Reduce liquid limit via compaction,False
ID070,Bridges,120,Pipeline Infrastructure,Increase CBR in top 2 layers,False
ID070,Tunnels,150,Pipeline Infrastructure,Reduce liquid limit via compaction,False
ID070,Railway Tracks,80,Pipeline Infrastructure,Reduce liquid limit via compaction,False
ID070,Pipeline Infrastructure,30,,,True
ID070,Dams,100,Pipeline Infrastructure,Reduce liquid limit via compaction,False
ID070,Water Reservoirs,90,Pipeline Infrastructure,Reduce liquid limit via compaction,False
ID070,Airport Runways,180,Pipeline Infrastructure,Reduce liquid limit via compaction,False
ID071,Residential Building,50,,Reduce liquid limit via compaction,False
ID071,High-rise Building,150,,Increase CBR in top 2 layers,False
ID071,Low-rise,100,,Use deep foundations or densify subsoil,False
ID071,Roads & Highways,70,,Reduce liquid limit via compaction,False
ID071,Bridges,120,,Increase CBR in top 2 layers,False
ID071,Tunnels,150,,Use deep foundations or densify subsoil,False
ID071,Railway Tracks,80,,Reduce liquid limit via compaction,False
ID071,Pipeline Infrastructure,30,,Reduce liquid limit via compaction,False
ID071,Dams,100,,Reduce liquid limit via compaction,False
ID071,Water Reservoirs,90,,Use deep foundations or densify subsoil,False
ID071,Airport Runways,180,,Reduce liquid limit via compaction,False
ID072,Residential Building,50,,,True
ID072,High-rise Building,150,Residential Building,Increase CBR in top 2 layers,False
ID072,Low-rise,100,Residential Building,Use deep foundations or densify subsoil,False
ID072,Roads & Highways,70,,,True
ID072,Bridges,120,Residential Building,Increase CBR in top 2 layers,False
ID072,Tunnels,150,Residential Building,Use deep foundations or densify subsoil,False
ID072,Railway Tracks,80,Residential Building,Use deep foundations or densify subsoil,False
ID072,Pipeline Infrastructure,30,,,True
ID072,Dams,100,Residential Building,Use deep foundations or densify subsoil,False
ID072,Water Reservoirs,90,Residential Building,Use deep foundations or densify subsoil,False
ID072,Airport Runways,180,Residential Building,Increase CBR in top 2 layers,False
ID073,Residential Building,50,,,True
ID073,High-rise Building,150,Residential Building,Use deep foundations or densify subsoil,False
ID073,Low-rise,100,Residential Building,Use deep foundations or densify subsoil,False
ID073,Roads & Highways,70,Residential Building,Use deep foundations or densify subsoil,False
ID073,Bridges,120,Residential Building,Use deep foundations or densify subsoil,False
ID073,Tunnels,150,Residential Building,Use deep foundations or densify subsoil,False
ID073,Railway Tracks,80,Residential Building,Use deep foundations or densify subsoil,False
ID073,Pipeline Infrastructure,30,,,True
ID073,Dams,100,Residential Building,Use deep foundations or densify subsoil,False
ID073,Water Reservoirs,90,Residential Building,Use deep foundations or densify subsoil,False
ID073,Airport Runways,180,Residential Building,Use deep foundations or densify subsoil,False
ID074,Residential Building,50,,,True
ID074,High-rise Building,150,Residential Building,Increase CBR in top 2 layers,False
ID074,Low-rise,100,Residential Building,Use deep foundations or densify subsoil,False
ID074,Roads & Highways,70,,,True
ID074,Bridges,120,Residential Building,Increase CBR in top 2 layers,False
ID074,Tunnels,150,Residential Building,Increase CBR in top 2 layers,False
ID074,Railway Tracks,80,,,True
ID074,Pipeline Infrastructure,30,,,True
ID074,Dams,100,Residential Building,Use deep foundations or densify subsoil,False
ID074,Water Reservoirs,90,,,True
ID074,Airport Runways,180,Residential Building,Increase CBR in top 2 layers,False
ID075,Residential Building,50,Pipeline Infrastructure,Reduce liquid limit via compaction,False
ID075,High-rise Building,150,Pipeline Infrastructure,Reduce liquid limit via compaction,False
ID075,Low-rise,100,Pipeline Infrastructure,Reduce liquid limit via compaction,False
ID075,Roads & Highways,70,Pipeline Infrastructure,Reduce liquid limit via compaction,False
ID075,Bridges,120,Pipeline Infrastructure,Reduce liquid limit via compaction,False
ID075,Tunnels,150,Pipeline Infrastructure,Increase CBR in top 2 layers,False
ID075,Railway Tracks,80,Pipeline Infrastructure,Use deep foundations or densify subsoil,False
ID075,Pipeline Infrastructure,30,,,True
ID075,Dams,100,Pipeline Infrastructure,Increase CBR in top 2 layers,False
ID075,Water Reservoirs,90,Pipeline Infrastructure,Reduce liquid limit via compaction,False
ID075,Airport Runways,180,Pipeline Infrastructure,Increase CBR in top 2 layers,False
ID076,Residential Building,50,,,True
ID076,High-rise Building,150,Residential Building,Increase CBR in top 2 layers,False
ID076,Low-rise,100,Residential Building,Use deep foundations or densify subsoil,False
ID076,Roads & Highways,70,,,True
ID076,Bridges,120,Residential Building,Use deep foundations or densify subsoil,False
ID076,Tunnels,150,Residential Building,Use deep foundations or densify subsoil,False
ID076,Railway Tracks,80,,,True
ID076,Pipeline Infrastructure,30,,,True
ID076,Dams,100,Residential Building,Use deep foundations or densify subsoil,False
ID076,Water Reservoirs,90,,,True
ID076,Airport Runways,180,Residential Building,Reduce liquid limit via compaction,False
ID077,Residential Building,50,,Reduce liquid limit via compaction,False
ID077,High-rise Building,150,,Use deep foundations or densify subsoil,False
ID077,Low-rise,100,,Increase CBR in top 2 layers,False
ID077,Roads & Highways,70,,Reduce liquid limit via compaction,False
ID077,Bridges,120,,Increase CBR in top 2 layers,False
ID077,Tunnels,150,,Increase CBR in top 2 layers,False
ID077,Railway Tracks,80,,Reduce liquid limit via compaction,False
ID077,Pipeline Infrastructure,30,,Reduce liquid limit via compaction,False
ID077,Dams,100,,Reduce liquid limit via compaction,False
ID077,Water Reservoirs,90,,Reduce liquid limit via compaction,False
ID077,Airport Runways,180,,Use deep foundations or densify subsoil,False
ID078,Residential Building,50,,Reduce liquid limit via compaction,False
ID078,High-rise Building,150,,Use deep foundations or densify subsoil,False
ID078,Low-rise,100,,Reduce liquid limit via compaction,False
ID078,Roads & Highways,70,,Reduce liquid limit via compaction,False
ID078,Bridges,120,,Reduce liquid limit via compaction,False
ID078,Tunnels,150,,Reduce liquid limit via compaction,False
ID078,Railway Tracks,80,,Reduce liquid limit via compaction,False
ID078,Pipeline Infrastructure,30,,Reduce liquid limit via compaction,False
ID078,Dams,100,,Reduce liquid limit via compaction,False
ID078,Water Reservoirs,90,,Reduce liquid limit via compaction,False
ID078,Airport Runways,180,,Use deep foundations or densify subsoil,False
ID079,Residential Building,50,,Reduce liquid limit via compaction,False
ID079,High-rise Building,150,,Increase CBR in top 2 layers,False
ID079,Low-rise,100,,Reduce liquid limit via compaction,False
ID079,Roads & Highways,70,,Reduce liquid limit via compaction,False
ID079,Bridges,120,,Reduce liquid limit via compaction,False
ID079,Tunnels,150,,Use deep foundations or densify subsoil,False
ID079,Railway Tracks,80,,Reduce liquid limit via compaction,False
ID079,Pipeline Infrastructure,30,,Reduce liquid limit via compaction,False
ID079,Dams,100,,Reduce liquid limit via compaction,False
ID079,Water Reservoirs,90,,Reduce liquid limit via compaction,False
ID079,Airport Runways,180,,Reduce liquid limit via compaction,False
ID080,Residential Building,50,,Reduce liquid limit via compaction,False
ID080,High-rise Building,150,,Increase CBR in top 2 layers,False
ID080,Low-rise,100,,Use deep foundations or densify subsoil,False
ID080,Roads & Highways,70,,Reduce liquid limit via compaction,False
ID080,Bridges,120,,Use deep foundations or densify subsoil,False
ID080,Tunnels,150,,Use deep foundations or densify subsoil,False
ID080,Railway Tracks,80,,Reduce liquid limit via compaction,False
ID080,Pipeline Infrastructure,30,,Reduce liquid limit via compaction,False
ID080,Dams,100,,Increase CBR in top 2 layers,False
ID080,Water Reservoirs,90,,Reduce liquid limit via compaction,False
ID080,Airport Runways,180,,Use deep foundations or densify subsoil,False
ID081,Residential Building,50,,Reduce liquid limit via compaction,False
ID081,High-rise Building,150,,Reduce liquid limit via compaction,False
ID081,Low-rise,100,,Reduce liquid limit via compaction,False
ID081,Roads & Highways,70,,Reduce liquid limit via compaction,False
ID081,Bridges,120,,Use deep foundations or densify subsoil,False
ID081,Tunnels,150,,Reduce liquid limit via compaction,False
ID081,Railway Tracks,80,,Increase CBR in top 2 layers,False
ID081,Pipeline Infrastructure,30,,Reduce liquid limit via compaction,False
ID081,Dams,100,,Increase CBR in top 2 layers,False
ID081,Water Reservoirs,90,,Reduce liquid limit via compaction,False
ID081,Airport Runways,180,,Use deep foundations or densify subsoil,False
ID082,Residential Building,50,Pipeline Infrastructure,Reduce liquid limit via compaction,False
ID082,High-rise Building,150,Pipeline Infrastructure,Reduce liquid limit via compaction,False
ID082,Low-rise,100,Pipeline Infrastructure,Reduce liquid limit via compaction,False
ID082,Roads & Highways,70,Pipeline Infrastructure,Reduce liquid limit via compaction,False
ID082,Bridges,120,Pipeline Infrastructure,Use deep foundations or densify subsoil,False
ID082,Tunnels,150,Pipeline Infrastructure,Use deep foundations or densify subsoil,False
ID082,Railway Tracks,80,Pipeline Infrastructure,Use deep foundations or densify subsoil,False
ID082,Pipeline Infrastructure,30,,,True
ID082,Dams,100,Pipeline Infrastructure,Use deep foundations or densify subsoil,False
ID082,Water Reservoirs,90,Pipeline Infrastructure,Use deep foundations or densify subsoil,False
ID082,Airport Runways,180,Pipeline Infrastructure,Use deep foundations or densify subsoil,False
ID083,Residential Building,50,Pipeline Infrastructure,Use deep foundations or densify subsoil,False
ID083,High-rise Building,150,Pipeline Infrastructure,Increase CBR in top 2 layers,False
ID083,Low-rise,100,Pipeline Infrastructure,Use deep foundations or densify subsoil,False
ID083,Roads & Highways,70,Pipeline Infrastructure,Reduce liquid limit via compaction,False
ID083,Bridges,120,Pipeline Infrastructure,Reduce liquid limit via compaction,False
ID083,Tunnels,150,Pipeline Infrastructure,Increase CBR in top 2 layers,False
ID083,Railway Tracks,80,Pipeline Infrastructure,Increase CBR in top 2 layers,False
ID083,Pipeline Infrastructure,30,,,True
ID083,Dams,100,Pipeline Infrastructure,Increase CBR in top 2 layers,False
ID083,Water Reservoirs,90,Pipeline Infrastructure,Use deep foundations or densify subsoil,False
ID083,Airport Runways,180,Pipeline Infrastructure,Increase CBR in top 2 layers,False
ID084,Residential Building,50,Pipeline Infrastructure,Reduce liquid limit via compaction,False
ID084,High-rise Building,150,Pipeline Infrastructure,Reduce liquid limit via compaction,False
ID084,Low-rise,100,Pipeline Infrastructure,Reduce liquid limit via compaction,False
ID084,Roads & Highways,70,Pipeline Infrastructure,Reduce liquid limit via compaction,False
ID084,Bridges,120,Pipeline Infrastructure,Increase CBR in top 2 layers,False
ID084,Tunnels,150,Pipeline Infrastructure,Reduce liquid limit via compaction,False
ID084,Railway Tracks,80,Pipeline Infrastructure,Reduce liquid limit via compaction,False
ID084,Pipeline Infrastructure,30,,,True
ID084,Dams,100,Pipeline Infrastructure,Reduce liquid limit via compaction,False
ID084,Water Reservoirs,90,Pipeline Infrastructure,Reduce liquid limit via compaction,False
ID084,Airport Runways,180,Pipeline Infrastructure,Use deep foundations or densify subsoil,False
ID085,Residential Building,50,,Reduce liquid limit via compaction,False
ID085,High-rise Building,150,,Reduce liquid limit via compaction,False
ID085,Low-rise,100,,Use deep foundations or densify subsoil,False
ID085,Roads & Highways,70,,Reduce liquid limit via compaction,False
ID085,Bridges,120,,Reduce liquid limit via compaction,False
ID085,Tunnels,150,,Use deep foundations or densify subsoil,False
ID085,Railway Tracks,80,,Reduce liquid limit via compaction,False
ID085,Pipeline Infrastructure,30,,Reduce liquid limit via compaction,False
ID085,Dams,100,,Increase CBR in top 2 layers,False
ID085,Water Reservoirs,90,,Reduce liquid limit via compaction,False
ID085,Airport Runways,180,,Increase CBR in top 2 layers,False
ID086,Residential Building,50,Pipeline Infrastructure,Reduce liquid limit via compaction,False
ID086,High-rise Building,150,Pipeline Infrastructure,Increase CBR in top 2 layers,False
ID086,Low-rise,100,Pipeline Infrastructure,Increase CBR in top 2 layers,False
ID086,Roads & Highways,70,Pipeline Infrastructure,Reduce liquid limit via compaction,False
ID086,Bridges,120,Pipeline Infrastructure,Increase CBR in top 2 layers,False
ID086,Tunnels,150,Pipeline Infrastructure,Use deep foundations or densify subsoil,False
ID086,Railway Tracks,80,Pipeline Infrastructure,Use deep foundations or densify subsoil,False
ID086,Pipeline Infrastructure,30,,,True
ID086,Dams,100,Pipeline Infrastructure,Use deep foundations or densify subsoil,False
ID086,Water Reservoirs,90,Pipeline Infrastructure,Increase CBR in top 2 layers,False
ID086,Airport Runways,180,Pipeline Infrastructure,Reduce liquid limit via compaction,False
ID087,Residential Building,50,Pipeline Infrastructure,Reduce liquid limit via compaction,False
ID087,High-rise Building,150,Pipeline Infrastructure,Reduce liquid limit via compaction,False
ID087,Low-rise,100,Pipeline Infrastructure,Reduce liquid limit via compaction,False
ID087,Roads & Highways,70,Pipeline Infrastructure,Reduce liquid limit via compaction,False
ID087,Bridges,120,Pipeline Infrastructure,Reduce liquid limit via compaction,False
ID087,Tunnels,150,Pipeline Infrastructure,Reduce liquid limit via compaction,False
ID087,Railway Tracks,80,Pipeline Infrastructure,Increase CBR in top 2 layers,False
ID087,Pipeline Infrastructure,30,,,True
ID087,Dams,100,Pipeline Infrastructure,Increase CBR in top 2 layers,False
ID087,Water Reservoirs,90,Pipeline Infrastructure,Reduce liquid limit via compaction,False
ID087,Airport Runways,180,Pipeline Infrastructure,Increase CBR in top 2 layers,False
ID088,Residential Building,50,Pipeline Infrastructure,Reduce liquid limit via compaction,False
ID088,High-rise Building,150,Pipeline Infrastructure,Use deep foundations or densify subsoil,False
ID088,Low-rise,100,Pipeline Infrastructure,Use deep foundations or densify subsoil,False
ID088,Roads & Highways,70,Pipeline Infrastructure,Reduce liquid limit via compaction,False
ID088,Bridges,120,Pipeline Infrastructure,Reduce liquid limit via compaction,False
ID088,Tunnels,150,Pipeline Infrastructure,Reduce liquid limit via compaction,False
ID088,Railway Tracks,80,Pipeline Infrastructure,Reduce liquid limit via compaction,False
ID088,Pipeline Infrastructure,30,,,True
ID088,Dams,100,Pipeline Infrastructure,Increase CBR in top 2 layers,False
ID088,Water Reservoirs,90,Pipeline Infrastructure,Increase CBR in top 2 layers,False
ID088,Airport Runways,180,Pipeline Infrastructure,Use deep foundations or densify subsoil,False
ID089,Residential Building,50,,Reduce liquid limit via compaction,False
ID089,High-rise Building,150,,Use deep foundations or densify subsoil,False
ID089,Low-rise,100,,Reduce liquid limit via compaction,False
ID089,Roads & Highways,70,,Reduce liquid limit via compaction,False
ID089,Bridges,120,,Use deep foundations or densify subsoil,False
ID089,Tunnels,150,,Reduce liquid limit via compaction,False
ID089,Railway Tracks,80,,Reduce liquid limit via compaction,False
ID089,Pipeline Infrastructure,30,,Reduce liquid limit via compaction,False
ID089,Dams,100,,Reduce liquid limit via compaction,False
ID089,Water Reservoirs,90,,Reduce liquid limit via compaction,False
ID089,Airport Runways,180,,Reduce liquid limit via compaction,False
ID090,Residential Building,50,,Use deep foundations or densify subsoil,False
ID090,High-rise Building,150,,Increase CBR in top 2 layers,False
ID090,Low-rise,100,,Increase CBR in top 2 layers,False
ID090,Roads & Highways,70,,Increase CBR in top 2 layers,False
ID090,Bridges,120,,Increase CBR in top 2 layers,False
ID090,Tunnels,150,,Use deep foundations or densify subsoil,False
ID090,Railway Tracks,80,,Use deep foundations or densify subsoil,False
ID090,Pipeline Infrastructure,30,,Increase CBR in top 2 layers,False
ID090,Dams,100,,Increase CBR in top 2 layers,False
ID090,Water Reservoirs,90,,Use deep foundations or densify subsoil,False
ID090,Airport Runways,180,,Reduce liquid limit via compaction,False
ID091,Residential Building,50,,,True
ID091,High-rise Building,150,Residential Building,Increase CBR in top 2 layers,False
ID091,Low-rise,100,,,True
ID091,Roads & Highways,70,,,True
ID091,Bridges,120,Residential Building,Increase CBR in top 2 layers,False
ID091,Tunnels,150,Residential Building,Use deep foundations or densify subsoil,False
ID091,Railway Tracks,80,,,True
ID091,Pipeline Infrastructure,30,,,True
ID091,Dams,100,,,True
ID091,Water Reservoirs,90,,,True
ID091,Airport Runways,180,Residential Building,Increase CBR in top 2 layers,False
ID092,Residential Building,50,,,True
ID092,High-rise Building,150,Residential Building,Increase CBR in top 2 layers,False
ID092,Low-rise,100,Residential Building,Reduce liquid limit via compaction,False
ID092,Roads & Highways,70,,,True
ID092,Bridges,120,Residential Building,Use deep foundations or densify subsoil,False
ID092,Tunnels,150,Residential Building,Use deep foundations or densify subsoil,False
ID092,Railway Tracks,80,,,True
ID092,Pipeline Infrastructure,30,,,True
ID092,Dams,100,Residential Building,Reduce liquid limit via compaction,False
ID092,Water Reservoirs,90,Residential Building,Reduce liquid limit via compaction,False
ID092,Airport Runways,180,Residential Building,Reduce liquid limit via compaction,False
ID093,Residential Building,50,,,True
ID093,High-rise Building,150,Residential Building,Use deep foundations or densify subsoil,False
ID093,Low-rise,100,Residential Building,Use deep foundations or densify subsoil,False
ID093,Roads & Highways,70,,,True
ID093,Bridges,120,Residential Building,Increase CBR in top 2 layers,False
ID093,Tunnels,150,Residential Building,Increase CBR in top 2 layers,False
ID093,Railway Tracks,80,,,True
ID093,Pipeline Infrastructure,30,,,True
ID093,Dams,100,Residential Building,Increase CBR in top 2 layers,False
ID093,Water Reservoirs,90,,,True
ID093,Airport Runways,180,Residential Building,Increase CBR in top 2 layers,False
ID094,Residential Building,50,,Reduce liquid limit via compaction,False
ID094,High-rise Building,150,,Reduce liquid limit via compaction,False
ID094,Low-rise,100,,Reduce liquid limit via compaction,False
ID094,Roads & Highways,70,,Reduce liquid limit via compaction,False
ID094,Bridges,120,,Reduce liquid limit via compaction,False
ID094,Tunnels,150,,Increase CBR in top 2 layers,False
ID094,Railway Tracks,80,,Use deep foundations or densify subsoil,False
ID094,Pipeline Infrastructure,30,,Reduce liquid limit via compaction,False
ID094,Dams,100,,Increase CBR in top 2 layers,False
ID094,Water Reservoirs,90,,Reduce liquid limit via compaction,False
ID094,Airport Runways,180,,Use deep foundations or densify subsoil,False
ID095,Residential Building,50,,Reduce liquid limit via compaction,False
ID095,High-rise Building,150,,Increase CBR in top 2 layers,False
ID095,Low-rise,100,,Reduce liquid limit via compaction,False
ID095,Roads & Highways,70,,Reduce liquid limit via compaction,False
ID095,Bridges,120,,Use deep foundations or densify subsoil,False
ID095,Tunnels,150,,Use deep foundations or densify subsoil,False
ID095,Railway Tracks,80,,Use deep foundations or densify subsoil,False
ID095,Pipeline Infrastructure,30,,Reduce liquid limit via compaction,False
ID095,Dams,100,,Increase CBR in top 2 layers,False
ID095,Water Reservoirs,90,,Increase CBR in top 2 layers,False
ID095,Airport Runways,180,,Use deep foundations or densify subsoil,False
ID096,Residential Building,50,,,True
ID096,High-rise Building,150,Residential Building,Use deep foundations or densify subsoil,False
ID096,Low-rise,100,Residential Building,Use deep foundations or densify subsoil,False
ID096,Roads & Highways,70,,,True
ID096,Bridges,120,Residential Building,Increase CBR in top 2 layers,False
ID096,Tunnels,150,Residential Building,Increase CBR in top 2 layers,False
ID096,Railway Tracks,80,,,True
ID096,Pipeline Infrastructure,30,,,True
ID096,Dams,100,Residential Building,Use deep foundations or densify subsoil,False
ID096,Water Reservoirs,90,Residential Building,Use deep foundations or densify subsoil,False
ID096,Airport Runways,180,Residential Building,Increase CBR in top 2 layers,False
ID097,Residential Building,50,,Reduce liquid limit via compaction,False
ID097,High-rise Building,150,,Reduce liquid limit via compaction,False
ID097,Low-rise,100,,Increase CBR in top 2 layers,False
ID097,Roads & Highways,70,,Use deep foundations or densify subsoil,False
ID097,Bridges,120,,Reduce liquid limit via compaction,False
ID097,Tunnels,150,,Reduce liquid limit via compaction,False
ID097,Railway Tracks,80,,Increase CBR in top 2 layers,False
ID097,Pipeline Infrastructure,30,,Reduce liquid limit via compaction,False
ID097,Dams,100,,Increase CBR in top 2 layers,False
ID097,Water Reservoirs,90,,Increase CBR in top 2 layers,False
ID097,Airport Runways,180,,Reduce liquid limit via compaction,False
ID098,Residential Building,50,,,True
ID098,High-rise Building,150,Residential Building,Use deep foundations or densify subsoil,False
ID098,Low-rise,100,,,True
ID098,Roads & Highways,70,,,True
ID098,Bridges,120,Residential Building,Increase CBR in top 2 layers,False
ID098,Tunnels,150,Residential Building,Use deep foundations or densify subsoil,False
ID098,Railway Tracks,80,,,True
ID098,Pipeline Infrastructure,30,,,True
ID098,Dams,100,,,True
ID098,Water Reservoirs,90,,,True
ID098,Airport Runways,180,Residential Building,Increase CBR in top 2 layers,False
ID099,Residential Building,50,,,True
ID099,High-rise Building,150,Residential Building,Use deep foundations or densify subsoil,False
ID099,Low-rise,100,,,True
ID099,Roads & Highways,70,,,True
ID099,Bridges,120,Residential Building,Increase CBR in top 2 layers,False
ID099,Tunnels,150,Residential Building,Increase CBR in top 2 layers,False
ID099,Railway Tracks,80,,,True
ID099,Pipeline Infrastructure,30,,,True
ID099,Dams,100,Residential Building,Reduce liquid limit via compaction,False
ID099,Water Reservoirs,90,,,True
ID099,Airport Runways,180,Residential Building,Increase CBR in top 2 layers,False
ID100,Residential Building,50,,,True
ID100,High-rise Building,150,Residential Building,Increase CBR in top 2 layers,False
ID100,Low-rise,100,Residential Building,Use deep foundations or densify subsoil,False
ID100,Roads & Highways,70,Residential Building,Use deep foundations or densify subsoil,False
ID100,Bridges,120,Residential Building,Use deep foundations or densify subsoil,False
ID100,Tunnels,150,Residential Building,Use deep foundations or densify subsoil,False
ID100,Railway Tracks,80,Residential Building,Use deep foundations or densify subsoil,False
ID100,Pipeline Infrastructure,30,,,True
ID100,Dams,100,Residential Building,Increase CBR in top 2 layers,False
ID100,Water Reservoirs,90,Residential Building,Use deep foundations or densify subsoil,False
ID100,Airport Runways,180,Residential Building,Increase CBR in top 2 layers,False
ID101,Residential Building,50,,,True
ID101,High-rise Building,150,Residential Building,Use deep foundations or densify subsoil,False
ID101,Low-rise,100,Residential Building,Use deep foundations or densify subsoil,False
ID101,Roads & Highways,70,Residential Building,Use deep foundations or densify subsoil,False
ID101,Bridges,120,Residential Building,Increase CBR in top 2 layers,False
ID101,Tunnels,150,Residential Building,Use deep foundations or densify subsoil,False
ID101,Railway Tracks,80,Residential Building,Increase CBR in top 2 layers,False
ID101,Pipeline Infrastructure,30,,,True
ID101,Dams,100,Residential Building,Increase CBR in top 2 layers,False
ID101,Water Reservoirs,90,Residential Building,Increase CBR in top 2 layers,False
ID101,Airport Runways,180,Residential Building,Use deep foundations or densify subsoil,False
ID102,Residential Building,50,Pipeline Infrastructure,Use deep foundations or densify subsoil,False
ID102,High-rise Building,150,Pipeline Infrastructure,Reduce liquid limit via compaction,False
ID102,Low-rise,100,Pipeline Infrastructure,Use deep foundations or densify subsoil,False
ID102,Roads & Highways,70,Pipeline Infrastructure,Use deep foundations or densify subsoil,False
ID102,Bridges,120,Pipeline Infrastructure,Reduce liquid limit via compaction,False
ID102,Tunnels,150,Pipeline Infrastructure,Reduce liquid limit via compaction,False
ID102,Railway Tracks,80,Pipeline Infrastructure,Increase CBR in top 2 layers,False
ID102,Pipeline Infrastructure,30,,,True
ID102,Dams,100,Pipeline Infrastructure,Use deep foundations or densify subsoil,False
ID102,Water Reservoirs,90,Pipeline Infrastructure,Increase CBR in top 2 layers,False
ID102,Airport Runways,180,Pipeline Infrastructure,Increase CBR in top 2 layers,False
IN064,Residential Building,50,,,True
IN064,High-rise Building,150,Residential Building,Use deep foundations or densify subsoil,False
IN064,Low-rise,100,,,True
IN064,Roads & Highways,70,,,True
IN064,Bridges,120,Residential Building,Increase CBR in top 2 layers,False
IN064,Tunnels,150,Residential Building,Increase CBR in top 2 layers,False
IN064,Railway Tracks,80,,,True
IN064,Pipeline Infrastructure,30,,,True
IN064,Dams,100,,,True
IN064,Water Reservoirs,90,,,True
IN064,Airport Runways,180,Residential Building,Use deep foundations or densify subsoil,False
IN065,Residential Building,50,,Reduce liquid limit via compaction,False
IN065,High-rise Building,150,,Increase CBR in top 2 layers,False
IN065,Low-rise,100,,Reduce liquid limit via compaction,False
IN065,Roads & Highways,70,,Reduce liquid limit via compaction,False
IN065,Bridges,120,,Reduce liquid limit via compaction,False
IN065,Tunnels,150,,Increase CBR in top 2 layers,False
IN065,Railway Tracks,80,,Reduce liquid limit via compaction,False
IN065,Pipeline Infrastructure,30,,Reduce liquid limit via compaction,False
IN065,Dams,100,,Reduce liquid limit via compaction,False
IN065,Water Reservoirs,90,,Reduce liquid limit via compaction,False
IN065,Airport Runways,180,,Use deep foundations or densify subsoil,False
IN066,Residential Building,50,Pipeline Infrastructure,Reduce liquid limit via compaction,False
IN066,High-rise Building,150,Pipeline Infrastructure,Use deep foundations or densify subsoil,False
IN066,Low-rise,100,Pipeline Infrastructure,Reduce liquid limit via compaction,False
IN066,Roads & Highways,70,Pipeline Infrastructure,Reduce liquid limit via compaction,False
IN066,Bridges,120,Pipeline Infrastructure,Increase CBR in top 2 layers,False
IN066,Tunnels,150,Pipeline Infrastructure,Use deep foundations or densify subsoil,False
IN066,Railway Tracks,80,Pipeline Infrastructure,Reduce liquid limit via compaction,False
IN066,Pipeline Infrastructure,30,,,True
IN066,Dams,100,Pipeline Infrastructure,Reduce liquid limit via compaction,False
IN066,Water Reservoirs,90,Pipeline Infrastructure,Reduce liquid limit via compaction,False
IN066,Airport Runways,180,Pipeline Infrastructure,Increase CBR in top 2 layers,False
IN067,Residential Building,50,,Increase CBR in top 2 layers,False
IN067,High-rise Building,150,,Increase CBR in top 2 layers,False
IN067,Low-rise,100,,Increase CBR in top 2 layers,False
IN067,Roads & Highways,70,,Increase CBR in top 2 layers,False
IN067,Bridges,120,,Reduce liquid limit via compaction,False
IN067,Tunnels,150,,Increase CBR in top 2 layers,False
IN067,Railway Tracks,80,,Increase CBR in top 2 layers,False
IN067,Pipeline Infrastructure,30,,Reduce liquid limit via compaction,False
IN067,Dams,100,,Increase CBR in top 2 layers,False
IN067,Water Reservoirs,90,,Reduce liquid limit via compaction,False
IN067,Airport Runways,180,,Increase CBR in top 2 layers,False
IN068,Residential Building,50,,Reduce liquid limit via compaction,False
IN068,High-rise Building,150,,Increase CBR in top 2 layers,False
IN068,Low-rise,100,,Use deep foundations or densify subsoil,False
IN068,Roads & Highways,70,,Reduce liquid limit via compaction,False
IN068,Bridges,120,,Reduce liquid limit via compaction,False
IN068,Tunnels,150,,Increase CBR in top 2 layers,False
IN068,Railway Tracks,80,,Reduce liquid limit via compaction,False
IN068,Pipeline Infrastructure,30,,Reduce liquid limit via compaction,False
IN068,Dams,100,,Increase CBR in top 2 layers,False
IN068,Water Reservoirs,90,,Reduce liquid limit via compaction,False
IN068,Airport Runways,180,,Reduce liquid limit via compaction,False
IN069,Residential Building,50,,,True
IN069,High-rise Building,150,Residential Building,Use deep foundations or densify subsoil,False
IN069,Low-rise,100,Residential Building,Use deep foundations or densify subsoil,False
IN069,Roads & Highways,70,Residential Building,Use deep foundations or densify subsoil,False
IN069,Bridges,120,Residential Building,Increase CBR in top 2 layers,False
IN069,Tunnels,150,Residential Building,Increase CBR in top 2 layers,False
IN069,Railway Tracks,80,Residential Building,Use deep foundations or densify subsoil,False
IN069,Pipeline Infrastructure,30,,,True
IN069,Dams,100,Residential Building,Use deep foundations or densify subsoil,False
IN069,Water Reservoirs,90,Residential Building,Use deep foundations or densify subsoil,False
IN069,Airport Runways,180,Residential Building,Increase CBR in top 2 layers,False
IN070,Residential Building,50,,,True
IN070,High-rise Building,150,Residential Building,Use deep foundations or densify subsoil,False
IN070,Low-rise,100,Residential Building,Use deep foundations or densify subsoil,False
IN070,Roads & Highways,70,Residential Building,Use deep foundations or densify subsoil,False
IN070,Bridges,120,Residential Building,Increase CBR in top 2 layers,False
IN070,Tunnels,150,Residential Building,Use deep foundations or densify subsoil,False
IN070,Railway Tracks,80,Residential Building,Increase CBR in top 2 layers,False
IN070,Pipeline Infrastructure,30,,,True
IN070,Dams,100,Residential Building,Use deep foundations or densify subsoil,False
IN070,Water Reservoirs,90,Residential Building,Increase CBR in top 2 layers,False
IN070,Airport Runways,180,Residential Building,Use deep foundations or densify subsoil,False
IN071,Residential Building,50,Pipeline Infrastructure,Reduce liquid limit via compaction,False
IN071,High-rise Building,150,Pipeline Infrastructure,Increase CBR in top 2 layers,False
IN071,Low-rise,100,Pipeline Infrastructure,Reduce liquid limit via compaction,False
IN071,Roads & Highways,70,Pipeline Infrastructure,Use deep foundations or densify subsoil,False
IN071,Bridges,120,Pipeline Infrastructure,Increase CBR in top 2 layers,False
IN071,Tunnels,150,Pipeline Infrastructure,Increase CBR in top 2 layers,False
IN071,Railway Tracks,80,Pipeline Infrastructure,Increase CBR in top 2 layers,False
IN071,Pipeline Infrastructure,30,,,True
IN071,Dams,100,Pipeline Infrastructure,Increase CBR in top 2 layers,False
IN071,Water Reservoirs,90,Pipeline Infrastructure,Reduce liquid limit via compaction,False
IN071,Airport Runways,180,Pipeline Infrastructure,Increase CBR in top 2 layers,False
IN072,Residential Building,50,,,True
IN072,High-rise Building,150,Residential Building,Increase CBR in top 2 layers,False
IN072,Low-rise,100,,,True
IN072,Roads & Highways,70,,,True
IN072,Bridges,120,Residential Building,Increase CBR in top 2 layers,False
IN072,Tunnels,150,Residential Building,Increase CBR in top 2 layers,False
IN072,Railway Tracks,80,,,True
IN072,Pipeline Infrastructure,30,,,True
IN072,Dams,100,,,True
IN072,Water Reservoirs,90,,,True
IN072,Airport Runways,180,Residential Building,Increase CBR in top 2 layers,False
IN073,Residential Building,50,Pipeline Infrastructure,Reduce liquid limit via compaction,False
IN073,High-rise Building,150,Pipeline Infrastructure,Increase CBR in top 2 layers,False
IN073,Low-rise,100,Pipeline Infrastructure,Increase CBR in top 2 layers,False
IN073,Roads & Highways,70,Pipeline Infrastructure,Reduce liquid limit via compaction,False
IN073,Bridges,120,Pipeline Infrastructure,Reduce liquid limit via compaction,False
IN073,Tunnels,150,Pipeline Infrastructure,Reduce liquid limit via compaction,False
IN073,Railway Tracks,80,Pipeline Infrastructure,Use deep foundations or densify subsoil,False
IN073,Pipeline Infrastructure,30,,,True
IN073,Dams,100,Pipeline Infrastructure,Increase CBR in top 2 layers,False
IN073,Water Reservoirs,90,Pipeline Infrastructure,Increase CBR in top 2 layers,False
IN073,Airport Runways,180,Pipeline Infrastructure,Use deep foundations or densify subsoil,False
IN074,Residential Building,50,,Reduce liquid limit via compaction,False
IN074,High-rise Building,150,,Reduce liquid limit via compaction,False
IN074,Low-rise,100,,Reduce liquid limit via compaction,False
IN074,Roads & Highways,70,,Increase CBR in top 2 layers,False
IN074,Bridges,120,,Increase CBR in top 2 layers,False
IN074,Tunnels,150,,Use deep foundations or densify subsoil,False
IN074,Railway Tracks,80,,Use deep foundations or densify subsoil,False
IN074,Pipeline Infrastructure,30,,Reduce liquid limit via compaction,False
IN074,Dams,100,,Increase CBR in top 2 layers,False
IN074,Water Reservoirs,90,,Use deep foundations or densify subsoil,False
IN074,Airport Runways,180,,Increase CBR in top 2 layers,False
IN075,Residential Building,50,,,True
IN075,High-rise Building,150,Residential Building,Increase CBR in top 2 layers,False
IN075,Low-rise,100,Residential Building,Increase CBR in top 2 layers,False
IN075,Roads & Highways,70,,,True
IN075,Bridges,120,Residential Building,Use deep foundations or densify subsoil,False
IN075,Tunnels,150,Residential Building,Use deep foundations or densify subsoil,False
IN075,Railway Tracks,80,Residential Building,Use deep foundations or densify subsoil,False
IN075,Pipeline Infrastructure,30,,,True
IN075,Dams,100,Residential Building,Increase CBR in top 2 layers,False
IN075,Water Reservoirs,90,Residential Building,Use deep foundations or densify subsoil,False
IN075,Airport Runways,180,Residential Building,Increase CBR in top 2 layers,False
IN076,Residential Building,50,,,True
IN076,High-rise Building,150,Residential Building,Increase CBR in top 2 layers,False
IN076,Low-rise,100,,,True
IN076,Roads & Highways,70,,,True
IN076,Bridges,120,Residential Building,Use deep foundations or densify subsoil,False
IN076,Tunnels,150,Residential Building,Use deep foundations or densify subsoil,False
IN076,Railway Tracks,80,,,True
IN076,Pipeline Infrastructure,30,,,True
IN076,Dams,100,,,True
IN076,Water Reservoirs,90,,,True
IN076,Airport Runways,180,Residential Building,Increase CBR in top 2 layers,False
IN077,Residential Building,50,,,True
IN077,High-rise Building,150,Residential Building,Use deep foundations or densify subsoil,False
IN077,Low-rise,100,Residential Building,Increase CBR in top 2 layers,False
IN077,Roads & Highways,70,Residential Building,Use deep foundations or densify subsoil,False
IN077,Bridges,120,Residential Building,Increase CBR in top 2 layers,False
IN077,Tunnels,150,Residential Building,Use deep foundations or densify subsoil,False
IN077,Railway Tracks,80,Residential Building,Use deep foundations or densify subsoil,False
IN077,Pipeline Infrastructure,30,,,True
IN077,Dams,100,Residential Building,Use deep foundations or densify subsoil,False
IN077,Water Reservoirs,90,Residential Building,Use deep foundations or densify subsoil,False
IN077,Airport Runways,180,Residential Building,Increase CBR in top 2 layers,False
IN078,Residential Building,50,Pipeline Infrastructure,Reduce liquid limit via compaction,False
IN078,High-rise Building,150,Pipeline Infrastructure,Increase CBR in top 2 layers,False
IN078,Low-rise,100,Pipeline Infrastructure,Reduce liquid limit via compaction,False
IN078,Roads & Highways,70,Pipeline Infrastructure,Use deep foundations or densify subsoil,False
IN078,Bridges,120,Pipeline Infrastructure,Use deep foundations or densify subsoil,False
IN078,Tunnels,150,Pipeline Infrastructure,Increase CBR in top 2 layers,False
IN078,Railway Tracks,80,Pipeline Infrastructure,Use deep foundations or densify subsoil,False
IN078,Pipeline Infrastructure,30,,,True
IN078,Dams,100,Pipeline Infrastructure,Increase CBR in top 2 layers,False
IN078,Water Reservoirs,90,Pipeline Infrastructure,Increase CBR in top 2 layers,False
IN078,Airport Runways,180,Pipeline Infrastructure,Reduce liquid limit via compaction,False
IN079,Residential Building,50,,,True
IN079,High-rise Building,150,Residential Building,Reduce liquid limit via compaction,False
IN079,Low-rise,100,Residential Building,Reduce liquid limit via compaction,False
IN079,Roads & Highways,70,,,True
IN079,Bridges,120,Residential Building,Increase CBR in top 2 layers,False
IN079,Tunnels,150,Residential Building,Reduce liquid limit via compaction,False
IN079,Railway Tracks,80,,,True
IN079,Pipeline Infrastructure,30,,,True
IN079,Dams,100,Residential Building,Reduce liquid limit via compaction,False
IN079,Water Reservoirs,90,Residential Building,Reduce liquid limit via compaction,False
IN079,Airport Runways,180,Residential Building,Use deep foundations or densify subsoil,False
IN080,Residential Building,50,Pipeline Infrastructure,Reduce liquid limit via compaction,False
IN080,High-rise Building,150,Pipeline Infrastructure,Reduce liquid limit via compaction,False
IN080,Low-rise,100,Pipeline Infrastructure,Reduce liquid limit via compaction,False
IN080,Roads & Highways,70,Pipeline Infrastructure,Reduce liquid limit via compaction,False
IN080,Bridges,120,Pipeline Infrastructure,Reduce liquid limit via compaction,False
IN080,Tunnels,150,Pipeline Infrastructure,Use deep foundations or densify subsoil,False
IN080,Railway Tracks,80,Pipeline Infrastructure,Reduce liquid limit via compaction,False
IN080,Pipeline Infrastructure,30,,,True
IN080,Dams,100,Pipeline Infrastructure,Reduce liquid limit via compaction,False
IN080,Water Reservoirs,90,Pipeline Infrastructure,Reduce liquid limit via compaction,False
IN080,Airport Runways,180,Pipeline Infrastructure,Reduce liquid limit via compaction,False
IN081,Residential Building,50,,Reduce liquid limit via compaction,False
IN081,High-rise Building,150,,Increase CBR in top 2 layers,False
IN081,Low-rise,100,,Increase CBR in top 2 layers,False
IN081,Roads & Highways,70,,Increase CBR in top 2 layers,False
IN081,Bridges,120,,Use deep foundations or densify subsoil,False
IN081,Tunnels,150,,Reduce liquid limit via compaction,False
IN081,Railway Tracks,80,,Use deep foundations or densify subsoil,False
IN081,Pipeline Infrastructure,30,,Reduce liquid limit via compaction,False
IN081,Dams,100,,Reduce liquid limit via compaction,False
IN081,Water Reservoirs,90,,Increase CBR in top 2 layers,False
IN081,Airport Runways,180,,Use deep foundations or densify subsoil,False
IN082,Residential Building,50,,,True
IN082,High-rise Building,150,Residential Building,Reduce liquid limit via compaction,False
IN082,Low-rise,100,,,True
IN082,Roads & Highways,70,,,True
IN082,Bridges,120,Residential Building,Reduce liquid limit via compaction,False
IN082,Tunnels,150,Residential Building,Use deep foundations or densify subsoil,False
IN082,Railway Tracks,80,,,True
IN082,Pipeline Infrastructure,30,,,True
IN082,Dams,100,Residential Building,Reduce liquid limit via compaction,False
IN082,Water Reservoirs,90,Residential Building,Reduce liquid limit via compaction,False
IN082,Airport Runways,180,Residential Building,Reduce liquid limit via compaction,False
IN083,Residential Building,50,,Use deep foundations or densify subsoil,False
IN083,High-rise Building,150,,Use deep foundations or densify subsoil,False
IN083,Low-rise,100,,Reduce liquid limit via compaction,False
IN083,Roads & Highways,70,,Reduce liquid limit via compaction,False
IN083,Bridges,120,,Reduce liquid limit via compaction,False
IN083,Tunnels,150,,Reduce liquid limit via compaction,False
IN083,Railway Tracks,80,,Use deep foundations or densify subsoil,False
IN083,Pipeline Infrastructure,30,,Reduce liquid limit via compaction,False
IN083,Dams,100,,Increase CBR in top 2 layers,False
IN083,Water Reservoirs,90,,Reduce liquid limit via compaction,False
IN083,Airport Runways,180,,Reduce liquid limit via compaction,False
IN084,Residential Building,50,,Use deep foundations or densify subsoil,False
IN084,High-rise Building,150,,Increase CBR in top 2 layers,False
IN084,Low-rise,100,,Increase CBR in top 2 layers,False
IN084,Roads & Highways,70,,Increase CBR in top 2 layers,False
IN084,Bridges,120,,Use deep foundations or densify subsoil,False
IN084,Tunnels,150,,Use deep foundations or densify subsoil,False
IN084,Railway Tracks,80,,Increase CBR in top 2 layers,False
IN084,Pipeline Infrastructure,30,,Use deep foundations or densify subsoil,False
IN084,Dams,100,,Use deep foundations or densify subsoil,False
IN084,Water Reservoirs,90,,Use deep foundations or densify subsoil,False
IN084,Airport Runways,180,,Increase CBR in top 2 layers,False
IN085,Residential Building,50,,Reduce liquid limit via compaction,False
IN085,High-rise Building,150,,Reduce liquid limit via compaction,False
IN085,Low-rise,100,,Use deep foundations or densify subsoil,False
IN085,Roads & Highways,70,,Reduce liquid limit via compaction,False
IN085,Bridges,120,,Increase CBR in top 2 layers,False
IN085,Tunnels,150,,Increase CBR in top 2 layers,False
IN085,Railway Tracks,80,,Reduce liquid limit via compaction,False
IN085,Pipeline Infrastructure,30,,Reduce liquid limit via compaction,False
IN085,Dams,100,,Increase CBR in top 2 layers,False
IN085,Water Reservoirs,90,,Reduce liquid limit via compaction,False
IN085,Airport Runways,180,,Increase CBR in top 2 layers,False
IN086,Residential Building,50,Pipeline Infrastructure,Reduce liquid limit via compaction,False
IN086,High-rise Building,150,Pipeline Infrastructure,Use deep foundations or densify subsoil,False
IN086,Low-rise,100,Pipeline Infrastructure,Use deep foundations or densify subsoil,False
IN086,Roads & Highways,70,Pipeline Infrastructure,Reduce liquid limit via compaction,False
IN086,Bridges,120,Pipeline Infrastructure,Reduce liquid limit via compaction,False
IN086,Tunnels,150,Pipeline Infrastructure,Reduce liquid limit via compaction,False
IN086,Railway Tracks,80,Pipeline Infrastructure,Reduce liquid limit via compaction,False
IN086,Pipeline Infrastructure,30,,,True
IN086,Dams,100,Pipeline Infrastructure,Reduce liquid limit via compaction,False
IN086,Water Reservoirs,90,Pipeline Infrastructure,Reduce liquid limit via compaction,False
IN086,Airport Runways,180,Pipeline Infrastructure,Use deep foundations or densify subsoil,False
IN087,Residential Building,50,,Reduce liquid limit via compaction,False
IN087,High-rise Building,150,,Increase CBR in top 2 layers,False
IN087,Low-rise,100,,Increase CBR in top 2 layers,False
IN087,Roads & Highways,70,,Reduce liquid limit via compaction,False
IN087,Bridges,120,,Reduce liquid limit via compaction,False
IN087,Tunnels,150,,Increase CBR in top 2 layers,False
IN087,Railway Tracks,80,,Use deep foundations or densify subsoil,False
IN087,Pipeline Infrastructure,30,,Reduce liquid limit via compaction,False
IN087,Dams,100,,Increase CBR in top 2 layers,False
IN087,Water Reservoirs,90,,Increase CBR in top 2 layers,False
IN087,Airport Runways,180,,Increase CBR in top 2 layers,False
IN088,Residential Building,50,,Reduce liquid limit via compaction,False
IN088,High-rise Building,150,,Reduce liquid limit via compaction,False
IN088,Low-rise,100,,Reduce liquid limit via compaction,False
IN088,Roads & Highways,70,,Reduce liquid limit via compaction,False
IN088,Bridges,120,,Use deep foundations or densify subsoil,False
IN088,Tunnels,150,,Increase CBR in top 2 layers,False
IN088,Railway Tracks,80,,Reduce liquid limit via compaction,False
IN088,Pipeline Infrastructure,30,,Reduce liquid limit via compaction,False
IN088,Dams,100,,Reduce liquid limit via compaction,False
IN088,Water Reservoirs,90,,Reduce liquid limit via compaction,False
IN088,Airport Runways,180,,Increase CBR in top 2 layers,False
IN089,Residential Building,50,Pipeline Infrastructure,Reduce liquid limit via compaction,False
IN089,High-rise Building,150,Pipeline Infrastructure,Increase CBR in top 2 layers,False
IN089,Low-rise,100,Pipeline Infrastructure,Use deep foundations or densify subsoil,False
IN089,Roads & Highways,70,Pipeline Infrastructure,Reduce liquid limit via compaction,False
IN089,Bridges,120,Pipeline Infrastructure,Use deep foundations or densify subsoil,False
IN089,Tunnels,150,Pipeline Infrastructure,Use deep foundations or densify subsoil,False
IN089,Railway Tracks,80,Pipeline Infrastructure,Reduce liquid limit via compaction,False
IN089,Pipeline Infrastructure,30,,,True
IN089,Dams,100,Pipeline Infrastructure,Use deep foundations or densify subsoil,False
IN089,Water Reservoirs,90,Pipeline Infrastructure,Reduce liquid limit via compaction,False
IN089,Airport Runways,180,Pipeline Infrastructure,Increase CBR in top 2 layers,False
IN090,Residential Building,50,Pipeline Infrastructure,Reduce liquid limit via compaction,False
IN090,High-rise Building,150,Pipeline Infrastructure,Use deep foundations or densify subsoil,False
IN090,Low-rise,100,Pipeline Infrastructure,Reduce liquid limit via compaction,False
IN090,Roads & Highways,70,Pipeline Infrastructure,Reduce liquid limit via compaction,False
IN090,Bridges,120,Pipeline Infrastructure,Reduce liquid limit via compaction,False
IN090,Tunnels,150,Pipeline Infrastructure,Increase CBR in top 2 layers,False
IN090,Railway Tracks,80,Pipeline Infrastructure,Reduce liquid limit via compaction,False
IN090,Pipeline Infrastructure,30,,,True
IN090,Dams,100,Pipeline Infrastructure,Reduce liquid limit via compaction,False
IN090,Water Reservoirs,90,Pipeline Infrastructure,Reduce liquid limit via compaction,False
IN090,Airport Runways,180,Pipeline Infrastructure,Increase CBR in top 2 layers,False
IN091,Residential Building,50,,,True
IN091,High-rise Building,150,Residential Building,Reduce liquid limit via compaction,False
IN091,Low-rise,100,Residential Building,Reduce liquid limit via compaction,False
IN091,Roads & Highways,70,,,True
IN091,Bridges,120,Residential Building,Increase CBR in top 2 layers,False
IN091,Tunnels,150,Residential Building,Reduce liquid limit via compaction,False
IN091,Railway Tracks,80,,,True
IN091,Pipeline Infrastructure,30,,,True
IN091,Dams,100,Residential Building,Reduce liquid limit via compaction,False
IN091,Water Reservoirs,90,Residential Building,Reduce liquid limit via compaction,False
IN091,Airport Runways,180,Residential Building,Use deep foundations or densify subsoil,False
IN092,Residential Building,50,,,True
IN092,High-rise Building,150,Residential Building,Use deep foundations or densify subsoil,False
IN092,Low-rise,100,,,True
IN092,Roads & Highways,70,,,True
IN092,Bridges,120,Residential Building,Increase CBR in top 2 layers,False
IN092,Tunnels,150,Residential Building,Reduce liquid limit via compaction,False
IN092,Railway Tracks,80,,,True
IN092,Pipeline Infrastructure,30,,,True
IN092,Dams,100,Residential Building,Reduce liquid limit via compaction,False
IN092,Water Reservoirs,90,,,True
IN092,Airport Runways,180,Residential Building,Increase CBR in top 2 layers,False
IN093,Residential Building,50,,,True
IN093,High-rise Building,150,Residential Building,Use deep foundations or densify subsoil,False
IN093,Low-rise,100,Residential Building,Use deep foundations or densify subsoil,False
IN093,Roads & Highways,70,,,True
IN093,Bridges,120,Residential Building,Reduce liquid limit via compaction,False
IN093,Tunnels,150,Residential Building,Use deep foundations or densify subsoil,False
IN093,Railway Tracks,80,,,True
IN093,Pipeline Infrastructure,30,,,True
IN093,Dams,100,Residential Building,Reduce liquid limit via compaction,False
IN093,Water Reservoirs,90,Residential Building,Reduce liquid limit via compaction,False
IN093,Airport Runways,180,Residential Building,Reduce liquid limit via compaction,False
IN094,Residential Building,50,Pipeline Infrastructure,Reduce liquid limit via compaction,False
IN094,High-rise Building,150,Pipeline Infrastructure,Reduce liquid limit via compaction,False
IN094,Low-rise,100,Pipeline Infrastructure,Increase CBR in top 2 layers,False
IN094,Roads & Highways,70,Pipeline Infrastructure,Reduce liquid limit via compaction,False
IN094,Bridges,120,Pipeline Infrastructure,Increase CBR in top 2 layers,False
IN094,Tunnels,150,Pipeline Infrastructure,Use deep foundations or densify subsoil,False
IN094,Railway Tracks,80,Pipeline Infrastructure,Use deep foundations or densify subsoil,False
IN094,Pipeline Infrastructure,30,,,True
IN094,Dams,100,Pipeline Infrastructure,Increase CBR in top 2 layers,False
IN094,Water Reservoirs,90,Pipeline Infrastructure,Use deep foundations or densify subsoil,False
IN094,Airport Runways,180,Pipeline Infrastructure,Reduce liquid limit via compaction,False
IN095,Residential Building,50,,Use deep foundations or densify subsoil,False
IN095,High-rise Building,150,,Reduce liquid limit via compaction,False
IN095,Low-rise,100,,Reduce liquid limit via compaction,False
IN095,Roads & Highways,70,,Increase CBR in top 2 layers,False
IN095,Bridges,120,,Reduce liquid limit via compaction,False
IN095,Tunnels,150,,Use deep foundations or densify subsoil,False
IN095,Railway Tracks,80,,Use deep foundations or densify subsoil,False
IN095,Pipeline Infrastructure,30,,Reduce liquid limit via compaction,False
IN095,Dams,100,,Reduce liquid limit via compaction,False
IN095,Water Reservoirs,90,,Use deep foundations or densify subsoil,False
IN095,Airport Runways,180,,Increase CBR in top 2 layers,False
IN096,Residential Building,50,,Reduce liquid limit via compaction,False
IN096,High-rise Building,150,,Use deep foundations or densify subsoil,False
IN096,Low-rise,100,,Reduce liquid limit via compaction,False
IN096,Roads & Highways,70,,Reduce liquid limit via compaction,False
IN096,Bridges,120,,Reduce liquid limit via compaction,False
IN096,Tunnels,150,,Reduce liquid limit via compaction,False
IN096,Railway Tracks,80,,Reduce liquid limit via compaction,False
IN096,Pipeline Infrastructure,30,,Reduce liquid limit via compaction,False
IN096,Dams,100,,Use deep foundations or densify subsoil,False
IN096,Water Reservoirs,90,,Reduce liquid limit via compaction,False
IN096,Airport Runways,180,,Increase CBR in top 2 layers,False
IN097,Residential Building,50,Pipeline Infrastructure,Use deep foundations or densify subsoil,False
IN097,High-rise Building,150,Pipeline Infrastructure,Use deep foundations or densify subsoil,False
IN097,Low-rise,100,Pipeline Infrastructure,Use deep foundations or densify subsoil,False
IN097,Roads & Highways,70,Pipeline Infrastructure,Use deep foundations or densify subsoil,False
IN097,Bridges,120,Pipeline Infrastructure,Increase CBR in top 2 layers,False
IN097,Tunnels,150,Pipeline Infrastructure,Use deep foundations or densify subsoil,False
IN097,Railway Tracks,80,Pipeline Infrastructure,Increase CBR in top 2 layers,False
IN097,Pipeline Infrastructure,30,,,True
IN097,Dams,100,Pipeline Infrastructure,Increase CBR in top 2 layers,False
IN097,Water Reservoirs,90,Pipeline Infrastructure,Increase CBR in top 2 layers,False
IN097,Airport Runways,180,Pipeline Infrastructure,Increase CBR in top 2 layers,False
IN098,Residential Building,50,,,True
IN098,High-rise Building,150,Residential Building,Reduce liquid limit via compaction,False
IN098,Low-rise,100,Residential Building,Reduce liquid limit via compaction,False
IN098,Roads & Highways,70,Residential Building,Use deep foundations or densify subsoil,False
IN098,Bridges,120,Residential Building,Reduce liquid limit via compaction,False
IN098,Tunnels,150,Residential Building,Reduce liquid limit via compaction,False
IN098,Railway Tracks,80,Residential Building,Use deep foundations or densify subsoil,False
IN098,Pipeline Infrastructure,30,,,True
IN098,Dams,100,Residential Building,Use deep foundations or densify subsoil,False
IN098,Water Reservoirs,90,Residential Building,Use deep foundations or densify subsoil,False
IN098,Airport Runways,180,Residential Building,Increase CBR in top 2 layers,False
IN099,Residential Building,50,,,True
IN099,High-rise Building,150,Residential Building,Use deep foundations or densify subsoil,False
IN099,Low-rise,100,,,True
IN099,Roads & Highways,70,,,True
IN099,Bridges,120,Residential Building,Use deep foundations or densify subsoil,False
IN099,Tunnels,150,Residential Building,Increase CBR in top 2 layers,False
IN099,Railway Tracks,80,,,True
IN099,Pipeline Infrastructure,30,,,True
IN099,Dams,100,Residential Building,Reduce liquid limit via compaction,False
IN099,Water Reservoirs,90,,,True
IN099,Airport Runways,180,Residential Building,Increase CBR in top 2 layers,False
IN100,Residential Building,50,,,True
IN100,High-rise Building,150,Residential Building,Reduce liquid limit via compaction,False
IN100,Low-rise,100,Residential Building,Use deep foundations or densify subsoil,False
IN100,Roads & Highways,70,,,True
IN100,Bridges,120,Residential Building,Increase CBR in top 2 layers,False
IN100,Tunnels,150,Residential Building,Increase CBR in top 2 layers,False
IN100,Railway Tracks,80,,,True
IN100,Pipeline Infrastructure,30,,,True
IN100,Dams,100,Residential Building,Increase CBR in top 2 layers,False
IN100,Water Reservoirs,90,Residential Building,Use deep foundations or densify subsoil,False
IN100,Airport Runways,180,Residential Building,Use deep foundations or densify subsoil,False
IN101,Residential Building,50,,,True
IN101,High-rise Building,150,Residential Building,Use deep foundations or densify subsoil,False
IN101,Low-rise,100,Residential Building,Increase CBR in top 2 layers,False
IN101,Roads & Highways,70,Residential Building,Use deep foundations or densify subsoil,False
IN101,Bridges,120,Residential Building,Increase CBR in top 2 layers,False
IN101,Tunnels,150,Residential Building,Increase CBR in top 2 layers,False
IN101,Railway Tracks,80,Residential Building,Increase CBR in top 2 layers,False
IN101,Pipeline Infrastructure,30,,,True
IN101,Dams,100,Residential Building,Increase CBR in top 2 layers,False
IN101,Water Reservoirs,90,Residential Building,Use deep foundations or densify subsoil,False
IN101,Airport Runways,180,Residential Building,Increase CBR in top 2 layers,False
IN102,Residential Building,50,,Reduce liquid limit via compaction,False
IN102,High-rise Building,150,,Reduce liquid limit via compaction,False
IN102,Low-rise,100,,Reduce liquid limit via compaction,False
IN102,Roads & Highways,70,,Reduce liquid limit via compaction,False
IN102,Bridges,120,,Use deep foundations or densify subsoil,False
IN102,Tunnels,150,,Reduce liquid limit via compaction,False
IN102,Railway Tracks,80,,Reduce liquid limit via compaction,False
IN102,Pipeline Infrastructure,30,,Reduce liquid limit via compaction,False
IN102,Dams,100,,Reduce liquid limit via compaction,False
IN102,Water Reservoirs,90,,Use deep foundations or densify subsoil,False
IN102,Airport Runways,180,,Increase CBR in top 2 layers,False
IN113,Residential Building,50,Pipeline Infrastructure,Reduce liquid limit via compaction,False
IN113,High-rise Building,150,Pipeline Infrastructure,Increase CBR in top 2 layers,False
IN113,Low-rise,100,Pipeline Infrastructure,Use deep foundations or densify subsoil,False
IN113,Roads & Highways,70,Pipeline Infrastructure,Increase CBR in top 2 layers,False
IN113,Bridges,120,Pipeline Infrastructure,Use deep foundations or densify subsoil,False
IN113,Tunnels,150,Pipeline Infrastructure,Increase CBR in top 2 layers,False
IN113,Railway Tracks,80,Pipeline Infrastructure,Increase CBR in top 2 layers,False
IN113,Pipeline Infrastructure,30,,,True
IN113,Dams,100,Pipeline Infrastructure,Use deep foundations or densify subsoil,False
IN113,Water Reservoirs,90,Pipeline Infrastructure,Use deep foundations or densify subsoil,False
IN113,Airport Runways,180,Pipeline Infrastructure,Increase CBR in top 2 layers,False
IN114,Residential Building,50,,,True
IN114,High-rise Building,150,Residential Building,Increase CBR in top 2 layers,False
IN114,Low-rise,100,,,True
IN114,Roads & Highways,70,,,True
IN114,Bridges,120,Residential Building,Increase CBR in top 2 layers,False
IN114,Tunnels,150,Residential Building,Increase CBR in top 2 layers,False
IN114,Railway Tracks,80,,,True
IN114,Pipeline Infrastructure,30,,,True
IN114,Dams,100,,,True
IN114,Water Reservoirs,90,,,True
IN114,Airport Runways,180,Residential Building,Reduce liquid limit via compaction,False
IN115,Residential Building,50,,Reduce liquid limit via compaction,False
IN115,High-rise Building,150,,Increase CBR in top 2 layers,False
IN115,Low-rise,100,,Increase CBR in top 2 layers,False
IN115,Roads & Highways,70,,Reduce liquid limit via compaction,False
IN115,Bridges,120,,Use deep foundations or densify subsoil,False
IN115,Tunnels,150,,Use deep foundations or densify subsoil,False
IN115,Railway Tracks,80,,Reduce liquid limit via compaction,False
IN115,Pipeline Infrastructure,30,,Reduce liquid limit via compaction,False
IN115,Dams,100,,Increase CBR in top 2 layers,False
IN115,Water Reservoirs,90,,Reduce liquid limit via compaction,False
IN115,Airport Runways,180,,Increase CBR in top 2 layers,False
IN116,Residential Building,50,Pipeline Infrastructure,Reduce liquid limit via compaction,False
IN116,High-rise Building,150,Pipeline Infrastructure,Reduce liquid limit via compaction,False
IN116,Low-rise,100,Pipeline Infrastructure,Increase CBR in top 2 layers,False
IN116,Roads & Highways,70,Pipeline Infrastructure,Increase CBR in top 2 layers,False
IN116,Bridges,120,Pipeline Infrastructure,Use deep foundations or densify subsoil,False
IN116,Tunnels,150,Pipeline Infrastructure,Reduce liquid limit via compaction,False
IN116,Railway Tracks,80,Pipeline Infrastructure,Increase CBR in top 2 layers,False
IN116,Pipeline Infrastructure,30,,,True
IN116,Dams,100,Pipeline Infrastructure,Increase CBR in top 2 layers,False
IN116,Water Reservoirs,90,Pipeline Infrastructure,Use deep foundations or densify subsoil,False
IN116,Airport Runways,180,Pipeline Infrastructure,Use deep foundations or densify subsoil,False
IN117,Residential Building,50,,,True
IN117,High-rise Building,150,Residential Building,Increase CBR in top 2 layers,False
IN117,Low-rise,100,Residential Building,Use deep foundations or densify subsoil,False
IN117,Roads & Highways,70,,,True
IN117,Bridges,120,Residential Building,Increase CBR in top 2 layers,False
IN117,Tunnels,150,Residential Building,Use deep foundations or densify subsoil,False
IN117,Railway Tracks,80,Residential Building,Use deep foundations or densify subsoil,False
IN117,Pipeline Infrastructure,30,,,True
IN117,Dams,100,Residential Building,Increase CBR in top 2 layers,False
IN117,Water Reservoirs,90,Residential Building,Increase CBR in top 2 layers,False
IN117,Airport Runways,180,Residential Building,Reduce liquid limit via compaction,False
IN118,Residential Building,50,Pipeline Infrastructure,Reduce liquid limit via compaction,False
IN118,High-rise Building,150,Pipeline Infrastructure,Increase CBR in top 2 layers,False
IN118,Low-rise,100,Pipeline Infrastructure,Reduce liquid limit via compaction,False
IN118,Roads & Highways,70,Pipeline Infrastructure,Reduce liquid limit via compaction,False
IN118,Bridges,120,Pipeline Infrastructure,Use deep foundations or densify subsoil,False
IN118,Tunnels,150,Pipeline Infrastructure,Increase CBR in top 2 layers,False
IN118,Railway Tracks,80,Pipeline Infrastructure,Reduce liquid limit via compaction,False
IN118,Pipeline Infrastructure,30,,,True
IN118,Dams,100,Pipeline Infrastructure,Reduce liquid limit via compaction,False
IN118,Water Reservoirs,90,Pipeline Infrastructure,Reduce liquid limit via compaction,False
IN118,Airport Runways,180,Pipeline Infrastructure,Reduce liquid limit via compaction,False
IN119,Residential Building,50,,,True
IN119,High-rise Building,150,Residential Building,Increase CBR in top 2 layers,False
IN119,Low-rise,100,Residential Building,Use deep foundations or densify subsoil,False
IN119,Roads & Highways,70,,,True
IN119,Bridges,120,Residential Building,Use deep foundations or densify subsoil,False
IN119,Tunnels,150,Residential Building,Increase CBR in top 2 layers,False
IN119,Railway Tracks,80,,,True
IN119,Pipeline Infrastructure,30,,,True
IN119,Dams,100,Residential Building,Increase CBR in top 2 layers,False
IN119,Water Reservoirs,90,Residential Building,Use deep foundations or densify subsoil,False
IN119,Airport Runways,180,Residential Building,Use deep foundations or densify subsoil,False
IN120,Residential Building,50,,,True
IN120,High-rise Building,150,Residential Building,Reduce liquid limit via compaction,False
IN120,Low-rise,100,Residential Building,Reduce liquid limit via compaction,False
IN120,Roads & Highways,70,,,True
IN120,Bridges,120,Residential Building,Reduce liquid limit via compaction,False
IN120,Tunnels,150,Residential Building,Use deep foundations or densify subsoil,False
IN120,Railway Tracks,80,,,True
IN120,Pipeline Infrastructure,30,,,True
IN120,Dams,100,Residential Building,Reduce liquid limit via compaction,False
IN120,Water Reservoirs,90,Residential Building,Reduce liquid limit via compaction,False
IN120,Airport Runways,180,Residential Building,Reduce liquid limit via compaction,False
IN121,Residential Building,50,,Reduce liquid limit via compaction,False
IN121,High-rise Building,150,,Use deep foundations or densify subsoil,False
IN121,Low-rise,100,,Reduce liquid limit via compaction,False
IN121,Roads & Highways,70,,Reduce liquid limit via compaction,False
IN121,Bridges,120,,Use deep foundations or densify subsoil,False
IN121,Tunnels,150,,Increase CBR in top 2 layers,False
IN121,Railway Tracks,80,,Use deep foundations or densify subsoil,False
IN121,Pipeline Infrastructure,30,,Reduce liquid limit via compaction,False
IN121,Dams,100,,Use deep foundations or densify subsoil,False
IN121,Water Reservoirs,90,,Increase CBR in top 2 layers,False
IN121,Airport Runways,180,,Reduce liquid limit via compaction,False
IN122,Residential Building,50,Pipeline Infrastructure,Reduce liquid limit via compaction,False
IN122,High-rise Building,150,Pipeline Infrastructure,Increase CBR in top 2 layers,False
IN122,Low-rise,100,Pipeline Infrastructure,Reduce liquid limit via compaction,False
IN122,Roads & Highways,70,Pipeline Infrastructure,Reduce liquid limit via compaction,False
IN122,Bridges,120,Pipeline Infrastructure,Reduce liquid limit via compaction,False
IN122,Tunnels,150,Pipeline Infrastructure,Increase CBR in top 2 layers,False
IN122,Railway Tracks,80,Pipeline Infrastructure,Reduce liquid limit via compaction,False
IN122,Pipeline Infrastructure,30,,,True
IN122,Dams,100,Pipeline Infrastructure,Increase CBR in top 2 layers,False
IN122,Water Reservoirs,90,Pipeline Infrastructure,Reduce liquid limit via compaction,False
IN122,Airport Runways,180,Pipeline Infrastructure,Use deep foundations or densify subsoil,False
IT039,Residential Building,50,,,True
IT039,High-rise Building,150,Residential Building,Increase CBR in top 2 layers,False
IT039,Low-rise,100,Residential Building,Use deep foundations or densify subsoil,False
IT039,Roads & Highways,70,Residential Building,Increase CBR in top 2 layers,False
IT039,Bridges,120,Residential Building,Use deep foundations or densify subsoil,False
IT039,Tunnels,150,Residential Building,Use deep foundations or densify subsoil,False
IT039,Railway Tracks,80,Residential Building,Increase CBR in top 2 layers,False
IT039,Pipeline Infrastructure,30,,,True
IT039,Dams,100,Residential Building,Use deep foundations or densify subsoil,False
IT039,Water Reservoirs,90,Residential Building,Reduce liquid limit via compaction,False
IT039,Airport Runways,180,Residential Building,Use deep foundations or densify subsoil,False
JO030,Residential Building,50,,,True
JO030,High-rise Building,150,Residential Building,Use deep foundations or densify subsoil,False
JO030,Low-rise,100,,,True
JO030,Roads & Highways,70,,,True
JO030,Bridges,120,,,True
JO030,Tunnels,150,Bridges,Use deep foundations or densify subsoil,False
JO030,Railway Tracks,80,,,True
JO030,Pipeline Infrastructure,30,,,True
JO030,Dams,100,,,True
JO030,Water Reservoirs,90,,,True
JO030,Airport Runways,180,Residential Building,Use deep foundations or densify subsoil,False
JO031,Residential Building,50,,,True
JO031,High-rise Building,150,Residential Building,Reduce liquid limit via compaction,False
JO031,Low-rise,100,Residential Building,Use deep foundations or densify subsoil,False
JO031,Roads & Highways,70,,,True
JO031,Bridges,120,Residential Building,Reduce liquid limit via compaction,False
JO031,Tunnels,150,Residential Building,Reduce liquid limit via compaction,False
JO031,Railway Tracks,80,,,True
JO031,Pipeline Infrastructure,30,,,True
JO031,Dams,100,Residential Building,Use deep foundations or densify subsoil,False
JO031,Water Reservoirs,90,,,True
JO031,Airport Runways,180,Residential Building,Increase CBR in top 2 layers,False
JO032,Residential Building,50,Pipeline Infrastructure,Reduce liquid limit via compaction,False
JO032,High-rise Building,150,Pipeline Infrastructure,Increase CBR in top 2 layers,False
JO032,Low-rise,100,Pipeline Infrastructure,Increase CBR in top 2 layers,False
JO032,Roads & Highways,70,Pipeline Infrastructure,Reduce liquid limit via compaction,False
JO032,Bridges,120,Pipeline Infrastructure,Use deep foundations or densify subsoil,False
JO032,Tunnels,150,Pipeline Infrastructure,Use deep foundations or densify subsoil,False
JO032,Railway Tracks,80,Pipeline Infrastructure,Reduce liquid limit via compaction,False
JO032,Pipeline Infrastructure,30,,,True
JO032,Dams,100,Pipeline Infrastructure,Use deep foundations or densify subsoil,False
JO032,Water Reservoirs,90,Pipeline Infrastructure,Increase CBR in top 2 layers,False
JO032,Airport Runways,180,Pipeline Infrastructure,Reduce liquid limit via compaction,False
JO033,Residential Building,50,,Reduce liquid limit via compaction,False
JO033,High-rise Building,150,,Increase CBR in top 2 layers,False
JO033,Low-rise,100,,Reduce liquid limit via compaction,False
JO033,Roads & Highways,70,,Reduce liquid limit via compaction,False
JO033,Bridges,120,,Reduce liquid limit via compaction,False
JO033,Tunnels,150,,Use deep foundations or densify subsoil,False
JO033,Railway Tracks,80,,Reduce liquid limit via compaction,False
JO033,Pipeline Infrastructure,30,,Reduce liquid limit via compaction,False
JO033,Dams,100,,Reduce liquid limit via compaction,False
JO033,Water Reservoirs,90,,Reduce liquid limit via compaction,False
JO033,Airport Runways,180,,Increase CBR in top 2 layers,False
JO034,Residential Building,50,,Reduce liquid limit via compaction,False
JO034,High-rise Building,150,,Reduce liquid limit via compaction,False
JO034,Low-rise,100,,Use deep foundations or densify subsoil,False
JO034,Roads & Highways,70,,Reduce liquid limit via compaction,False
JO034,Bridges,120,,Use deep foundations or densify subsoil,False
JO034,Tunnels,150,,Reduce liquid limit via compaction,False
JO034,Railway Tracks,80,,Use deep foundations or densify subsoil,False
JO034,Pipeline Infrastructure,30,,Reduce liquid limit via compaction,False
JO034,Dams,100,,Use deep foundations or densify subsoil,False
JO034,Water Reservoirs,90,,Increase CBR in top 2 layers,False
JO034,Airport Runways,180,,Reduce liquid limit via compaction,False
JO035,Residential Building,50,,Reduce liquid limit via compaction,False
JO035,High-rise Building,150,,Increase CBR in top 2 layers,False
JO035,Low-rise,100,,Reduce liquid limit via compaction,False
JO035,Roads & Highways,70,,Reduce liquid limit via compaction,False
JO035,Bridges,120,,Use deep foundations or densify subsoil,False
JO035,Tunnels,150,,Use deep foundations or densify subsoil,False
JO035,Railway Tracks,80,,Use deep foundations or densify subsoil,False
JO035,Pipeline Infrastructure,30,,Reduce liquid limit via compaction,False
JO035,Dams,100,,Use deep foundations or densify subsoil,False
JO035,Water Reservoirs,90,,Reduce liquid limit via compaction,False
JO035,Airport Runways,180,,Increase CBR in top 2 layers,False
JO036,Residential Building,50,Pipeline Infrastructure,Use deep foundations or densify subsoil,False
JO036,High-rise Building,150,Pipeline Infrastructure,Increase CBR in top 2 layers,False
JO036,Low-rise,100,Pipeline Infrastructure,Increase CBR in top 2 layers,False
JO036,Roads & Highways,70,Pipeline Infrastructure,Increase CBR in top 2 layers,False
JO036,Bridges,120,Pipeline Infrastructure,Increase CBR in top 2 layers,False
JO036,Tunnels,150,Pipeline Infrastructure,Use deep foundations or densify subsoil,False
JO036,Railway Tracks,80,Pipeline Infrastructure,Use deep foundations or densify subsoil,False
JO036,Pipeline Infrastructure,30,,,True
JO036,Dams,100,Pipeline Infrastructure,Reduce liquid limit via compaction,False
JO036,Water Reservoirs,90,Pipeline Infrastructure,Reduce liquid limit via compaction,False
JO036,Airport Runways,180,Pipeline Infrastructure,Increase CBR in top 2 layers,False
JO037,Residential Building,50,Pipeline Infrastructure,Reduce liquid limit via compaction,False
JO037,High-rise Building,150,Pipeline Infrastructure,Increase CBR in top 2 layers,False
JO037,Low-rise,100,Pipeline Infrastructure,Increase CBR in top 2 layers,False
JO037,Roads & Highways,70,Pipeline Infrastructure,Reduce liquid limit via compaction,False
JO037,Bridges,120,Pipeline Infrastructure,Use deep foundations or densify subsoil,False
JO037,Tunnels,150,Pipeline Infrastructure,Reduce liquid limit via compaction,False
JO037,Railway Tracks,80,Pipeline Infrastructure,Increase CBR in top 2 layers,False
JO037,Pipeline Infrastructure,30,,,True
JO037,Dams,100,Pipeline Infrastructure,Increase CBR in top 2 layers,False
JO037,Water Reservoirs,90,Pipeline Infrastructure,Increase CBR in top 2 layers,False
JO037,Airport Runways,180,Pipeline Infrastructure,Reduce liquid limit via compaction,False
JO038,Residential Building,50,,Reduce liquid limit via compaction,False
JO038,High-rise Building,150,,Reduce liquid limit via compaction,False
JO038,Low-rise,100,,Increase CBR in top 2 layers,False
JO038,Roads & Highways,70,,Increase CBR in top 2 layers,False
JO038,Bridges,120,,Reduce liquid limit via compaction,False
JO038,Tunnels,150,,Use deep foundations or densify subsoil,False
JO038,Railway Tracks,80,,Reduce liquid limit via compaction,False
JO038,Pipeline Infrastructure,30,,Reduce liquid limit via compaction,False
JO038,Dams,100,,Increase CBR in top 2 layers,False
JO038,Water Reservoirs,90,,Increase CBR in top 2 layers,False
JO038,Airport Runways,180,,Use deep foundations or densify subsoil,False
JO039,Residential Building,50,,Reduce liquid limit via compaction,False
JO039,High-rise Building,150,,Reduce liquid limit via compaction,False
JO039,Low-rise,100,,Use deep foundations or densify subsoil,False
JO039,Roads & Highways,70,,Reduce liquid limit via compaction,False
JO039,Bridges,120,,Reduce liquid limit via compaction,False
JO039,Tunnels,150,,Use deep foundations or densify subsoil,False
JO039,Railway Tracks,80,,Reduce liquid limit via compaction,False
JO039,Pipeline Infrastructure,30,,Reduce liquid limit via compaction,False
JO039,Dams,100,,Use deep foundations or densify subsoil,False
JO039,Water Reservoirs,90,,Increase CBR in top 2 layers,False
JO039,Airport Runways,180,,Increase CBR in top 2 layers,False
JO040,Residential Building,50,,Reduce liquid limit via compaction,False
JO040,High-rise Building,150,,Increase CBR in top 2 layers,False
JO040,Low-rise,100,,Reduce liquid limit via compaction,False
JO040,Roads & Highways,70,,Reduce liquid limit via compaction,False
JO040,Bridges,120,,Use deep foundations or densify subsoil,False
JO040,Tunnels,150,,Increase CBR in top 2 layers,False
JO040,Railway Tracks,80,,Use deep foundations or densify subsoil,False
JO040,Pipeline Infrastructure,30,,Reduce liquid limit via compaction,False
JO040,Dams,100,,Increase CBR in top 2 layers,False
JO040,Water Reservoirs,90,,Reduce liquid limit via compaction,False
JO040,Airport Runways,180,,Use deep foundations or densify subsoil,False
JO041,Residential Building,50,Pipeline Infrastructure,Reduce liquid limit via compaction,False
JO041,High-rise Building,150,Pipeline Infrastructure,Use deep foundations or densify subsoil,False
JO041,Low-rise,100,Pipeline Infrastructure,Use deep foundations or densify subsoil,False
JO041,Roads & Highways,70,Pipeline Infrastructure,Reduce liquid limit via compaction,False
JO041,Bridges,120,Pipeline Infrastructure,Reduce liquid limit via compaction,False
JO041,Tunnels,150,Pipeline Infrastructure,Reduce liquid limit via compaction,False
JO041,Railway Tracks,80,Pipeline Infrastructure,Reduce liquid limit via compaction,False
JO041,Pipeline Infrastructure,30,,,True
JO041,Dams,100,Pipeline Infrastructure,Increase CBR in top 2 layers,False
JO041,Water Reservoirs,90,Pipeline Infrastructure,Increase CBR in top 2 layers,False
JO041,Airport Runways,180,Pipeline Infrastructure,Reduce liquid limit via compaction,False
JO042,Residential Building,50,,,True
JO042,High-rise Building,150,Residential Building,Use deep foundations or densify subsoil,False
JO042,Low-rise,100,Residential Building,Use deep foundations or densify subsoil,False
JO042,Roads & Highways,70,,,True
JO042,Bridges,120,Residential Building,Increase CBR in top 2 layers,False
JO042,Tunnels,150,Residential Building,Increase CBR in top 2 layers,False
JO042,Railway Tracks,80,,,True
JO042,Pipeline Infrastructure,30,,,True
JO042,Dams,100,Residential Building,Use deep foundations or densify subsoil,False
JO042,Water Reservoirs,90,Residential Building,Use deep foundations or densify subsoil,False
JO042,Airport Runways,180,Residential Building,Increase CBR in top 2 layers,False
JO043,Residential Building,50,Pipeline Infrastructure,Increase CBR in top 2 layers,False
JO043,High-rise Building,150,Pipeline Infrastructure,Increase CBR in top 2 layers,False
JO043,Low-rise,100,Pipeline Infrastructure,Increase CBR in top 2 layers,False
JO043,Roads & Highways,70,Pipeline Infrastructure,Increase CBR in top 2 layers,False
JO043,Bridges,120,Pipeline Infrastructure,Use deep foundations or densify subsoil,False
JO043,Tunnels,150,Pipeline Infrastructure,Increase CBR in top 2 layers,False
JO043,Railway Tracks,80,Pipeline Infrastructure,Increase CBR in top 2 layers,False
JO043,Pipeline Infrastructure,30,,,True
JO043,Dams,100,Pipeline Infrastructure,Increase CBR in top 2 layers,False
JO043,Water Reservoirs,90,Pipeline Infrastructure,Reduce liquid limit via compaction,False
JO043,Airport Runways,180,Pipeline Infrastructure,Use deep foundations or densify subsoil,False
JP032,Residential Building,50,,Reduce liquid limit via compaction,False
JP032,High-rise Building,150,,Use deep foundations or densify subsoil,False
JP032,Low-rise,100,,Reduce liquid limit via compaction,False
JP032,Roads & Highways,70,,Increase CBR in top 2 layers,False
JP032,Bridges,120,,Increase CBR in top 2 layers,False
JP032,Tunnels,150,,Increase CBR in top 2 layers,False
JP032,Railway Tracks,80,,Reduce liquid limit via compaction,False
JP032,Pipeline Infrastructure,30,,Reduce liquid limit via compaction,False
JP032,Dams,100,,Increase CBR in top 2 layers,False
JP032,Water Reservoirs,90,,Increase CBR in top 2 layers,False
JP032,Airport Runways,180,,Use deep foundations or densify subsoil,False
JP033,Residential Building,50,,Reduce liquid limit via compaction,False
JP033,High-rise Building,150,,Use deep foundations or densify subsoil,False
JP033,Low-rise,100,,Use deep foundations or densify subsoil,False
JP033,Roads & Highways,70,,Reduce liquid limit via compaction,False
JP033,Bridges,120,,Reduce liquid limit via compaction,False
JP033,Tunnels,150,,Reduce liquid limit via compaction,False
JP033,Railway Tracks,80,,Reduce liquid limit via compaction,False
JP033,Pipeline Infrastructure,30,,Reduce liquid limit via compaction,False
JP033,Dams,100,,Increase CBR in top 2 layers,False
JP033,Water Reservoirs,90,,Reduce liquid limit via compaction,False
JP033,Airport Runways,180,,Use deep foundations or densify subsoil,False
JP034,Residential Building,50,,,True
JP034,High-rise Building,150,Residential Building,Increase CBR in top 2 layers,False
JP034,Low-rise,100,Residential Building,Increase CBR in top 2 layers,False
JP034,Roads & Highways,70,,,True
JP034,Bridges,120,Residential Building,Increase CBR in top 2 layers,False
JP034,Tunnels,150,Residential Building,Use deep foundations or densify subsoil,False
JP034,Railway Tracks,80,Residential Building,Use deep foundations or densify subsoil,False
JP034,Pipeline Infrastructure,30,,,True
JP034,Dams,100,Residential Building,Use deep foundations or densify subsoil,False
JP034,Water Reservoirs,90,Residential Building,Use deep foundations or densify subsoil,False
JP034,Airport Runways,180,Residential Building,Reduce liquid limit via compaction,False
JP035,Residential Building,50,,Reduce liquid limit via compaction,False
JP035,High-rise Building,150,,Use deep foundations or densify subsoil,False
JP035,Low-rise,100,,Reduce liquid limit via compaction,False
JP035,Roads & Highways,70,,Reduce liquid limit via compaction,False
JP035,Bridges,120,,Increase CBR in top 2 layers,False
JP035,Tunnels,150,,Use deep foundations or densify subsoil,False
JP035,Railway Tracks,80,,Reduce liquid limit via compaction,False
JP035,Pipeline Infrastructure,30,,Reduce liquid limit via compaction,False
JP035,Dams,100,,Reduce liquid limit via compaction,False
JP035,Water Reservoirs,90,,Reduce liquid limit via compaction,False
JP035,Airport Runways,180,,Reduce liquid limit via compaction,False
KE001,Residential Building,50,,Reduce liquid limit via compaction,False
KE001,High-rise Building,150,,Use deep foundations or densify subsoil,False
KE001,Low-rise,100,,Use deep foundations or densify subsoil,False
KE001,Roads & Highways,70,,Reduce liquid limit via compaction,False
KE001,Bridges,120,,Use deep foundations or densify subsoil,False
KE001,Tunnels,150,,Use deep foundations or densify subsoil,False
KE001,Railway Tracks,80,,Reduce liquid limit via compaction,False
KE001,Pipeline Infrastructure,30,,Reduce liquid limit via compaction,False
KE001,Dams,100,,Use deep foundations or densify subsoil,False
KE001,Water Reservoirs,90,,Use deep foundations or densify subsoil,False
KE001,Airport Runways,180,,Increase CBR in top 2 layers,False
KE002,Residential Building,50,,,True
KE002,High-rise Building,150,Residential Building,Reduce liquid limit via compaction,False
KE002,Low-rise,100,Residential Building,Reduce liquid limit via compaction,False
KE002,Roads & Highways,70,,,True
KE002,Bridges,120,Residential Building,Increase CBR in top 2 layers,False
KE002,Tunnels,150,Residential Building,Use deep foundations or densify subsoil,False
KE002,Railway Tracks,80,,,True
KE002,Pipeline Infrastructure,30,,,True
KE002,Dams,100,Residential Building,Use deep foundations or densify subsoil,False
KE002,Water Reservoirs,90,Residential Building,Reduce liquid limit via compaction,False
KE002,Airport Runways,180,Residential Building,Use deep foundations or densify subsoil,False
KE003,Residential Building,50,Pipeline Infrastructure,Reduce liquid limit via compaction,False
KE003,High-rise Building,150,Pipeline Infrastructure,Increase CBR in top 2 layers,False
KE003,Low-rise,100,Pipeline Infrastructure,Reduce liquid limit via compaction,False
KE003,Roads & Highways,70,Pipeline Infrastructure,Reduce liquid limit via compaction,False
KE003,Bridges,120,Pipeline Infrastructure,Increase CBR in top 2 layers,False
KE003,Tunnels,150,Pipeline Infrastructure,Use deep foundations or densify subsoil,False
KE003,Railway Tracks,80,Pipeline Infrastructure,Reduce liquid limit via compaction,False
KE003,Pipeline Infrastructure,30,,,True
KE003,Dams,100,Pipeline Infrastructure,Reduce liquid limit via compaction,False
KE003,Water Reservoirs,90,Pipeline Infrastructure,Reduce liquid limit via compaction,False
KE003,Airport Runways,180,Pipeline Infrastructure,Increase CBR in top 2 layers,False
KE004,Residential Building,50,,,True
KE004,High-rise Building,150,Residential Building,Increase CBR in top 2 layers,False
KE004,Low-rise,100,Residential Building,Use deep foundations or densify subsoil,False
KE004,Roads & Highways,70,,,True
KE004,Bridges,120,Residential Building,Increase CBR in top 2 layers,False
KE004,Tunnels,150,Residential Building,Increase CBR in top 2 layers,False
KE004,Railway Tracks,80,,,True
KE004,Pipeline Infrastructure,30,,,True
KE004,Dams,100,Residential Building,Use deep foundations or densify subsoil,False
KE004,Water Reservoirs,90,Residential Building,Use deep foundations or densify subsoil,False
KE004,Airport Runways,180,Residential Building,Use deep foundations or densify subsoil,False
KE005,Residential Building,50,Pipeline Infrastructure,Reduce liquid limit via compaction,False
KE005,High-rise Building,150,Pipeline Infrastructure,Reduce liquid limit via compaction,False
KE005,Low-rise,100,Pipeline Infrastructure,Reduce liquid limit via compaction,False
KE005,Roads & Highways,70,Pipeline Infrastructure,Reduce liquid limit via compaction,False
KE005,Bridges,120,Pipeline Infrastructure,Reduce liquid limit via compaction,False
KE005,Tunnels,150,Pipeline Infrastructure,Use deep foundations or densify subsoil,False
KE005,Railway Tracks,80,Pipeline Infrastructure,Reduce liquid limit via compaction,False
KE005,Pipeline Infrastructure,30,,,True
KE005,Dams,100,Pipeline Infrastructure,Reduce liquid limit via compaction,False
KE005,Water Reservoirs,90,Pipeline Infrastructure,Reduce liquid limit via compaction,False
KE005,Airport Runways,180,Pipeline Infrastructure,Increase CBR in top 2 layers,False
KE006,Residential Building,50,,,True
KE006,High-rise Building,150,Residential Building,Use deep foundations or densify subsoil,False
KE006,Low-rise,100,Residential Building,Reduce liquid limit via compaction,False
KE006,Roads & Highways,70,,,True
KE006,Bridges,120,Residential Building,Reduce liquid limit via compaction,False
KE006,Tunnels,150,Residential Building,Reduce liquid limit via compaction,False
KE006,Railway Tracks,80,,,True
KE006,Pipeline Infrastructure,30,,,True
KE006,Dams,100,Residential Building,Reduce liquid limit via compaction,False
KE006,Water Reservoirs,90,Residential Building,Reduce liquid limit via compaction,False
KE006,Airport Runways,180,Residential Building,Reduce liquid limit via compaction,False
KE007,Residential Building,50,,,True
KE007,High-rise Building,150,Residential Building,Use deep foundations or densify subsoil,False
KE007,Low-rise,100,,,True
KE007,Roads & Highways,70,,,True
KE007,Bridges,120,,,True
KE007,Tunnels,150,Bridges,Use deep foundations or densify subsoil,False
KE007,Railway Tracks,80,,,True
KE007,Pipeline Infrastructure,30,,,True
KE007,Dams,100,,,True
KE007,Water Reservoirs,90,,,True
KE007,Airport Runways,180,Residential Building,Increase CBR in top 2 layers,False
KE008,Residential Building,50,Pipeline Infrastructure,Reduce liquid limit via compaction,False
KE008,High-rise Building,150,Pipeline Infrastructure,Use deep foundations or densify subsoil,False
KE008,Low-rise,100,Pipeline Infrastructure,Reduce liquid limit via compaction,False
KE008,Roads & Highways,70,Pipeline Infrastructure,Reduce liquid limit via compaction,False
KE008,Bridges,120,Pipeline Infrastructure,Reduce liquid limit via compaction,False
KE008,Tunnels,150,Pipeline Infrastructure,Increase CBR in top 2 layers,False
KE008,Railway Tracks,80,Pipeline Infrastructure,Reduce liquid limit via compaction,False
KE008,Pipeline Infrastructure,30,,,True
KE008,Dams,100,Pipeline Infrastructure,Reduce liquid limit via compaction,False
KE008,Water Reservoirs,90,Pipeline Infrastructure,Reduce liquid limit via compaction,False
KE008,Airport Runways,180,Pipeline Infrastructure,Reduce liquid limit via compaction,False
KE009,Residential Building,50,,Reduce liquid limit via compaction,False
KE009,High-rise Building,150,,Reduce liquid limit via compaction,False
KE009,Low-rise,100,,Reduce liquid limit via compaction,False
KE009,Roads & Highways,70,,Reduce liquid limit via compaction,False
KE009,Bridges,120,,Use deep foundations or densify subsoil,False
KE009,Tunnels,150,,Reduce liquid limit via compaction,False
KE009,Railway Tracks,80,,Use deep foundations or densify subsoil,False
KE009,Pipeline Infrastructure,30,,Reduce liquid limit via compaction,False
KE009,Dams,100,,Increase CBR in top 2 layers,False
KE009,Water Reservoirs,90,,Increase CBR in top 2 layers,False
KE009,Airport Runways,180,,Increase CBR in top 2 layers,False
KE010,Residential Building,50,,Reduce liquid limit via compaction,False
KE010,High-rise Building,150,,Use deep foundations or densify subsoil,False
KE010,Low-rise,100,,Increase CBR in top 2 layers,False
KE010,Roads & Highways,70,,Reduce liquid limit via compaction,False
KE010,Bridges,120,,Use deep foundations or densify subsoil,False
KE010,Tunnels,150,,Increase CBR in top 2 layers,False
KE010,Railway Tracks,80,,Increase CBR in top 2 layers,False
KE010,Pipeline Infrastructure,30,,Reduce liquid limit via compaction,False
KE010,Dams,100,,Reduce liquid limit via compaction,False
KE010,Water Reservoirs,90,,Use deep foundations or densify subsoil,False
KE010,Airport Runways,180,,Increase CBR in top 2 layers,False
KE011,Residential Building,50,,,True
KE011,High-rise Building,150,Residential Building,Increase CBR in top 2 layers,False
KE011,Low-rise,100,Residential Building,Increase CBR in top 2 layers,False
KE011,Roads & Highways,70,Residential Building,Use deep foundations or densify subsoil,False
KE011,Bridges,120,Residential Building,Increase CBR in top 2 layers,False
KE011,Tunnels,150,Residential Building,Increase CBR in top 2 layers,False
KE011,Railway Tracks,80,Residential Building,Increase CBR in top 2 layers,False
KE011,Pipeline Infrastructure,30,,,True
KE011,Dams,100,Residential Building,Increase CBR in top 2 layers,False
KE011,Water Reservoirs,90,Residential Building,Use deep foundations or densify subsoil,False
KE011,Airport Runways,180,Residential Building,Increase CBR in top 2 layers,False
KE012,Residential Building,50,,,True
KE012,High-rise Building,150,Residential Building,Use deep foundations or densify subsoil,False
KE012,Low-rise,100,Residential Building,Use deep foundations or densify subsoil,False
KE012,Roads & Highways,70,Residential Building,Increase CBR in top 2 layers,False
KE012,Bridges,120,Residential Building,Increase CBR in top 2 layers,False
KE012,Tunnels,150,Residential Building,Increase CBR in top 2 layers,False
KE012,Railway Tracks,80,Residential Building,Use deep foundations or densify subsoil,False
KE012,Pipeline Infrastructure,30,,,True
KE012,Dams,100,Residential Building,Increase CBR in top 2 layers,False
KE012,Water Reservoirs,90,Residential Building,Increase CBR in top 2 layers,False
KE012,Airport Runways,180,Residential Building,Increase CBR in top 2 layers,False
KE013,Residential Building,50,,,True
KE013,High-rise Building,150,Residential Building,Increase CBR in top 2 layers,False
KE013,Low-rise,100,,,True
KE013,Roads & Highways,70,,,True
KE013,Bridges,120,Residential Building,Use deep foundations or densify subsoil,False
KE013,Tunnels,150,Residential Building,Increase CBR in top 2 layers,False
KE013,Railway Tracks,80,,,True
KE013,Pipeline Infrastructure,30,,,True
KE013,Dams,100,,,True
KE013,Water Reservoirs,90,,,True
KE013,Airport Runways,180,Residential Building,Increase CBR in top 2 layers,False
KE014,Residential Building,50,,Reduce liquid limit via compaction,False
KE014,High-rise Building,150,,Reduce liquid limit via compaction,False
KE014,Low-rise,100,,Increase CBR in top 2 layers,False
KE014,Roads & Highways,70,,Use deep foundations or densify subsoil,False
KE014,Bridges,120,,Use deep foundations or densify subsoil,False
KE014,Tunnels,150,,Reduce liquid limit via compaction,False
KE014,Railway Tracks,80,,Increase CBR in top 2 layers,False
KE014,Pipeline Infrastructure,30,,Reduce liquid limit via compaction,False
KE014,Dams,100,,Increase CBR in top 2 layers,False
KE014,Water Reservoirs,90,,Increase CBR in top 2 layers,False
KE014,Airport Runways,180,,Increase CBR in top 2 layers,False
KE015,Residential Building,50,Pipeline Infrastructure,Reduce liquid limit via compaction,False
KE015,High-rise Building,150,Pipeline Infrastructure,Increase CBR in top 2 layers,False
KE015,Low-rise,100,Pipeline Infrastructure,Reduce liquid limit via compaction,False
KE015,Roads & Highways,70,Pipeline Infrastructure,Reduce liquid limit via compaction,False
KE015,Bridges,120,Pipeline Infrastructure,Increase CBR in top 2 layers,False
KE015,Tunnels,150,Pipeline Infrastructure,Use deep foundations or densify subsoil,False
KE015,Railway Tracks,80,Pipeline Infrastructure,Reduce liquid limit via compaction,False
KE015,Pipeline Infrastructure,30,,,True
KE015,Dams,100,Pipeline Infrastructure,Increase CBR in top 2 layers,False
KE015,Water Reservoirs,90,Pipeline Infrastructure,Reduce liquid limit via compaction,False
KE015,Airport Runways,180,Pipeline Infrastructure,Increase CBR in top 2 layers,False
KE016,Residential Building,50,,Reduce liquid limit via compaction,False
KE016,High-rise Building,150,,Reduce liquid limit via compaction,False
KE016,Low-rise,100,,Use deep foundations or densify subsoil,False
KE016,Roads & Highways,70,,Reduce liquid limit via compaction,False
KE016,Bridges,120,,Increase CBR in top 2 layers,False
KE016,Tunnels,150,,Reduce liquid limit via compaction,False
KE016,Railway Tracks,80,,Reduce liquid limit via compaction,False
KE016,Pipeline Infrastructure,30,,Reduce liquid limit via compaction,False
KE016,Dams,100,,Reduce liquid limit via compaction,False
KE016,Water Reservoirs,90,,Reduce liquid limit via compaction,False
KE016,Airport Runways,180,,Use deep foundations or densify subsoil,False
KE017,Residential Building,50,Pipeline Infrastructure,Reduce liquid limit via compaction,False
KE017,High-rise Building,150,Pipeline Infrastructure,Increase CBR in top 2 layers,False
KE017,Low-rise,100,Pipeline Infrastructure,Reduce liquid limit via compaction,False
KE017,Roads & Highways,70,Pipeline Infrastructure,Reduce liquid limit via compaction,False
KE017,Bridges,120,Pipeline Infrastructure,Reduce liquid limit via compaction,False
KE017,Tunnels,150,Pipeline Infrastructure,Increase CBR in top 2 layers,False
KE017,Railway Tracks,80,Pipeline Infrastructure,Reduce liquid limit via compaction,False
KE017,Pipeline Infrastructure,30,,,True
KE017,Dams,100,Pipeline Infrastructure,Reduce liquid limit via compaction,False
KE017,Water Reservoirs,90,Pipeline Infrastructure,Reduce liquid limit via compaction,False
KE017,Airport Runways,180,Pipeline Infrastructure,Reduce liquid limit via compaction,False
KE018,Residential Building,50,Pipeline Infrastructure,Reduce liquid limit via compaction,False
KE018,High-rise Building,150,Pipeline Infrastructure,Increase CBR in top 2 layers,False
KE018,Low-rise,100,Pipeline Infrastructure,Increase CBR in top 2 layers,False
KE018,Roads & Highways,70,Pipeline Infrastructure,Reduce liquid limit via compaction,False
KE018,Bridges,120,Pipeline Infrastructure,Increase CBR in top 2 layers,False
KE018,Tunnels,150,Pipeline Infrastructure,Reduce liquid limit via compaction,False
KE018,Railway Tracks,80,Pipeline Infrastructure,Reduce liquid limit via compaction,False
KE018,Pipeline Infrastructure,30,,,True
KE018,Dams,100,Pipeline Infrastructure,Use deep foundations or densify subsoil,False
KE018,Water Reservoirs,90,Pipeline Infrastructure,Reduce liquid limit via compaction,False
KE018,Airport Runways,180,Pipeline Infrastructure,Increase CBR in top 2 layers,False
KE019,Residential Building,50,,Reduce liquid limit via compaction,False
KE019,High-rise Building,150,,Use deep foundations or densify subsoil,False
KE019,Low-rise,100,,Reduce liquid limit via compaction,False
KE019,Roads & Highways,70,,Reduce liquid limit via compaction,False
KE019,Bridges,120,,Use deep foundations or densify subsoil,False
KE019,Tunnels,150,,Reduce liquid limit via compaction,False
KE019,Railway Tracks,80,,Reduce liquid limit via compaction,False
KE019,Pipeline Infrastructure,30,,Reduce liquid limit via compaction,False
KE019,Dams,100,,Reduce liquid limit via compaction,False
KE019,Water Reservoirs,90,,Reduce liquid limit via compaction,False
KE019,Airport Runways,180,,Reduce liquid limit via compaction,False
KE020,Residential Building,50,Pipeline Infrastructure,Reduce liquid limit via compaction,False
KE020,High-rise Building,150,Pipeline Infrastructure,Use deep foundations or densify subsoil,False
KE020,Low-rise,100,Pipeline Infrastructure,Use deep foundations or densify subsoil,False
KE020,Roads & Highways,70,Pipeline Infrastructure,Reduce liquid limit via compaction,False
KE020,Bridges,120,Pipeline Infrastructure,Increase CBR in top 2 layers,False
KE020,Tunnels,150,Pipeline Infrastructure,Increase CBR in top 2 layers,False
KE020,Railway Tracks,80,Pipeline Infrastructure,Reduce liquid limit via compaction,False
KE020,Pipeline Infrastructure,30,,,True
KE020,Dams,100,Pipeline Infrastructure,Use deep foundations or densify subsoil,False
KE020,Water Reservoirs,90,Pipeline Infrastructure,Reduce liquid limit via compaction,False
KE020,Airport Runways,180,Pipeline Infrastructure,Increase CBR in top 2 layers,False
KE021,Residential Building,50,,,True
KE021,High-rise Building,150,Residential Building,Increase CBR in top 2 layers,False
KE021,Low-rise,100,Residential Building,Use deep foundations or densify subsoil,False
KE021,Roads & Highways,70,,,True
KE021,Bridges,120,Residential Building,Increase CBR in top 2 layers,False
KE021,Tunnels,150,Residential Building,Use deep foundations or densify subsoil,False
KE021,Railway Tracks,80,,,True
KE021,Pipeline Infrastructure,30,,,True
KE021,Dams,100,Residential Building,Increase CBR in top 2 layers,False
KE021,Water Reservoirs,90,Residential Building,Use deep foundations or densify subsoil,False
KE021,Airport Runways,180,Residential Building,Increase CBR in top 2 layers,False
KE022,Residential Building,50,,Use deep foundations or densify subsoil,False
KE022,High-rise Building,150,,Reduce liquid limit via compaction,False
KE022,Low-rise,100,,Reduce liquid limit via compaction,False
KE022,Roads & Highways,70,,Reduce liquid limit via compaction,False
KE022,Bridges,120,,Use deep foundations or densify subsoil,False
KE022,Tunnels,150,,Use deep foundations or densify subsoil,False
KE022,Railway Tracks,80,,Increase CBR in top 2 layers,False
KE022,Pipeline Infrastructure,30,,Reduce liquid limit via compaction,False
KE022,Dams,100,,Reduce liquid limit via compaction,False
KE022,Water Reservoirs,90,,Increase CBR in top 2 layers,False
KE022,Airport Runways,180,,Increase CBR in top 2 layers,False
KE023,Residential Building,50,,Reduce liquid limit via compaction,False
KE023,High-rise Building,150,,Reduce liquid limit via compaction,False
KE023,Low-rise,100,,Use deep foundations or densify subsoil,False
KE023,Roads & Highways,70,,Reduce liquid limit via compaction,False
KE023,Bridges,120,,Use deep foundations or densify subsoil,False
KE023,Tunnels,150,,Increase CBR in top 2 layers,False
KE023,Railway Tracks,80,,Reduce liquid limit via compaction,False
KE023,Pipeline Infrastructure,30,,Reduce liquid limit via compaction,False
KE023,Dams,100,,Increase CBR in top 2 layers,False
KE023,Water Reservoirs,90,,Reduce liquid limit via compaction,False
KE023,Airport Runways,180,,Use deep foundations or densify subsoil,False
KE024,Residential Building,50,,Reduce liquid limit via compaction,False
KE024,High-rise Building,150,,Use deep foundations or densify subsoil,False
KE024,Low-rise,100,,Reduce liquid limit via compaction,False
KE024,Roads & Highways,70,,Reduce liquid limit via compaction,False
KE024,Bridges,120,,Reduce liquid limit via compaction,False
KE024,Tunnels,150,,Increase CBR in top 2 layers,False
KE024,Railway Tracks,80,,Reduce liquid limit via compaction,False
KE024,Pipeline Infrastructure,30,,Reduce liquid limit via compaction,False
KE024,Dams,100,,Reduce liquid limit via compaction,False
KE024,Water Reservoirs,90,,Reduce liquid limit via compaction,False
KE024,Airport Runways,180,,Reduce liquid limit via compaction,False
KE025,Residential Building,50,,,True
KE025,High-rise Building,150,Residential Building,Reduce liquid limit via compaction,False
KE025,Low-rise,100,Residential Building,Use deep foundations or densify subsoil,False
KE025,Roads & Highways,70,,,True
KE025,Bridges,120,Residential Building,Increase CBR in top 2 layers,False
KE025,Tunnels,150,Residential Building,Use deep foundations or densify subsoil,False
KE025,Railway Tracks,80,,,True
KE025,Pipeline Infrastructure,30,,,True
KE025,Dams,100,Residential Building,Reduce liquid limit via compaction,False
KE025,Water Reservoirs,90,Residential Building,Use deep foundations or densify subsoil,False
KE025,Airport Runways,180,Residential Building,Reduce liquid limit via compaction,False
KE026,Residential Building,50,Pipeline Infrastructure,Reduce liquid limit via compaction,False
KE026,High-rise Building,150,Pipeline Infrastructure,Use deep foundations or densify subsoil,False
KE026,Low-rise,100,Pipeline Infrastructure,Use deep foundations or densify subsoil,False
KE026,Roads & Highways,70,Pipeline Infrastructure,Use deep foundations or densify subsoil,False
KE026,Bridges,120,Pipeline Infrastructure,Increase CBR in top 2 layers,False
KE026,Tunnels,150,Pipeline Infrastructure,Reduce liquid limit via compaction,False
KE026,Railway Tracks,80,Pipeline Infrastructure,Reduce liquid limit via compaction,False
KE026,Pipeline Infrastructure,30,,,True
KE026,Dams,100,Pipeline Infrastructure,Increase CBR in top 2 layers,False
KE026,Water Reservoirs,90,Pipeline Infrastructure,Reduce liquid limit via compaction,False
KE026,Airport Runways,180,Pipeline Infrastructure,Reduce liquid limit via compaction,False
KE027,Residential Building,50,,,True
KE027,High-rise Building,150,Residential Building,Increase CBR in top 2 layers,False
KE027,Low-rise,100,Residential Building,Use deep foundations or densify subsoil,False
KE027,Roads & Highways,70,Residential Building,Increase CBR in top 2 layers,False
KE027,Bridges,120,Residential Building,Use deep foundations or densify subsoil,False
KE027,Tunnels,150,Residential Building,Increase CBR in top 2 layers,False
KE027,Railway Tracks,80,Residential Building,Increase CBR in top 2 layers,False
KE027,Pipeline Infrastructure,30,,,True
KE027,Dams,100,Residential Building,Increase CBR in top 2 layers,False
KE027,Water Reservoirs,90,Residential Building,Increase CBR in top 2 layers,False
KE027,Airport Runways,180,Residential Building,Increase CBR in top 2 layers,False
KE028,Residential Building,50,,Reduce liquid limit via compaction,False
KE028,High-rise Building,150,,Increase CBR in top 2 layers,False
KE028,Low-rise,100,,Reduce liquid limit via compaction,False
KE028,Roads & Highways,70,,Reduce liquid limit via compaction,False
KE028,Bridges,120,,Increase CBR in top 2 layers,False
KE028,Tunnels,150,,Increase CBR in top 2 layers,False
KE028,Railway Tracks,80,,Reduce liquid limit via compaction,False
KE028,Pipeline Infrastructure,30,,Reduce liquid limit via compaction,False
KE028,Dams,100,,Increase CBR in top 2 layers,False
KE028,Water Reservoirs,90,,Increase CBR in top 2 layers,False
KE028,Airport Runways,180,,Reduce liquid limit via compaction,False
KE029,Residential Building,50,,,True
KE029,High-rise Building,150,Residential Building,Use deep foundations or densify subsoil,False
KE029,Low-rise,100,Residential Building,Reduce liquid limit via compaction,False
KE029,Roads & Highways,70,,,True
KE029,Bridges,120,Residential Building,Increase CBR in top 2 layers,False
KE029,Tunnels,150,Residential Building,Use deep foundations or densify subsoil,False
KE029,Railway Tracks,80,,,True
KE029,Pipeline Infrastructure,30,,,True
KE029,Dams,100,Residential Building,Reduce liquid limit via compaction,False
KE029,Water Reservoirs,90,Residential Building,Reduce liquid limit via compaction,False
KE029,Airport Runways,180,Residential Building,Use deep foundations or densify subsoil,False
KE030,Residential Building,50,,Reduce liquid limit via compaction,False
KE030,High-rise Building,150,,Increase CBR in top 2 layers,False
KE030,Low-rise,100,,Reduce liquid limit via compaction,False
KE030,Roads & Highways,70,,Reduce liquid limit via compaction,False
KE030,Bridges,120,,Reduce liquid limit via compaction,False
KE030,Tunnels,150,,Increase CBR in top 2 layers,False
KE030,Railway Tracks,80,,Reduce liquid limit via compaction,False
KE030,Pipeline Infrastructure,30,,Reduce liquid limit via compaction,False
KE030,Dams,100,,Reduce liquid limit via compaction,False
KE030,Water Reservoirs,90,,Reduce liquid limit via compaction,False
KE030,Airport Runways,180,,Use deep foundations or densify subsoil,False
KE031,Residential Building,50,,,True
KE031,High-rise Building,150,Residential Building,Use deep foundations or densify subsoil,False
KE031,Low-rise,100,,,True
KE031,Roads & Highways,70,,,True
KE031,Bridges,120,,,True
KE031,Tunnels,150,Bridges,Increase CBR in top 2 layers,False
KE031,Railway Tracks,80,,,True
KE031,Pipeline Infrastructure,30,,,True
KE031,Dams,100,,,True
KE031,Water Reservoirs,90,,,True
KE031,Airport Runways,180,Residential Building,Use deep foundations or densify subsoil,False
KE032,Residential Building,50,,Increase CBR in top 2 layers,False
KE032,High-rise Building,150,,Use deep foundations or densify subsoil,False
KE032,Low-rise,100,,Reduce liquid limit via compaction,False
KE032,Roads & Highways,70,,Increase CBR in top 2 layers,False
KE032,Bridges,120,,Use deep foundations or densify subsoil,False
KE032,Tunnels,150,,Reduce liquid limit via compaction,False
KE032,Railway Tracks,80,,Increase CBR in top 2 layers,False
KE032,Pipeline Infrastructure,30,,Increase CBR in top 2 layers,False
KE032,Dams,100,,Use deep foundations or densify subsoil,False
KE032,Water Reservoirs,90,,Use deep foundations or densify subsoil,False
KE032,Airport Runways,180,,Use deep foundations or densify subsoil,False
KR003,Residential Building,50,,Reduce liquid limit via compaction,False
KR003,High-rise Building,150,,Use deep foundations or densify subsoil,False
KR003,Low-rise,100,,Use deep foundations or densify subsoil,False
KR003,Roads & Highways,70,,Reduce liquid limit via compaction,False
KR003,Bridges,120,,Reduce liquid limit via compaction,False
KR003,Tunnels,150,,Increase CBR in top 2 layers,False
KR003,Railway Tracks,80,,Reduce liquid limit via compaction,False
KR003,Pipeline Infrastructure,30,,Reduce liquid limit via compaction,False
KR003,Dams,100,,Increase CBR in top 2 layers,False
KR003,Water Reservoirs,90,,Use deep foundations or densify subsoil,False
KR003,Airport Runways,180,,Increase CBR in top 2 layers,False
KR004,Residential Building,50,,,True
KR004,High-rise Building,150,Residential Building,Use deep foundations or densify subsoil,False
KR004,Low-rise,100,Residential Building,Use deep foundations or densify subsoil,False
KR004,Roads & Highways,70,,,True
KR004,Bridges,120,Residential Building,Reduce liquid limit via compaction,False
KR004,Tunnels,150,Residential Building,Use deep foundations or densify subsoil,False
KR004,Railway Tracks,80,,,True
KR004,Pipeline Infrastructure,30,,,True
KR004,Dams,100,Residential Building,Use deep foundations or densify subsoil,False
KR004,Water Reservoirs,90,Residential Building,Use deep foundations or densify subsoil,False
KR004,Airport Runways,180,Residential Building,Reduce liquid limit via compaction,False
KR005,Residential Building,50,,,True
KR005,High-rise Building,150,Residential Building,Increase CBR in top 2 layers,False
KR005,Low-rise,100,Residential Building,Increase CBR in top 2 layers,False
KR005,Roads & Highways,70,Residential Building,Use deep foundations or densify subsoil,False
KR005,Bridges,120,Residential Building,Increase CBR in top 2 layers,False
KR005,Tunnels,150,Residential Building,Use deep foundations or densify subsoil,False
KR005,Railway Tracks,80,Residential Building,Use deep foundations or densify subsoil,False
KR005,Pipeline Infrastructure,30,,,True
KR005,Dams,100,Residential Building,Use deep foundations or densify subsoil,False
KR005,Water Reservoirs,90,Residential Building,Use deep foundations or densify subsoil,False
KR005,Airport Runways,180,Residential Building,Use deep foundations or densify subsoil,False
KR006,Residential Building,50,,Reduce liquid limit via compaction,False
KR006,High-rise Building,150,,Increase CBR in top 2 layers,False
KR006,Low-rise,100,,Use deep foundations or densify subsoil,False
KR006,Roads & Highways,70,,Reduce liquid limit via compaction,False
KR006,Bridges,120,,Increase CBR in top 2 layers,False
KR006,Tunnels,150,,Reduce liquid limit via compaction,False
KR006,Railway Tracks,80,,Reduce liquid limit via compaction,False
KR006,Pipeline Infrastructure,30,,Reduce liquid limit via compaction,False
KR006,Dams,100,,Use deep foundations or densify subsoil,False
KR006,Water Reservoirs,90,,Reduce liquid limit via compaction,False
KR006,Airport Runways,180,,Use deep foundations or densify subsoil,False
KR007,Residential Building,50,,,True
KR007,High-rise Building,150,Residential Building,Increase CBR in top 2 layers,False
KR007,Low-rise,100,Residential Building,Increase CBR in top 2 layers,False
KR007,Roads & Highways,70,Residential Building,Increase CBR in top 2 layers,False
KR007,Bridges,120,Residential Building,Use deep foundations or densify subsoil,False
KR007,Tunnels,150,Residential Building,Increase CBR in top 2 layers,False
KR007,Railway Tracks,80,Residential Building,Use deep foundations or densify subsoil,False
KR007,Pipeline Infrastructure,30,,,True
KR007,Dams,100,Residential Building,Use deep foundations or densify subsoil,False
KR007,Water Reservoirs,90,Residential Building,Increase CBR in top 2 layers,False
KR007,Airport Runways,180,Residential Building,Increase CBR in top 2 layers,False
KR008,Residential Building,50,,,True
KR008,High-rise Building,150,Residential Building,Use deep foundations or densify subsoil,False
KR008,Low-rise,100,,,True
KR008,Roads & Highways,70,,,True
KR008,Bridges,120,Residential Building,Increase CBR in top 2 layers,False
KR008,Tunnels,150,Residential Building,Use deep foundations or densify subsoil,False
KR008,Railway Tracks,80,,,True
KR008,Pipeline Infrastructure,30,,,True
KR008,Dams,100,,,True
KR008,Water Reservoirs,90,,,True
KR008,Airport Runways,180,Residential Building,Increase CBR in top 2 layers,False
KR009,Residential Building,50,Pipeline Infrastructure,Reduce liquid limit via compaction,False
KR009,High-rise Building,150,Pipeline Infrastructure,Increase CBR in top 2 layers,False
KR009,Low-rise,100,Pipeline Infrastructure,Increase CBR in top 2 layers,False
KR009,Roads & Highways,70,Pipeline Infrastructure,Reduce liquid limit via compaction,False
KR009,Bridges,120,Pipeline Infrastructure,Use deep foundations or densify subsoil,False
KR009,Tunnels,150,Pipeline Infrastructure,Reduce liquid limit via compaction,False
KR009,Railway Tracks,80,Pipeline Infrastructure,Reduce liquid limit via compaction,False
KR009,Pipeline Infrastructure,30,,,True
KR009,Dams,100,Pipeline Infrastructure,Reduce liquid limit via compaction,False
KR009,Water Reservoirs,90,Pipeline Infrastructure,Use deep foundations or densify subsoil,False
KR009,Airport Runways,180,Pipeline Infrastructure,Reduce liquid limit via compaction,False
KR010,Residential Building,50,,,True
KR010,High-rise Building,150,Residential Building,Reduce liquid limit via compaction,False
KR010,Low-rise,100,Residential Building,Reduce liquid limit via compaction,False
KR010,Roads & Highways,70,,,True
KR010,Bridges,120,Residential Building,Reduce liquid limit via compaction,False
KR010,Tunnels,150,Residential Building,Use deep foundations or densify subsoil,False
KR010,Railway Tracks,80,,,True
KR010,Pipeline Infrastructure,30,,,True
KR010,Dams,100,Residential Building,Reduce liquid limit via compaction,False
KR010,Water Reservoirs,90,Residential Building,Reduce liquid limit via compaction,False
KR010,Airport Runways,180,Residential Building,Use deep foundations or densify subsoil,False
KR011,Residential Building,50,,,True
KR011,High-rise Building,150,Residential Building,Use deep foundations or densify subsoil,False
KR011,Low-rise,100,Residential Building,Increase CBR in top 2 layers,False
KR011,Roads & Highways,70,Residential Building,Use deep foundations or densify subsoil,False
KR011,Bridges,120,Residential Building,Increase CBR in top 2 layers,False
KR011,Tunnels,150,Residential Building,Increase CBR in top 2 layers,False
KR011,Railway Tracks,80,Residential Building,Use deep foundations or densify subsoil,False
KR011,Pipeline Infrastructure,30,,,True
KR011,Dams,100,Residential Building,Use deep foundations or densify subsoil,False
KR011,Water Reservoirs,90,Residential Building,Use deep foundations or densify subsoil,False
KR011,Airport Runways,180,Residential Building,Use deep foundations or densify subsoil,False
KR012,Residential Building,50,,Reduce liquid limit via compaction,False
KR012,High-rise Building,150,,Use deep foundations or densify subsoil,False
KR012,Low-rise,100,,Use deep foundations or densify subsoil,False
KR012,Roads & Highways,70,,Reduce liquid limit via compaction,False
KR012,Bridges,120,,Use deep foundations or densify subsoil,False
KR012,Tunnels,150,,Increase CBR in top 2 layers,False
KR012,Railway Tracks,80,,Reduce liquid limit via compaction,False
KR012,Pipeline Infrastructure,30,,Reduce liquid limit via compaction,False
KR012,Dams,100,,Use deep foundations or densify subsoil,False
KR012,Water Reservoirs,90,,Reduce liquid limit via compaction,False
KR012,Airport Runways,180,,Use deep foundations or densify subsoil,False
KR013,Residential Building,50,Pipeline Infrastructure,Reduce liquid limit via compaction,False
KR013,High-rise Building,150,Pipeline Infrastructure,Reduce liquid limit via compaction,False
KR013,Low-rise,100,Pipeline Infrastructure,Use deep foundations or densify subsoil,False
KR013,Roads & Highways,70,Pipeline Infrastructure,Reduce liquid limit via compaction,False
KR013,Bridges,120,Pipeline Infrastructure,Increase CBR in top 2 layers,False
KR013,Tunnels,150,Pipeline Infrastructure,Increase CBR in top 2 layers,False
KR013,Railway Tracks,80,Pipeline Infrastructure,Reduce liquid limit via compaction,False
KR013,Pipeline Infrastructure,30,,,True
KR013,Dams,100,Pipeline Infrastructure,Use deep foundations or densify subsoil,False
KR013,Water Reservoirs,90,Pipeline Infrastructure,Reduce liquid limit via compaction,False
KR013,Airport Runways,180,Pipeline Infrastructure,Reduce liquid limit via compaction,False
KR014,Residential Building,50,Pipeline Infrastructure,Increase CBR in top 2 layers,False
KR014,High-rise Building,150,Pipeline Infrastructure,Increase CBR in top 2 layers,False
KR014,Low-rise,100,Pipeline Infrastructure,Increase CBR in top 2 layers,False
KR014,Roads & Highways,70,Pipeline Infrastructure,Use deep foundations or densify subsoil,False
KR014,Bridges,120,Pipeline Infrastructure,Increase CBR in top 2 layers,False
KR014,Tunnels,150,Pipeline Infrastructure,Increase CBR in top 2 layers,False
KR014,Railway Tracks,80,Pipeline Infrastructure,Use deep foundations or densify subsoil,False
KR014,Pipeline Infrastructure,30,,,True
KR014,Dams,100,Pipeline Infrastructure,Use deep foundations or densify subsoil,False
KR014,Water Reservoirs,90,Pipeline Infrastructure,Increase CBR in top 2 layers,False
KR014,Airport Runways,180,Pipeline Infrastructure,Increase CBR in top 2 layers,False
KR015,Residential Building,50,,Reduce liquid limit via compaction,False
KR015,High-rise Building,150,,Increase CBR in top 2 layers,False
KR015,Low-rise,100,,Reduce liquid limit via compaction,False
KR015,Roads & Highways,70,,Reduce liquid limit via compaction,False
KR015,Bridges,120,,Increase CBR in top 2 layers,False
KR015,Tunnels,150,,Use deep foundations or densify subsoil,False
KR015,Railway Tracks,80,,Increase CBR in top 2 layers,False
KR015,Pipeline Infrastructure,30,,Reduce liquid limit via compaction,False
KR015,Dams,100,,Use deep foundations or densify subsoil,False
KR015,Water Reservoirs,90,,Reduce liquid limit via compaction,False
KR015,Airport Runways,180,,Reduce liquid limit via compaction,False
KR016,Residential Building,50,,Reduce liquid limit via compaction,False
KR016,High-rise Building,150,,Use deep foundations or densify subsoil,False
KR016,Low-rise,100,,Reduce liquid limit via compaction,False
KR016,Roads & Highways,70,,Reduce liquid limit via compaction,False
KR016,Bridges,120,,Increase CBR in top 2 layers,False
KR016,Tunnels,150,,Increase CBR in top 2 layers,False
KR016,Railway Tracks,80,,Reduce liquid limit via compaction,False
KR016,Pipeline Infrastructure,30,,Reduce liquid limit via compaction,False
KR016,Dams,100,,Increase CBR in top 2 layers,False
KR016,Water Reservoirs,90,,Reduce liquid limit via compaction,False
KR016,Airport Runways,180,,Reduce liquid limit via compaction,False
KR017,Residential Building,50,Pipeline Infrastructure,Reduce liquid limit via compaction,False
KR017,High-rise Building,150,Pipeline Infrastructure,Reduce liquid limit via compaction,False
KR017,Low-rise,100,Pipeline Infrastructure,Reduce liquid limit via compaction,False
KR017,Roads & Highways,70,Pipeline Infrastructure,Reduce liquid limit via compaction,False
KR017,Bridges,120,Pipeline Infrastructure,Use deep foundations or densify subsoil,False
KR017,Tunnels,150,Pipeline Infrastructure,Reduce liquid limit via compaction,False
KR017,Railway Tracks,80,Pipeline Infrastructure,Reduce liquid limit via compaction,False
KR017,Pipeline Infrastructure,30,,,True
KR017,Dams,100,Pipeline Infrastructure,Increase CBR in top 2 layers,False
KR017,Water Reservoirs,90,Pipeline Infrastructure,Reduce liquid limit via compaction,False
KR017,Airport Runways,180,Pipeline Infrastructure,Reduce liquid limit via compaction,False
LB001,Residential Building,50,,,True
LB001,High-rise Building,150,Residential Building,Increase CBR in top 2 layers,False
LB001,Low-rise,100,Residential Building,Increase CBR in top 2 layers,False
LB001,Roads & Highways,70,,,True
LB001,Bridges,120,Residential Building,Increase CBR in top 2 layers,False
LB001,Tunnels,150,Residential Building,Use deep foundations or densify subsoil,False
LB001,Railway Tracks,80,Residential Building,Use deep foundations or densify subsoil,False
LB001,Pipeline Infrastructure,30,,,True
LB001,Dams,100,Residential Building,Use deep foundations or densify subsoil,False
LB001,Water Reservoirs,90,Residential Building,Increase CBR in top 2 layers,False
LB001,Airport Runways,180,Residential Building,Use deep foundations or densify subsoil,False
LB002,Residential Building,50,,,True
LB002,High-rise Building,150,Residential Building,Increase CBR in top 2 layers,False
LB002,Low-rise,100,Residential Building,Increase CBR in top 2 layers,False
LB002,Roads & Highways,70,,,True
LB002,Bridges,120,Residential Building,Increase CBR in top 2 layers,False
LB002,Tunnels,150,Residential Building,Reduce liquid limit via compaction,False
LB002,Railway Tracks,80,Residential Building,Use deep foundations or densify subsoil,False
LB002,Pipeline Infrastructure,30,,,True
LB002,Dams,100,Residential Building,Reduce liquid limit via compaction,False
LB002,Water Reservoirs,90,Residential Building,Use deep foundations or densify subsoil,False
LB002,Airport Runways,180,Residential Building,Use deep foundations or densify subsoil,False
LS013,Residential Building,50,,Reduce liquid limit via compaction,False
LS013,High-rise Building,150,,Increase CBR in top 2 layers,False
LS013,Low-rise,100,,Use deep foundations or densify subsoil,False
LS013,Roads & Highways,70,,Reduce liquid limit via compaction,False
LS013,Bridges,120,,Reduce liquid limit via compaction,False
LS013,Tunnels,150,,Reduce liquid limit via compaction,False
LS013,Railway Tracks,80,,Reduce liquid limit via compaction,False
LS013,Pipeline Infrastructure,30,,Reduce liquid limit via compaction,False
LS013,Dams,100,,Use deep foundations or densify subsoil,False
LS013,Water Reservoirs,90,,Use deep foundations or densify subsoil,False
LS013,Airport Runways,180,,Use deep foundations or densify subsoil,False
LS014,Residential Building,50,Pipeline Infrastructure,Increase CBR in top 2 layers,False
LS014,High-rise Building,150,Pipeline Infrastructure,Increase CBR in top 2 layers,False
LS014,Low-rise,100,Pipeline Infrastructure,Use deep foundations or densify subsoil,False
LS014,Roads & Highways,70,Pipeline Infrastructure,Increase CBR in top 2 layers,False
LS014,Bridges,120,Pipeline Infrastructure,Reduce liquid limit via compaction,False
LS014,Tunnels,150,Pipeline Infrastructure,Increase CBR in top 2 layers,False
LS014,Railway Tracks,80,Pipeline Infrastructure,Increase CBR in top 2 layers,False
LS014,Pipeline Infrastructure,30,,,True
LS014,Dams,100,Pipeline Infrastructure,Increase CBR in top 2 layers,False
LS014,Water Reservoirs,90,Pipeline Infrastructure,Reduce liquid limit via compaction,False
LS014,Airport Runways,180,Pipeline Infrastructure,Reduce liquid limit via compaction,False
LS015,Residential Building,50,,,True
LS015,High-rise Building,150,Residential Building,Reduce liquid limit via compaction,False
LS015,Low-rise,100,,,True
LS015,Roads & Highways,70,,,True
LS015,Bridges,120,Residential Building,Reduce liquid limit via compaction,False
LS015,Tunnels,150,Residential Building,Increase CBR in top 2 layers,False
LS015,Railway Tracks,80,,,True
LS015,Pipeline Infrastructure,30,,,True
LS015,Dams,100,Residential Building,Reduce liquid limit via compaction,False
LS015,Water Reservoirs,90,Residential Building,Reduce liquid limit via compaction,False
LS015,Airport Runways,180,Residential Building,Use deep foundations or densify subsoil,False
LS016,Residential Building,50,,,True
LS016,High-rise Building,150,Residential Building,Increase CBR in top 2 layers,False
LS016,Low-rise,100,Residential Building,Use deep foundations or densify subsoil,False
LS016,Roads & Highways,70,,,True
LS016,Bridges,120,Residential Building,Use deep foundations or densify subsoil,False
LS016,Tunnels,150,Residential Building,Use deep foundations or densify subsoil,False
LS016,Railway Tracks,80,Residential Building,Use deep foundations or densify subsoil,False
LS016,Pipeline Infrastructure,30,,,True
LS016,Dams,100,Residential Building,Use deep foundations or densify subsoil,False
LS016,Water Reservoirs,90,Residential Building,Increase CBR in top 2 layers,False
LS016,Airport Runways,180,Residential Building,Use deep foundations or densify subsoil,False
LS017,Residential Building,50,,,True
LS017,High-rise Building,150,Residential Building,Increase CBR in top 2 layers,False
LS017,Low-rise,100,Residential Building,Use deep foundations or densify subsoil,False
LS017,Roads & Highways,70,,,True
LS017,Bridges,120,Residential Building,Increase CBR in top 2 layers,False
LS017,Tunnels,150,Residential Building,Increase CBR in top 2 layers,False
LS017,Railway Tracks,80,,,True
LS017,Pipeline Infrastructure,30,,,True
LS017,Dams,100,Residential Building,Use deep foundations or densify subsoil,False
LS017,Water Reservoirs,90,,,True
LS017,Airport Runways,180,Residential Building,Increase CBR in top 2 layers,False
LS018,Residential Building,50,,Reduce liquid limit via compaction,False
LS018,High-rise Building,150,,Use deep foundations or densify subsoil,False
LS018,Low-rise,100,,Reduce liquid limit via compaction,False
LS018,Roads & Highways,70,,Reduce liquid limit via compaction,False
LS018,Bridges,120,,Reduce liquid limit via compaction,False
LS018,Tunnels,150,,Increase CBR in top 2 layers,False
LS018,Railway Tracks,80,,Reduce liquid limit via compaction,False
LS018,Pipeline Infrastructure,30,,Reduce liquid limit via compaction,False
LS018,Dams,100,,Reduce liquid limit via compaction,False
LS018,Water Reservoirs,90,,Reduce liquid limit via compaction,False
LS018,Airport Runways,180,,Increase CBR in top 2 layers,False
LS019,Residential Building,50,,,True
LS019,High-rise Building,150,Residential Building,Reduce liquid limit via compaction,False
LS019,Low-rise,100,Residential Building,Use deep foundations or densify subsoil,False
LS019,Roads & Highways,70,,,True
LS019,Bridges,120,Residential Building,Reduce liquid limit via compaction,False
LS019,Tunnels,150,Residential Building,Use deep foundations or densify subsoil,False
LS019,Railway Tracks,80,,,True
LS019,Pipeline Infrastructure,30,,,True
LS019,Dams,100,Residential Building,Use deep foundations or densify subsoil,False
LS019,Water Reservoirs,90,Residential Building,Use deep foundations or densify subsoil,False
LS019,Airport Runways,180,Residential Building,Use deep foundations or densify subsoil,False
LS020,Residential Building,50,,Use deep foundations or densify subsoil,False
LS020,High-rise Building,150,,Use deep foundations or densify subsoil,False
LS020,Low-rise,100,,Reduce liquid limit via compaction,False
LS020,Roads & Highways,70,,Reduce liquid limit via compaction,False
LS020,Bridges,120,,Use deep foundations or densify subsoil,False
LS020,Tunnels,150,,Use deep foundations or densify subsoil,False
LS020,Railway Tracks,80,,Reduce liquid limit via compaction,False
LS020,Pipeline Infrastructure,30,,Reduce liquid limit via compaction,False
LS020,Dams,100,,Reduce liquid limit via compaction,False
LS020,Water Reservoirs,90,,Increase CBR in top 2 layers,False
LS020,Airport Runways,180,,Use deep foundations or densify subsoil,False
LS021,Residential Building,50,,,True
LS021,High-rise Building,150,Residential Building,Increase CBR in top 2 layers,False
LS021,Low-rise,100,,,True
LS021,Roads & Highways,70,,,True
LS021,Bridges,120,,,True
LS021,Tunnels,150,Bridges,Increase CBR in top 2 layers,False
LS021,Railway Tracks,80,,,True
LS021,Pipeline Infrastructure,30,,,True
LS021,Dams,100,,,True
LS021,Water Reservoirs,90,,,True
LS021,Airport Runways,180,Residential Building,Reduce liquid limit via compaction,False
LS022,Residential Building,50,,,True
LS022,High-rise Building,150,Residential Building,Increase CBR in top 2 layers,False
LS022,Low-rise,100,Residential Building,Use deep foundations or densify subsoil,False
LS022,Roads & Highways,70,Residential Building,Use deep foundations or densify subsoil,False
LS022,Bridges,120,Residential Building,Increase CBR in top 2 layers,False
LS022,Tunnels,150,Residential Building,Use deep foundations or densify subsoil,False
LS022,Railway Tracks,80,Residential Building,Increase CBR in top 2 layers,False
LS022,Pipeline Infrastructure,30,,,True
LS022,Dams,100,Residential Building,Use deep foundations or densify subsoil,False
LS022,Water Reservoirs,90,Residential Building,Use deep foundations or densify subsoil,False
LS022,Airport Runways,180,Residential Building,Use deep foundations or densify subsoil,False
LS023,Residential Building,50,,Reduce liquid limit via compaction,False
LS023,High-rise Building,150,,Use deep foundations or densify subsoil,False
LS023,Low-rise,100,,Reduce liquid limit via compaction,False
LS023,Roads & Highways,70,,Reduce liquid limit via compaction,False
LS023,Bridges,120,,Increase CBR in top 2 layers,False
LS023,Tunnels,150,,Use deep foundations or densify subsoil,False
LS023,Railway Tracks,80,,Reduce liquid limit via compaction,False
LS023,Pipeline Infrastructure,30,,Reduce liquid limit via compaction,False
LS023,Dams,100,,Use deep foundations or densify subsoil,False
LS023,Water Reservoirs,90,,Reduce liquid limit via compaction,False
LS023,Airport Runways,180,,Increase CBR in top 2 layers,False
LS024,Residential Building,50,Pipeline Infrastructure,Reduce liquid limit via compaction,False
LS024,High-rise Building,150,Pipeline Infrastructure,Increase CBR in top 2 layers,False
LS024,Low-rise,100,Pipeline Infrastructure,Reduce liquid limit via compaction,False
LS024,Roads & Highways,70,Pipeline Infrastructure,Reduce liquid limit via compaction,False
LS024,Bridges,120,Pipeline Infrastructure,Reduce liquid limit via compaction,False
LS024,Tunnels,150,Pipeline Infrastructure,Use deep foundations or densify subsoil,False
LS024,Railway Tracks,80,Pipeline Infrastructure,Reduce liquid limit via compaction,False
LS024,Pipeline Infrastructure,30,,,True
LS024,Dams,100,Pipeline Infrastructure,Reduce liquid limit via compaction,False
LS024,Water Reservoirs,90,Pipeline Infrastructure,Reduce liquid limit via compaction,False
LS024,Airport Runways,180,Pipeline Infrastructure,Use deep foundations or densify subsoil,False
LS025,Residential Building,50,Pipeline Infrastructure,Reduce liquid limit via compaction,False
LS025,High-rise Building,150,Pipeline Infrastructure,Increase CBR in top 2 layers,False
LS025,Low-rise,100,Pipeline Infrastructure,Reduce liquid limit via compaction,False
LS025,Roads & Highways,70,Pipeline Infrastructure,Reduce liquid limit via compaction,False
LS025,Bridges,120,Pipeline Infrastructure,Increase CBR in top 2 layers,False
LS025,Tunnels,150,Pipeline Infrastructure,Use deep foundations or densify subsoil,False
LS025,Railway Tracks,80,Pipeline Infrastructure,Reduce liquid limit via compaction,False
LS025,Pipeline Infrastructure,30,,,True
LS025,Dams,100,Pipeline Infrastructure,Reduce liquid limit via compaction,False
LS025,Water Reservoirs,90,Pipeline Infrastructure,Reduce liquid limit via compaction,False
LS025,Airport Runways,180,Pipeline Infrastructure,Increase CBR in top 2 layers,False
LS026,Residential Building,50,Pipeline Infrastructure,Use deep foundations or densify subsoil,False
LS026,High-rise Building,150,Pipeline Infrastructure,Increase CBR in top 2 layers,False
LS026,Low-rise,100,Pipeline Infrastructure,Use deep foundations or densify subsoil,False
LS026,Roads & Highways,70,Pipeline Infrastructure,Use deep foundations or densify subsoil,False
LS026,Bridges,120,Pipeline Infrastructure,Increase CBR in top 2 layers,False
LS026,Tunnels,150,Pipeline Infrastructure,Use deep foundations or densify subsoil,False
LS026,Railway Tracks,80,Pipeline Infrastructure,Increase CBR in top 2 layers,False
LS026,Pipeline Infrastructure,30,,,True
LS026,Dams,100,Pipeline Infrastructure,Use deep foundations or densify subsoil,False
LS026,Water Reservoirs,90,Pipeline Infrastructure,Use deep foundations or densify subsoil,False
LS026,Airport Runways,180,Pipeline Infrastructure,Increase CBR in top 2 layers,False
LS027,Residential Building,50,,,True
LS027,High-rise Building,150,Residential Building,Use deep foundations or densify subsoil,False
LS027,Low-rise,100,Residential Building,Use deep foundations or densify subsoil,False
LS027,Roads & Highways,70,,,True
LS027,Bridges,120,Residential Building,Increase CBR in top 2 layers,False
LS027,Tunnels,150,Residential Building,Increase CBR in top 2 layers,False
LS027,Railway Tracks,80,,,True
LS027,Pipeline Infrastructure,30,,,True
LS027,Dams,100,Residential Building,Use deep foundations or densify subsoil,False
LS027,Water Reservoirs,90,,,True
LS027,Airport Runways,180,Residential Building,Use deep foundations or densify subsoil,False
MA021,Residential Building,50,,Reduce liquid limit via compaction,False
MA021,High-rise Building,150,,Increase CBR in top 2 layers,False
MA021,Low-rise,100,,Reduce liquid limit via compaction,False
MA021,Roads & Highways,70,,Reduce liquid limit via compaction,False
MA021,Bridges,120,,Reduce liquid limit via compaction,False
MA021,Tunnels,150,,Reduce liquid limit via compaction,False
MA021,Railway Tracks,80,,Reduce liquid limit via compaction,False
MA021,Pipeline Infrastructure,30,,Reduce liquid limit via compaction,False
MA021,Dams,100,,Increase CBR in top 2 layers,False
MA021,Water Reservoirs,90,,Reduce liquid limit via compaction,False
MA021,Airport Runways,180,,Reduce liquid limit via compaction,False
MA022,Residential Building,50,Pipeline Infrastructure,Reduce liquid limit via compaction,False
MA022,High-rise Building,150,Pipeline Infrastructure,Increase CBR in top 2 layers,False
MA022,Low-rise,100,Pipeline Infrastructure,Increase CBR in top 2 layers,False
MA022,Roads & Highways,70,Pipeline Infrastructure,Reduce liquid limit via compaction,False
MA022,Bridges,120,Pipeline Infrastructure,Increase CBR in top 2 layers,False
MA022,Tunnels,150,Pipeline Infrastructure,Increase CBR in top 2 layers,False
MA022,Railway Tracks,80,Pipeline Infrastructure,Reduce liquid limit via compaction,False
MA022,Pipeline Infrastructure,30,,,True
MA022,Dams,100,Pipeline Infrastructure,Reduce liquid limit via compaction,False
MA022,Water Reservoirs,90,Pipeline Infrastructure,Reduce liquid limit via compaction,False
MA022,Airport Runways,180,Pipeline Infrastructure,Increase CBR in top 2 layers,False
MA023,Residential Building,50,Pipeline Infrastructure,Reduce liquid limit via compaction,False
MA023,High-rise Building,150,Pipeline Infrastructure,Increase CBR in top 2 layers,False
MA023,Low-rise,100,Pipeline Infrastructure,Use deep foundations or densify subsoil,False
MA023,Roads & Highways,70,Pipeline Infrastructure,Reduce liquid limit via compaction,False
MA023,Bridges,120,Pipeline Infrastructure,Reduce liquid limit via compaction,False
MA023,Tunnels,150,Pipeline Infrastructure,Use deep foundations or densify subsoil,False
MA023,Railway Tracks,80,Pipeline Infrastructure,Use deep foundations or densify subsoil,False
MA023,Pipeline Infrastructure,30,,,True
MA023,Dams,100,Pipeline Infrastructure,Reduce liquid limit via compaction,False
MA023,Water Reservoirs,90,Pipeline Infrastructure,Reduce liquid limit via compaction,False
MA023,Airport Runways,180,Pipeline Infrastructure,Use deep foundations or densify subsoil,False
MA024,Residential Building,50,Pipeline Infrastructure,Use deep foundations or densify subsoil,False
MA024,High-rise Building,150,Pipeline Infrastructure,Increase CBR in top 2 layers,False
MA024,Low-rise,100,Pipeline Infrastructure,Increase CBR in top 2 layers,False
MA024,Roads & Highways,70,Pipeline Infrastructure,Use deep foundations or densify subsoil,False
MA024,Bridges,120,Pipeline Infrastructure,Increase CBR in top 2 layers,False
MA024,Tunnels,150,Pipeline Infrastructure,Use deep foundations or densify subsoil,False
MA024,Railway Tracks,80,Pipeline Infrastructure,Increase CBR in top 2 layers,False
MA024,Pipeline Infrastructure,30,,,True
MA024,Dams,100,Pipeline Infrastructure,Use deep foundations or densify subsoil,False
MA024,Water Reservoirs,90,Pipeline Infrastructure,Use deep foundations or densify subsoil,False
MA024,Airport Runways,180,Pipeline Infrastructure,Increase CBR in top 2 layers,False
MA025,Residential Building,50,,,True
MA025,High-rise Building,150,Residential Building,Increase CBR in top 2 layers,False
MA025,Low-rise,100,Residential Building,Use deep foundations or densify subsoil,False
MA025,Roads & Highways,70,,,True
MA025,Bridges,120,Residential Building,Use deep foundations or densify subsoil,False
MA025,Tunnels,150,Residential Building,Increase CBR in top 2 layers,False
MA025,Railway Tracks,80,,,True
MA025,Pipeline Infrastructure,30,,,True
MA025,Dams,100,Residential Building,Use deep foundations or densify subsoil,False
MA025,Water Reservoirs,90,Residential Building,Use deep foundations or densify subsoil,False
MA025,Airport Runways,180,Residential Building,Increase CBR in top 2 layers,False
ML001,Residential Building,50,,,True
ML001,High-rise Building,150,Residential Building,Use deep foundations or densify subsoil,False
ML001,Low-rise,100,Residential Building,Use deep foundations or densify subsoil,False
ML001,Roads & Highways,70,,,True
ML001,Bridges,120,Residential Building,Increase CBR in top 2 layers,False
ML001,Tunnels,150,Residential Building,Reduce liquid limit via compaction,False
ML001,Railway Tracks,80,Residential Building,Use deep foundations or densify subsoil,False
ML001,Pipeline Infrastructure,30,,,True
ML001,Dams,100,Residential Building,Reduce liquid limit via compaction,False
ML001,Water Reservoirs,90,Residential Building,Use deep foundations or densify subsoil,False
ML001,Airport Runways,180,Residential Building,Reduce liquid limit via compaction,False
ML002,Residential Building,50,,,True
ML002,High-rise Building,150,Residential Building,Use deep foundations or densify subsoil,False
ML002,Low-rise,100,,,True
ML002,Roads & Highways,70,,,True
ML002,Bridges,120,Residential Building,Increase CBR in top 2 layers,False
ML002,Tunnels,150,Residential Building,Increase CBR in top 2 layers,False
ML002,Railway Tracks,80,,,True
ML002,Pipeline Infrastructure,30,,,True
ML002,Dams,100,,,True
ML002,Water Reservoirs,90,,,True
ML002,Airport Runways,180,Residential Building,Reduce liquid limit via compaction,False
ML003,Residential Building,50,,,True
ML003,High-rise Building,150,Residential Building,Use deep foundations or densify subsoil,False
ML003,Low-rise,100,Residential Building,Reduce liquid limit via compaction,False
ML003,Roads & Highways,70,,,True
ML003,Bridges,120,Residential Building,Use deep foundations or densify subsoil,False
ML003,Tunnels,150,Residential Building,Increase CBR in top 2 layers,False
ML003,Railway Tracks,80,,,True
ML003,Pipeline Infrastructure,30,,,True
ML003,Dams,100,Residential Building,Use deep foundations or densify subsoil,False
ML003,Water Reservoirs,90,Residential Building,Reduce liquid limit via compaction,False
ML003,Airport Runways,180,Residential Building,Reduce liquid limit via compaction,False
ML004,Residential Building,50,,,True
ML004,High-rise Building,150,Residential Building,Use deep foundations or densify subsoil,False
ML004,Low-rise,100,Residential Building,Reduce liquid limit via compaction,False
ML004,Roads & Highways,70,,,True
ML004,Bridges,120,Residential Building,Reduce liquid limit via compaction,False
ML004,Tunnels,150,Residential Building,Use deep foundations or densify subsoil,False
ML004,Railway Tracks,80,,,True
ML004,Pipeline Infrastructure,30,,,True
ML004,Dams,100,Residential Building,Reduce liquid limit via compaction,False
ML004,Water Reservoirs,90,Residential Building,Reduce liquid limit via compaction,False
ML004,Airport Runways,180,Residential Building,Reduce liquid limit via compaction,False
ML005,Residential Building,50,Pipeline Infrastructure,Reduce liquid limit via compaction,False
ML005,High-rise Building,150,Pipeline Infrastructure,Increase CBR in top 2 layers,False
ML005,Low-rise,100,Pipeline Infrastructure,Reduce liquid limit via compaction,False
ML005,Roads & Highways,70,Pipeline Infrastructure,Reduce liquid limit via compaction,False
ML005,Bridges,120,Pipeline Infrastructure,Increase CBR in top 2 layers,False
ML005,Tunnels,150,Pipeline Infrastructure,Use deep foundations or densify subsoil,False
ML005,Railway Tracks,80,Pipeline Infrastructure,Reduce liquid limit via compaction,False
ML005,Pipeline Infrastructure,30,,,True
ML005,Dams,100,Pipeline Infrastructure,Reduce liquid limit via compaction,False
ML005,Water Reservoirs,90,Pipeline Infrastructure,Increase CBR in top 2 layers,False
ML005,Airport Runways,180,Pipeline Infrastructure,Increase CBR in top 2 layers,False
ML006,Residential Building,50,Pipeline Infrastructure,Reduce liquid limit via compaction,False
ML006,High-rise Building,150,Pipeline Infrastructure,Increase CBR in top 2 layers,False
ML006,Low-rise,100,Pipeline Infrastructure,Reduce liquid limit via compaction,False
ML006,Roads & Highways,70,Pipeline Infrastructure,Reduce liquid limit via compaction,False
ML006,Bridges,120,Pipeline Infrastructure,Reduce liquid limit via compaction,False
ML006,Tunnels,150,Pipeline Infrastructure,Use deep foundations or densify subsoil,False
ML006,Railway Tracks,80,Pipeline Infrastructure,Reduce liquid limit via compaction,False
ML006,Pipeline Infrastructure,30,,,True
ML006,Dams,100,Pipeline Infrastructure,Reduce liquid limit via compaction,False
ML006,Water Reservoirs,90,Pipeline Infrastructure,Reduce liquid limit via compaction,False
ML006,Airport Runways,180,Pipeline Infrastructure,Reduce liquid limit via compaction,False
ML007,Residential Building,50,,,True
ML007,High-rise Building,150,Residential Building,Use deep foundations or densify subsoil,False
ML007,Low-rise,100,,,True
ML007,Roads & Highways,70,,,True
ML007,Bridges,120,Residential Building,Increase CBR in top 2 layers,False
ML007,Tunnels,150,Residential Building,Reduce liquid limit via compaction,False
ML007,Railway Tracks,80,,,True
ML007,Pipeline Infrastructure,30,,,True
ML007,Dams,100,Residential Building,Reduce liquid limit via compaction,False
ML007,Water Reservoirs,90,,,True
ML007,Airport Runways,180,Residential Building,Reduce liquid limit via compaction,False
ML008,Residential Building,50,,Reduce liquid limit via compaction,False
ML008,High-rise Building,150,,Use deep foundations or densify subsoil,False
ML008,Low-rise,100,,Increase CBR in top 2 layers,False
ML008,Roads & Highways,70,,Use deep foundations or densify subsoil,False
ML008,Bridges,120,,Use deep foundations or densify subsoil,False
ML008,Tunnels,150,,Use deep foundations or densify subsoil,False
ML008,Railway Tracks,80,,Reduce liquid limit via compaction,False
ML008,Pipeline Infrastructure,30,,Reduce liquid limit via compaction,False
ML008,Dams,100,,Use deep foundations or densify subsoil,False
ML008,Water Reservoirs,90,,Use deep foundations or densify subsoil,False
ML008,Airport Runways,180,,Reduce liquid limit via compaction,False
ML009,Residential Building,50,,,True
ML009,High-rise Building,150,Residential Building,Use deep foundations or densify subsoil,False
ML009,Low-rise,100,,,True
ML009,Roads & Highways,70,,,True
ML009,Bridges,120,Residential Building,Use deep foundations or densify subsoil,False
ML009,Tunnels,150,Residential Building,Increase CBR in top 2 layers,False
ML009,Railway Tracks,80,,,True
ML009,Pipeline Infrastructure,30,,,True
ML009,Dams,100,,,True
ML009,Water Reservoirs,90,,,True
ML009,Airport Runways,180,Residential Building,Use deep foundations or densify subsoil,False
ML010,Residential Building,50,,,True
ML010,High-rise Building,150,Residential Building,Use deep foundations or densify subsoil,False
ML010,Low-rise,100,Residential Building,Use deep foundations or densify subsoil,False
ML010,Roads & Highways,70,,,True
ML010,Bridges,120,Residential Building,Reduce liquid limit via compaction,False
ML010,Tunnels,150,Residential Building,Use deep foundations or densify subsoil,False
ML010,Railway Tracks,80,Residential Building,Use deep foundations or densify subsoil,False
ML010,Pipeline Infrastructure,30,,,True
ML010,Dams,100,Residential Building,Increase CBR in top 2 layers,False
ML010,Water Reservoirs,90,Residential Building,Reduce liquid limit via compaction,False
ML010,Airport Runways,180,Residential Building,Reduce liquid limit via compaction,False
ML011,Residential Building,50,,,True
ML011,High-rise Building,150,Residential Building,Use deep foundations or densify subsoil,False
ML011,Low-rise,100,,,True
ML011,Roads & Highways,70,,,True
ML011,Bridges,120,Residential Building,Increase CBR in top 2 layers,False
ML011,Tunnels,150,Residential Building,Increase CBR in top 2 layers,False
ML011,Railway Tracks,80,,,True
ML011,Pipeline Infrastructure,30,,,True
ML011,Dams,100,,,True
ML011,Water Reservoirs,90,,,True
ML011,Airport Runways,180,Residential Building,Reduce liquid limit via compaction,False
ML012,Residential Building,50,,Reduce liquid limit via compaction,False
ML012,High-rise Building,150,,Increase CBR in top 2 layers,False
ML012,Low-rise,100,,Reduce liquid limit via compaction,False
ML012,Roads & Highways,70,,Reduce liquid limit via compaction,False
ML012,Bridges,120,,Reduce liquid limit via compaction,False
ML012,Tunnels,150,,Increase CBR in top 2 layers,False
ML012,Railway Tracks,80,,Reduce liquid limit via compaction,False
ML012,Pipeline Infrastructure,30,,Reduce liquid limit via compaction,False
ML012,Dams,100,,Reduce liquid limit via compaction,False
ML012,Water Reservoirs,90,,Reduce liquid limit via compaction,False
ML012,Airport Runways,180,,Use deep foundations or densify subsoil,False
ML013,Residential Building,50,,Reduce liquid limit via compaction,False
ML013,High-rise Building,150,,Reduce liquid limit via compaction,False
ML013,Low-rise,100,,Reduce liquid limit via compaction,False
ML013,Roads & Highways,70,,Reduce liquid limit via compaction,False
ML013,Bridges,120,,Reduce liquid limit via compaction,False
ML013,Tunnels,150,,Increase CBR in top 2 layers,False
ML013,Railway Tracks,80,,Reduce liquid limit via compaction,False
ML013,Pipeline Infrastructure,30,,Reduce liquid limit via compaction,False
ML013,Dams,100,,Reduce liquid limit via compaction,False
ML013,Water Reservoirs,90,,Reduce liquid limit via compaction,False
ML013,Airport Runways,180,,Reduce liquid limit via compaction,False
ML014,Residential Building,50,,Reduce liquid limit via compaction,False
ML014,High-rise Building,150,,Use deep foundations or densify subsoil,False
ML014,Low-rise,100,,Reduce liquid limit via compaction,False
ML014,Roads & Highways,70,,Reduce liquid limit via compaction,False
ML014,Bridges,120,,Reduce liquid limit via compaction,False
ML014,Tunnels,150,,Increase CBR in top 2 layers,False
ML014,Railway Tracks,80,,Reduce liquid limit via compaction,False
ML014,Pipeline Infrastructure,30,,Reduce liquid limit via compaction,False
ML014,Dams,100,,Increase CBR in top 2 layers,False
ML014,Water Reservoirs,90,,Reduce liquid limit via compaction,False
ML014,Airport Runways,180,,Use deep foundations or densify subsoil,False
MX001,Residential Building,50,,,True
MX001,High-rise Building,150,Residential Building,Reduce liquid limit via compaction,False
MX001,Low-rise,100,Residential Building,Increase CBR in top 2 layers,False
MX001,Roads & Highways,70,,,True
MX001,Bridges,120,Residential Building,Use deep foundations or densify subsoil,False
MX001,Tunnels,150,Residential Building,Reduce liquid limit via compaction,False
MX001,Railway Tracks,80,Residential Building,Use deep foundations or densify subsoil,False
MX001,Pipeline Infrastructure,30,,,True
MX001,Dams,100,Residential Building,Use deep foundations or densify subsoil,False
MX001,Water Reservoirs,90,Residential Building,Use deep foundations or densify subsoil,False
MX001,Airport Runways,180,Residential Building,Use deep foundations or densify subsoil,False
MX002,Residential Building,50,,Use deep foundations or densify subsoil,False
MX002,High-rise Building,150,,Use deep foundations or densify subsoil,False
MX002,Low-rise,100,,Increase CBR in top 2 layers,False
MX002,Roads & Highways,70,,Increase CBR in top 2 layers,False
MX002,Bridges,120,,Increase CBR in top 2 layers,False
MX002,Tunnels,150,,Use deep foundations or densify subsoil,False
MX002,Railway Tracks,80,,Use deep foundations or densify subsoil,False
MX002,Pipeline Infrastructure,30,,Increase CBR in top 2 layers,False
MX002,Dams,100,,Increase CBR in top 2 layers,False
MX002,Water Reservoirs,90,,Reduce liquid limit via compaction,False
MX002,Airport Runways,180,,Use deep foundations or densify subsoil,False
MX003,Residential Building,50,,Reduce liquid limit via compaction,False
MX003,High-rise Building,150,,Use deep foundations or densify subsoil,False
MX003,Low-rise,100,,Use deep foundations or densify subsoil,False
MX003,Roads & Highways,70,,Reduce liquid limit via compaction,False
MX003,Bridges,120,,Use deep foundations or densify subsoil,False
MX003,Tunnels,150,,Reduce liquid limit via compaction,False
MX003,Railway Tracks,80,,Reduce liquid limit via compaction,False
MX003,Pipeline Infrastructure,30,,Increase CBR in top 2 layers,False
MX003,Dams,100,,Increase CBR in top 2 layers,False
MX003,Water Reservoirs,90,,Increase CBR in top 2 layers,False
MX003,Airport Runways,180,,Reduce liquid limit via compaction,False
MX004,Residential Building,50,,Reduce liquid limit via compaction,False
MX004,High-rise Building,150,,Increase CBR in top 2 layers,False
MX004,Low-rise,100,,Use deep foundations or densify subsoil,False
MX004,Roads & Highways,70,,Reduce liquid limit via compaction,False
MX004,Bridges,120,,Use deep foundations or densify subsoil,False
MX004,Tunnels,150,,Use deep foundations or densify subsoil,False
MX004,Railway Tracks,80,,Reduce liquid limit via compaction,False
MX004,Pipeline Infrastructure,30,,Reduce liquid limit via compaction,False
MX004,Dams,100,,Increase CBR in top 2 layers,False
MX004,Water Reservoirs,90,,Use deep foundations or densify subsoil,False
MX004,Airport Runways,180,,Use deep foundations or densify subsoil,False
MY027,Residential Building,50,,,True
MY027,High-rise Building,150,Residential Building,Increase CBR in top 2 layers,False
MY027,Low-rise,100,Residential Building,Use deep foundations or densify subsoil,False
MY027,Roads & Highways,70,,,True
MY027,Bridges,120,Residential Building,Increase CBR in top 2 layers,False
MY027,Tunnels,150,Residential Building,Use deep foundations or densify subsoil,False
MY027,Railway Tracks,80,,,True
MY027,Pipeline Infrastructure,30,,,True
MY027,Dams,100,Residential Building,Increase CBR in top 2 layers,False
MY027,Water Reservoirs,90,Residential Building,Use deep foundations or densify subsoil,False
MY027,Airport Runways,180,Residential Building,Increase CBR in top 2 layers,False
MY028,Residential Building,50,,Reduce liquid limit via compaction,False
MY028,High-rise Building,150,,Reduce liquid limit via compaction,False
MY028,Low-rise,100,,Increase CBR in top 2 layers,False
MY028,Roads & Highways,70,,Use deep foundations or densify subsoil,False
MY028,Bridges,120,,Use deep foundations or densify subsoil,False
MY028,Tunnels,150,,Use deep foundations or densify subsoil,False
MY028,Railway Tracks,80,,Increase CBR in top 2 layers,False
MY028,Pipeline Infrastructure,30,,Reduce liquid limit via compaction,False
MY028,Dams,100,,Increase CBR in top 2 layers,False
MY028,Water Reservoirs,90,,Use deep foundations or densify subsoil,False
MY028,Airport Runways,180,,Reduce liquid limit via compaction,False
MZ011,Residential Building,50,Pipeline Infrastructure,Reduce liquid limit via compaction,False
MZ011,High-rise Building,150,Pipeline Infrastructure,Increase CBR in top 2 layers,False
MZ011,Low-rise,100,Pipeline Infrastructure,Use deep foundations or densify subsoil,False
MZ011,Roads & Highways,70,Pipeline Infrastructure,Reduce liquid limit via compaction,False
MZ011,Bridges,120,Pipeline Infrastructure,Increase CBR in top 2 layers,False
MZ011,Tunnels,150,Pipeline Infrastructure,Increase CBR in top 2 layers,False
MZ011,Railway Tracks,80,Pipeline Infrastructure,Reduce liquid limit via compaction,False
MZ011,Pipeline Infrastructure,30,,,True
MZ011,Dams,100,Pipeline Infrastructure,Increase CBR in top 2 layers,False
MZ011,Water Reservoirs,90,Pipeline Infrastructure,Reduce liquid limit via compaction,False
MZ011,Airport Runways,180,Pipeline Infrastructure,Use deep foundations or densify subsoil,False
NC001,Residential Building,50,Pipeline Infrastructure,Reduce liquid limit via compaction,False
NC001,High-rise Building,150,Pipeline Infrastructure,Increase CBR in top 2 layers,False
NC001,Low-rise,100,Pipeline Infrastructure,Increase CBR in top 2 layers,False
NC001,Roads & Highways,70,Pipeline Infrastructure,Reduce liquid limit via compaction,False
NC001,Bridges,120,Pipeline Infrastructure,Use deep foundations or densify subsoil,False
NC001,Tunnels,150,Pipeline Infrastructure,Reduce liquid limit via compaction,False
NC001,Railway Tracks,80,Pipeline Infrastructure,Reduce liquid limit via compaction,False
NC001,Pipeline Infrastructure,30,,,True
NC001,Dams,100,Pipeline Infrastructure,Increase CBR in top 2 layers,False
NC001,Water Reservoirs,90,Pipeline Infrastructure,Use deep foundations or densify subsoil,False
NC001,Airport Runways,180,Pipeline Infrastructure,Use deep foundations or densify subsoil,False
NE006,Residential Building,50,Pipeline Infrastructure,Use deep foundations or densify subsoil,False
NE006,High-rise Building,150,Pipeline Infrastructure,Increase CBR in top 2 layers,False
NE006,Low-rise,100,Pipeline Infrastructure,Use deep foundations or densify subsoil,False
NE006,Roads & Highways,70,Pipeline Infrastructure,Use deep foundations or densify subsoil,False
NE006,Bridges,120,Pipeline Infrastructure,Increase CBR in top 2 layers,False
NE006,Tunnels,150,Pipeline Infrastructure,Increase CBR in top 2 layers,False
NE006,Railway Tracks,80,Pipeline Infrastructure,Use deep foundations or densify subsoil,False
NE006,Pipeline Infrastructure,30,,,True
NE006,Dams,100,Pipeline Infrastructure,Use deep foundations or densify subsoil,False
NE006,Water Reservoirs,90,Pipeline Infrastructure,Use deep foundations or densify subsoil,False
NE006,Airport Runways,180,Pipeline Infrastructure,Increase CBR in top 2 layers,False
NE007,Residential Building,50,,,True
NE007,High-rise Building,150,Residential Building,Use deep foundations or densify subsoil,False
NE007,Low-rise,100,,,True
NE007,Roads & Highways,70,,,True
NE007,Bridges,120,Residential Building,Use deep foundations or densify subsoil,False
NE007,Tunnels,150,Residential Building,Use deep foundations or densify subsoil,False
NE007,Railway Tracks,80,,,True
NE007,Pipeline Infrastructure,30,,,True
NE007,Dams,100,Residential Building,Reduce liquid limit via compaction,False
NE007,Water Reservoirs,90,Residential Building,Reduce liquid limit via compaction,False
NE007,Airport Runways,180,Residential Building,Use deep foundations or densify subsoil,False
NE008,Residential Building,50,,,True
NE008,High-rise Building,150,Residential Building,Use deep foundations or densify subsoil,False
NE008,Low-rise,100,Residential Building,Increase CBR in top 2 layers,False
NE008,Roads & Highways,70,Residential Building,Use deep foundations or densify subsoil,False
NE008,Bridges,120,Residential Building,Use deep foundations or densify subsoil,False
NE008,Tunnels,150,Residential Building,Increase CBR in top 2 layers,False
NE008,Railway Tracks,80,Residential Building,Use deep foundations or densify subsoil,False
NE008,Pipeline Infrastructure,30,,,True
NE008,Dams,100,Residential Building,Use deep foundations or densify subsoil,False
NE008,Water Reservoirs,90,Residential Building,Increase CBR in top 2 layers,False
NE008,Airport Runways,180,Residential Building,Reduce liquid limit via compaction,False
NE009,Residential Building,50,Pipeline Infrastructure,Reduce liquid limit via compaction,False
NE009,High-rise Building,150,Pipeline Infrastructure,Reduce liquid limit via compaction,False
NE009,Low-rise,100,Pipeline Infrastructure,Reduce liquid limit via compaction,False
NE009,Roads & Highways,70,Pipeline Infrastructure,Reduce liquid limit via compaction,False
NE009,Bridges,120,Pipeline Infrastructure,Use deep foundations or densify subsoil,False
NE009,Tunnels,150,Pipeline Infrastructure,Use deep foundations or densify subsoil,False
NE009,Railway Tracks,80,Pipeline Infrastructure,Reduce liquid limit via compaction,False
NE009,Pipeline Infrastructure,30,,,True
NE009,Dams,100,Pipeline Infrastructure,Reduce liquid limit via compaction,False
NE009,Water Reservoirs,90,Pipeline Infrastructure,Reduce liquid limit via compaction,False
NE009,Airport Runways,180,Pipeline Infrastructure,Use deep foundations or densify subsoil,False
NE010,Residential Building,50,,,True
NE010,High-rise Building,150,Residential Building,Increase CBR in top 2 layers,False
NE010,Low-rise,100,Residential Building,Use deep foundations or densify subsoil,False
NE010,Roads & Highways,70,,,True
NE010,Bridges,120,Residential Building,Increase CBR in top 2 layers,False
NE010,Tunnels,150,Residential Building,Use deep foundations or densify subsoil,False
NE010,Railway Tracks,80,,,True
NE010,Pipeline Infrastructure,30,,,True
NE010,Dams,100,Residential Building,Increase CBR in top 2 layers,False
NE010,Water Reservoirs,90,Residential Building,Reduce liquid limit via compaction,False
NE010,Airport Runways,180,Residential Building,Use deep foundations or densify subsoil,False
NE011,Residential Building,50,,,True
NE011,High-rise Building,150,Residential Building,Use deep foundations or densify subsoil,False
NE011,Low-rise,100,,,True
NE011,Roads & Highways,70,,,True
NE011,Bridges,120,,,True
NE011,Tunnels,150,Bridges,Use deep foundations or densify subsoil,False
NE011,Railway Tracks,80,,,True
NE011,Pipeline Infrastructure,30,,,True
NE011,Dams,100,,,True
NE011,Water Reservoirs,90,,,True
NE011,Airport Runways,180,Residential Building,Reduce liquid limit via compaction,False
NE012,Residential Building,50,Pipeline Infrastructure,Reduce liquid limit via compaction,False
NE012,High-rise Building,150,Pipeline Infrastructure,Use deep foundations or densify subsoil,False
NE012,Low-rise,100,Pipeline Infrastructure,Use deep foundations or densify subsoil,False
NE012,Roads & Highways,70,Pipeline Infrastructure,Reduce liquid limit via compaction,False
NE012,Bridges,120,Pipeline Infrastructure,Increase CBR in top 2 layers,False
NE012,Tunnels,150,Pipeline Infrastructure,Increase CBR in top 2 layers,False
NE012,Railway Tracks,80,Pipeline Infrastructure,Reduce liquid limit via compaction,False
NE012,Pipeline Infrastructure,30,,,True
NE012,Dams,100,Pipeline Infrastructure,Reduce liquid limit via compaction,False
NE012,Water Reservoirs,90,Pipeline Infrastructure,Reduce liquid limit via compaction,False
NE012,Airport Runways,180,Pipeline Infrastructure,Use deep foundations or densify subsoil,False
NE013,Residential Building,50,,,True
NE013,High-rise Building,150,Residential Building,Use deep foundations or densify subsoil,False
NE013,Low-rise,100,,,True
NE013,Roads & Highways,70,,,True
NE013,Bridges,120,Residential Building,Increase CBR in top 2 layers,False
NE013,Tunnels,150,Residential Building,Increase CBR in top 2 layers,False
NE013,Railway Tracks,80,,,True
NE013,Pipeline Infrastructure,30,,,True
NE013,Dams,100,,,True
NE013,Water Reservoirs,90,,,True
NE013,Airport Runways,180,Residential Building,Reduce liquid limit via compaction,False
NE014,Residential Building,50,,Use deep foundations or densify subsoil,False
NE014,High-rise Building,150,,Use deep foundations or densify subsoil,False
NE014,Low-rise,100,,Use deep foundations or densify subsoil,False
NE014,Roads & Highways,70,,Use deep foundations or densify subsoil,False
NE014,Bridges,120,,Use deep foundations or densify subsoil,False
NE014,Tunnels,150,,Reduce liquid limit via compaction,False
NE014,Railway Tracks,80,,Reduce liquid limit via compaction,False
NE014,Pipeline Infrastructure,30,,Reduce liquid limit via compaction,False
NE014,Dams,100,,Use deep foundations or densify subsoil,False
NE014,Water Reservoirs,90,,Use deep foundations or densify subsoil,False
NE014,Airport Runways,180,,Reduce liquid limit via compaction,False
NE015,Residential Building,50,,,True
NE015,High-rise Building,150,Residential Building,Increase CBR in top 2 layers,False
NE015,Low-rise,100,,,True
NE015,Roads & Highways,70,,,True
NE015,Bridges,120,Residential Building,Reduce liquid limit via compaction,False
NE015,Tunnels,150,Residential Building,Use deep foundations or densify subsoil,False
NE015,Railway Tracks,80,,,True
NE015,Pipeline Infrastructure,30,,,True
NE015,Dams,100,Residential Building,Reduce liquid limit via compaction,False
NE015,Water Reservoirs,90,,,True
NE015,Airport Runways,180,Residential Building,Reduce liquid limit via compaction,False
NE016,Residential Building,50,,,True
NE016,High-rise Building,150,Residential Building,Use deep foundations or densify subsoil,False
NE016,Low-rise,100,Residential Building,Increase CBR in top 2 layers,False
NE016,Roads & Highways,70,,,True
NE016,Bridges,120,Residential Building,Use deep foundations or densify subsoil,False
NE016,Tunnels,150,Residential Building,Use deep foundations or densify subsoil,False
NE016,Railway Tracks,80,Residential Building,Use deep foundations or densify subsoil,False
NE016,Pipeline Infrastructure,30,,,True
NE016,Dams,100,Residential Building,Use deep foundations or densify subsoil,False
NE016,Water Reservoirs,90,Residential Building,Use deep foundations or densify subsoil,False
NE016,Airport Runways,180,Residential Building,Increase CBR in top 2 layers,False
NG010,Residential Building,50,,,True
NG010,High-rise Building,150,Residential Building,Use deep foundations or densify subsoil,False
NG010,Low-rise,100,Residential Building,Increase CBR in top 2 layers,False
NG010,Roads & Highways,70,,,True
NG010,Bridges,120,Residential Building,Increase CBR in top 2 layers,False
NG010,Tunnels,150,Residential Building,Increase CBR in top 2 layers,False
NG010,Railway Tracks,80,Residential Building,Use deep foundations or densify subsoil,False
NG010,Pipeline Infrastructure,30,,,True
NG010,Dams,100,Residential Building,Increase CBR in top 2 layers,False
NG010,Water Reservoirs,90,Residential Building,Use deep foundations or densify subsoil,False
NG010,Airport Runways,180,Residential Building,Use deep foundations or densify subsoil,False
NI001,Residential Building,50,,,True
NI001,High-rise Building,150,Residential Building,Use deep foundations or densify subsoil,False
NI001,Low-rise,100,Residential Building,Use deep foundations or densify subsoil,False
NI001,Roads & Highways,70,,,True
NI001,Bridges,120,Residential Building,Use deep foundations or densify subsoil,False
NI001,Tunnels,150,Residential Building,Increase CBR in top 2 layers,False
NI001,Railway Tracks,80,,,True
NI001,Pipeline Infrastructure,30,,,True
NI001,Dams,100,Residential Building,Increase CBR in top 2 layers,False
NI001,Water Reservoirs,90,Residential Building,Use deep foundations or densify subsoil,False
NI001,Airport Runways,180,Residential Building,Increase CBR in top 2 layers,False
NI002,Residential Building,50,,,True
NI002,High-rise Building,150,Residential Building,Reduce liquid limit via compaction,False
NI002,Low-rise,100,Residential Building,Use deep foundations or densify subsoil,False
NI002,Roads & Highways,70,,,True
NI002,Bridges,120,Residential Building,Increase CBR in top 2 layers,False
NI002,Tunnels,150,Residential Building,Reduce liquid limit via compaction,False
NI002,Railway Tracks,80,Residential Building,Use deep foundations or densify subsoil,False
NI002,Pipeline Infrastructure,30,,,True
NI002,Dams,100,Residential Building,Reduce liquid limit via compaction,False
NI002,Water Reservoirs,90,Residential Building,Use deep foundations or densify subsoil,False
NI002,Airport Runways,180,Residential Building,Use deep foundations or densify subsoil,False
NI003,Residential Building,50,Pipeline Infrastructure,Reduce liquid limit via compaction,False
NI003,High-rise Building,150,Pipeline Infrastructure,Use deep foundations or densify subsoil,False
NI003,Low-rise,100,Pipeline Infrastructure,Use deep foundations or densify subsoil,False
NI003,Roads & Highways,70,Pipeline Infrastructure,Use deep foundations or densify subsoil,False
NI003,Bridges,120,Pipeline Infrastructure,Increase CBR in top 2 layers,False
NI003,Tunnels,150,Pipeline Infrastructure,Increase CBR in top 2 layers,False
NI003,Railway Tracks,80,Pipeline Infrastructure,Use deep foundations or densify subsoil,False
NI003,Pipeline Infrastructure,30,,,True
NI003,Dams,100,Pipeline Infrastructure,Reduce liquid limit via compaction,False
NI003,Water Reservoirs,90,Pipeline Infrastructure,Increase CBR in top 2 layers,False
NI003,Airport Runways,180,Pipeline Infrastructure,Use deep foundations or densify subsoil,False
NI004,Residential Building,50,Pipeline Infrastructure,Reduce liquid limit via compaction,False
NI004,High-rise Building,150,Pipeline Infrastructure,Use deep foundations or densify subsoil,False
NI004,Low-rise,100,Pipeline Infrastructure,Reduce liquid limit via compaction,False
NI004,Roads & Highways,70,Pipeline Infrastructure,Reduce liquid limit via compaction,False
NI004,Bridges,120,Pipeline Infrastructure,Increase CBR in top 2 layers,False
NI004,Tunnels,150,Pipeline Infrastructure,Use deep foundations or densify subsoil,False
NI004,Railway Tracks,80,Pipeline Infrastructure,Reduce liquid limit via compaction,False
NI004,Pipeline Infrastructure,30,,,True
NI004,Dams,100,Pipeline Infrastructure,Reduce liquid limit via compaction,False
NI004,Water Reservoirs,90,Pipeline Infrastructure,Increase CBR in top 2 layers,False
NI004,Airport Runways,180,Pipeline Infrastructure,Use deep foundations or densify subsoil,False
NI005,Residential Building,50,,Reduce liquid limit via compaction,False
NI005,High-rise Building,150,,Increase CBR in top 2 layers,False
NI005,Low-rise,100,,Reduce liquid limit via compaction,False
NI005,Roads & Highways,70,,Reduce liquid limit via compaction,False
NI005,Bridges,120,,Use deep foundations or densify subsoil,False
NI005,Tunnels,150,,Increase CBR in top 2 layers,False
NI005,Railway Tracks,80,,Reduce liquid limit via compaction,False
NI005,Pipeline Infrastructure,30,,Reduce liquid limit via compaction,False
NI005,Dams,100,,Reduce liquid limit via compaction,False
NI005,Water Reservoirs,90,,Reduce liquid limit via compaction,False
NI005,Airport Runways,180,,Use deep foundations or densify subsoil,False
NI006,Residential Building,50,,,True
NI006,High-rise Building,150,Residential Building,Use deep foundations or densify subsoil,False
NI006,Low-rise,100,,,True
NI006,Roads & Highways,70,,,True
NI006,Bridges,120,Residential Building,Use deep foundations or densify subsoil,False
NI006,Tunnels,150,Residential Building,Increase CBR in top 2 layers,False
NI006,Railway Tracks,80,,,True
NI006,Pipeline Infrastructure,30,,,True
NI006,Dams,100,,,True
NI006,Water Reservoirs,90,,,True
NI006,Airport Runways,180,Residential Building,Increase CBR in top 2 layers,False
NI007,Residential Building,50,,Reduce liquid limit via compaction,False
NI007,High-rise Building,150,,Use deep foundations or densify subsoil,False
NI007,Low-rise,100,,Reduce liquid limit via compaction,False
NI007,Roads & Highways,70,,Reduce liquid limit via compaction,False
NI007,Bridges,120,,Increase CBR in top 2 layers,False
NI007,Tunnels,150,,Increase CBR in top 2 layers,False
NI007,Railway Tracks,80,,Reduce liquid limit via compaction,False
NI007,Pipeline Infrastructure,30,,Reduce liquid limit via compaction,False
NI007,Dams,100,,Use deep foundations or densify subsoil,False
NI007,Water Reservoirs,90,,Use deep foundations or densify subsoil,False
NI007,Airport Runways,180,,Use deep foundations or densify subsoil,False
NI008,Residential Building,50,,,True
NI008,High-rise Building,150,Residential Building,Increase CBR in top 2 layers,False
NI008,Low-rise,100,,,True
NI008,Roads & Highways,70,,,True
NI008,Bridges,120,,,True
NI008,Tunnels,150,Bridges,Increase CBR in top 2 layers,False
NI008,Railway Tracks,80,,,True
NI008,Pipeline Infrastructure,30,,,True
NI008,Dams,100,,,True
NI008,Water Reservoirs,90,,,True
NI008,Airport Runways,180,Residential Building,Reduce liquid limit via compaction,False
NI009,Residential Building,50,,Reduce liquid limit via compaction,False
NI009,High-rise Building,150,,Use deep foundations or densify subsoil,False
NI009,Low-rise,100,,Reduce liquid limit via compaction,False
NI009,Roads & Highways,70,,Reduce liquid limit via compaction,False
NI009,Bridges,120,,Use deep foundations or densify subsoil,False
NI009,Tunnels,150,,Use deep foundations or densify subsoil,False
NI009,Railway Tracks,80,,Reduce liquid limit via compaction,False
NI009,Pipeline Infrastructure,30,,Reduce liquid limit via compaction,False
NI009,Dams,100,,Reduce liquid limit via compaction,False
NI009,Water Reservoirs,90,,Reduce liquid limit via compaction,False
NI009,Airport Runways,180,,Use deep foundations or densify subsoil,False
NI010,Residential Building,50,Pipeline Infrastructure,Reduce liquid limit via compaction,False
NI010,High-rise Building,150,Pipeline Infrastructure,Use deep foundations or densify subsoil,False
NI010,Low-rise,100,Pipeline Infrastructure,Reduce liquid limit via compaction,False
NI010,Roads & Highways,70,Pipeline Infrastructure,Reduce liquid limit via compaction,False
NI010,Bridges,120,Pipeline Infrastructure,Increase CBR in top 2 layers,False
NI010,Tunnels,150,Pipeline Infrastructure,Reduce liquid limit via compaction,False
NI010,Railway Tracks,80,Pipeline Infrastructure,Reduce liquid limit via compaction,False
NI010,Pipeline Infrastructure,30,,,True
NI010,Dams,100,Pipeline Infrastructure,Reduce liquid limit via compaction,False
NI010,Water Reservoirs,90,Pipeline Infrastructure,Reduce liquid limit via compaction,False
NI010,Airport Runways,180,Pipeline Infrastructure,Use deep foundations or densify subsoil,False
NI011,Residential Building,50,,Reduce liquid limit via compaction,False
NI011,High-rise Building,150,,Increase CBR in top 2 layers,False
NI011,Low-rise,100,,Reduce liquid limit via compaction,False
NI011,Roads & Highways,70,,Reduce liquid limit via compaction,False
NI011,Bridges,120,,Reduce liquid limit via compaction,False
NI011,Tunnels,150,,Increase CBR in top 2 layers,False
NI011,Railway Tracks,80,,Reduce liquid limit via compaction,False
NI011,Pipeline Infrastructure,30,,Reduce liquid limit via compaction,False
NI011,Dams,100,,Reduce liquid limit via compaction,False
NI011,Water Reservoirs,90,,Reduce liquid limit via compaction,False
NI011,Airport Runways,180,,Increase CBR in top 2 layers,False
NI012,Residential Building,50,,,True
NI012,High-rise Building,150,Residential Building,Increase CBR in top 2 layers,False
NI012,Low-rise,100,Residential Building,Use deep foundations or densify subsoil,False
NI012,Roads & Highways,70,,,True
NI012,Bridges,120,Residential Building,Use deep foundations or densify subsoil,False
NI012,Tunnels,150,Residential Building,Use deep foundations or densify subsoil,False
NI012,Railway Tracks,80,,,True
NI012,Pipeline Infrastructure,30,,,True
NI012,Dams,100,Residential Building,Use deep foundations or densify subsoil,False
NI012,Water Reservoirs,90,Residential Building,Use deep foundations or densify subsoil,False
NI012,Airport Runways,180,Residential Building,Increase CBR in top 2 layers,False
NI013,Residential Building,50,,Reduce liquid limit via compaction,False
NI013,High-rise Building,150,,Use deep foundations or densify subsoil,False
NI013,Low-rise,100,,Reduce liquid limit via compaction,False
NI013,Roads & Highways,70,,Reduce liquid limit via compaction,False
NI013,Bridges,120,,Use deep foundations or densify subsoil,False
NI013,Tunnels,150,,Reduce liquid limit via compaction,False
NI013,Railway Tracks,80,,Reduce liquid limit via compaction,False
NI013,Pipeline Infrastructure,30,,Reduce liquid limit via compaction,False
NI013,Dams,100,,Reduce liquid limit via compaction,False
NI013,Water Reservoirs,90,,Reduce liquid limit via compaction,False
NI013,Airport Runways,180,,Increase CBR in top 2 layers,False
NI014,Residential Building,50,,,True
NI014,High-rise Building,150,Residential Building,Increase CBR in top 2 layers,False
NI014,Low-rise,100,Residential Building,Increase CBR in top 2 layers,False
NI014,Roads & Highways,70,Residential Building,Use deep foundations or densify subsoil,False
NI014,Bridges,120,Residential Building,Increase CBR in top 2 layers,False
NI014,Tunnels,150,Residential Building,Increase CBR in top 2 layers,False
NI014,Railway Tracks,80,Residential Building,Use deep foundations or densify subsoil,False
NI014,Pipeline Infrastructure,30,,,True
NI014,Dams,100,Residential Building,Increase CBR in top 2 layers,False
NI014,Water Reservoirs,90,Residential Building,Use deep foundations or densify subsoil,False
NI014,Airport Runways,180,Residential Building,Increase CBR in top 2 layers,False
NI015,Residential Building,50,,Reduce liquid limit via compaction,False
NI015,High-rise Building,150,,Use deep foundations or densify subsoil,False
NI015,Low-rise,100,,Reduce liquid limit via compaction,False
NI015,Roads & Highways,70,,Reduce liquid limit via compaction,False
NI015,Bridges,120,,Reduce liquid limit via compaction,False
NI015,Tunnels,150,,Reduce liquid limit via compaction,False
NI015,Railway Tracks,80,,Reduce liquid limit via compaction,False
NI015,Pipeline Infrastructure,30,,Reduce liquid limit via compaction,False
NI015,Dams,100,,Reduce liquid limit via compaction,False
NI015,Water Reservoirs,90,,Reduce liquid limit via compaction,False
NI015,Airport Runways,180,,Reduce liquid limit via compaction,False
NI016,Residential Building,50,,Use deep foundations or densify subsoil,False
NI016,High-rise Building,150,,Increase CBR in top 2 layers,False
NI016,Low-rise,100,,Reduce liquid limit via compaction,False
NI016,Roads & Highways,70,,Increase CBR in top 2 layers,False
NI016,Bridges,120,,Increase CBR in top 2 layers,False
NI016,Tunnels,150,,Increase CBR in top 2 layers,False
NI016,Railway Tracks,80,,Increase CBR in top 2 layers,False
NI016,Pipeline Infrastructure,30,,Reduce liquid limit via compaction,False
NI016,Dams,100,,Reduce liquid limit via compaction,False
NI016,Water Reservoirs,90,,Reduce liquid limit via compaction,False
NI016,Airport Runways,180,,Reduce liquid limit via compaction,False
NI017,Residential Building,50,,Reduce liquid limit via compaction,False
NI017,High-rise Building,150,,Use deep foundations or densify subsoil,False
NI017,Low-rise,100,,Reduce liquid limit via compaction,False
NI017,Roads & Highways,70,,Reduce liquid limit via compaction,False
NI017,Bridges,120,,Use deep foundations or densify subsoil,False
NI017,Tunnels,150,,Use deep foundations or densify subsoil,False
NI017,Railway Tracks,80,,Use deep foundations or densify subsoil,False
NI017,Pipeline Infrastructure,30,,Reduce liquid limit via compaction,False
NI017,Dams,100,,Increase CBR in top 2 layers,False
NI017,Water Reservoirs,90,,Reduce liquid limit via compaction,False
NI017,Airport Runways,180,,Increase CBR in top 2 layers,False
NI018,Residential Building,50,Pipeline Infrastructure,Reduce liquid limit via compaction,False
NI018,High-rise Building,150,Pipeline Infrastructure,Increase CBR in top 2 layers,False
NI018,Low-rise,100,Pipeline Infrastructure,Reduce liquid limit via compaction,False
NI018,Roads & Highways,70,Pipeline Infrastructure,Reduce liquid limit via compaction,False
NI018,Bridges,120,Pipeline Infrastructure,Use deep foundations or densify subsoil,False
NI018,Tunnels,150,Pipeline Infrastructure,Reduce liquid limit via compaction,False
NI018,Railway Tracks,80,Pipeline Infrastructure,Reduce liquid limit via compaction,False
NI018,Pipeline Infrastructure,30,,,True
NI018,Dams,100,Pipeline Infrastructure,Reduce liquid limit via compaction,False
NI018,Water Reservoirs,90,Pipeline Infrastructure,Reduce liquid limit via compaction,False
NI018,Airport Runways,180,Pipeline Infrastructure,Reduce liquid limit via compaction,False
NI019,Residential Building,50,,Reduce liquid limit via compaction,False
NI019,High-rise Building,150,,Reduce liquid limit via compaction,False
NI019,Low-rise,100,,Increase CBR in top 2 layers,False
NI019,Roads & Highways,70,,Reduce liquid limit via compaction,False
NI019,Bridges,120,,Use deep foundations or densify subsoil,False
NI019,Tunnels,150,,Increase CBR in top 2 layers,False
NI019,Railway Tracks,80,,Reduce liquid limit via compaction,False
NI019,Pipeline Infrastructure,30,,Reduce liquid limit via compaction,False
NI019,Dams,100,,Increase CBR in top 2 layers,False
NI019,Water Reservoirs,90,,Increase CBR in top 2 layers,False
NI019,Airport Runways,180,,Reduce liquid limit via compaction,False
NI020,Residential Building,50,,Reduce liquid limit via compaction,False
NI020,High-rise Building,150,,Increase CBR in top 2 layers,False
NI020,Low-rise,100,,Use deep foundations or densify subsoil,False
NI020,Roads & Highways,70,,Reduce liquid limit via compaction,False
NI020,Bridges,120,,Increase CBR in top 2 layers,False
NI020,Tunnels,150,,Use deep foundations or densify subsoil,False
NI020,Railway Tracks,80,,Use deep foundations or densify subsoil,False
NI020,Pipeline Infrastructure,30,,Reduce liquid limit via compaction,False
NI020,Dams,100,,Use deep foundations or densify subsoil,False
NI020,Water Reservoirs,90,,Increase CBR in top 2 layers,False
NI020,Airport Runways,180,,Use deep foundations or densify subsoil,False
NI021,Residential Building,50,,Reduce liquid limit via compaction,False
NI021,High-rise Building,150,,Reduce liquid limit via compaction,False
NI021,Low-rise,100,,Reduce liquid limit via compaction,False
NI021,Roads & Highways,70,,Reduce liquid limit via compaction,False
NI021,Bridges,120,,Increase CBR in top 2 layers,False
NI021,Tunnels,150,,Reduce liquid limit via compaction,False
NI021,Railway Tracks,80,,Reduce liquid limit via compaction,False
NI021,Pipeline Infrastructure,30,,Reduce liquid limit via compaction,False
NI021,Dams,100,,Use deep foundations or densify subsoil,False
NI021,Water Reservoirs,90,,Increase CBR in top 2 layers,False
NI021,Airport Runways,180,,Increase CBR in top 2 layers,False
NP007,Residential Building,50,,Use deep foundations or densify subsoil,False
NP007,High-rise Building,150,,Increase CBR in top 2 layers,False
NP007,Low-rise,100,,Use deep foundations or densify subsoil,False
NP007,Roads & Highways,70,,Use deep foundations or densify subsoil,False
NP007,Bridges,120,,Reduce liquid limit via compaction,False
NP007,Tunnels,150,,Reduce liquid limit via compaction,False
NP007,Railway Tracks,80,,Reduce liquid limit via compaction,False
NP007,Pipeline Infrastructure,30,,Increase CBR in top 2 layers,False
NP007,Dams,100,,Use deep foundations or densify subsoil,False
NP007,Water Reservoirs,90,,Reduce liquid limit via compaction,False
NP007,Airport Runways,180,,Reduce liquid limit via compaction,False
NP008,Residential Building,50,,,True
NP008,High-rise Building,150,Residential Building,Reduce liquid limit via compaction,False
NP008,Low-rise,100,Residential Building,Increase CBR in top 2 layers,False
NP008,Roads & Highways,70,Residential Building,Use deep foundations or densify subsoil,False
NP008,Bridges,120,Residential Building,Reduce liquid limit via compaction,False
NP008,Tunnels,150,Residential Building,Increase CBR in top 2 layers,False
NP008,Railway Tracks,80,Residential Building,Increase CBR in top 2 layers,False
NP008,Pipeline Infrastructure,30,,,True
NP008,Dams,100,Residential Building,Use deep foundations or densify subsoil,False
NP008,Water Reservoirs,90,Residential Building,Use deep foundations or densify subsoil,False
NP008,Airport Runways,180,Residential Building,Increase CBR in top 2 layers,False
NP009,Residential Building,50,Pipeline Infrastructure,Increase CBR in top 2 layers,False
NP009,High-rise Building,150,Pipeline Infrastructure,Increase CBR in top 2 layers,False
NP009,Low-rise,100,Pipeline Infrastructure,Increase CBR in top 2 layers,False
NP009,Roads & Highways,70,Pipeline Infrastructure,Use deep foundations or densify subsoil,False
NP009,Bridges,120,Pipeline Infrastructure,Increase CBR in top 2 layers,False
NP009,Tunnels,150,Pipeline Infrastructure,Reduce liquid limit via compaction,False
NP009,Railway Tracks,80,Pipeline Infrastructure,Increase CBR in top 2 layers,False
NP009,Pipeline Infrastructure,30,,,True
NP009,Dams,100,Pipeline Infrastructure,Use deep foundations or densify subsoil,False
NP009,Water Reservoirs,90,Pipeline Infrastructure,Increase CBR in top 2 layers,False
NP009,Airport Runways,180,Pipeline Infrastructure,Use deep foundations or densify subsoil,False
NP010,Residential Building,50,,Reduce liquid limit via compaction,False
NP010,High-rise Building,150,,Use deep foundations or densify subsoil,False
NP010,Low-rise,100,,Reduce liquid limit via compaction,False
NP010,Roads & Highways,70,,Reduce liquid limit via compaction,False
NP010,Bridges,120,,Use deep foundations or densify subsoil,False
NP010,Tunnels,150,,Use deep foundations or densify subsoil,False
NP010,Railway Tracks,80,,Reduce liquid limit via compaction,False
NP010,Pipeline Infrastructure,30,,Reduce liquid limit via compaction,False
NP010,Dams,100,,Reduce liquid limit via compaction,False
NP010,Water Reservoirs,90,,Reduce liquid limit via compaction,False
NP010,Airport Runways,180,,Reduce liquid limit via compaction,False
NP011,Residential Building,50,,,True
NP011,High-rise Building,150,Residential Building,Use deep foundations or densify subsoil,False
NP011,Low-rise,100,Residential Building,Increase CBR in top 2 layers,False
NP011,Roads & Highways,70,Residential Building,Increase CBR in top 2 layers,False
NP011,Bridges,120,Residential Building,Use deep foundations or densify subsoil,False
NP011,Tunnels,150,Residential Building,Use deep foundations or densify subsoil,False
NP011,Railway Tracks,80,Residential Building,Increase CBR in top 2 layers,False
NP011,Pipeline Infrastructure,30,,,True
NP011,Dams,100,Residential Building,Use deep foundations or densify subsoil,False
NP011,Water Reservoirs,90,Residential Building,Use deep foundations or densify subsoil,False
NP011,Airport Runways,180,Residential Building,Use deep foundations or densify subsoil,False
NZ011,Residential Building,50,,,True
NZ011,High-rise Building,150,Residential Building,Use deep foundations or densify subsoil,False
NZ011,Low-rise,100,Residential Building,Increase CBR in top 2 layers,False
NZ011,Roads & Highways,70,,,True
NZ011,Bridges,120,Residential Building,Use deep foundations or densify subsoil,False
NZ011,Tunnels,150,Residential Building,Increase CBR in top 2 layers,False
NZ011,Railway Tracks,80,Residential Building,Use deep foundations or densify subsoil,False
NZ011,Pipeline Infrastructure,30,,,True
NZ011,Dams,100,Residential Building,Increase CBR in top 2 layers,False
NZ011,Water Reservoirs,90,Residential Building,Use deep foundations or densify subsoil,False
NZ011,Airport Runways,180,Residential Building,Increase CBR in top 2 layers,False
NZ012,Residential Building,50,,Reduce liquid limit via compaction,False
NZ012,High-rise Building,150,,Increase CBR in top 2 layers,False
NZ012,Low-rise,100,,Reduce liquid limit via compaction,False
NZ012,Roads & Highways,70,,Reduce liquid limit via compaction,False
NZ012,Bridges,120,,Use deep foundations or densify subsoil,False
NZ012,Tunnels,150,,Use deep foundations or densify subsoil,False
NZ012,Railway Tracks,80,,Reduce liquid limit via compaction,False
NZ012,Pipeline Infrastructure,30,,Reduce liquid limit via compaction,False
NZ012,Dams,100,,Reduce liquid limit via compaction,False
NZ012,Water Reservoirs,90,,Reduce liquid limit via compaction,False
NZ012,Airport Runways,180,,Increase CBR in top 2 layers,False
NZ013,Residential Building,50,,Reduce liquid limit via compaction,False
NZ013,High-rise Building,150,,Increase CBR in top 2 layers,False
NZ013,Low-rise,100,,Use deep foundations or densify subsoil,False
NZ013,Roads & Highways,70,,Reduce liquid limit via compaction,False
NZ013,Bridges,120,,Use deep foundations or densify subsoil,False
NZ013,Tunnels,150,,Reduce liquid limit via compaction,False
NZ013,Railway Tracks,80,,Reduce liquid limit via compaction,False
NZ013,Pipeline Infrastructure,30,,Reduce liquid limit via compaction,False
NZ013,Dams,100,,Use deep foundations or densify subsoil,False
NZ013,Water Reservoirs,90,,Increase CBR in top 2 layers,False
NZ013,Airport Runways,180,,Use deep foundations or densify subsoil,False
NZ014,Residential Building,50,,Use deep foundations or densify subsoil,False
NZ014,High-rise Building,150,,Increase CBR in top 2 layers,False
NZ014,Low-rise,100,,Increase CBR in top 2 layers,False
NZ014,Roads & Highways,70,,Increase CBR in top 2 layers,False
NZ014,Bridges,120,,Use deep foundations or densify subsoil,False
NZ014,Tunnels,150,,Use deep foundations or densify subsoil,False
NZ014,Railway Tracks,80,,Increase CBR in top 2 layers,False
NZ014,Pipeline Infrastructure,30,,Increase CBR in top 2 layers,False
NZ014,Dams,100,,Increase CBR in top 2 layers,False
NZ014,Water Reservoirs,90,,Increase CBR in top 2 layers,False
NZ014,Airport Runways,180,,Reduce liquid limit via compaction,False
NZ015,Residential Building,50,,,True
NZ015,High-rise Building,150,Residential Building,Use deep foundations or densify subsoil,False
NZ015,Low-rise,100,Residential Building,Use deep foundations or densify subsoil,False
NZ015,Roads & Highways,70,,,True
NZ015,Bridges,120,Residential Building,Use deep foundations or densify subsoil,False
NZ015,Tunnels,150,Residential Building,Increase CBR in top 2 layers,False
NZ015,Railway Tracks,80,,,True
NZ015,Pipeline Infrastructure,30,,,True
NZ015,Dams,100,Residential Building,Increase CBR in top 2 layers,False
NZ015,Water Reservoirs,90,Residential Building,Use deep foundations or densify subsoil,False
NZ015,Airport Runways,180,Residential Building,Increase CBR in top 2 layers,False
PA001,Residential Building,50,,,True
PA001,High-rise Building,150,Residential Building,Reduce liquid limit via compaction,False
PA001,Low-rise,100,Residential Building,Increase CBR in top 2 layers,False
PA001,Roads & Highways,70,Residential Building,Increase CBR in top 2 layers,False
PA001,Bridges,120,Residential Building,Reduce liquid limit via compaction,False
PA001,Tunnels,150,Residential Building,Use deep foundations or densify subsoil,False
PA001,Railway Tracks,80,Residential Building,Increase CBR in top 2 layers,False
PA001,Pipeline Infrastructure,30,,,True
PA001,Dams,100,Residential Building,Reduce liquid limit via compaction,False
PA001,Water Reservoirs,90,Residential Building,Increase CBR in top 2 layers,False
PA001,Airport Runways,180,Residential Building,Increase CBR in top 2 layers,False
PA002,Residential Building,50,Pipeline Infrastructure,Reduce liquid limit via compaction,False
PA002,High-rise Building,150,Pipeline Infrastructure,Use deep foundations or densify subsoil,False
PA002,Low-rise,100,Pipeline Infrastructure,Reduce liquid limit via compaction,False
PA002,Roads & Highways,70,Pipeline Infrastructure,Reduce liquid limit via compaction,False
PA002,Bridges,120,Pipeline Infrastructure,Use deep foundations or densify subsoil,False
PA002,Tunnels,150,Pipeline Infrastructure,Reduce liquid limit via compaction,False
PA002,Railway Tracks,80,Pipeline Infrastructure,Reduce liquid limit via compaction,False
PA002,Pipeline Infrastructure,30,,,True
PA002,Dams,100,Pipeline Infrastructure,Reduce liquid limit via compaction,False
PA002,Water Reservoirs,90,Pipeline Infrastructure,Reduce liquid limit via compaction,False
PA002,Airport Runways,180,Pipeline Infrastructure,Reduce liquid limit via compaction,False
PA003,Residential Building,50,,,True
PA003,High-rise Building,150,Residential Building,Increase CBR in top 2 layers,False
PA003,Low-rise,100,,,True
PA003,Roads & Highways,70,,,True
PA003,Bridges,120,Residential Building,Increase CBR in top 2 layers,False
PA003,Tunnels,150,Residential Building,Reduce liquid limit via compaction,False
PA003,Railway Tracks,80,,,True
PA003,Pipeline Infrastructure,30,,,True
PA003,Dams,100,Residential Building,Reduce liquid limit via compaction,False
PA003,Water Reservoirs,90,,,True
PA003,Airport Runways,180,Residential Building,Reduce liquid limit via compaction,False
PA004,Residential Building,50,,Reduce liquid limit via compaction,False
PA004,High-rise Building,150,,Use deep foundations or densify subsoil,False
PA004,Low-rise,100,,Use deep foundations or densify subsoil,False
PA004,Roads & Highways,70,,Reduce liquid limit via compaction,False
PA004,Bridges,120,,Reduce liquid limit via compaction,False
PA004,Tunnels,150,,Increase CBR in top 2 layers,False
PA004,Railway Tracks,80,,Reduce liquid limit via compaction,False
PA004,Pipeline Infrastructure,30,,Reduce liquid limit via compaction,False
PA004,Dams,100,,Use deep foundations or densify subsoil,False
PA004,Water Reservoirs,90,,Reduce liquid limit via compaction,False
PA004,Airport Runways,180,,Use deep foundations or densify subsoil,False
PA005,Residential Building,50,,,True
PA005,High-rise Building,150,Residential Building,Increase CBR in top 2 layers,False
PA005,Low-rise,100,,,True
PA005,Roads & Highways,70,,,True
PA005,Bridges,120,Residential Building,Use deep foundations or densify subsoil,False
PA005,Tunnels,150,Residential Building,Increase CBR in top 2 layers,False
PA005,Railway Tracks,80,,,True
PA005,Pipeline Infrastructure,30,,,True
PA005,Dams,100,Residential Building,Reduce liquid limit via compaction,False
PA005,Water Reservoirs,90,,,True
PA005,Airport Runways,180,Residential Building,Increase CBR in top 2 layers,False
PA006,Residential Building,50,,Reduce liquid limit via compaction,False
PA006,High-rise Building,150,,Reduce liquid limit via compaction,False
PA006,Low-rise,100,,Use deep foundations or densify subsoil,False
PA006,Roads & Highways,70,,Reduce liquid limit via compaction,False
PA006,Bridges,120,,Reduce liquid limit via compaction,False
PA006,Tunnels,150,,Use deep foundations or densify subsoil,False
PA006,Railway Tracks,80,,Reduce liquid limit via compaction,False
PA006,Pipeline Infrastructure,30,,Reduce liquid limit via compaction,False
PA006,Dams,100,,Reduce liquid limit via compaction,False
PA006,Water Reservoirs,90,,Reduce liquid limit via compaction,False
PA006,Airport Runways,180,,Increase CBR in top 2 layers,False
PA007,Residential Building,50,Pipeline Infrastructure,Reduce liquid limit via compaction,False
PA007,High-rise Building,150,Pipeline Infrastructure,Reduce liquid limit via compaction,False
PA007,Low-rise,100,Pipeline Infrastructure,Use deep foundations or densify subsoil,False
PA007,Roads & Highways,70,Pipeline Infrastructure,Reduce liquid limit via compaction,False
PA007,Bridges,120,Pipeline Infrastructure,Reduce liquid limit via compaction,False
PA007,Tunnels,150,Pipeline Infrastructure,Use deep foundations or densify subsoil,False
PA007,Railway Tracks,80,Pipeline Infrastructure,Reduce liquid limit via compaction,False
PA007,Pipeline Infrastructure,30,,,True
PA007,Dams,100,Pipeline Infrastructure,Use deep foundations or densify subsoil,False
PA007,Water Reservoirs,90,Pipeline Infrastructure,Reduce liquid limit via compaction,False
PA007,Airport Runways,180,Pipeline Infrastructure,Increase CBR in top 2 layers,False
PA008,Residential Building,50,,,True
PA008,High-rise Building,150,Residential Building,Use deep foundations or densify subsoil,False
PA008,Low-rise,100,Residential Building,Reduce liquid limit via compaction,False
PA008,Roads & Highways,70,,,True
PA008,Bridges,120,Residential Building,Reduce liquid limit via compaction,False
PA008,Tunnels,150,Residential Building,Reduce liquid limit via compaction,False
PA008,Railway Tracks,80,,,True
PA008,Pipeline Infrastructure,30,,,True
PA008,Dams,100,Residential Building,Reduce liquid limit via compaction,False
PA008,Water Reservoirs,90,Residential Building,Use deep foundations or densify subsoil,False
PA008,Airport Runways,180,Residential Building,Use deep foundations or densify subsoil,False
PA009,Residential Building,50,,,True
PA009,High-rise Building,150,Residential Building,Increase CBR in top 2 layers,False
PA009,Low-rise,100,,,True
PA009,Roads & Highways,70,,,True
PA009,Bridges,120,Residential Building,Use deep foundations or densify subsoil,False
PA009,Tunnels,150,Residential Building,Use deep foundations or densify subsoil,False
PA009,Railway Tracks,80,,,True
PA009,Pipeline Infrastructure,30,,,True
PA009,Dams,100,,,True
PA009,Water Reservoirs,90,,,True
PA009,Airport Runways,180,Residential Building,Reduce liquid limit via compaction,False
PA010,Residential Building,50,,Reduce liquid limit via compaction,False
PA010,High-rise Building,150,,Reduce liquid limit via compaction,False
PA010,Low-rise,100,,Increase CBR in top 2 layers,False
PA010,Roads & Highways,70,,Use deep foundations or densify subsoil,False
PA010,Bridges,120,,Reduce liquid limit via compaction,False
PA010,Tunnels,150,,Increase CBR in top 2 layers,False
PA010,Railway Tracks,80,,Increase CBR in top 2 layers,False
PA010,Pipeline Infrastructure,30,,Reduce liquid limit via compaction,False
PA010,Dams,100,,Reduce liquid limit via compaction,False
PA010,Water Reservoirs,90,,Use deep foundations or densify subsoil,False
PA010,Airport Runways,180,,Use deep foundations or densify subsoil,False
PA011,Residential Building,50,Pipeline Infrastructure,Reduce liquid limit via compaction,False
PA011,High-rise Building,150,Pipeline Infrastructure,Increase CBR in top 2 layers,False
PA011,Low-rise,100,Pipeline Infrastructure,Use deep foundations or densify subsoil,False
PA011,Roads & Highways,70,Pipeline Infrastructure,Reduce liquid limit via compaction,False
PA011,Bridges,120,Pipeline Infrastructure,Increase CBR in top 2 layers,False
PA011,Tunnels,150,Pipeline Infrastructure,Increase CBR in top 2 layers,False
PA011,Railway Tracks,80,Pipeline Infrastructure,Reduce liquid limit via compaction,False
PA011,Pipeline Infrastructure,30,,,True
PA011,Dams,100,Pipeline Infrastructure,Reduce liquid limit via compaction,False
PA011,Water Reservoirs,90,Pipeline Infrastructure,Reduce liquid limit via compaction,False
PA011,Airport Runways,180,Pipeline Infrastructure,Increase CBR in top 2 layers,False
PA012,Residential Building,50,Pipeline Infrastructure,Reduce liquid limit via compaction,False
PA012,High-rise Building,150,Pipeline Infrastructure,Use deep foundations or densify subsoil,False
PA012,Low-rise,100,Pipeline Infrastructure,Reduce liquid limit via compaction,False
PA012,Roads & Highways,70,Pipeline Infrastructure,Reduce liquid limit via compaction,False
PA012,Bridges,120,Pipeline Infrastructure,Use deep foundations or densify subsoil,False
PA012,Tunnels,150,Pipeline Infrastructure,Use deep foundations or densify subsoil,False
PA012,Railway Tracks,80,Pipeline Infrastructure,Reduce liquid limit via compaction,False
PA012,Pipeline Infrastructure,30,,,True
PA012,Dams,100,Pipeline Infrastructure,Reduce liquid limit via compaction,False
PA012,Water Reservoirs,90,Pipeline Infrastructure,Reduce liquid limit via compaction,False
PA012,Airport Runways,180,Pipeline Infrastructure,Use deep foundations or densify subsoil,False
PA013,Residential Building,50,,,True
PA013,High-rise Building,150,Residential Building,Increase CBR in top 2 layers,False
PA013,Low-rise,100,,,True
PA013,Roads & Highways,70,,,True
PA013,Bridges,120,Residential Building,Increase CBR in top 2 layers,False
PA013,Tunnels,150,Residential Building,Use deep foundations or densify subsoil,False
PA013,Railway Tracks,80,,,True
PA013,Pipeline Infrastructure,30,,,True
PA013,Dams,100,,,True
PA013,Water Reservoirs,90,,,True
PA013,Airport Runways,180,Residential Building,Increase CBR in top 2 layers,False
PA014,Residential Building,50,,Reduce liquid limit via compaction,False
PA014,High-rise Building,150,,Increase CBR in top 2 layers,False
PA014,Low-rise,100,,Reduce liquid limit via compaction,False
PA014,Roads & Highways,70,,Reduce liquid limit via compaction,False
PA014,Bridges,120,,Reduce liquid limit via compaction,False
PA014,Tunnels,150,,Increase CBR in top 2 layers,False
PA014,Railway Tracks,80,,Reduce liquid limit via compaction,False
PA014,Pipeline Infrastructure,30,,Reduce liquid limit via compaction,False
PA014,Dams,100,,Reduce liquid limit via compaction,False
PA014,Water Reservoirs,90,,Reduce liquid limit via compaction,False
PA014,Airport Runways,180,,Reduce liquid limit via compaction,False
PG001,Residential Building,50,Pipeline Infrastructure,Reduce liquid limit via compaction,False
PG001,High-rise Building,150,Pipeline Infrastructure,Increase CBR in top 2 layers,False
PG001,Low-rise,100,Pipeline Infrastructure,Reduce liquid limit via compaction,False
PG001,Roads & Highways,70,Pipeline Infrastructure,Reduce liquid limit via compaction,False
PG001,Bridges,120,Pipeline Infrastructure,Increase CBR in top 2 layers,False
PG001,Tunnels,150,Pipeline Infrastructure,Reduce liquid limit via compaction,False
PG001,Railway Tracks,80,Pipeline Infrastructure,Reduce liquid limit via compaction,False
PG001,Pipeline Infrastructure,30,,,True
PG001,Dams,100,Pipeline Infrastructure,Reduce liquid limit via compaction,False
PG001,Water Reservoirs,90,Pipeline Infrastructure,Reduce liquid limit via compaction,False
PG001,Airport Runways,180,Pipeline Infrastructure,Reduce liquid limit via compaction,False
PG002,Residential Building,50,Pipeline Infrastructure,Reduce liquid limit via compaction,False
PG002,High-rise Building,150,Pipeline Infrastructure,Increase CBR in top 2 layers,False
PG002,Low-rise,100,Pipeline Infrastructure,Reduce liquid limit via compaction,False
PG002,Roads & Highways,70,Pipeline Infrastructure,Reduce liquid limit via compaction,False
PG002,Bridges,120,Pipeline Infrastructure,Reduce liquid limit via compaction,False
PG002,Tunnels,150,Pipeline Infrastructure,Increase CBR in top 2 layers,False
PG002,Railway Tracks,80,Pipeline Infrastructure,Reduce liquid limit via compaction,False
PG002,Pipeline Infrastructure,30,,,True
PG002,Dams,100,Pipeline Infrastructure,Reduce liquid limit via compaction,False
PG002,Water Reservoirs,90,Pipeline Infrastructure,Reduce liquid limit via compaction,False
PG002,Airport Runways,180,Pipeline Infrastructure,Use deep foundations or densify subsoil,False
PG003,Residential Building,50,,,True
PG003,High-rise Building,150,Residential Building,Use deep foundations or densify subsoil,False
PG003,Low-rise,100,Residential Building,Use deep foundations or densify subsoil,False
PG003,Roads & Highways,70,,,True
PG003,Bridges,120,Residential Building,Increase CBR in top 2 layers,False
PG003,Tunnels,150,Residential Building,Increase CBR in top 2 layers,False
PG003,Railway Tracks,80,,,True
PG003,Pipeline Infrastructure,30,,,True
PG003,Dams,100,Residential Building,Increase CBR in top 2 layers,False
PG003,Water Reservoirs,90,,,True
PG003,Airport Runways,180,Residential Building,Use deep foundations or densify subsoil,False
PG019,Residential Building,50,,Reduce liquid limit via compaction,False
PG019,High-rise Building,150,,Reduce liquid limit via compaction,False
PG019,Low-rise,100,,Reduce liquid limit via compaction,False
PG019,Roads & Highways,70,,Reduce liquid limit via compaction,False
PG019,Bridges,120,,Reduce liquid limit via compaction,False
PG019,Tunnels,150,,Use deep foundations or densify subsoil,False
PG019,Railway Tracks,80,,Reduce liquid limit via compaction,False
PG019,Pipeline Infrastructure,30,,Reduce liquid limit via compaction,False
PG019,Dams,100,,Reduce liquid limit via compaction,False
PG019,Water Reservoirs,90,,Reduce liquid limit via compaction,False
PG019,Airport Runways,180,,Increase CBR in top 2 layers,False
PG020,Residential Building,50,,,True
PG020,High-rise Building,150,Residential Building,Increase CBR in top 2 layers,False
PG020,Low-rise,100,Residential Building,Use deep foundations or densify subsoil,False
PG020,Roads & Highways,70,,,True
PG020,Bridges,120,Residential Building,Increase CBR in top 2 layers,False
PG020,Tunnels,150,Residential Building,Increase CBR in top 2 layers,False
PG020,Railway Tracks,80,,,True
PG020,Pipeline Infrastructure,30,,,True
PG020,Dams,100,Residential Building,Use deep foundations or densify subsoil,False
PG020,Water Reservoirs,90,,,True
PG020,Airport Runways,180,Residential Building,Reduce liquid limit via compaction,False
PG021,Residential Building,50,,,True
PG021,High-rise Building,150,Residential Building,Use deep foundations or densify subsoil,False
PG021,Low-rise,100,,,True
PG021,Roads & Highways,70,,,True
PG021,Bridges,120,Residential Building,Increase CBR in top 2 layers,False
PG021,Tunnels,150,Residential Building,Use deep foundations or densify subsoil,False
PG021,Railway Tracks,80,,,True
PG021,Pipeline Infrastructure,30,,,True
PG021,Dams,100,,,True
PG021,Water Reservoirs,90,,,True
PG021,Airport Runways,180,Residential Building,Use deep foundations or densify subsoil,False
PG022,Residential Building,50,,Reduce liquid limit via compaction,False
PG022,High-rise Building,150,,Reduce liquid limit via compaction,False
PG022,Low-rise,100,,Use deep foundations or densify subsoil,False
PG022,Roads & Highways,70,,Reduce liquid limit via compaction,False
PG022,Bridges,120,,Reduce liquid limit via compaction,False
PG022,Tunnels,150,,Reduce liquid limit via compaction,False
PG022,Railway Tracks,80,,Reduce liquid limit via compaction,False
PG022,Pipeline Infrastructure,30,,Reduce liquid limit via compaction,False
PG022,Dams,100,,Use deep foundations or densify subsoil,False
PG022,Water Reservoirs,90,,Reduce liquid limit via compaction,False
PG022,Airport Runways,180,,Increase CBR in top 2 layers,False
PG023,Residential Building,50,,,True
PG023,High-rise Building,150,Residential Building,Increase CBR in top 2 layers,False
PG023,Low-rise,100,,,True
PG023,Roads & Highways,70,,,True
PG023,Bridges,120,Residential Building,Increase CBR in top 2 layers,False
PG023,Tunnels,150,Residential Building,Use deep foundations or densify subsoil,False
PG023,Railway Tracks,80,,,True
PG023,Pipeline Infrastructure,30,,,True
PG023,Dams,100,,,True
PG023,Water Reservoirs,90,,,True
PG023,Airport Runways,180,Residential Building,Reduce liquid limit via compaction,False
PG024,Residential Building,50,,Reduce liquid limit via compaction,False
PG024,High-rise Building,150,,Reduce liquid limit via compaction,False
PG024,Low-rise,100,,Reduce liquid limit via compaction,False
PG024,Roads & Highways,70,,Reduce liquid limit via compaction,False
PG024,Bridges,120,,Increase CBR in top 2 layers,False
PG024,Tunnels,150,,Reduce liquid limit via compaction,False
PG024,Railway Tracks,80,,Reduce liquid limit via compaction,False
PG024,Pipeline Infrastructure,30,,Reduce liquid limit via compaction,False
PG024,Dams,100,,Reduce liquid limit via compaction,False
PG024,Water Reservoirs,90,,Reduce liquid limit via compaction,False
PG024,Airport Runways,180,,Use deep foundations or densify subsoil,False
PG025,Residential Building,50,,,True
PG025,High-rise Building,150,Residential Building,Use deep foundations or densify subsoil,False
PG025,Low-rise,100,,,True
PG025,Roads & Highways,70,,,True
PG025,Bridges,120,Residential Building,Use deep foundations or densify subsoil,False
PG025,Tunnels,150,Residential Building,Use deep foundations or densify subsoil,False
PG025,Railway Tracks,80,,,True
PG025,Pipeline Infrastructure,30,,,True
PG025,Dams,100,,,True
PG025,Water Reservoirs,90,,,True
PG025,Airport Runways,180,Residential Building,Increase CBR in top 2 layers,False
PG026,Residential Building,50,,Reduce liquid limit via compaction,False
PG026,High-rise Building,150,,Reduce liquid limit via compaction,False
PG026,Low-rise,100,,Reduce liquid limit via compaction,False
PG026,Roads & Highways,70,,Reduce liquid limit via compaction,False
PG026,Bridges,120,,Reduce liquid limit via compaction,False
PG026,Tunnels,150,,Reduce liquid limit via compaction,False
PG026,Railway Tracks,80,,Reduce liquid limit via compaction,False
PG026,Pipeline Infrastructure,30,,Reduce liquid limit via compaction,False
PG026,Dams,100,,Reduce liquid limit via compaction,False
PG026,Water Reservoirs,90,,Reduce liquid limit via compaction,False
PG026,Airport Runways,180,,Increase CBR in top 2 layers,False
PG027,Residential Building,50,,,True
PG027,High-rise Building,150,Residential Building,Increase CBR in top 2 layers,False
PG027,Low-rise,100,Residential Building,Increase CBR in top 2 layers,False
PG027,Roads & Highways,70,Residential Building,Use deep foundations or densify subsoil,False
PG027,Bridges,120,Residential Building,Use deep foundations or densify subsoil,False
PG027,Tunnels,150,Residential Building,Increase CBR in top 2 layers,False
PG027,Railway Tracks,80,Residential Building,Use deep foundations or densify subsoil,False
PG027,Pipeline Infrastructure,30,,,True
PG027,Dams,100,Residential Building,Increase CBR in top 2 layers,False
PG027,Water Reservoirs,90,Residential Building,Reduce liquid limit via compaction,False
PG027,Airport Runways,180,Residential Building,Increase CBR in top 2 layers,False
PG028,Residential Building,50,,,True
PG028,High-rise Building,150,Residential Building,Increase CBR in top 2 layers,False
PG028,Low-rise,100,Residential Building,Reduce liquid limit via compaction,False
PG028,Roads & Highways,70,,,True
PG028,Bridges,120,Residential Building,Use deep foundations or densify subsoil,False
PG028,Tunnels,150,Residential Building,Use deep foundations or densify subsoil,False
PG028,Railway Tracks,80,Residential Building,Use deep foundations or densify subsoil,False
PG028,Pipeline Infrastructure,30,,,True
PG028,Dams,100,Residential Building,Reduce liquid limit via compaction,False
PG028,Water Reservoirs,90,Residential Building,Use deep foundations or densify subsoil,False
PG028,Airport Runways,180,Residential Building,Increase CBR in top 2 layers,False
PG029,Residential Building,50,,Reduce liquid limit via compaction,False
PG029,High-rise Building,150,,Reduce liquid limit via compaction,False
PG029,Low-rise,100,,Increase CBR in top 2 layers,False
PG029,Roads & Highways,70,,Increase CBR in top 2 layers,False
PG029,Bridges,120,,Use deep foundations or densify subsoil,False
PG029,Tunnels,150,,Reduce liquid limit via compaction,False
PG029,Railway Tracks,80,,Reduce liquid limit via compaction,False
PG029,Pipeline Infrastructure,30,,Reduce liquid limit via compaction,False
PG029,Dams,100,,Reduce liquid limit via compaction,False
PG029,Water Reservoirs,90,,Reduce liquid limit via compaction,False
PG029,Airport Runways,180,,Increase CBR in top 2 layers,False
PG030,Residential Building,50,,,True
PG030,High-rise Building,150,Residential Building,Increase CBR in top 2 layers,False
PG030,Low-rise,100,Residential Building,Use deep foundations or densify subsoil,False
PG030,Roads & Highways,70,,,True
PG030,Bridges,120,Residential Building,Reduce liquid limit via compaction,False
PG030,Tunnels,150,Residential Building,Increase CBR in top 2 layers,False
PG030,Railway Tracks,80,Residential Building,Use deep foundations or densify subsoil,False
PG030,Pipeline Infrastructure,30,,,True
PG030,Dams,100,Residential Building,Increase CBR in top 2 layers,False
PG030,Water Reservoirs,90,Residential Building,Increase CBR in top 2 layers,False
PG030,Airport Runways,180,Residential Building,Use deep foundations or densify subsoil,False
PG031,Residential Building,50,,,True
PG031,High-rise Building,150,Residential Building,Increase CBR in top 2 layers,False
PG031,Low-rise,100,Residential Building,Use deep foundations or densify subsoil,False
PG031,Roads & Highways,70,,,True
PG031,Bridges,120,Residential Building,Increase CBR in top 2 layers,False
PG031,Tunnels,150,Residential Building,Reduce liquid limit via compaction,False
PG031,Railway Tracks,80,,,True
PG031,Pipeline Infrastructure,30,,,True
PG031,Dams,100,Residential Building,Reduce liquid limit via compaction,False
PG031,Water Reservoirs,90,Residential Building,Use deep foundations or densify subsoil,False
PG031,Airport Runways,180,Residential Building,Increase CBR in top 2 layers,False
PH026,Residential Building,50,Pipeline Infrastructure,Reduce liquid limit via compaction,False
PH026,High-rise Building,150,Pipeline Infrastructure,Use deep foundations or densify subsoil,False
PH026,Low-rise,100,Pipeline Infrastructure,Use deep foundations or densify subsoil,False
PH026,Roads & Highways,70,Pipeline Infrastructure,Reduce liquid limit via compaction,False
PH026,Bridges,120,Pipeline Infrastructure,Increase CBR in top 2 layers,False
PH026,Tunnels,150,Pipeline Infrastructure,Reduce liquid limit via compaction,False
PH026,Railway Tracks,80,Pipeline Infrastructure,Reduce liquid limit via compaction,False
PH026,Pipeline Infrastructure,30,,,True
PH026,Dams,100,Pipeline Infrastructure,Use deep foundations or densify subsoil,False
PH026,Water Reservoirs,90,Pipeline Infrastructure,Reduce liquid limit via compaction,False
PH026,Airport Runways,180,Pipeline Infrastructure,Use deep foundations or densify subsoil,False
PH027,Residential Building,50,,,True
PH027,High-rise Building,150,Residential Building,Increase CBR in top 2 layers,False
PH027,Low-rise,100,Residential Building,Reduce liquid limit via compaction,False
PH027,Roads & Highways,70,,,True
PH027,Bridges,120,Residential Building,Increase CBR in top 2 layers,False
PH027,Tunnels,150,Residential Building,Increase CBR in top 2 layers,False
PH027,Railway Tracks,80,,,True
PH027,Pipeline Infrastructure,30,,,True
PH027,Dams,100,Residential Building,Use deep foundations or densify subsoil,False
PH027,Water Reservoirs,90,Residential Building,Reduce liquid limit via compaction,False
PH027,Airport Runways,180,Residential Building,Reduce liquid limit via compaction,False
PH028,Residential Building,50,,Reduce liquid limit via compaction,False
PH028,High-rise Building,150,,Use deep foundations or densify subsoil,False
PH028,Low-rise,100,,Reduce liquid limit via compaction,False
PH028,Roads & Highways,70,,Reduce liquid limit via compaction,False
PH028,Bridges,120,,Use deep foundations or densify subsoil,False
PH028,Tunnels,150,,Reduce liquid limit via compaction,False
PH028,Railway Tracks,80,,Increase CBR in top 2 layers,False
PH028,Pipeline Infrastructure,30,,Reduce liquid limit via compaction,False
PH028,Dams,100,,Reduce liquid limit via compaction,False
PH028,Water Reservoirs,90,,Use deep foundations or densify subsoil,False
PH028,Airport Runways,180,,Reduce liquid limit via compaction,False
PH029,Residential Building,50,,,True
PH029,High-rise Building,150,Residential Building,Increase CBR in top 2 layers,False
PH029,Low-rise,100,,,True
PH029,Roads & Highways,70,,,True
PH029,Bridges,120,Residential Building,Reduce liquid limit via compaction,False
PH029,Tunnels,150,Residential Building,Increase CBR in top 2 layers,False
PH029,Railway Tracks,80,,,True
PH029,Pipeline Infrastructure,30,,,True
PH029,Dams,100,Residential Building,Reduce liquid limit via compaction,False
PH029,Water Reservoirs,90,,,True
PH029,Airport Runways,180,Residential Building,Increase CBR in top 2 layers,False
PH030,Residential Building,50,,,True
PH030,High-rise Building,150,Residential Building,Use deep foundations or densify subsoil,False
PH030,Low-rise,100,,,True
PH030,Roads & Highways,70,,,True
PH030,Bridges,120,Residential Building,Increase CBR in top 2 layers,False
PH030,Tunnels,150,Residential Building,Use deep foundations or densify subsoil,False
PH030,Railway Tracks,80,,,True
PH030,Pipeline Infrastructure,30,,,True
PH030,Dams,100,,,True
PH030,Water Reservoirs,90,,,True
PH030,Airport Runways,180,Residential Building,Use deep foundations or densify subsoil,False
PH031,Residential Building,50,,,True
PH031,High-rise Building,150,Residential Building,Reduce liquid limit via compaction,False
PH031,Low-rise,100,Residential Building,Increase CBR in top 2 layers,False
PH031,Roads & Highways,70,,,True
PH031,Bridges,120,Residential Building,Use deep foundations or densify subsoil,False
PH031,Tunnels,150,Residential Building,Reduce liquid limit via compaction,False
PH031,Railway Tracks,80,Residential Building,Use deep foundations or densify subsoil,False
PH031,Pipeline Infrastructure,30,,,True
PH031,Dams,100,Residential Building,Reduce liquid limit via compaction,False
PH031,Water Reservoirs,90,Residential Building,Use deep foundations or densify subsoil,False
PH031,Airport Runways,180,Residential Building,Increase CBR in top 2 layers,False
PH032,Residential Building,50,,Reduce liquid limit via compaction,False
PH032,High-rise Building,150,,Reduce liquid limit via compaction,False
PH032,Low-rise,100,,Use deep foundations or densify subsoil,False
PH032,Roads & Highways,70,,Reduce liquid limit via compaction,False
PH032,Bridges,120,,Reduce liquid limit via compaction,False
PH032,Tunnels,150,,Use deep foundations or densify subsoil,False
PH032,Railway Tracks,80,,Reduce liquid limit via compaction,False
PH032,Pipeline Infrastructure,30,,Reduce liquid limit via compaction,False
PH032,Dams,100,,Reduce liquid limit via compaction,False
PH032,Water Reservoirs,90,,Reduce liquid limit via compaction,False
PH032,Airport Runways,180,,Increase CBR in top 2 layers,False
PH033,Residential Building,50,,,True
PH033,High-rise Building,150,Residential Building,Use deep foundations or densify subsoil,False
PH033,Low-rise,100,Residential Building,Increase CBR in top 2 layers,False
PH033,Roads & Highways,70,Residential Building,Use deep foundations or densify subsoil,False
PH033,Bridges,120,Residential Building,Use deep foundations or densify subsoil,False
PH033,Tunnels,150,Residential Building,Increase CBR in top 2 layers,False
PH033,Railway Tracks,80,Residential Building,Increase CBR in top 2 layers,False
PH033,Pipeline Infrastructure,30,,,True
PH033,Dams,100,Residential Building,Use deep foundations or densify subsoil,False
PH033,Water Reservoirs,90,Residential Building,Use deep foundations or densify subsoil,False
PH033,Airport Runways,180,Residential Building,Reduce liquid limit via compaction,False
PH034,Residential Building,50,,Increase CBR in top 2 layers,False
PH034,High-rise Building,150,,Reduce liquid limit via compaction,False
PH034,Low-rise,100,,Reduce liquid limit via compaction,False
PH034,Roads & Highways,70,,Reduce liquid limit via compaction,False
PH034,Bridges,120,,Increase CBR in top 2 layers,False
PH034,Tunnels,150,,Use deep foundations or densify subsoil,False
PH034,Railway Tracks,80,,Increase CBR in top 2 layers,False
PH034,Pipeline Infrastructure,30,,Increase CBR in top 2 layers,False
PH034,Dams,100,,Use deep foundations or densify subsoil,False
PH034,Water Reservoirs,90,,Use deep foundations or densify subsoil,False
PH034,Airport Runways,180,,Reduce liquid limit via compaction,False
PH035,Residential Building,50,,Reduce liquid limit via compaction,False
PH035,High-rise Building,150,,Increase CBR in top 2 layers,False
PH035,Low-rise,100,,Use deep foundations or densify subsoil,False
PH035,Roads & Highways,70,,Reduce liquid limit via compaction,False
PH035,Bridges,120,,Increase CBR in top 2 layers,False
PH035,Tunnels,150,,Use deep foundations or densify subsoil,False
PH035,Railway Tracks,80,,Reduce liquid limit via compaction,False
PH035,Pipeline Infrastructure,30,,Reduce liquid limit via compaction,False
PH035,Dams,100,,Reduce liquid limit via compaction,False
PH035,Water Reservoirs,90,,Reduce liquid limit via compaction,False
PH035,Airport Runways,180,,Increase CBR in top 2 layers,False
PH036,Residential Building,50,,,True
PH036,High-rise Building,150,Residential Building,Use deep foundations or densify subsoil,False
PH036,Low-rise,100,Residential Building,Reduce liquid limit via compaction,False
PH036,Roads & Highways,70,,,True
PH036,Bridges,120,Residential Building,Use deep foundations or densify subsoil,False
PH036,Tunnels,150,Residential Building,Increase CBR in top 2 layers,False
PH036,Railway Tracks,80,,,True
PH036,Pipeline Infrastructure,30,,,True
PH036,Dams,100,Residential Building,Reduce liquid limit via compaction,False
PH036,Water Reservoirs,90,Residential Building,Reduce liquid limit via compaction,False
PH036,Airport Runways,180,Residential Building,Use deep foundations or densify subsoil,False
PH037,Residential Building,50,Pipeline Infrastructure,Reduce liquid limit via compaction,False
PH037,High-rise Building,150,Pipeline Infrastructure,Increase CBR in top 2 layers,False
PH037,Low-rise,100,Pipeline Infrastructure,Use deep foundations or densify subsoil,False
PH037,Roads & Highways,70,Pipeline Infrastructure,Reduce liquid limit via compaction,False
PH037,Bridges,120,Pipeline Infrastructure,Use deep foundations or densify subsoil,False
PH037,Tunnels,150,Pipeline Infrastructure,Reduce liquid limit via compaction,False
PH037,Railway Tracks,80,Pipeline Infrastructure,Reduce liquid limit via compaction,False
PH037,Pipeline Infrastructure,30,,,True
PH037,Dams,100,Pipeline Infrastructure,Increase CBR in top 2 layers,False
PH037,Water Reservoirs,90,Pipeline Infrastructure,Reduce liquid limit via compaction,False
PH037,Airport Runways,180,Pipeline Infrastructure,Increase CBR in top 2 layers,False
PH038,Residential Building,50,,Reduce liquid limit via compaction,False
PH038,High-rise Building,150,,Reduce liquid limit via compaction,False
PH038,Low-rise,100,,Increase CBR in top 2 layers,False
PH038,Roads & Highways,70,,Reduce liquid limit via compaction,False
PH038,Bridges,120,,Increase CBR in top 2 layers,False
PH038,Tunnels,150,,Use deep foundations or densify subsoil,False
PH038,Railway Tracks,80,,Reduce liquid limit via compaction,False
PH038,Pipeline Infrastructure,30,,Reduce liquid limit via compaction,False
PH038,Dams,100,,Increase CBR in top 2 layers,False
PH038,Water Reservoirs,90,,Reduce liquid limit via compaction,False
PH038,Airport Runways,180,,Increase CBR in top 2 layers,False
PH039,Residential Building,50,,,True
PH039,High-rise Building,150,Residential Building,Use deep foundations or densify subsoil,False
PH039,Low-rise,100,Residential Building,Use deep foundations or densify subsoil,False
PH039,Roads & Highways,70,Residential Building,Use deep foundations or densify subsoil,False
PH039,Bridges,120,Residential Building,Reduce liquid limit via compaction,False
PH039,Tunnels,150,Residential Building,Reduce liquid limit via compaction,False
PH039,Railway Tracks,80,Residential Building,Increase CBR in top 2 layers,False
PH039,Pipeline Infrastructure,30,,,True
PH039,Dams,100,Residential Building,Increase CBR in top 2 layers,False
PH039,Water Reservoirs,90,Residential Building,Increase CBR in top 2 layers,False
PH039,Airport Runways,180,Residential Building,Use deep foundations or densify subsoil,False
PH040,Residential Building,50,Pipeline Infrastructure,Reduce liquid limit via compaction,False
PH040,High-rise Building,150,Pipeline Infrastructure,Increase CBR in top 2 layers,False
PH040,Low-rise,100,Pipeline Infrastructure,Reduce liquid limit via compaction,False
PH040,Roads & Highways,70,Pipeline Infrastructure,Increase CBR in top 2 layers,False
PH040,Bridges,120,Pipeline Infrastructure,Increase CBR in top 2 layers,False
PH040,Tunnels,150,Pipeline Infrastructure,Increase CBR in top 2 layers,False
PH040,Railway Tracks,80,Pipeline Infrastructure,Increase CBR in top 2 layers,False
PH040,Pipeline Infrastructure,30,,,True
PH040,Dams,100,Pipeline Infrastructure,Increase CBR in top 2 layers,False
PH040,Water Reservoirs,90,Pipeline Infrastructure,Reduce liquid limit via compaction,False
PH040,Airport Runways,180,Pipeline Infrastructure,Increase CBR in top 2 layers,False
PH041,Residential Building,50,Pipeline Infrastructure,Use deep foundations or densify subsoil,False
PH041,High-rise Building,150,Pipeline Infrastructure,Increase CBR in top 2 layers,False
PH041,Low-rise,100,Pipeline Infrastructure,Increase CBR in top 2 layers,False
PH041,Roads & Highways,70,Pipeline Infrastructure,Increase CBR in top 2 layers,False
PH041,Bridges,120,Pipeline Infrastructure,Reduce liquid limit via compaction,False
PH041,Tunnels,150,Pipeline Infrastructure,Increase CBR in top 2 layers,False
PH041,Railway Tracks,80,Pipeline Infrastructure,Use deep foundations or densify subsoil,False
PH041,Pipeline Infrastructure,30,,,True
PH041,Dams,100,Pipeline Infrastructure,Increase CBR in top 2 layers,False
PH041,Water Reservoirs,90,Pipeline Infrastructure,Use deep foundations or densify subsoil,False
PH041,Airport Runways,180,Pipeline Infrastructure,Increase CBR in top 2 layers,False
PH042,Residential Building,50,,Reduce liquid limit via compaction,False
PH042,High-rise Building,150,,Reduce liquid limit via compaction,False
PH042,Low-rise,100,,Reduce liquid limit via compaction,False
PH042,Roads & Highways,70,,Reduce liquid limit via compaction,False
PH042,Bridges,120,,Reduce liquid limit via compaction,False
PH042,Tunnels,150,,Increase CBR in top 2 layers,False
PH042,Railway Tracks,80,,Reduce liquid limit via compaction,False
PH042,Pipeline Infrastructure,30,,Reduce liquid limit via compaction,False
PH042,Dams,100,,Reduce liquid limit via compaction,False
PH042,Water Reservoirs,90,,Reduce liquid limit via compaction,False
PH042,Airport Runways,180,,Reduce liquid limit via compaction,False
PH043,Residential Building,50,,,True
PH043,High-rise Building,150,Residential Building,Increase CBR in top 2 layers,False
PH043,Low-rise,100,Residential Building,Use deep foundations or densify subsoil,False
PH043,Roads & Highways,70,,,True
PH043,Bridges,120,Residential Building,Increase CBR in top 2 layers,False
PH043,Tunnels,150,Residential Building,Use deep foundations or densify subsoil,False
PH043,Railway Tracks,80,,,True
PH043,Pipeline Infrastructure,30,,,True
PH043,Dams,100,Residential Building,Increase CBR in top 2 layers,False
PH043,Water Reservoirs,90,,,True
PH043,Airport Runways,180,Residential Building,Use deep foundations or densify subsoil,False
PH044,Residential Building,50,,Reduce liquid limit via compaction,False
PH044,High-rise Building,150,,Increase CBR in top 2 layers,False
PH044,Low-rise,100,,Use deep foundations or densify subsoil,False
PH044,Roads & Highways,70,,Use deep foundations or densify subsoil,False
PH044,Bridges,120,,Reduce liquid limit via compaction,False
PH044,Tunnels,150,,Use deep foundations or densify subsoil,False
PH044,Railway Tracks,80,,Increase CBR in top 2 layers,False
PH044,Pipeline Infrastructure,30,,Reduce liquid limit via compaction,False
PH044,Dams,100,,Reduce liquid limit via compaction,False
PH044,Water Reservoirs,90,,Increase CBR in top 2 layers,False
PH044,Airport Runways,180,,Use deep foundations or densify subsoil,False
PH045,Residential Building,50,Pipeline Infrastructure,Reduce liquid limit via compaction,False
PH045,High-rise Building,150,Pipeline Infrastructure,Use deep foundations or densify subsoil,False
PH045,Low-rise,100,Pipeline Infrastructure,Reduce liquid limit via compaction,False
PH045,Roads & Highways,70,Pipeline Infrastructure,Reduce liquid limit via compaction,False
PH045,Bridges,120,Pipeline Infrastructure,Reduce liquid limit via compaction,False
PH045,Tunnels,150,Pipeline Infrastructure,Increase CBR in top 2 layers,False
PH045,Railway Tracks,80,Pipeline Infrastructure,Reduce liquid limit via compaction,False
PH045,Pipeline Infrastructure,30,,,True
PH045,Dams,100,Pipeline Infrastructure,Reduce liquid limit via compaction,False
PH045,Water Reservoirs,90,Pipeline Infrastructure,Reduce liquid limit via compaction,False
PH045,Airport Runways,180,Pipeline Infrastructure,Reduce liquid limit via compaction,False
PH046,Residential Building,50,,,True
PH046,High-rise Building,150,Residential Building,Use deep foundations or densify subsoil,False
PH046,Low-rise,100,Residential Building,Use deep foundations or densify subsoil,False
PH046,Roads & Highways,70,,,True
PH046,Bridges,120,Residential Building,Increase CBR in top 2 layers,False
PH046,Tunnels,150,Residential Building,Increase CBR in top 2 layers,False
PH046,Railway Tracks,80,,,True
PH046,Pipeline Infrastructure,30,,,True
PH046,Dams,100,Residential Building,Increase CBR in top 2 layers,False
PH046,Water Reservoirs,90,,,True
PH046,Airport Runways,180,Residential Building,Reduce liquid limit via compaction,False
PH047,Residential Building,50,,Reduce liquid limit via compaction,False
PH047,High-rise Building,150,,Reduce liquid limit via compaction,False
PH047,Low-rise,100,,Use deep foundations or densify subsoil,False
PH047,Roads & Highways,70,,Reduce liquid limit via compaction,False
PH047,Bridges,120,,Use deep foundations or densify subsoil,False
PH047,Tunnels,150,,Reduce liquid limit via compaction,False
PH047,Railway Tracks,80,,Reduce liquid limit via compaction,False
PH047,Pipeline Infrastructure,30,,Reduce liquid limit via compaction,False
PH047,Dams,100,,Increase CBR in top 2 layers,False
PH047,Water Reservoirs,90,,Reduce liquid limit via compaction,False
PH047,Airport Runways,180,,Use deep foundations or densify subsoil,False
PH048,Residential Building,50,Pipeline Infrastructure,Reduce liquid limit via compaction,False
PH048,High-rise Building,150,Pipeline Infrastructure,Reduce liquid limit via compaction,False
PH048,Low-rise,100,Pipeline Infrastructure,Use deep foundations or densify subsoil,False
PH048,Roads & Highways,70,Pipeline Infrastructure,Use deep foundations or densify subsoil,False
PH048,Bridges,120,Pipeline Infrastructure,Reduce liquid limit via compaction,False
PH048,Tunnels,150,Pipeline Infrastructure,Use deep foundations or densify subsoil,False
PH048,Railway Tracks,80,Pipeline Infrastructure,Reduce liquid limit via compaction,False
PH048,Pipeline Infrastructure,30,,,True
PH048,Dams,100,Pipeline Infrastructure,Use deep foundations or densify subsoil,False
PH048,Water Reservoirs,90,Pipeline Infrastructure,Use deep foundations or densify subsoil,False
PH048,Airport Runways,180,Pipeline Infrastructure,Use deep foundations or densify subsoil,False
PH049,Residential Building,50,,Reduce liquid limit via compaction,False
PH049,High-rise Building,150,,Increase CBR in top 2 layers,False
PH049,Low-rise,100,,Use deep foundations or densify subsoil,False
PH049,Roads & Highways,70,,Reduce liquid limit via compaction,False
PH049,Bridges,120,,Use deep foundations or densify subsoil,False
PH049,Tunnels,150,,Use deep foundations or densify subsoil,False
PH049,Railway Tracks,80,,Use deep foundations or densify subsoil,False
PH049,Pipeline Infrastructure,30,,Reduce liquid limit via compaction,False
PH049,Dams,100,,Use deep foundations or densify subsoil,False
PH049,Water Reservoirs,90,,Use deep foundations or densify subsoil,False
PH049,Airport Runways,180,,Increase CBR in top 2 layers,False
PH050,Residential Building,50,,,True
PH050,High-rise Building,150,Residential Building,Use deep foundations or densify subsoil,False
PH050,Low-rise,100,Residential Building,Use deep foundations or densify subsoil,False
PH050,Roads & Highways,70,,,True
PH050,Bridges,120,Residential Building,Increase CBR in top 2 layers,False
PH050,Tunnels,150,Residential Building,Increase CBR in top 2 layers,False
PH050,Railway Tracks,80,,,True
PH050,Pipeline Infrastructure,30,,,True
PH050,Dams,100,Residential Building,Increase CBR in top 2 layers,False
PH050,Water Reservoirs,90,Residential Building,Use deep foundations or densify subsoil,False
PH050,Airport Runways,180,Residential Building,Increase CBR in top 2 layers,False
PH051,Residential Building,50,,Reduce liquid limit via compaction,False
PH051,High-rise Building,150,,Increase CBR in top 2 layers,False
PH051,Low-rise,100,,Reduce liquid limit via compaction,False
PH051,Roads & Highways,70,,Reduce liquid limit via compaction,False
PH051,Bridges,120,,Use deep foundations or densify subsoil,False
PH051,Tunnels,150,,Increase CBR in top 2 layers,False
PH051,Railway Tracks,80,,Reduce liquid limit via compaction,False
PH051,Pipeline Infrastructure,30,,Reduce liquid limit via compaction,False
PH051,Dams,100,,Reduce liquid limit via compaction,False
PH051,Water Reservoirs,90,,Reduce liquid limit via compaction,False
PH051,Airport Runways,180,,Increase CBR in top 2 layers,False
PH052,Residential Building,50,,Reduce liquid limit via compaction,False
PH052,High-rise Building,150,,Reduce liquid limit via compaction,False
PH052,Low-rise,100,,Increase CBR in top 2 layers,False
PH052,Roads & Highways,70,,Reduce liquid limit via compaction,False
PH052,Bridges,120,,Use deep foundations or densify subsoil,False
PH052,Tunnels,150,,Reduce liquid limit via compaction,False
PH052,Railway Tracks,80,,Use deep foundations or densify subsoil,False
PH052,Pipeline Infrastructure,30,,Reduce liquid limit via compaction,False
PH052,Dams,100,,Use deep foundations or densify subsoil,False
PH052,Water Reservoirs,90,,Increase CBR in top 2 layers,False
PH052,Airport Runways,180,,Use deep foundations or densify subsoil,False
PH053,Residential Building,50,,,True
PH053,High-rise Building,150,Residential Building,Reduce liquid limit via compaction,False
PH053,Low-rise,100,Residential Building,Increase CBR in top 2 layers,False
PH053,Roads & Highways,70,,,True
PH053,Bridges,120,Residential Building,Increase CBR in top 2 layers,False
PH053,Tunnels,150,Residential Building,Increase CBR in top 2 layers,False
PH053,Railway Tracks,80,Residential Building,Use deep foundations or densify subsoil,False
PH053,Pipeline Infrastructure,30,,,True
PH053,Dams,100,Residential Building,Increase CBR in top 2 layers,False
PH053,Water Reservoirs,90,Residential Building,Reduce liquid limit via compaction,False
PH053,Airport Runways,180,Residential Building,Increase CBR in top 2 layers,False
PH054,Residential Building,50,,Reduce liquid limit via compaction,False
PH054,High-rise Building,150,,Increase CBR in top 2 layers,False
PH054,Low-rise,100,,Reduce liquid limit via compaction,False
PH054,Roads & Highways,70,,Reduce liquid limit via compaction,False
PH054,Bridges,120,,Use deep foundations or densify subsoil,False
PH054,Tunnels,150,,Increase CBR in top 2 layers,False
PH054,Railway Tracks,80,,Reduce liquid limit via compaction,False
PH054,Pipeline Infrastructure,30,,Reduce liquid limit via compaction,False
PH054,Dams,100,,Reduce liquid limit via compaction,False
PH054,Water Reservoirs,90,,Reduce liquid limit via compaction,False
PH054,Airport Runways,180,,Use deep foundations or densify subsoil,False
PH055,Residential Building,50,,Reduce liquid limit via compaction,False
PH055,High-rise Building,150,,Reduce liquid limit via compaction,False
PH055,Low-rise,100,,Reduce liquid limit via compaction,False
PH055,Roads & Highways,70,,Reduce liquid limit via compaction,False
PH055,Bridges,120,,Increase CBR in top 2 layers,False
PH055,Tunnels,150,,Use deep foundations or densify subsoil,False
PH055,Railway Tracks,80,,Reduce liquid limit via compaction,False
PH055,Pipeline Infrastructure,30,,Reduce liquid limit via compaction,False
PH055,Dams,100,,Reduce liquid limit via compaction,False
PH055,Water Reservoirs,90,,Reduce liquid limit via compaction,False
PH055,Airport Runways,180,,Use deep foundations or densify subsoil,False
PH056,Residential Building,50,Pipeline Infrastructure,Reduce liquid limit via compaction,False
PH056,High-rise Building,150,Pipeline Infrastructure,Increase CBR in top 2 layers,False
PH056,Low-rise,100,Pipeline Infrastructure,Reduce liquid limit via compaction,False
PH056,Roads & Highways,70,Pipeline Infrastructure,Reduce liquid limit via compaction,False
PH056,Bridges,120,Pipeline Infrastructure,Reduce liquid limit via compaction,False
PH056,Tunnels,150,Pipeline Infrastructure,Reduce liquid limit via compaction,False
PH056,Railway Tracks,80,Pipeline Infrastructure,Reduce liquid limit via compaction,False
PH056,Pipeline Infrastructure,30,,,True
PH056,Dams,100,Pipeline Infrastructure,Reduce liquid limit via compaction,False
PH056,Water Reservoirs,90,Pipeline Infrastructure,Reduce liquid limit via compaction,False
PH056,Airport Runways,180,Pipeline Infrastructure,Increase CBR in top 2 layers,False
PH057,Residential Building,50,,Reduce liquid limit via compaction,False
PH057,High-rise Building,150,,Use deep foundations or densify subsoil,False
PH057,Low-rise,100,,Use deep foundations or densify subsoil,False
PH057,Roads & Highways,70,,Use deep foundations or densify subsoil,False
PH057,Bridges,120,,Increase CBR in top 2 layers,False
PH057,Tunnels,150,,Use deep foundations or densify subsoil,False
PH057,Railway Tracks,80,,Reduce liquid limit via compaction,False
PH057,Pipeline Infrastructure,30,,Reduce liquid limit via compaction,False
PH057,Dams,100,,Use deep foundations or densify subsoil,False
PH057,Water Reservoirs,90,,Reduce liquid limit via compaction,False
PH057,Airport Runways,180,,Increase CBR in top 2 layers,False
PH058,Residential Building,50,,Reduce liquid limit via compaction,False
PH058,High-rise Building,150,,Use deep foundations or densify subsoil,False
PH058,Low-rise,100,,Reduce liquid limit via compaction,False
PH058,Roads & Highways,70,,Reduce liquid limit via compaction,False
PH058,Bridges,120,,Reduce liquid limit via compaction,False
PH058,Tunnels,150,,Reduce liquid limit via compaction,False
PH058,Railway Tracks,80,,Reduce liquid limit via compaction,False
PH058,Pipeline Infrastructure,30,,Reduce liquid limit via compaction,False
PH058,Dams,100,,Reduce liquid limit via compaction,False
PH058,Water Reservoirs,90,,Reduce liquid limit via compaction,False
PH058,Airport Runways,180,,Use deep foundations or densify subsoil,False
PH059,Residential Building,50,,,True
PH059,High-rise Building,150,Residential Building,Increase CBR in top 2 layers,False
PH059,Low-rise,100,Residential Building,Increase CBR in top 2 layers,False
PH059,Roads & Highways,70,,,True
PH059,Bridges,120,Residential Building,Use deep foundations or densify subsoil,False
PH059,Tunnels,150,Residential Building,Use deep foundations or densify subsoil,False
PH059,Railway Tracks,80,Residential Building,Use deep foundations or densify subsoil,False
PH059,Pipeline Infrastructure,30,,,True
PH059,Dams,100,Residential Building,Use deep foundations or densify subsoil,False
PH059,Water Reservoirs,90,Residential Building,Use deep foundations or densify subsoil,False
PH059,Airport Runways,180,Residential Building,Increase CBR in top 2 layers,False
PH060,Residential Building,50,,Reduce liquid limit via compaction,False
PH060,High-rise Building,150,,Reduce liquid limit via compaction,False
PH060,Low-rise,100,,Reduce liquid limit via compaction,False
PH060,Roads & Highways,70,,Reduce liquid limit via compaction,False
PH060,Bridges,120,,Increase CBR in top 2 layers,False
PH060,Tunnels,150,,Increase CBR in top 2 layers,False
PH060,Railway Tracks,80,,Reduce liquid limit via compaction,False
PH060,Pipeline Infrastructure,30,,Reduce liquid limit via compaction,False
PH060,Dams,100,,Reduce liquid limit via compaction,False
PH060,Water Reservoirs,90,,Reduce liquid limit via compaction,False
PH060,Airport Runways,180,,Reduce liquid limit via compaction,False
PH061,Residential Building,50,Pipeline Infrastructure,Increase CBR in top 2 layers,False
PH061,High-rise Building,150,Pipeline Infrastructure,Use deep foundations or densify subsoil,False
PH061,Low-rise,100,Pipeline Infrastructure,Use deep foundations or densify subsoil,False
PH061,Roads & Highways,70,Pipeline Infrastructure,Increase CBR in top 2 layers,False
PH061,Bridges,120,Pipeline Infrastructure,Increase CBR in top 2 layers,False
PH061,Tunnels,150,Pipeline Infrastructure,Increase CBR in top 2 layers,False
PH061,Railway Tracks,80,Pipeline Infrastructure,Increase CBR in top 2 layers,False
PH061,Pipeline Infrastructure,30,,,True
PH061,Dams,100,Pipeline Infrastructure,Reduce liquid limit via compaction,False
PH061,Water Reservoirs,90,Pipeline Infrastructure,Use deep foundations or densify subsoil,False
PH061,Airport Runways,180,Pipeline Infrastructure,Use deep foundations or densify subsoil,False
PH062,Residential Building,50,,Reduce liquid limit via compaction,False
PH062,High-rise Building,150,,Increase CBR in top 2 layers,False
PH062,Low-rise,100,,Use deep foundations or densify subsoil,False
PH062,Roads & Highways,70,,Reduce liquid limit via compaction,False
PH062,Bridges,120,,Use deep foundations or densify subsoil,False
PH062,Tunnels,150,,Use deep foundations or densify subsoil,False
PH062,Railway Tracks,80,,Use deep foundations or densify subsoil,False
PH062,Pipeline Infrastructure,30,,Reduce liquid limit via compaction,False
PH062,Dams,100,,Increase CBR in top 2 layers,False
PH062,Water Reservoirs,90,,Use deep foundations or densify subsoil,False
PH062,Airport Runways,180,,Reduce liquid limit via compaction,False
PH063,Residential Building,50,,Reduce liquid limit via compaction,False
PH063,High-rise Building,150,,Use deep foundations or densify subsoil,False
PH063,Low-rise,100,,Use deep foundations or densify subsoil,False
PH063,Roads & Highways,70,,Reduce liquid limit via compaction,False
PH063,Bridges,120,,Use deep foundations or densify subsoil,False
PH063,Tunnels,150,,Increase CBR in top 2 layers,False
PH063,Railway Tracks,80,,Reduce liquid limit via compaction,False
PH063,Pipeline Infrastructure,30,,Reduce liquid limit via compaction,False
PH063,Dams,100,,Increase CBR in top 2 layers,False
PH063,Water Reservoirs,90,,Reduce liquid limit via compaction,False
PH063,Airport Runways,180,,Reduce liquid limit via compaction,False
PH064,Residential Building,50,,Use deep foundations or densify subsoil,False
PH064,High-rise Building,150,,Use deep foundations or densify subsoil,False
PH064,Low-rise,100,,Use deep foundations or densify subsoil,False
PH064,Roads & Highways,70,,Increase CBR in top 2 layers,False
PH064,Bridges,120,,Use deep foundations or densify subsoil,False
PH064,Tunnels,150,,Reduce liquid limit via compaction,False
PH064,Railway Tracks,80,,Use deep foundations or densify subsoil,False
PH064,Pipeline Infrastructure,30,,Increase CBR in top 2 layers,False
PH064,Dams,100,,Reduce liquid limit via compaction,False
PH064,Water Reservoirs,90,,Increase CBR in top 2 layers,False
PH064,Airport Runways,180,,Reduce liquid limit via compaction,False
PH065,Residential Building,50,,Reduce liquid limit via compaction,False
PH065,High-rise Building,150,,Increase CBR in top 2 layers,False
PH065,Low-rise,100,,Increase CBR in top 2 layers,False
PH065,Roads & Highways,70,,Reduce liquid limit via compaction,False
PH065,Bridges,120,,Increase CBR in top 2 layers,False
PH065,Tunnels,150,,Reduce liquid limit via compaction,False
PH065,Railway Tracks,80,,Use deep foundations or densify subsoil,False
PH065,Pipeline Infrastructure,30,,Reduce liquid limit via compaction,False
PH065,Dams,100,,Increase CBR in top 2 layers,False
PH065,Water Reservoirs,90,,Reduce liquid limit via compaction,False
PH065,Airport Runways,180,,Reduce liquid limit via compaction,False
PH066,Residential Building,50,Pipeline Infrastructure,Reduce liquid limit via compaction,False
PH066,High-rise Building,150,Pipeline Infrastructure,Increase CBR in top 2 layers,False
PH066,Low-rise,100,Pipeline Infrastructure,Reduce liquid limit via compaction,False
PH066,Roads & Highways,70,Pipeline Infrastructure,Reduce liquid limit via compaction,False
PH066,Bridges,120,Pipeline Infrastructure,Use deep foundations or densify subsoil,False
PH066,Tunnels,150,Pipeline Infrastructure,Use deep foundations or densify subsoil,False
PH066,Railway Tracks,80,Pipeline Infrastructure,Reduce liquid limit via compaction,False
PH066,Pipeline Infrastructure,30,,,True
PH066,Dams,100,Pipeline Infrastructure,Reduce liquid limit via compaction,False
PH066,Water Reservoirs,90,Pipeline Infrastructure,Reduce liquid limit via compaction,False
PH066,Airport Runways,180,Pipeline Infrastructure,Use deep foundations or densify subsoil,False
PH067,Residential Building,50,Pipeline Infrastructure,Reduce liquid limit via compaction,False
PH067,High-rise Building,150,Pipeline Infrastructure,Use deep foundations or densify subsoil,False
PH067,Low-rise,100,Pipeline Infrastructure,Increase CBR in top 2 layers,False
PH067,Roads & Highways,70,Pipeline Infrastructure,Reduce liquid limit via compaction,False
PH067,Bridges,120,Pipeline Infrastructure,Reduce liquid limit via compaction,False
PH067,Tunnels,150,Pipeline Infrastructure,Use deep foundations or densify subsoil,False
PH067,Railway Tracks,80,Pipeline Infrastructure,Increase CBR in top 2 layers,False
PH067,Pipeline Infrastructure,30,,,True
PH067,Dams,100,Pipeline Infrastructure,Reduce liquid limit via compaction,False
PH067,Water Reservoirs,90,Pipeline Infrastructure,Use deep foundations or densify subsoil,False
PH067,Airport Runways,180,Pipeline Infrastructure,Use deep foundations or densify subsoil,False
PK001,Residential Building,50,,Increase CBR in top 2 layers,False
PK001,High-rise Building,150,,Reduce liquid limit via compaction,False
PK001,Low-rise,100,,Reduce liquid limit via compaction,False
PK001,Roads & Highways,70,,Use deep foundations or densify subsoil,False
PK001,Bridges,120,,Use deep foundations or densify subsoil,False
PK001,Tunnels,150,,Use deep foundations or densify subsoil,False
PK001,Railway Tracks,80,,Increase CBR in top 2 layers,False
PK001,Pipeline Infrastructure,30,,Reduce liquid limit via compaction,False
PK001,Dams,100,,Use deep foundations or densify subsoil,False
PK001,Water Reservoirs,90,,Increase CBR in top 2 layers,False
PK001,Airport Runways,180,,Reduce liquid limit via compaction,False
PK002,Residential Building,50,Pipeline Infrastructure,Reduce liquid limit via compaction,False
PK002,High-rise Building,150,Pipeline Infrastructure,Use deep foundations or densify subsoil,False
PK002,Low-rise,100,Pipeline Infrastructure,Reduce liquid limit via compaction,False
PK002,Roads & Highways,70,Pipeline Infrastructure,Reduce liquid limit via compaction,False
PK002,Bridges,120,Pipeline Infrastructure,Reduce liquid limit via compaction,False
PK002,Tunnels,150,Pipeline Infrastructure,Increase CBR in top 2 layers,False
PK002,Railway Tracks,80,Pipeline Infrastructure,Reduce liquid limit via compaction,False
PK002,Pipeline Infrastructure,30,,,True
PK002,Dams,100,Pipeline Infrastructure,Reduce liquid limit via compaction,False
PK002,Water Reservoirs,90,Pipeline Infrastructure,Reduce liquid limit via compaction,False
PK002,Airport Runways,180,Pipeline Infrastructure,Increase CBR in top 2 layers,False
PK003,Residential Building,50,,Reduce liquid limit via compaction,False
PK003,High-rise Building,150,,Use deep foundations or densify subsoil,False
PK003,Low-rise,100,,Use deep foundations or densify subsoil,False
PK003,Roads & Highways,70,,Reduce liquid limit via compaction,False
PK003,Bridges,120,,Increase CBR in top 2 layers,False
PK003,Tunnels,150,,Use deep foundations or densify subsoil,False
PK003,Railway Tracks,80,,Reduce liquid limit via compaction,False
PK003,Pipeline Infrastructure,30,,Reduce liquid limit via compaction,False
PK003,Dams,100,,Increase CBR in top 2 layers,False
PK003,Water Reservoirs,90,,Reduce liquid limit via compaction,False
PK003,Airport Runways,180,,Increase CBR in top 2 layers,False
PK004,Residential Building,50,Pipeline Infrastructure,Use deep foundations or densify subsoil,False
PK004,High-rise Building,150,Pipeline Infrastructure,Use deep foundations or densify subsoil,False
PK004,Low-rise,100,Pipeline Infrastructure,Use deep foundations or densify subsoil,False
PK004,Roads & Highways,70,Pipeline Infrastructure,Use deep foundations or densify subsoil,False
PK004,Bridges,120,Pipeline Infrastructure,Increase CBR in top 2 layers,False
PK004,Tunnels,150,Pipeline Infrastructure,Increase CBR in top 2 layers,False
PK004,Railway Tracks,80,Pipeline Infrastructure,Increase CBR in top 2 layers,False
PK004,Pipeline Infrastructure,30,,,True
PK004,Dams,100,Pipeline Infrastructure,Reduce liquid limit via compaction,False
PK004,Water Reservoirs,90,Pipeline Infrastructure,Use deep foundations or densify subsoil,False
PK004,Airport Runways,180,Pipeline Infrastructure,Increase CBR in top 2 layers,False
PK005,Residential Building,50,Pipeline Infrastructure,Reduce liquid limit via compaction,False
PK005,High-rise Building,150,Pipeline Infrastructure,Increase CBR in top 2 layers,False
PK005,Low-rise,100,Pipeline Infrastructure,Reduce liquid limit via compaction,False
PK005,Roads & Highways,70,Pipeline Infrastructure,Reduce liquid limit via compaction,False
PK005,Bridges,120,Pipeline Infrastructure,Reduce liquid limit via compaction,False
PK005,Tunnels,150,Pipeline Infrastructure,Use deep foundations or densify subsoil,False
PK005,Railway Tracks,80,Pipeline Infrastructure,Reduce liquid limit via compaction,False
PK005,Pipeline Infrastructure,30,,,True
PK005,Dams,100,Pipeline Infrastructure,Reduce liquid limit via compaction,False
PK005,Water Reservoirs,90,Pipeline Infrastructure,Reduce liquid limit via compaction,False
PK005,Airport Runways,180,Pipeline Infrastructure,Reduce liquid limit via compaction,False
PK006,Residential Building,50,,,True
PK006,High-rise Building,150,Residential Building,Increase CBR in top 2 layers,False
PK006,Low-rise,100,Residential Building,Use deep foundations or densify subsoil,False
PK006,Roads & Highways,70,Residential Building,Use deep foundations or densify subsoil,False
PK006,Bridges,120,Residential Building,Increase CBR in top 2 layers,False
PK006,Tunnels,150,Residential Building,Increase CBR in top 2 layers,False
PK006,Railway Tracks,80,Residential Building,Use deep foundations or densify subsoil,False
PK006,Pipeline Infrastructure,30,,,True
PK006,Dams,100,Residential Building,Increase CBR in top 2 layers,False
PK006,Water Reservoirs,90,Residential Building,Increase CBR in top 2 layers,False
PK006,Airport Runways,180,Residential Building,Use deep foundations or densify subsoil,False
PK007,Residential Building,50,,Reduce liquid limit via compaction,False
PK007,High-rise Building,150,,Reduce liquid limit via compaction,False
PK007,Low-rise,100,,Reduce liquid limit via compaction,False
PK007,Roads & Highways,70,,Reduce liquid limit via compaction,False
PK007,Bridges,120,,Reduce liquid limit via compaction,False
PK007,Tunnels,150,,Reduce liquid limit via compaction,False
PK007,Railway Tracks,80,,Use deep foundations or densify subsoil,False
PK007,Pipeline Infrastructure,30,,Reduce liquid limit via compaction,False
PK007,Dams,100,,Use deep foundations or densify subsoil,False
PK007,Water Reservoirs,90,,Reduce liquid limit via compaction,False
PK007,Airport Runways,180,,Increase CBR in top 2 layers,False
PK008,Residential Building,50,,,True
PK008,High-rise Building,150,Residential Building,Use deep foundations or densify subsoil,False
PK008,Low-rise,100,Residential Building,Increase CBR in top 2 layers,False
PK008,Roads & Highways,70,Residential Building,Use deep foundations or densify subsoil,False
PK008,Bridges,120,Residential Building,Use deep foundations or densify subsoil,False
PK008,Tunnels,150,Residential Building,Increase CBR in top 2 layers,False
PK008,Railway Tracks,80,Residential Building,Increase CBR in top 2 layers,False
PK008,Pipeline Infrastructure,30,,,True
PK008,Dams,100,Residential Building,Increase CBR in top 2 layers,False
PK008,Water Reservoirs,90,Residential Building,Use deep foundations or densify subsoil,False
PK008,Airport Runways,180,Residential Building,Increase CBR in top 2 layers,False
PK009,Residential Building,50,,,True
PK009,High-rise Building,150,Residential Building,Use deep foundations or densify subsoil,False
PK009,Low-rise,100,,,True
PK009,Roads & Highways,70,,,True
PK009,Bridges,120,Residential Building,Use deep foundations or densify subsoil,False
PK009,Tunnels,150,Residential Building,Use deep foundations or densify subsoil,False
PK009,Railway Tracks,80,,,True
PK009,Pipeline Infrastructure,30,,,True
PK009,Dams,100,,,True
PK009,Water Reservoirs,90,,,True
PK009,Airport Runways,180,Residential Building,Increase CBR in top 2 layers,False
PK010,Residential Building,50,,Reduce liquid limit via compaction,False
PK010,High-rise Building,150,,Reduce liquid limit via compaction,False
PK010,Low-rise,100,,Reduce liquid limit via compaction,False
PK010,Roads & Highways,70,,Reduce liquid limit via compaction,False
PK010,Bridges,120,,Reduce liquid limit via compaction,False
PK010,Tunnels,150,,Reduce liquid limit via compaction,False
PK010,Railway Tracks,80,,Reduce liquid limit via compaction,False
PK010,Pipeline Infrastructure,30,,Reduce liquid limit via compaction,False
PK010,Dams,100,,Reduce liquid limit via compaction,False
PK010,Water Reservoirs,90,,Reduce liquid limit via compaction,False
PK010,Airport Runways,180,,Use deep foundations or densify subsoil,False
PK011,Residential Building,50,,,True
PK011,High-rise Building,150,Residential Building,Increase CBR in top 2 layers,False
PK011,Low-rise,100,Residential Building,Use deep foundations or densify subsoil,False
PK011,Roads & Highways,70,,,True
PK011,Bridges,120,Residential Building,Use deep foundations or densify subsoil,False
PK011,Tunnels,150,Residential Building,Increase CBR in top 2 layers,False
PK011,Railway Tracks,80,,,True
PK011,Pipeline Infrastructure,30,,,True
PK011,Dams,100,Residential Building,Increase CBR in top 2 layers,False
PK011,Water Reservoirs,90,Residential Building,Reduce liquid limit via compaction,False
PK011,Airport Runways,180,Residential Building,Use deep foundations or densify subsoil,False
PK012,Residential Building,50,Pipeline Infrastructure,Reduce liquid limit via compaction,False
PK012,High-rise Building,150,Pipeline Infrastructure,Use deep foundations or densify subsoil,False
PK012,Low-rise,100,Pipeline Infrastructure,Reduce liquid limit via compaction,False
PK012,Roads & Highways,70,Pipeline Infrastructure,Reduce liquid limit via compaction,False
PK012,Bridges,120,Pipeline Infrastructure,Use deep foundations or densify subsoil,False
PK012,Tunnels,150,Pipeline Infrastructure,Reduce liquid limit via compaction,False
PK012,Railway Tracks,80,Pipeline Infrastructure,Reduce liquid limit via compaction,False
PK012,Pipeline Infrastructure,30,,,True
PK012,Dams,100,Pipeline Infrastructure,Reduce liquid limit via compaction,False
PK012,Water Reservoirs,90,Pipeline Infrastructure,Use deep foundations or densify subsoil,False
PK012,Airport Runways,180,Pipeline Infrastructure,Use deep foundations or densify subsoil,False
PK013,Residential Building,50,,,True
PK013,High-rise Building,150,Residential Building,Increase CBR in top 2 layers,False
PK013,Low-rise,100,Residential Building,Use deep foundations or densify subsoil,False
PK013,Roads & Highways,70,,,True
PK013,Bridges,120,Residential Building,Increase CBR in top 2 layers,False
PK013,Tunnels,150,Residential Building,Use deep foundations or densify subsoil,False
PK013,Railway Tracks,80,,,True
PK013,Pipeline Infrastructure,30,,,True
PK013,Dams,100,Residential Building,Increase CBR in top 2 layers,False
PK013,Water Reservoirs,90,,,True
PK013,Airport Runways,180,Residential Building,Use deep foundations or densify subsoil,False
PK014,Residential Building,50,,Reduce liquid limit via compaction,False
PK014,High-rise Building,150,,Reduce liquid limit via compaction,False
PK014,Low-rise,100,,Use deep foundations or densify subsoil,False
PK014,Roads & Highways,70,,Use deep foundations or densify subsoil,False
PK014,Bridges,120,,Reduce liquid limit via compaction,False
PK014,Tunnels,150,,Increase CBR in top 2 layers,False
PK014,Railway Tracks,80,,Reduce liquid limit via compaction,False
PK014,Pipeline Infrastructure,30,,Reduce liquid limit via compaction,False
PK014,Dams,100,,Increase CBR in top 2 layers,False
PK014,Water Reservoirs,90,,Reduce liquid limit via compaction,False
PK014,Airport Runways,180,,Reduce liquid limit via compaction,False
PK015,Residential Building,50,,,True
PK015,High-rise Building,150,Residential Building,Use deep foundations or densify subsoil,False
PK015,Low-rise,100,Residential Building,Use deep foundations or densify subsoil,False
PK015,Roads & Highways,70,,,True
PK015,Bridges,120,Residential Building,Use deep foundations or densify subsoil,False
PK015,Tunnels,150,Residential Building,Use deep foundations or densify subsoil,False
PK015,Railway Tracks,80,Residential Building,Use deep foundations or densify subsoil,False
PK015,Pipeline Infrastructure,30,,,True
PK015,Dams,100,Residential Building,Reduce liquid limit via compaction,False
PK015,Water Reservoirs,90,Residential Building,Reduce liquid limit via compaction,False
PK015,Airport Runways,180,Residential Building,Use deep foundations or densify subsoil,False
PK016,Residential Building,50,,,True
PK016,High-rise Building,150,Residential Building,Increase CBR in top 2 layers,False
PK016,Low-rise,100,Residential Building,Use deep foundations or densify subsoil,False
PK016,Roads & Highways,70,,,True
PK016,Bridges,120,Residential Building,Use deep foundations or densify subsoil,False
PK016,Tunnels,150,Residential Building,Use deep foundations or densify subsoil,False
PK016,Railway Tracks,80,,,True
PK016,Pipeline Infrastructure,30,,,True
PK016,Dams,100,Residential Building,Use deep foundations or densify subsoil,False
PK016,Water Reservoirs,90,Residential Building,Use deep foundations or densify subsoil,False
PK016,Airport Runways,180,Residential Building,Use deep foundations or densify subsoil,False
PK017,Residential Building,50,,,True
PK017,High-rise Building,150,Residential Building,Increase CBR in top 2 layers,False
PK017,Low-rise,100,Residential Building,Reduce liquid limit via compaction,False
PK017,Roads & Highways,70,,,True
PK017,Bridges,120,Residential Building,Use deep foundations or densify subsoil,False
PK017,Tunnels,150,Residential Building,Increase CBR in top 2 layers,False
PK017,Railway Tracks,80,Residential Building,Use deep foundations or densify subsoil,False
PK017,Pipeline Infrastructure,30,,,True
PK017,Dams,100,Residential Building,Increase CBR in top 2 layers,False
PK017,Water Reservoirs,90,Residential Building,Increase CBR in top 2 layers,False
PK017,Airport Runways,180,Residential Building,Use deep foundations or densify subsoil,False
PK018,Residential Building,50,,,True
PK018,High-rise Building,150,Residential Building,Use deep foundations or densify subsoil,False
PK018,Low-rise,100,Residential Building,Reduce liquid limit via compaction,False
PK018,Roads & Highways,70,,,True
PK018,Bridges,120,Residential Building,Reduce liquid limit via compaction,False
PK018,Tunnels,150,Residential Building,Reduce liquid limit via compaction,False
PK018,Railway Tracks,80,,,True
PK018,Pipeline Infrastructure,30,,,True
PK018,Dams,100,Residential Building,Increase CBR in top 2 layers,False
PK018,Water Reservoirs,90,Residential Building,Reduce liquid limit via compaction,False
PK018,Airport Runways,180,Residential Building,Reduce liquid limit via compaction,False
PK019,Residential Building,50,,,True
PK019,High-rise Building,150,Residential Building,Reduce liquid limit via compaction,False
PK019,Low-rise,100,Residential Building,Use deep foundations or densify subsoil,False
PK019,Roads & Highways,70,,,True
PK019,Bridges,120,Residential Building,Increase CBR in top 2 layers,False
PK019,Tunnels,150,Residential Building,Reduce liquid limit via compaction,False
PK019,Railway Tracks,80,,,True
PK019,Pipeline Infrastructure,30,,,True
PK019,Dams,100,Residential Building,Use deep foundations or densify subsoil,False
PK019,Water Reservoirs,90,Residential Building,Reduce liquid limit via compaction,False
PK019,Airport Runways,180,Residential Building,Increase CBR in top 2 layers,False
PK020,Residential Building,50,,,True
PK020,High-rise Building,150,Residential Building,Use deep foundations or densify subsoil,False
PK020,Low-rise,100,,,True
PK020,Roads & Highways,70,,,True
PK020,Bridges,120,Residential Building,Use deep foundations or densify subsoil,False
PK020,Tunnels,150,Residential Building,Increase CBR in top 2 layers,False
PK020,Railway Tracks,80,,,True
PK020,Pipeline Infrastructure,30,,,True
PK020,Dams,100,,,True
PK020,Water Reservoirs,90,,,True
PK020,Airport Runways,180,Residential Building,Increase CBR in top 2 layers,False
PK021,Residential Building,50,,,True
PK021,High-rise Building,150,Residential Building,Use deep foundations or densify subsoil,False
PK021,Low-rise,100,Residential Building,Use deep foundations or densify subsoil,False
PK021,Roads & Highways,70,,,True
PK021,Bridges,120,Residential Building,Use deep foundations or densify subsoil,False
PK021,Tunnels,150,Residential Building,Use deep foundations or densify subsoil,False
PK021,Railway Tracks,80,,,True
PK021,Pipeline Infrastructure,30,,,True
PK021,Dams,100,Residential Building,Increase CBR in top 2 layers,False
PK021,Water Reservoirs,90,Residential Building,Use deep foundations or densify subsoil,False
PK021,Airport Runways,180,Residential Building,Use deep foundations or densify subsoil,False
PK022,Residential Building,50,,Reduce liquid limit via compaction,False
PK022,High-rise Building,150,,Reduce liquid limit via compaction,False
PK022,Low-rise,100,,Use deep foundations or densify subsoil,False
PK022,Roads & Highways,70,,Reduce liquid limit via compaction,False
PK022,Bridges,120,,Reduce liquid limit via compaction,False
PK022,Tunnels,150,,Increase CBR in top 2 layers,False
PK022,Railway Tracks,80,,Reduce liquid limit via compaction,False
PK022,Pipeline Infrastructure,30,,Reduce liquid limit via compaction,False
PK022,Dams,100,,Use deep foundations or densify subsoil,False
PK022,Water Reservoirs,90,,Use deep foundations or densify subsoil,False
PK022,Airport Runways,180,,Use deep foundations or densify subsoil,False
PK023,Residential Building,50,Pipeline Infrastructure,Reduce liquid limit via compaction,False
PK023,High-rise Building,150,Pipeline Infrastructure,Use deep foundations or densify subsoil,False
PK023,Low-rise,100,Pipeline Infrastructure,Reduce liquid limit via compaction,False
PK023,Roads & Highways,70,Pipeline Infrastructure,Reduce liquid limit via compaction,False
PK023,Bridges,120,Pipeline Infrastructure,Reduce liquid limit via compaction,False
PK023,Tunnels,150,Pipeline Infrastructure,Reduce liquid limit via compaction,False
PK023,Railway Tracks,80,Pipeline Infrastructure,Reduce liquid limit via compaction,False
PK023,Pipeline Infrastructure,30,,,True
PK023,Dams,100,Pipeline Infrastructure,Reduce liquid limit via compaction,False
PK023,Water Reservoirs,90,Pipeline Infrastructure,Reduce liquid limit via compaction,False
PK023,Airport Runways,180,Pipeline Infrastructure,Increase CBR in top 2 layers,False
PK024,Residential Building,50,,Increase CBR in top 2 layers,False
PK024,High-rise Building,150,,Reduce liquid limit via compaction,False
PK024,Low-rise,100,,Reduce liquid limit via compaction,False
PK024,Roads & Highways,70,,Use deep foundations or densify subsoil,False
PK024,Bridges,120,,Increase CBR in top 2 layers,False
PK024,Tunnels,150,,Reduce liquid limit via compaction,False
PK024,Railway Tracks,80,,Increase CBR in top 2 layers,False
PK024,Pipeline Infrastructure,30,,Reduce liquid limit via compaction,False
PK024,Dams,100,,Increase CBR in top 2 layers,False
PK024,Water Reservoirs,90,,Increase CBR in top 2 layers,False
PK024,Airport Runways,180,,Use deep foundations or densify subsoil,False
PK025,Residential Building,50,,,True
PK025,High-rise Building,150,Residential Building,Use deep foundations or densify subsoil,False
PK025,Low-rise,100,Residential Building,Increase CBR in top 2 layers,False
PK025,Roads & Highways,70,Residential Building,Increase CBR in top 2 layers,False
PK025,Bridges,120,Residential Building,Use deep foundations or densify subsoil,False
PK025,Tunnels,150,Residential Building,Increase CBR in top 2 layers,False
PK025,Railway Tracks,80,Residential Building,Use deep foundations or densify subsoil,False
PK025,Pipeline Infrastructure,30,,,True
PK025,Dams,100,Residential Building,Increase CBR in top 2 layers,False
PK025,Water Reservoirs,90,Residential Building,Increase CBR in top 2 layers,False
PK025,Airport Runways,180,Residential Building,Increase CBR in top 2 layers,False
PK026,Residential Building,50,,,True
PK026,High-rise Building,150,Residential Building,Increase CBR in top 2 layers,False
PK026,Low-rise,100,Residential Building,Increase CBR in top 2 layers,False
PK026,Roads & Highways,70,,,True
PK026,Bridges,120,Residential Building,Use deep foundations or densify subsoil,False
PK026,Tunnels,150,Residential Building,Increase CBR in top 2 layers,False
PK026,Railway Tracks,80,Residential Building,Use deep foundations or densify subsoil,False
PK026,Pipeline Infrastructure,30,,,True
PK026,Dams,100,Residential Building,Use deep foundations or densify subsoil,False
PK026,Water Reservoirs,90,Residential Building,Increase CBR in top 2 layers,False
PK026,Airport Runways,180,Residential Building,Use deep foundations or densify subsoil,False
PK027,Residential Building,50,Pipeline Infrastructure,Reduce liquid limit via compaction,False
PK027,High-rise Building,150,Pipeline Infrastructure,Increase CBR in top 2 layers,False
PK027,Low-rise,100,Pipeline Infrastructure,Increase CBR in top 2 layers,False
PK027,Roads & Highways,70,Pipeline Infrastructure,Reduce liquid limit via compaction,False
PK027,Bridges,120,Pipeline Infrastructure,Reduce liquid limit via compaction,False
PK027,Tunnels,150,Pipeline Infrastructure,Increase CBR in top 2 layers,False
PK027,Railway Tracks,80,Pipeline Infrastructure,Reduce liquid limit via compaction,False
PK027,Pipeline Infrastructure,30,,,True
PK027,Dams,100,Pipeline Infrastructure,Use deep foundations or densify subsoil,False
PK027,Water Reservoirs,90,Pipeline Infrastructure,Increase CBR in top 2 layers,False
PK027,Airport Runways,180,Pipeline Infrastructure,Use deep foundations or densify subsoil,False
PK028,Residential Building,50,,Reduce liquid limit via compaction,False
PK028,High-rise Building,150,,Use deep foundations or densify subsoil,False
PK028,Low-rise,100,,Increase CBR in top 2 layers,False
PK028,Roads & Highways,70,,Reduce liquid limit via compaction,False
PK028,Bridges,120,,Reduce liquid limit via compaction,False
PK028,Tunnels,150,,Reduce liquid limit via compaction,False
PK028,Railway Tracks,80,,Use deep foundations or densify subsoil,False
PK028,Pipeline Infrastructure,30,,Reduce liquid limit via compaction,False
PK028,Dams,100,,Use deep foundations or densify subsoil,False
PK028,Water Reservoirs,90,,Reduce liquid limit via compaction,False
PK028,Airport Runways,180,,Reduce liquid limit via compaction,False
PK029,Residential Building,50,,,True
PK029,High-rise Building,150,Residential Building,Use deep foundations or densify subsoil,False
PK029,Low-rise,100,Residential Building,Use deep foundations or densify subsoil,False
PK029,Roads & Highways,70,Residential Building,Use deep foundations or densify subsoil,False
PK029,Bridges,120,Residential Building,Use deep foundations or densify subsoil,False
PK029,Tunnels,150,Residential Building,Increase CBR in top 2 layers,False
PK029,Railway Tracks,80,Residential Building,Increase CBR in top 2 layers,False
PK029,Pipeline Infrastructure,30,,,True
PK029,Dams,100,Residential Building,Use deep foundations or densify subsoil,False
PK029,Water Reservoirs,90,Residential Building,Use deep foundations or densify subsoil,False
PK029,Airport Runways,180,Residential Building,Increase CBR in top 2 layers,False
PK030,Residential Building,50,,,True
PK030,High-rise Building,150,Residential Building,Increase CBR in top 2 layers,False
PK030,Low-rise,100,Residential Building,Use deep foundations or densify subsoil,False
PK030,Roads & Highways,70,Residential Building,Use deep foundations or densify subsoil,False
PK030,Bridges,120,Residential Building,Use deep foundations or densify subsoil,False
PK030,Tunnels,150,Residential Building,Increase CBR in top 2 layers,False
PK030,Railway Tracks,80,Residential Building,Use deep foundations or densify subsoil,False
PK030,Pipeline Infrastructure,30,,,True
PK030,Dams,100,Residential Building,Use deep foundations or densify subsoil,False
PK030,Water Reservoirs,90,Residential Building,Increase CBR in top 2 layers,False
PK030,Airport Runways,180,Residential Building,Use deep foundations or densify subsoil,False
PK031,Residential Building,50,Pipeline Infrastructure,Reduce liquid limit via compaction,False
PK031,High-rise Building,150,Pipeline Infrastructure,Use deep foundations or densify subsoil,False
PK031,Low-rise,100,Pipeline Infrastructure,Use deep foundations or densify subsoil,False
PK031,Roads & Highways,70,Pipeline Infrastructure,Reduce liquid limit via compaction,False
PK031,Bridges,120,Pipeline Infrastructure,Use deep foundations or densify subsoil,False
PK031,Tunnels,150,Pipeline Infrastructure,Reduce liquid limit via compaction,False
PK031,Railway Tracks,80,Pipeline Infrastructure,Reduce liquid limit via compaction,False
PK031,Pipeline Infrastructure,30,,,True
PK031,Dams,100,Pipeline Infrastructure,Use deep foundations or densify subsoil,False
PK031,Water Reservoirs,90,Pipeline Infrastructure,Use deep foundations or densify subsoil,False
PK031,Airport Runways,180,Pipeline Infrastructure,Use deep foundations or densify subsoil,False
PK032,Residential Building,50,Pipeline Infrastructure,Reduce liquid limit via compaction,False
PK032,High-rise Building,150,Pipeline Infrastructure,Reduce liquid limit via compaction,False
PK032,Low-rise,100,Pipeline Infrastructure,Reduce liquid limit via compaction,False
PK032,Roads & Highways,70,Pipeline Infrastructure,Reduce liquid limit via compaction,False
PK032,Bridges,120,Pipeline Infrastructure,Use deep foundations or densify subsoil,False
PK032,Tunnels,150,Pipeline Infrastructure,Increase CBR in top 2 layers,False
PK032,Railway Tracks,80,Pipeline Infrastructure,Reduce liquid limit via compaction,False
PK032,Pipeline Infrastructure,30,,,True
PK032,Dams,100,Pipeline Infrastructure,Reduce liquid limit via compaction,False
PK032,Water Reservoirs,90,Pipeline Infrastructure,Increase CBR in top 2 layers,False
PK032,Airport Runways,180,Pipeline Infrastructure,Reduce liquid limit via compaction,False
PK033,Residential Building,50,,Reduce liquid limit via compaction,False
PK033,High-rise Building,150,,Increase CBR in top 2 layers,False
PK033,Low-rise,100,,Reduce liquid limit via compaction,False
PK033,Roads & Highways,70,,Reduce liquid limit via compaction,False
PK033,Bridges,120,,Increase CBR in top 2 layers,False
PK033,Tunnels,150,,Increase CBR in top 2 layers,False
PK033,Railway Tracks,80,,Reduce liquid limit via compaction,False
PK033,Pipeline Infrastructure,30,,Reduce liquid limit via compaction,False
PK033,Dams,100,,Increase CBR in top 2 layers,False
PK033,Water Reservoirs,90,,Reduce liquid limit via compaction,False
PK033,Airport Runways,180,,Reduce liquid limit via compaction,False
PK034,Residential Building,50,,,True
PK034,High-rise Building,150,Residential Building,Increase CBR in top 2 layers,False
PK034,Low-rise,100,Residential Building,Use deep foundations or densify subsoil,False
PK034,Roads & Highways,70,Residential Building,Increase CBR in top 2 layers,False
PK034,Bridges,120,Residential Building,Increase CBR in top 2 layers,False
PK034,Tunnels,150,Residential Building,Increase CBR in top 2 layers,False
PK034,Railway Tracks,80,Residential Building,Increase CBR in top 2 layers,False
PK034,Pipeline Infrastructure,30,,,True
PK034,Dams,100,Residential Building,Increase CBR in top 2 layers,False
PK034,Water Reservoirs,90,Residential Building,Increase CBR in top 2 layers,False
PK034,Airport Runways,180,Residential Building,Use deep foundations or densify subsoil,False
PK035,Residential Building,50,,,True
PK035,High-rise Building,150,Residential Building,Use deep foundations or densify subsoil,False
PK035,Low-rise,100,Residential Building,Use deep foundations or densify subsoil,False
PK035,Roads & Highways,70,,,True
PK035,Bridges,120,Residential Building,Use deep foundations or densify subsoil,False
PK035,Tunnels,150,Residential Building,Use deep foundations or densify subsoil,False
PK035,Railway Tracks,80,,,True
PK035,Pipeline Infrastructure,30,,,True
PK035,Dams,100,Residential Building,Use deep foundations or densify subsoil,False
PK035,Water Reservoirs,90,,,True
PK035,Airport Runways,180,Residential Building,Use deep foundations or densify subsoil,False
PK036,Residential Building,50,,,True
PK036,High-rise Building,150,Residential Building,Use deep foundations or densify subsoil,False
PK036,Low-rise,100,Residential Building,Use deep foundations or densify subsoil,False
PK036,Roads & Highways,70,,,True
PK036,Bridges,120,Residential Building,Increase CBR in top 2 layers,False
PK036,Tunnels,150,Residential Building,Increase CBR in top 2 layers,False
PK036,Railway Tracks,80,,,True
PK036,Pipeline Infrastructure,30,,,True
PK036,Dams,100,Residential Building,Use deep foundations or densify subsoil,False
PK036,Water Reservoirs,90,Residential Building,Reduce liquid limit via compaction,False
PK036,Airport Runways,180,Residential Building,Use deep foundations or densify subsoil,False
PK037,Residential Building,50,,Increase CBR in top 2 layers,False
PK037,High-rise Building,150,,Reduce liquid limit via compaction,False
PK037,Low-rise,100,,Increase CBR in top 2 layers,False
PK037,Roads & Highways,70,,Use deep foundations or densify subsoil,False
PK037,Bridges,120,,Use deep foundations or densify subsoil,False
PK037,Tunnels,150,,Increase CBR in top 2 layers,False
PK037,Railway Tracks,80,,Increase CBR in top 2 layers,False
PK037,Pipeline Infrastructure,30,,Reduce liquid limit via compaction,False
PK037,Dams,100,,Increase CBR in top 2 layers,False
PK037,Water Reservoirs,90,,Use deep foundations or densify subsoil,False
PK037,Airport Runways,180,,Reduce liquid limit via compaction,False
PR001,Residential Building,50,Pipeline Infrastructure,Reduce liquid limit via compaction,False
PR001,High-rise Building,150,Pipeline Infrastructure,Reduce liquid limit via compaction,False
PR001,Low-rise,100,Pipeline Infrastructure,Use deep foundations or densify subsoil,False
PR001,Roads & Highways,70,Pipeline Infrastructure,Reduce liquid limit via compaction,False
PR001,Bridges,120,Pipeline Infrastructure,Reduce liquid limit via compaction,False
PR001,Tunnels,150,Pipeline Infrastructure,Reduce liquid limit via compaction,False
PR001,Railway Tracks,80,Pipeline Infrastructure,Reduce liquid limit via compaction,False
PR001,Pipeline Infrastructure,30,,,True
PR001,Dams,100,Pipeline Infrastructure,Increase CBR in top 2 layers,False
PR001,Water Reservoirs,90,Pipeline Infrastructure,Use deep foundations or densify subsoil,False
PR001,Airport Runways,180,Pipeline Infrastructure,Increase CBR in top 2 layers,False
RO016,Residential Building,50,,,True
RO016,High-rise Building,150,Residential Building,Increase CBR in top 2 layers,False
RO016,Low-rise,100,Residential Building,Use deep foundations or densify subsoil,False
RO016,Roads & Highways,70,,,True
RO016,Bridges,120,Residential Building,Reduce liquid limit via compaction,False
RO016,Tunnels,150,Residential Building,Use deep foundations or densify subsoil,False
RO016,Railway Tracks,80,,,True
RO016,Pipeline Infrastructure,30,,,True
RO016,Dams,100,Residential Building,Increase CBR in top 2 layers,False
RO016,Water Reservoirs,90,Residential Building,Reduce liquid limit via compaction,False
RO016,Airport Runways,180,Residential Building,Use deep foundations or densify subsoil,False
RW007,Residential Building,50,,Reduce liquid limit via compaction,False
RW007,High-rise Building,150,,Use deep foundations or densify subsoil,False
RW007,Low-rise,100,,Use deep foundations or densify subsoil,False
RW007,Roads & Highways,70,,Reduce liquid limit via compaction,False
RW007,Bridges,120,,Use deep foundations or densify subsoil,False
RW007,Tunnels,150,,Reduce liquid limit via compaction,False
RW007,Railway Tracks,80,,Reduce liquid limit via compaction,False
RW007,Pipeline Infrastructure,30,,Use deep foundations or densify subsoil,False
RW007,Dams,100,,Increase CBR in top 2 layers,False
RW007,Water Reservoirs,90,,Use deep foundations or densify subsoil,False
RW007,Airport Runways,180,,Use deep foundations or densify subsoil,False
RW008,Residential Building,50,Pipeline Infrastructure,Reduce liquid limit via compaction,False
RW008,High-rise Building,150,Pipeline Infrastructure,Reduce liquid limit via compaction,False
RW008,Low-rise,100,Pipeline Infrastructure,Reduce liquid limit via compaction,False
RW008,Roads & Highways,70,Pipeline Infrastructure,Reduce liquid limit via compaction,False
RW008,Bridges,120,Pipeline Infrastructure,Use deep foundations or densify subsoil,False
RW008,Tunnels,150,Pipeline Infrastructure,Use deep foundations or densify subsoil,False
RW008,Railway Tracks,80,Pipeline Infrastructure,Reduce liquid limit via compaction,False
RW008,Pipeline Infrastructure,30,,,True
RW008,Dams,100,Pipeline Infrastructure,Reduce liquid limit via compaction,False
RW008,Water Reservoirs,90,Pipeline Infrastructure,Reduce liquid limit via compaction,False
RW008,Airport Runways,180,Pipeline Infrastructure,Reduce liquid limit via compaction,False
RW009,Residential Building,50,,,True
RW009,High-rise Building,150,Residential Building,Increase CBR in top 2 layers,False
RW009,Low-rise,100,Residential Building,Use deep foundations or densify subsoil,False
RW009,Roads & Highways,70,,,True
RW009,Bridges,120,Residential Building,Use deep foundations or densify subsoil,False
RW009,Tunnels,150,Residential Building,Use deep foundations or densify subsoil,False
RW009,Railway Tracks,80,,,True
RW009,Pipeline Infrastructure,30,,,True
RW009,Dams,100,Residential Building,Use deep foundations or densify subsoil,False
RW009,Water Reservoirs,90,,,True
RW009,Airport Runways,180,Residential Building,Use deep foundations or densify subsoil,False
RW010,Residential Building,50,,,True
RW010,High-rise Building,150,Residential Building,Increase CBR in top 2 layers,False
RW010,Low-rise,100,Residential Building,Increase CBR in top 2 layers,False
RW010,Roads & Highways,70,Residential Building,Use deep foundations or densify subsoil,False
RW010,Bridges,120,Residential Building,Reduce liquid limit via compaction,False
RW010,Tunnels,150,Residential Building,Reduce liquid limit via compaction,False
RW010,Railway Tracks,80,Residential Building,Use deep foundations or densify subsoil,False
RW010,Pipeline Infrastructure,30,,,True
RW010,Dams,100,Residential Building,Increase CBR in top 2 layers,False
RW010,Water Reservoirs,90,Residential Building,Increase CBR in top 2 layers,False
RW010,Airport Runways,180,Residential Building,Increase CBR in top 2 layers,False
RW011,Residential Building,50,,Reduce liquid limit via compaction,False
RW011,High-rise Building,150,,Use deep foundations or densify subsoil,False
RW011,Low-rise,100,,Reduce liquid limit via compaction,False
RW011,Roads & Highways,70,,Use deep foundations or densify subsoil,False
RW011,Bridges,120,,Increase CBR in top 2 layers,False
RW011,Tunnels,150,,Reduce liquid limit via compaction,False
RW011,Railway Tracks,80,,Use deep foundations or densify subsoil,False
RW011,Pipeline Infrastructure,30,,Reduce liquid limit via compaction,False
RW011,Dams,100,,Reduce liquid limit via compaction,False
RW011,Water Reservoirs,90,,Use deep foundations or densify subsoil,False
RW011,Airport Runways,180,,Reduce liquid limit via compaction,False
RW012,Residential Building,50,,,True
RW012,High-rise Building,150,Residential Building,Increase CBR in top 2 layers,False
RW012,Low-rise,100,Residential Building,Use deep foundations or densify subsoil,False
RW012,Roads & Highways,70,,,True
RW012,Bridges,120,Residential Building,Use deep foundations or densify subsoil,False
RW012,Tunnels,150,Residential Building,Use deep foundations or densify subsoil,False
RW012,Railway Tracks,80,,,True
RW012,Pipeline Infrastructure,30,,,True
RW012,Dams,100,Residential Building,Increase CBR in top 2 layers,False
RW012,Water Reservoirs,90,Residential Building,Use deep foundations or densify subsoil,False
RW012,Airport Runways,180,Residential Building,Reduce liquid limit via compaction,False
SB001,Residential Building,50,,,True
SB001,High-rise Building,150,Residential Building,Use deep foundations or densify subsoil,False
SB001,Low-rise,100,,,True
SB001,Roads & Highways,70,,,True
SB001,Bridges,120,Residential Building,Use deep foundations or densify subsoil,False
SB001,Tunnels,150,Residential Building,Use deep foundations or densify subsoil,False
SB001,Railway Tracks,80,,,True
SB001,Pipeline Infrastructure,30,,,True
SB001,Dams,100,,,True
SB001,Water Reservoirs,90,,,True
SB001,Airport Runways,180,Residential Building,Increase CBR in top 2 layers,False
SD026,Residential Building,50,,Use deep foundations or densify subsoil,False
SD026,High-rise Building,150,,Reduce liquid limit via compaction,False
SD026,Low-rise,100,,Use deep foundations or densify subsoil,False
SD026,Roads & Highways,70,,Use deep foundations or densify subsoil,False
SD026,Bridges,120,,Increase CBR in top 2 layers,False
SD026,Tunnels,150,,Reduce liquid limit via compaction,False
SD026,Railway Tracks,80,,Use deep foundations or densify subsoil,False
SD026,Pipeline Infrastructure,30,,Increase CBR in top 2 layers,False
SD026,Dams,100,,Use deep foundations or densify subsoil,False
SD026,Water Reservoirs,90,,Increase CBR in top 2 layers,False
SD026,Airport Runways,180,,Increase CBR in top 2 layers,False
SD027,Residential Building,50,,Reduce liquid limit via compaction,False
SD027,High-rise Building,150,,Increase CBR in top 2 layers,False
SD027,Low-rise,100,,Use deep foundations or densify subsoil,False
SD027,Roads & Highways,70,,Use deep foundations or densify subsoil,False
SD027,Bridges,120,,Use deep foundations or densify subsoil,False
SD027,Tunnels,150,,Reduce liquid limit via compaction,False
SD027,Railway Tracks,80,,Increase CBR in top 2 layers,False
SD027,Pipeline Infrastructure,30,,Reduce liquid limit via compaction,False
SD027,Dams,100,,Use deep foundations or densify subsoil,False
SD027,Water Reservoirs,90,,Reduce liquid limit via compaction,False
SD027,Airport Runways,180,,Increase CBR in top 2 layers,False
SD028,Residential Building,50,,,True
SD028,High-rise Building,150,Residential Building,Reduce liquid limit via compaction,False
SD028,Low-rise,100,Residential Building,Reduce liquid limit via compaction,False
SD028,Roads & Highways,70,,,True
SD028,Bridges,120,Residential Building,Increase CBR in top 2 layers,False
SD028,Tunnels,150,Residential Building,Increase CBR in top 2 layers,False
SD028,Railway Tracks,80,Residential Building,Use deep foundations or densify subsoil,False
SD028,Pipeline Infrastructure,30,,,True
SD028,Dams,100,Residential Building,Use deep foundations or densify subsoil,False
SD028,Water Reservoirs,90,Residential Building,Increase CBR in top 2 layers,False
SD028,Airport Runways,180,Residential Building,Use deep foundations or densify subsoil,False
SD029,Residential Building,50,,,True
SD029,High-rise Building,150,Residential Building,Increase CBR in top 2 layers,False
SD029,Low-rise,100,Residential Building,Use deep foundations or densify subsoil,False
SD029,Roads & Highways,70,Residential Building,Use deep foundations or densify subsoil,False
SD029,Bridges,120,Residential Building,Increase CBR in top 2 layers,False
SD029,Tunnels,150,Residential Building,Increase CBR in top 2 layers,False
SD029,Railway Tracks,80,Residential Building,Increase CBR in top 2 layers,False
SD029,Pipeline Infrastructure,30,,,True
SD029,Dams,100,Residential Building,Increase CBR in top 2 layers,False
SD029,Water Reservoirs,90,Residential Building,Use deep foundations or densify subsoil,False
SD029,Airport Runways,180,Residential Building,Use deep foundations or densify subsoil,False
SD030,Residential Building,50,,Reduce liquid limit via compaction,False
SD030,High-rise Building,150,,Reduce liquid limit via compaction,False
SD030,Low-rise,100,,Reduce liquid limit via compaction,False
SD030,Roads & Highways,70,,Reduce liquid limit via compaction,False
SD030,Bridges,120,,Reduce liquid limit via compaction,False
SD030,Tunnels,150,,Use deep foundations or densify subsoil,False
SD030,Railway Tracks,80,,Reduce liquid limit via compaction,False
SD030,Pipeline Infrastructure,30,,Reduce liquid limit via compaction,False
SD030,Dams,100,,Increase CBR in top 2 layers,False
SD030,Water Reservoirs,90,,Use deep foundations or densify subsoil,False
SD030,Airport Runways,180,,Reduce liquid limit via compaction,False
SD031,Residential Building,50,,,True
SD031,High-rise Building,150,Residential Building,Increase CBR in top 2 layers,False
SD031,Low-rise,100,Residential Building,Use deep foundations or densify subsoil,False
SD031,Roads & Highways,70,,,True
SD031,Bridges,120,Residential Building,Use deep foundations or densify subsoil,False
SD031,Tunnels,150,Residential Building,Increase CBR in top 2 layers,False
SD031,Railway Tracks,80,,,True
SD031,Pipeline Infrastructure,30,,,True
SD031,Dams,100,Residential Building,Use deep foundations or densify subsoil,False
SD031,Water Reservoirs,90,,,True
SD031,Airport Runways,180,Residential Building,Use deep foundations or densify subsoil,False
SD032,Residential Building,50,Pipeline Infrastructure,Reduce liquid limit via compaction,False
SD032,High-rise Building,150,Pipeline Infrastructure,Use deep foundations or densify subsoil,False
SD032,Low-rise,100,Pipeline Infrastructure,Reduce liquid limit via compaction,False
SD032,Roads & Highways,70,Pipeline Infrastructure,Reduce liquid limit via compaction,False
SD032,Bridges,120,Pipeline Infrastructure,Reduce liquid limit via compaction,False
SD032,Tunnels,150,Pipeline Infrastructure,Use deep foundations or densify subsoil,False
SD032,Railway Tracks,80,Pipeline Infrastructure,Reduce liquid limit via compaction,False
SD032,Pipeline Infrastructure,30,,,True
SD032,Dams,100,Pipeline Infrastructure,Reduce liquid limit via compaction,False
SD032,Water Reservoirs,90,Pipeline Infrastructure,Reduce liquid limit via compaction,False
SD032,Airport Runways,180,Pipeline Infrastructure,Use deep foundations or densify subsoil,False
SD033,Residential Building,50,Pipeline Infrastructure,Reduce liquid limit via compaction,False
SD033,High-rise Building,150,Pipeline Infrastructure,Increase CBR in top 2 layers,False
SD033,Low-rise,100,Pipeline Infrastructure,Reduce liquid limit via compaction,False
SD033,Roads & Highways,70,Pipeline Infrastructure,Increase CBR in top 2 layers,False
SD033,Bridges,120,Pipeline Infrastructure,Reduce liquid limit via compaction,False
SD033,Tunnels,150,Pipeline Infrastructure,Reduce liquid limit via compaction,False
SD033,Railway Tracks,80,Pipeline Infrastructure,Increase CBR in top 2 layers,False
SD033,Pipeline Infrastructure,30,,,True
SD033,Dams,100,Pipeline Infrastructure,Use deep foundations or densify subsoil,False
SD033,Water Reservoirs,90,Pipeline Infrastructure,Use deep foundations or densify subsoil,False
SD033,Airport Runways,180,Pipeline Infrastructure,Increase CBR in top 2 layers,False
SD034,Residential Building,50,,,True
SD034,High-rise Building,150,Residential Building,Reduce liquid limit via compaction,False
SD034,Low-rise,100,Residential Building,Increase CBR in top 2 layers,False
SD034,Roads & Highways,70,,,True
SD034,Bridges,120,Residential Building,Use deep foundations or densify subsoil,False
SD034,Tunnels,150,Residential Building,Increase CBR in top 2 layers,False
SD034,Railway Tracks,80,Residential Building,Use deep foundations or densify subsoil,False
SD034,Pipeline Infrastructure,30,,,True
SD034,Dams,100,Residential Building,Use deep foundations or densify subsoil,False
SD034,Water Reservoirs,90,Residential Building,Use deep foundations or densify subsoil,False
SD034,Airport Runways,180,Residential Building,Reduce liquid limit via compaction,False
SD035,Residential Building,50,,,True
SD035,High-rise Building,150,Residential Building,Use deep foundations or densify subsoil,False
SD035,Low-rise,100,Residential Building,Use deep foundations or densify subsoil,False
SD035,Roads & Highways,70,,,True
SD035,Bridges,120,Residential Building,Increase CBR in top 2 layers,False
SD035,Tunnels,150,Residential Building,Increase CBR in top 2 layers,False
SD035,Railway Tracks,80,,,True
SD035,Pipeline Infrastructure,30,,,True
SD035,Dams,100,Residential Building,Increase CBR in top 2 layers,False
SD035,Water Reservoirs,90,,,True
SD035,Airport Runways,180,Residential Building,Use deep foundations or densify subsoil,False
SD036,Residential Building,50,,,True
SD036,High-rise Building,150,Residential Building,Increase CBR in top 2 layers,False
SD036,Low-rise,100,,,True
SD036,Roads & Highways,70,,,True
SD036,Bridges,120,Residential Building,Increase CBR in top 2 layers,False
SD036,Tunnels,150,Residential Building,Increase CBR in top 2 layers,False
SD036,Railway Tracks,80,,,True
SD036,Pipeline Infrastructure,30,,,True
SD036,Dams,100,,,True
SD036,Water Reservoirs,90,,,True
SD036,Airport Runways,180,Residential Building,Use deep foundations or densify subsoil,False
SD037,Residential Building,50,Pipeline Infrastructure,Reduce liquid limit via compaction,False
SD037,High-rise Building,150,Pipeline Infrastructure,Increase CBR in top 2 layers,False
SD037,Low-rise,100,Pipeline Infrastructure,Reduce liquid limit via compaction,False
SD037,Roads & Highways,70,Pipeline Infrastructure,Reduce liquid limit via compaction,False
SD037,Bridges,120,Pipeline Infrastructure,Reduce liquid limit via compaction,False
SD037,Tunnels,150,Pipeline Infrastructure,Use deep foundations or densify subsoil,False
SD037,Railway Tracks,80,Pipeline Infrastructure,Reduce liquid limit via compaction,False
SD037,Pipeline Infrastructure,30,,,True
SD037,Dams,100,Pipeline Infrastructure,Reduce liquid limit via compaction,False
SD037,Water Reservoirs,90,Pipeline Infrastructure,Reduce liquid limit via compaction,False
SD037,Airport Runways,180,Pipeline Infrastructure,Reduce liquid limit via compaction,False
SD038,Residential Building,50,,Reduce liquid limit via compaction,False
SD038,High-rise Building,150,,Increase CBR in top 2 layers,False
SD038,Low-rise,100,,Increase CBR in top 2 layers,False
SD038,Roads & Highways,70,,Reduce liquid limit via compaction,False
SD038,Bridges,120,,Use deep foundations or densify subsoil,False
SD038,Tunnels,150,,Reduce liquid limit via compaction,False
SD038,Railway Tracks,80,,Use deep foundations or densify subsoil,False
SD038,Pipeline Infrastructure,30,,Reduce liquid limit via compaction,False
SD038,Dams,100,,Use deep foundations or densify subsoil,False
SD038,Water Reservoirs,90,,Use deep foundations or densify subsoil,False
SD038,Airport Runways,180,,Use deep foundations or densify subsoil,False
SD039,Residential Building,50,,Reduce liquid limit via compaction,False
SD039,High-rise Building,150,,Reduce liquid limit via compaction,False
SD039,Low-rise,100,,Use deep foundations or densify subsoil,False
SD039,Roads & Highways,70,,Reduce liquid limit via compaction,False
SD039,Bridges,120,,Increase CBR in top 2 layers,False
SD039,Tunnels,150,,Increase CBR in top 2 layers,False
SD039,Railway Tracks,80,,Reduce liquid limit via compaction,False
SD039,Pipeline Infrastructure,30,,Reduce liquid limit via compaction,False
SD039,Dams,100,,Use deep foundations or densify subsoil,False
SD039,Water Reservoirs,90,,Reduce liquid limit via compaction,False
SD039,Airport Runways,180,,Increase CBR in top 2 layers,False
SD040,Residential Building,50,,Reduce liquid limit via compaction,False
SD040,High-rise Building,150,,Increase CBR in top 2 layers,False
SD040,Low-rise,100,,Reduce liquid limit via compaction,False
SD040,Roads & Highways,70,,Reduce liquid limit via compaction,False
SD040,Bridges,120,,Increase CBR in top 2 layers,False
SD040,Tunnels,150,,Increase CBR in top 2 layers,False
SD040,Railway Tracks,80,,Reduce liquid limit via compaction,False
SD040,Pipeline Infrastructure,30,,Reduce liquid limit via compaction,False
SD040,Dams,100,,Reduce liquid limit via compaction,False
SD040,Water Reservoirs,90,,Reduce liquid limit via compaction,False
SD040,Airport Runways,180,,Reduce liquid limit via compaction,False
SD041,Residential Building,50,Pipeline Infrastructure,Reduce liquid limit via compaction,False
SD041,High-rise Building,150,Pipeline Infrastructure,Reduce liquid limit via compaction,False
SD041,Low-rise,100,Pipeline Infrastructure,Use deep foundations or densify subsoil,False
SD041,Roads & Highways,70,Pipeline Infrastructure,Reduce liquid limit via compaction,False
SD041,Bridges,120,Pipeline Infrastructure,Increase CBR in top 2 layers,False
SD041,Tunnels,150,Pipeline Infrastructure,Reduce liquid limit via compaction,False
SD041,Railway Tracks,80,Pipeline Infrastructure,Reduce liquid limit via compaction,False
SD041,Pipeline Infrastructure,30,,,True
SD041,Dams,100,Pipeline Infrastructure,Increase CBR in top 2 layers,False
SD041,Water Reservoirs,90,Pipeline Infrastructure,Use deep foundations or densify subsoil,False
SD041,Airport Runways,180,Pipeline Infrastructure,Increase CBR in top 2 layers,False
SD042,Residential Building,50,,,True
SD042,High-rise Building,150,Residential Building,Increase CBR in top 2 layers,False
SD042,Low-rise,100,Residential Building,Use deep foundations or densify subsoil,False
SD042,Roads & Highways,70,,,True
SD042,Bridges,120,Residential Building,Use deep foundations or densify subsoil,False
SD042,Tunnels,150,Residential Building,Use deep foundations or densify subsoil,False
SD042,Railway Tracks,80,,,True
SD042,Pipeline Infrastructure,30,,,True
SD042,Dams,100,Residential Building,Use deep foundations or densify subsoil,False
SD042,Water Reservoirs,90,,,True
SD042,Airport Runways,180,Residential Building,Use deep foundations or densify subsoil,False
SD043,Residential Building,50,,,True
SD043,High-rise Building,150,Residential Building,Use deep foundations or densify subsoil,False
SD043,Low-rise,100,Residential Building,Use deep foundations or densify subsoil,False
SD043,Roads & Highways,70,,,True
SD043,Bridges,120,Residential Building,Use deep foundations or densify subsoil,False
SD043,Tunnels,150,Residential Building,Increase CBR in top 2 layers,False
SD043,Railway Tracks,80,Residential Building,Use deep foundations or densify subsoil,False
SD043,Pipeline Infrastructure,30,,,True
SD043,Dams,100,Residential Building,Use deep foundations or densify subsoil,False
SD043,Water Reservoirs,90,Residential Building,Increase CBR in top 2 layers,False
SD043,Airport Runways,180,Residential Building,Reduce liquid limit via compaction,False
SD044,Residential Building,50,,Reduce liquid limit via compaction,False
SD044,High-rise Building,150,,Use deep foundations or densify subsoil,False
SD044,Low-rise,100,,Reduce liquid limit via compaction,False
SD044,Roads & Highways,70,,Reduce liquid limit via compaction,False
SD044,Bridges,120,,Reduce liquid limit via compaction,False
SD044,Tunnels,150,,Reduce liquid limit via compaction,False
SD044,Railway Tracks,80,,Reduce liquid limit via compaction,False
SD044,Pipeline Infrastructure,30,,Reduce liquid limit via compaction,False
SD044,Dams,100,,Reduce liquid limit via compaction,False
SD044,Water Reservoirs,90,,Reduce liquid limit via compaction,False
SD044,Airport Runways,180,,Use deep foundations or densify subsoil,False
SD045,Residential Building,50,,Reduce liquid limit via compaction,False
SD045,High-rise Building,150,,Reduce liquid limit via compaction,False
SD045,Low-rise,100,,Use deep foundations or densify subsoil,False
SD045,Roads & Highways,70,,Reduce liquid limit via compaction,False
SD045,Bridges,120,,Use deep foundations or densify subsoil,False
SD045,Tunnels,150,,Use deep foundations or densify subsoil,False
SD045,Railway Tracks,80,,Reduce liquid limit via compaction,False
SD045,Pipeline Infrastructure,30,,Reduce liquid limit via compaction,False
SD045,Dams,100,,Increase CBR in top 2 layers,False
SD045,Water Reservoirs,90,,Increase CBR in top 2 layers,False
SD045,Airport Runways,180,,Reduce liquid limit via compaction,False
SD046,Residential Building,50,,,True
SD046,High-rise Building,150,Residential Building,Use deep foundations or densify subsoil,False
SD046,Low-rise,100,Residential Building,Use deep foundations or densify subsoil,False
SD046,Roads & Highways,70,Residential Building,Use deep foundations or densify subsoil,False
SD046,Bridges,120,Residential Building,Increase CBR in top 2 layers,False
SD046,Tunnels,150,Residential Building,Use deep foundations or densify subsoil,False
SD046,Railway Tracks,80,Residential Building,Increase CBR in top 2 layers,False
SD046,Pipeline Infrastructure,30,,,True
SD046,Dams,100,Residential Building,Increase CBR in top 2 layers,False
SD046,Water Reservoirs,90,Residential Building,Increase CBR in top 2 layers,False
SD046,Airport Runways,180,Residential Building,Increase CBR in top 2 layers,False
SD047,Residential Building,50,,Reduce liquid limit via compaction,False
SD047,High-rise Building,150,,Increase CBR in top 2 layers,False
SD047,Low-rise,100,,Reduce liquid limit via compaction,False
SD047,Roads & Highways,70,,Reduce liquid limit via compaction,False
SD047,Bridges,120,,Reduce liquid limit via compaction,False
SD047,Tunnels,150,,Reduce liquid limit via compaction,False
SD047,Railway Tracks,80,,Reduce liquid limit via compaction,False
SD047,Pipeline Infrastructure,30,,Reduce liquid limit via compaction,False
SD047,Dams,100,,Reduce liquid limit via compaction,False
SD047,Water Reservoirs,90,,Reduce liquid limit via compaction,False
SD047,Airport Runways,180,,Reduce liquid limit via compaction,False
SD048,Residential Building,50,Pipeline Infrastructure,Reduce liquid limit via compaction,False
SD048,High-rise Building,150,Pipeline Infrastructure,Reduce liquid limit via compaction,False
SD048,Low-rise,100,Pipeline Infrastructure,Increase CBR in top 2 layers,False
SD048,Roads & Highways,70,Pipeline Infrastructure,Reduce liquid limit via compaction,False
SD048,Bridges,120,Pipeline Infrastructure,Increase CBR in top 2 layers,False
SD048,Tunnels,150,Pipeline Infrastructure,Increase CBR in top 2 layers,False
SD048,Railway Tracks,80,Pipeline Infrastructure,Reduce liquid limit via compaction,False
SD048,Pipeline Infrastructure,30,,,True
SD048,Dams,100,Pipeline Infrastructure,Increase CBR in top 2 layers,False
SD048,Water Reservoirs,90,Pipeline Infrastructure,Reduce liquid limit via compaction,False
SD048,Airport Runways,180,Pipeline Infrastructure,Reduce liquid limit via compaction,False
SD049,Residential Building,50,,Reduce liquid limit via compaction,False
SD049,High-rise Building,150,,Use deep foundations or densify subsoil,False
SD049,Low-rise,100,,Reduce liquid limit via compaction,False
SD049,Roads & Highways,70,,Reduce liquid limit via compaction,False
SD049,Bridges,120,,Reduce liquid limit via compaction,False
SD049,Tunnels,150,,Increase CBR in top 2 layers,False
SD049,Railway Tracks,80,,Reduce liquid limit via compaction,False
SD049,Pipeline Infrastructure,30,,Reduce liquid limit via compaction,False
SD049,Dams,100,,Reduce liquid limit via compaction,False
SD049,Water Reservoirs,90,,Reduce liquid limit via compaction,False
SD049,Airport Runways,180,,Increase CBR in top 2 layers,False
SD050,Residential Building,50,,Reduce liquid limit via compaction,False
SD050,High-rise Building,150,,Increase CBR in top 2 layers,False
SD050,Low-rise,100,,Reduce liquid limit via compaction,False
SD050,Roads & Highways,70,,Reduce liquid limit via compaction,False
SD050,Bridges,120,,Reduce liquid limit via compaction,False
SD050,Tunnels,150,,Reduce liquid limit via compaction,False
SD050,Railway Tracks,80,,Reduce liquid limit via compaction,False
SD050,Pipeline Infrastructure,30,,Reduce liquid limit via compaction,False
SD050,Dams,100,,Use deep foundations or densify subsoil,False
SD050,Water Reservoirs,90,,Reduce liquid limit via compaction,False
SD050,Airport Runways,180,,Reduce liquid limit via compaction,False
SD051,Residential Building,50,Pipeline Infrastructure,Reduce liquid limit via compaction,False
SD051,High-rise Building,150,Pipeline Infrastructure,Reduce liquid limit via compaction,False
SD051,Low-rise,100,Pipeline Infrastructure,Reduce liquid limit via compaction,False
SD051,Roads & Highways,70,Pipeline Infrastructure,Reduce liquid limit via compaction,False
SD051,Bridges,120,Pipeline Infrastructure,Increase CBR in top 2 layers,False
SD051,Tunnels,150,Pipeline Infrastructure,Reduce liquid limit via compaction,False
SD051,Railway Tracks,80,Pipeline Infrastructure,Reduce liquid limit via compaction,False
SD051,Pipeline Infrastructure,30,,,True
SD051,Dams,100,Pipeline Infrastructure,Reduce liquid limit via compaction,False
SD051,Water Reservoirs,90,Pipeline Infrastructure,Reduce liquid limit via compaction,False
SD051,Airport Runways,180,Pipeline Infrastructure,Increase CBR in top 2 layers,False
SD052,Residential Building,50,,Use deep foundations or densify subsoil,False
SD052,High-rise Building,150,,Reduce liquid limit via compaction,False
SD052,Low-rise,100,,Increase CBR in top 2 layers,False
SD052,Roads & Highways,70,,Use deep foundations or densify subsoil,False
SD052,Bridges,120,,Reduce liquid limit via compaction,False
SD052,Tunnels,150,,Use deep foundations or densify subsoil,False
SD052,Railway Tracks,80,,Reduce liquid limit via compaction,False
SD052,Pipeline Infrastructure,30,,Reduce liquid limit via compaction,False
SD052,Dams,100,,Reduce liquid limit via compaction,False
SD052,Water Reservoirs,90,,Increase CBR in top 2 layers,False
SD052,Airport Runways,180,,Increase CBR in top 2 layers,False
SD053,Residential Building,50,Pipeline Infrastructure,Increase CBR in top 2 layers,False
SD053,High-rise Building,150,Pipeline Infrastructure,Use deep foundations or densify subsoil,False
SD053,Low-rise,100,Pipeline Infrastructure,Increase CBR in top 2 layers,False
SD053,Roads & Highways,70,Pipeline Infrastructure,Increase CBR in top 2 layers,False
SD053,Bridges,120,Pipeline Infrastructure,Increase CBR in top 2 layers,False
SD053,Tunnels,150,Pipeline Infrastructure,Use deep foundations or densify subsoil,False
SD053,Railway Tracks,80,Pipeline Infrastructure,Use deep foundations or densify subsoil,False
SD053,Pipeline Infrastructure,30,,,True
SD053,Dams,100,Pipeline Infrastructure,Use deep foundations or densify subsoil,False
SD053,Water Reservoirs,90,Pipeline Infrastructure,Increase CBR in top 2 layers,False
SD053,Airport Runways,180,Pipeline Infrastructure,Use deep foundations or densify subsoil,False
SD054,Residential Building,50,,,True
SD054,High-rise Building,150,Residential Building,Use deep foundations or densify subsoil,False
SD054,Low-rise,100,Residential Building,Reduce liquid limit via compaction,False
SD054,Roads & Highways,70,,,True
SD054,Bridges,120,Residential Building,Use deep foundations or densify subsoil,False
SD054,Tunnels,150,Residential Building,Reduce liquid limit via compaction,False
SD054,Railway Tracks,80,,,True
SD054,Pipeline Infrastructure,30,,,True
SD054,Dams,100,Residential Building,Reduce liquid limit via compaction,False
SD054,Water Reservoirs,90,Residential Building,Reduce liquid limit via compaction,False
SD054,Airport Runways,180,Residential Building,Reduce liquid limit via compaction,False
SD055,Residential Building,50,Pipeline Infrastructure,Reduce liquid limit via compaction,False
SD055,High-rise Building,150,Pipeline Infrastructure,Reduce liquid limit via compaction,False
SD055,Low-rise,100,Pipeline Infrastructure,Reduce liquid limit via compaction,False
SD055,Roads & Highways,70,Pipeline Infrastructure,Reduce liquid limit via compaction,False
SD055,Bridges,120,Pipeline Infrastructure,Use deep foundations or densify subsoil,False
SD055,Tunnels,150,Pipeline Infrastructure,Increase CBR in top 2 layers,False
SD055,Railway Tracks,80,Pipeline Infrastructure,Reduce liquid limit via compaction,False
SD055,Pipeline Infrastructure,30,,,True
SD055,Dams,100,Pipeline Infrastructure,Use deep foundations or densify subsoil,False
SD055,Water Reservoirs,90,Pipeline Infrastructure,Reduce liquid limit via compaction,False
SD055,Airport Runways,180,Pipeline Infrastructure,Use deep foundations or densify subsoil,False
SD056,Residential Building,50,Pipeline Infrastructure,Use deep foundations or densify subsoil,False
SD056,High-rise Building,150,Pipeline Infrastructure,Use deep foundations or densify subsoil,False
SD056,Low-rise,100,Pipeline Infrastructure,Use deep foundations or densify subsoil,False
SD056,Roads & Highways,70,Pipeline Infrastructure,Use deep foundations or densify subsoil,False
SD056,Bridges,120,Pipeline Infrastructure,Use deep foundations or densify subsoil,False
SD056,Tunnels,150,Pipeline Infrastructure,Use deep foundations or densify subsoil,False
SD056,Railway Tracks,80,Pipeline Infrastructure,Use deep foundations or densify subsoil,False
SD056,Pipeline Infrastructure,30,,,True
SD056,Dams,100,Pipeline Infrastructure,Increase CBR in top 2 layers,False
SD056,Water Reservoirs,90,Pipeline Infrastructure,Use deep foundations or densify subsoil,False
SD056,Airport Runways,180,Pipeline Infrastructure,Increase CBR in top 2 layers,False
SD057,Residential Building,50,,,True
SD057,High-rise Building,150,Residential Building,Increase CBR in top 2 layers,False
SD057,Low-rise,100,Residential Building,Use deep foundations or densify subsoil,False
SD057,Roads & Highways,70,,,True
SD057,Bridges,120,Residential Building,Use deep foundations or densify subsoil,False
SD057,Tunnels,150,Residential Building,Increase CBR in top 2 layers,False
SD057,Railway Tracks,80,,,True
SD057,Pipeline Infrastructure,30,,,True
SD057,Dams,100,Residential Building,Use deep foundations or densify subsoil,False
SD057,Water Reservoirs,90,,,True
SD057,Airport Runways,180,Residential Building,Reduce liquid limit via compaction,False
SD058,Residential Building,50,,,True
SD058,High-rise Building,150,Residential Building,Reduce liquid limit via compaction,False
SD058,Low-rise,100,Residential Building,Use deep foundations or densify subsoil,False
SD058,Roads & Highways,70,Residential Building,Use deep foundations or densify subsoil,False
SD058,Bridges,120,Residential Building,Use deep foundations or densify subsoil,False
SD058,Tunnels,150,Residential Building,Reduce liquid limit via compaction,False
SD058,Railway Tracks,80,Residential Building,Increase CBR in top 2 layers,False
SD058,Pipeline Infrastructure,30,,,True
SD058,Dams,100,Residential Building,Increase CBR in top 2 layers,False
SD058,Water Reservoirs,90,Residential Building,Reduce liquid limit via compaction,False
SD058,Airport Runways,180,Residential Building,Reduce liquid limit via compaction,False
SD059,Residential Building,50,,,True
SD059,High-rise Building,150,Residential Building,Increase CBR in top 2 layers,False
SD059,Low-rise,100,Residential Building,Use deep foundations or densify subsoil,False
SD059,Roads & Highways,70,,,True
SD059,Bridges,120,Residential Building,Use deep foundations or densify subsoil,False
SD059,Tunnels,150,Residential Building,Increase CBR in top 2 layers,False
SD059,Railway Tracks,80,,,True
SD059,Pipeline Infrastructure,30,,,True
SD059,Dams,100,Residential Building,Use deep foundations or densify subsoil,False
SD059,Water Reservoirs,90,Residential Building,Use deep foundations or densify subsoil,False
SD059,Airport Runways,180,Residential Building,Reduce liquid limit via compaction,False
SD060,Residential Building,50,,Reduce liquid limit via compaction,False
SD060,High-rise Building,150,,Reduce liquid limit via compaction,False
SD060,Low-rise,100,,Reduce liquid limit via compaction,False
SD060,Roads & Highways,70,,Reduce liquid limit via compaction,False
SD060,Bridges,120,,Reduce liquid limit via compaction,False
SD060,Tunnels,150,,Increase CBR in top 2 layers,False
SD060,Railway Tracks,80,,Reduce liquid limit via compaction,False
SD060,Pipeline Infrastructure,30,,Reduce liquid limit via compaction,False
SD060,Dams,100,,Reduce liquid limit via compaction,False
SD060,Water Reservoirs,90,,Reduce liquid limit via compaction,False
SD060,Airport Runways,180,,Use deep foundations or densify subsoil,False
SD061,Residential Building,50,,Reduce liquid limit via compaction,False
SD061,High-rise Building,150,,Use deep foundations or densify subsoil,False
SD061,Low-rise,100,,Use deep foundations or densify subsoil,False
SD061,Roads & Highways,70,,Reduce liquid limit via compaction,False
SD061,Bridges,120,,Use deep foundations or densify subsoil,False
SD061,Tunnels,150,,Reduce liquid limit via compaction,False
SD061,Railway Tracks,80,,Use deep foundations or densify subsoil,False
SD061,Pipeline Infrastructure,30,,Reduce liquid limit via compaction,False
SD061,Dams,100,,Increase CBR in top 2 layers,False
SD061,Water Reservoirs,90,,Reduce liquid limit via compaction,False
SD061,Airport Runways,180,,Increase CBR in top 2 layers,False
SD062,Residential Building,50,Pipeline Infrastructure,Reduce liquid limit via compaction,False
SD062,High-rise Building,150,Pipeline Infrastructure,Use deep foundations or densify subsoil,False
SD062,Low-rise,100,Pipeline Infrastructure,Reduce liquid limit via compaction,False
SD062,Roads & Highways,70,Pipeline Infrastructure,Reduce liquid limit via compaction,False
SD062,Bridges,120,Pipeline Infrastructure,Use deep foundations or densify subsoil,False
SD062,Tunnels,150,Pipeline Infrastructure,Reduce liquid limit via compaction,False
SD062,Railway Tracks,80,Pipeline Infrastructure,Reduce liquid limit via compaction,False
SD062,Pipeline Infrastructure,30,,,True
SD062,Dams,100,Pipeline Infrastructure,Reduce liquid limit via compaction,False
SD062,Water Reservoirs,90,Pipeline Infrastructure,Reduce liquid limit via compaction,False
SD062,Airport Runways,180,Pipeline Infrastructure,Reduce liquid limit via compaction,False
SD063,Residential Building,50,,,True
SD063,High-rise Building,150,Residential Building,Use deep foundations or densify subsoil,False
SD063,Low-rise,100,Residential Building,Use deep foundations or densify subsoil,False
SD063,Roads & Highways,70,,,True
SD063,Bridges,120,Residential Building,Increase CBR in top 2 layers,False
SD063,Tunnels,150,Residential Building,Use deep foundations or densify subsoil,False
SD063,Railway Tracks,80,,,True
SD063,Pipeline Infrastructure,30,,,True
SD063,Dams,100,Residential Building,Use deep foundations or densify subsoil,False
SD063,Water Reservoirs,90,Residential Building,Use deep foundations or densify subsoil,False
SD063,Airport Runways,180,Residential Building,Use deep foundations or densify subsoil,False
SD064,Residential Building,50,Pipeline Infrastructure,Reduce liquid limit via compaction,False
SD064,High-rise Building,150,Pipeline Infrastructure,Increase CBR in top 2 layers,False
SD064,Low-rise,100,Pipeline Infrastructure,Increase CBR in top 2 layers,False
SD064,Roads & Highways,70,Pipeline Infrastructure,Reduce liquid limit via compaction,False
SD064,Bridges,120,Pipeline Infrastructure,Use deep foundations or densify subsoil,False
SD064,Tunnels,150,Pipeline Infrastructure,Reduce liquid limit via compaction,False
SD064,Railway Tracks,80,Pipeline Infrastructure,Use deep foundations or densify subsoil,False
SD064,Pipeline Infrastructure,30,,,True
SD064,Dams,100,Pipeline Infrastructure,Reduce liquid limit via compaction,False
SD064,Water Reservoirs,90,Pipeline Infrastructure,Increase CBR in top 2 layers,False
SD064,Airport Runways,180,Pipeline Infrastructure,Reduce liquid limit via compaction,False
SD065,Residential Building,50,,,True
SD065,High-rise Building,150,Residential Building,Use deep foundations or densify subsoil,False
SD065,Low-rise,100,,,True
SD065,Roads & Highways,70,,,True
SD065,Bridges,120,Residential Building,Use deep foundations or densify subsoil,False
SD065,Tunnels,150,Residential Building,Increase CBR in top 2 layers,False
SD065,Railway Tracks,80,,,True
SD065,Pipeline Infrastructure,30,,,True
SD065,Dams,100,,,True
SD065,Water Reservoirs,90,,,True
SD065,Airport Runways,180,Residential Building,Increase CBR in top 2 layers,False
SD066,Residential Building,50,,,True
SD066,High-rise Building,150,Residential Building,Increase CBR in top 2 layers,False
SD066,Low-rise,100,Residential Building,Use deep foundations or densify subsoil,False
SD066,Roads & Highways,70,Residential Building,Use deep foundations or densify subsoil,False
SD066,Bridges,120,Residential Building,Increase CBR in top 2 layers,False
SD066,Tunnels,150,Residential Building,Increase CBR in top 2 layers,False
SD066,Railway Tracks,80,Residential Building,Increase CBR in top 2 layers,False
SD066,Pipeline Infrastructure,30,,,True
SD066,Dams,100,Residential Building,Increase CBR in top 2 layers,False
SD066,Water Reservoirs,90,Residential Building,Use deep foundations or densify subsoil,False
SD066,Airport Runways,180,Residential Building,Use deep foundations or densify subsoil,False
SD067,Residential Building,50,,,True
SD067,High-rise Building,150,Residential Building,Increase CBR in top 2 layers,False
SD067,Low-rise,100,Residential Building,Use deep foundations or densify subsoil,False
SD067,Roads & Highways,70,,,True
SD067,Bridges,120,Residential Building,Use deep foundations or densify subsoil,False
SD067,Tunnels,150,Residential Building,Use deep foundations or densify subsoil,False
SD067,Railway Tracks,80,,,True
SD067,Pipeline Infrastructure,30,,,True
SD067,Dams,100,Residential Building,Increase CBR in top 2 layers,False
SD067,Water Reservoirs,90,,,True
SD067,Airport Runways,180,Residential Building,Increase CBR in top 2 layers,False
SD068,Residential Building,50,,Reduce liquid limit via compaction,False
SD068,High-rise Building,150,,Reduce liquid limit via compaction,False
SD068,Low-rise,100,,Use deep foundations or densify subsoil,False
SD068,Roads & Highways,70,,Reduce liquid limit via compaction,False
SD068,Bridges,120,,Increase CBR in top 2 layers,False
SD068,Tunnels,150,,Increase CBR in top 2 layers,False
SD068,Railway Tracks,80,,Reduce liquid limit via compaction,False
SD068,Pipeline Infrastructure,30,,Reduce liquid limit via compaction,False
SD068,Dams,100,,Reduce liquid limit via compaction,False
SD068,Water Reservoirs,90,,Reduce liquid limit via compaction,False
SD068,Airport Runways,180,,Use deep foundations or densify subsoil,False
SD069,Residential Building,50,,,True
SD069,High-rise Building,150,Residential Building,Increase CBR in top 2 layers,False
SD069,Low-rise,100,,,True
SD069,Roads & Highways,70,,,True
SD069,Bridges,120,Residential Building,Use deep foundations or densify subsoil,False
SD069,Tunnels,150,Residential Building,Increase CBR in top 2 layers,False
SD069,Railway Tracks,80,,,True
SD069,Pipeline Infrastructure,30,,,True
SD069,Dams,100,,,True
SD069,Water Reservoirs,90,,,True
SD069,Airport Runways,180,Residential Building,Increase CBR in top 2 layers,False
SD070,Residential Building,50,,Reduce liquid limit via compaction,False
SD070,High-rise Building,150,,Use deep foundations or densify subsoil,False
SD070,Low-rise,100,,Reduce liquid limit via compaction,False
SD070,Roads & Highways,70,,Reduce liquid limit via compaction,False
SD070,Bridges,120,,Reduce liquid limit via compaction,False
SD070,Tunnels,150,,Increase CBR in top 2 layers,False
SD070,Railway Tracks,80,,Reduce liquid limit via compaction,False
SD070,Pipeline Infrastructure,30,,Reduce liquid limit via compaction,False
SD070,Dams,100,,Use deep foundations or densify subsoil,False
SD070,Water Reservoirs,90,,Reduce liquid limit via compaction,False
SD070,Airport Runways,180,,Reduce liquid limit via compaction,False
SD071,Residential Building,50,,,True
SD071,High-rise Building,150,Residential Building,Reduce liquid limit via compaction,False
SD071,Low-rise,100,Residential Building,Use deep foundations or densify subsoil,False
SD071,Roads & Highways,70,,,True
SD071,Bridges,120,Residential Building,Increase CBR in top 2 layers,False
SD071,Tunnels,150,Residential Building,Reduce liquid limit via compaction,False
SD071,Railway Tracks,80,Residential Building,Use deep foundations or densify subsoil,False
SD071,Pipeline Infrastructure,30,,,True
SD071,Dams,100,Residential Building,Increase CBR in top 2 layers,False
SD071,Water Reservoirs,90,Residential Building,Increase CBR in top 2 layers,False
SD071,Airport Runways,180,Residential Building,Increase CBR in top 2 layers,False
SL011,Residential Building,50,Pipeline Infrastructure,Reduce liquid limit via compaction,False
SL011,High-rise Building,150,Pipeline Infrastructure,Reduce liquid limit via compaction,False
SL011,Low-rise,100,Pipeline Infrastructure,Reduce liquid limit via compaction,False
SL011,Roads & Highways,70,Pipeline Infrastructure,Reduce liquid limit via compaction,False
SL011,Bridges,120,Pipeline Infrastructure,Increase CBR in top 2 layers,False
SL011,Tunnels,150,Pipeline Infrastructure,Use deep foundations or densify subsoil,False
SL011,Railway Tracks,80,Pipeline Infrastructure,Reduce liquid limit via compaction,False
SL011,Pipeline Infrastructure,30,,,True
SL011,Dams,100,Pipeline Infrastructure,Use deep foundations or densify subsoil,False
SL011,Water Reservoirs,90,Pipeline Infrastructure,Use deep foundations or densify subsoil,False
SL011,Airport Runways,180,Pipeline Infrastructure,Increase CBR in top 2 layers,False
SN013,Residential Building,50,,Reduce liquid limit via compaction,False
SN013,High-rise Building,150,,Reduce liquid limit via compaction,False
SN013,Low-rise,100,,Reduce liquid limit via compaction,False
SN013,Roads & Highways,70,,Reduce liquid limit via compaction,False
SN013,Bridges,120,,Reduce liquid limit via compaction,False
SN013,Tunnels,150,,Increase CBR in top 2 layers,False
SN013,Railway Tracks,80,,Reduce liquid limit via compaction,False
SN013,Pipeline Infrastructure,30,,Reduce liquid limit via compaction,False
SN013,Dams,100,,Use deep foundations or densify subsoil,False
SN013,Water Reservoirs,90,,Reduce liquid limit via compaction,False
SN013,Airport Runways,180,,Reduce liquid limit via compaction,False
SN014,Residential Building,50,,Reduce liquid limit via compaction,False
SN014,High-rise Building,150,,Increase CBR in top 2 layers,False
SN014,Low-rise,100,,Reduce liquid limit via compaction,False
SN014,Roads & Highways,70,,Reduce liquid limit via compaction,False
SN014,Bridges,120,,Increase CBR in top 2 layers,False
SN014,Tunnels,150,,Increase CBR in top 2 layers,False
SN014,Railway Tracks,80,,Reduce liquid limit via compaction,False
SN014,Pipeline Infrastructure,30,,Reduce liquid limit via compaction,False
SN014,Dams,100,,Reduce liquid limit via compaction,False
SN014,Water Reservoirs,90,,Reduce liquid limit via compaction,False
SN014,Airport Runways,180,,Use deep foundations or densify subsoil,False
SV001,Residential Building,50,,,True
SV001,High-rise Building,150,Residential Building,Increase CBR in top 2 layers,False
SV001,Low-rise,100,Residential Building,Use deep foundations or densify subsoil,False
SV001,Roads & Highways,70,,,True
SV001,Bridges,120,Residential Building,Increase CBR in top 2 layers,False
SV001,Tunnels,150,Residential Building,Use deep foundations or densify subsoil,False
SV001,Railway Tracks,80,,,True
SV001,Pipeline Infrastructure,30,,,True
SV001,Dams,100,Residential Building,Use deep foundations or densify subsoil,False
SV001,Water Reservoirs,90,,,True
SV001,Airport Runways,180,Residential Building,Use deep foundations or densify subsoil,False
SV002,Residential Building,50,,,True
SV002,High-rise Building,150,Residential Building,Increase CBR in top 2 layers,False
SV002,Low-rise,100,Residential Building,Use deep foundations or densify subsoil,False
SV002,Roads & Highways,70,,,True
SV002,Bridges,120,Residential Building,Increase CBR in top 2 layers,False
SV002,Tunnels,150,Residential Building,Use deep foundations or densify subsoil,False
SV002,Railway Tracks,80,,,True
SV002,Pipeline Infrastructure,30,,,True
SV002,Dams,100,Residential Building,Increase CBR in top 2 layers,False
SV002,Water Reservoirs,90,,,True
SV002,Airport Runways,180,Residential Building,Reduce liquid limit via compaction,False
SV003,Residential Building,50,,,True
SV003,High-rise Building,150,Residential Building,Increase CBR in top 2 layers,False
SV003,Low-rise,100,,,True
SV003,Roads & Highways,70,,,True
SV003,Bridges,120,,,True
SV003,Tunnels,150,Bridges,Increase CBR in top 2 layers,False
SV003,Railway Tracks,80,,,True
SV003,Pipeline Infrastructure,30,,,True
SV003,Dams,100,,,True
SV003,Water Reservoirs,90,,,True
SV003,Airport Runways,180,Residential Building,Increase CBR in top 2 layers,False
SV004,Residential Building,50,,Reduce liquid limit via compaction,False
SV004,High-rise Building,150,,Reduce liquid limit via compaction,False
SV004,Low-rise,100,,Use deep foundations or densify subsoil,False
SV004,Roads & Highways,70,,Reduce liquid limit via compaction,False
SV004,Bridges,120,,Reduce liquid limit via compaction,False
SV004,Tunnels,150,,Reduce liquid limit via compaction,False
SV004,Railway Tracks,80,,Use deep foundations or densify subsoil,False
SV004,Pipeline Infrastructure,30,,Reduce liquid limit via compaction,False
SV004,Dams,100,,Increase CBR in top 2 layers,False
SV004,Water Reservoirs,90,,Reduce liquid limit via compaction,False
SV004,Airport Runways,180,,Reduce liquid limit via compaction,False
SV005,Residential Building,50,,,True
SV005,High-rise Building,150,Residential Building,Use deep foundations or densify subsoil,False
SV005,Low-rise,100,Residential Building,Increase CBR in top 2 layers,False
SV005,Roads & Highways,70,Residential Building,Increase CBR in top 2 layers,False
SV005,Bridges,120,Residential Building,Increase CBR in top 2 layers,False
SV005,Tunnels,150,Residential Building,Increase CBR in top 2 layers,False
SV005,Railway Tracks,80,Residential Building,Use deep foundations or densify subsoil,False
SV005,Pipeline Infrastructure,30,,,True
SV005,Dams,100,Residential Building,Increase CBR in top 2 layers,False
SV005,Water Reservoirs,90,Residential Building,Increase CBR in top 2 layers,False
SV005,Airport Runways,180,Residential Building,Increase CBR in top 2 layers,False
SY005,Residential Building,50,,,True
SY005,High-rise Building,150,Residential Building,Reduce liquid limit via compaction,False
SY005,Low-rise,100,Residential Building,Use deep foundations or densify subsoil,False
SY005,Roads & Highways,70,Residential Building,Use deep foundations or densify subsoil,False
SY005,Bridges,120,Residential Building,Use deep foundations or densify subsoil,False
SY005,Tunnels,150,Residential Building,Increase CBR in top 2 layers,False
SY005,Railway Tracks,80,Residential Building,Use deep foundations or densify subsoil,False
SY005,Pipeline Infrastructure,30,,,True
SY005,Dams,100,Residential Building,Reduce liquid limit via compaction,False
SY005,Water Reservoirs,90,Residential Building,Increase CBR in top 2 layers,False
SY005,Airport Runways,180,Residential Building,Use deep foundations or densify subsoil,False
SY006,Residential Building,50,,,True
SY006,High-rise Building,150,Residential Building,Increase CBR in top 2 layers,False
SY006,Low-rise,100,,,True
SY006,Roads & Highways,70,,,True
SY006,Bridges,120,Residential Building,Increase CBR in top 2 layers,False
SY006,Tunnels,150,Residential Building,Increase CBR in top 2 layers,False
SY006,Railway Tracks,80,,,True
SY006,Pipeline Infrastructure,30,,,True
SY006,Dams,100,,,True
SY006,Water Reservoirs,90,,,True
SY006,Airport Runways,180,Residential Building,Use deep foundations or densify subsoil,False
SY007,Residential Building,50,,,True
SY007,High-rise Building,150,Residential Building,Increase CBR in top 2 layers,False
SY007,Low-rise,100,Residential Building,Use deep foundations or densify subsoil,False
SY007,Roads & Highways,70,Residential Building,Increase CBR in top 2 layers,False
SY007,Bridges,120,Residential Building,Increase CBR in top 2 layers,False
SY007,Tunnels,150,Residential Building,Increase CBR in top 2 layers,False
SY007,Railway Tracks,80,Residential Building,Use deep foundations or densify subsoil,False
SY007,Pipeline Infrastructure,30,,,True
SY007,Dams,100,Residential Building,Increase CBR in top 2 layers,False
SY007,Water Reservoirs,90,Residential Building,Use deep foundations or densify subsoil,False
SY007,Airport Runways,180,Residential Building,Increase CBR in top 2 layers,False
SY008,Residential Building,50,,Reduce liquid limit via compaction,False
SY008,High-rise Building,150,,Reduce liquid limit via compaction,False
SY008,Low-rise,100,,Reduce liquid limit via compaction,False
SY008,Roads & Highways,70,,Reduce liquid limit via compaction,False
SY008,Bridges,120,,Use deep foundations or densify subsoil,False
SY008,Tunnels,150,,Use deep foundations or densify subsoil,False
SY008,Railway Tracks,80,,Use deep foundations or densify subsoil,False
SY008,Pipeline Infrastructure,30,,Reduce liquid limit via compaction,False
SY008,Dams,100,,Use deep foundations or densify subsoil,False
SY008,Water Reservoirs,90,,Use deep foundations or densify subsoil,False
SY008,Airport Runways,180,,Use deep foundations or densify subsoil,False
SY009,Residential Building,50,,,True
SY009,High-rise Building,150,Residential Building,Increase CBR in top 2 layers,False
SY009,Low-rise,100,Residential Building,Increase CBR in top 2 layers,False
SY009,Roads & Highways,70,,,True
SY009,Bridges,120,Residential Building,Use deep foundations or densify subsoil,False
SY009,Tunnels,150,Residential Building,Use deep foundations or densify subsoil,False
SY009,Railway Tracks,80,Residential Building,Use deep foundations or densify subsoil,False
SY009,Pipeline Infrastructure,30,,,True
SY009,Dams,100,Residential Building,Increase CBR in top 2 layers,False
SY009,Water Reservoirs,90,Residential Building,Increase CBR in top 2 layers,False
SY009,Airport Runways,180,Residential Building,Use deep foundations or densify subsoil,False
SY010,Residential Building,50,,Use deep foundations or densify subsoil,False
SY010,High-rise Building,150,,Use deep foundations or densify subsoil,False
SY010,Low-rise,100,,Use deep foundations or densify subsoil,False
SY010,Roads & Highways,70,,Increase CBR in top 2 layers,False
SY010,Bridges,120,,Reduce liquid limit via compaction,False
SY010,Tunnels,150,,Use deep foundations or densify subsoil,False
SY010,Railway Tracks,80,,Use deep foundations or densify subsoil,False
SY010,Pipeline Infrastructure,30,,Increase CBR in top 2 layers,False
SY010,Dams,100,,Increase CBR in top 2 layers,False
SY010,Water Reservoirs,90,,Use deep foundations or densify subsoil,False
SY010,Airport Runways,180,,Reduce liquid limit via compaction,False
TH039,Residential Building,50,Pipeline Infrastructure,Reduce liquid limit via compaction,False
TH039,High-rise Building,150,Pipeline Infrastructure,Use deep foundations or densify subsoil,False
TH039,Low-rise,100,Pipeline Infrastructure,Use deep foundations or densify subsoil,False
TH039,Roads & Highways,70,Pipeline Infrastructure,Increase CBR in top 2 layers,False
TH039,Bridges,120,Pipeline Infrastructure,Increase CBR in top 2 layers,False
TH039,Tunnels,150,Pipeline Infrastructure,Reduce liquid limit via compaction,False
TH039,Railway Tracks,80,Pipeline Infrastructure,Use deep foundations or densify subsoil,False
TH039,Pipeline Infrastructure,30,,,True
TH039,Dams,100,Pipeline Infrastructure,Use deep foundations or densify subsoil,False
TH039,Water Reservoirs,90,Pipeline Infrastructure,Increase CBR in top 2 layers,False
TH039,Airport Runways,180,Pipeline Infrastructure,Reduce liquid limit via compaction,False
TH040,Residential Building,50,,Reduce liquid limit via compaction,False
TH040,High-rise Building,150,,Reduce liquid limit via compaction,False
TH040,Low-rise,100,,Reduce liquid limit via compaction,False
TH040,Roads & Highways,70,,Reduce liquid limit via compaction,False
TH040,Bridges,120,,Use deep foundations or densify subsoil,False
TH040,Tunnels,150,,Use deep foundations or densify subsoil,False
TH040,Railway Tracks,80,,Reduce liquid limit via compaction,False
TH040,Pipeline Infrastructure,30,,Reduce liquid limit via compaction,False
TH040,Dams,100,,Increase CBR in top 2 layers,False
TH040,Water Reservoirs,90,,Use deep foundations or densify subsoil,False
TH040,Airport Runways,180,,Increase CBR in top 2 layers,False
TH041,Residential Building,50,,,True
TH041,High-rise Building,150,Residential Building,Use deep foundations or densify subsoil,False
TH041,Low-rise,100,Residential Building,Use deep foundations or densify subsoil,False
TH041,Roads & Highways,70,,,True
TH041,Bridges,120,Residential Building,Increase CBR in top 2 layers,False
TH041,Tunnels,150,Residential Building,Use deep foundations or densify subsoil,False
TH041,Railway Tracks,80,,,True
TH041,Pipeline Infrastructure,30,,,True
TH041,Dams,100,Residential Building,Increase CBR in top 2 layers,False
TH041,Water Reservoirs,90,Residential Building,Use deep foundations or densify subsoil,False
TH041,Airport Runways,180,Residential Building,Use deep foundations or densify subsoil,False
TH042,Residential Building,50,,,True
TH042,High-rise Building,150,Residential Building,Increase CBR in top 2 layers,False
TH042,Low-rise,100,Residential Building,Use deep foundations or densify subsoil,False
TH042,Roads & Highways,70,Residential Building,Use deep foundations or densify subsoil,False
TH042,Bridges,120,Residential Building,Increase CBR in top 2 layers,False
TH042,Tunnels,150,Residential Building,Increase CBR in top 2 layers,False
TH042,Railway Tracks,80,Residential Building,Increase CBR in top 2 layers,False
TH042,Pipeline Infrastructure,30,,,True
TH042,Dams,100,Residential Building,Use deep foundations or densify subsoil,False
TH042,Water Reservoirs,90,Residential Building,Increase CBR in top 2 layers,False
TH042,Airport Runways,180,Residential Building,Increase CBR in top 2 layers,False
TH043,Residential Building,50,,Increase CBR in top 2 layers,False
TH043,High-rise Building,150,,Use deep foundations or densify subsoil,False
TH043,Low-rise,100,,Increase CBR in top 2 layers,False
TH043,Roads & Highways,70,,Use deep foundations or densify subsoil,False
TH043,Bridges,120,,Increase CBR in top 2 layers,False
TH043,Tunnels,150,,Use deep foundations or densify subsoil,False
TH043,Railway Tracks,80,,Increase CBR in top 2 layers,False
TH043,Pipeline Infrastructure,30,,Increase CBR in top 2 layers,False
TH043,Dams,100,,Increase CBR in top 2 layers,False
TH043,Water Reservoirs,90,,Increase CBR in top 2 layers,False
TH043,Airport Runways,180,,Use deep foundations or densify subsoil,False
TH044,Residential Building,50,,,True
TH044,High-rise Building,150,Residential Building,Use deep foundations or densify subsoil,False
TH044,Low-rise,100,,,True
TH044,Roads & Highways,70,,,True
TH044,Bridges,120,,,True
TH044,Tunnels,150,Bridges,Increase CBR in top 2 layers,False
TH044,Railway Tracks,80,,,True
TH044,Pipeline Infrastructure,30,,,True
TH044,Dams,100,,,True
TH044,Water Reservoirs,90,,,True
TH044,Airport Runways,180,Residential Building,Use deep foundations or densify subsoil,False
TH045,Residential Building,50,,,True
TH045,High-rise Building,150,Residential Building,Use deep foundations or densify subsoil,False
TH045,Low-rise,100,Residential Building,Reduce liquid limit via compaction,False
TH045,Roads & Highways,70,,,True
TH045,Bridges,120,Residential Building,Use deep foundations or densify subsoil,False
TH045,Tunnels,150,Residential Building,Use deep foundations or densify subsoil,False
TH045,Railway Tracks,80,,,True
TH045,Pipeline Infrastructure,30,,,True
TH045,Dams,100,Residential Building,Use deep foundations or densify subsoil,False
TH045,Water Reservoirs,90,Residential Building,Reduce liquid limit via compaction,False
TH045,Airport Runways,180,Residential Building,Increase CBR in top 2 layers,False
TH046,Residential Building,50,Pipeline Infrastructure,Reduce liquid limit via compaction,False
TH046,High-rise Building,150,Pipeline Infrastructure,Use deep foundations or densify subsoil,False
TH046,Low-rise,100,Pipeline Infrastructure,Reduce liquid limit via compaction,False
TH046,Roads & Highways,70,Pipeline Infrastructure,Reduce liquid limit via compaction,False
TH046,Bridges,120,Pipeline Infrastructure,Reduce liquid limit via compaction,False
TH046,Tunnels,150,Pipeline Infrastructure,Use deep foundations or densify subsoil,False
TH046,Railway Tracks,80,Pipeline Infrastructure,Reduce liquid limit via compaction,False
TH046,Pipeline Infrastructure,30,,,True
TH046,Dams,100,Pipeline Infrastructure,Reduce liquid limit via compaction,False
TH046,Water Reservoirs,90,Pipeline Infrastructure,Reduce liquid limit via compaction,False
TH046,Airport Runways,180,Pipeline Infrastructure,Increase CBR in top 2 layers,False
TH047,Residential Building,50,,,True
TH047,High-rise Building,150,Residential Building,Increase CBR in top 2 layers,False
TH047,Low-rise,100,Residential Building,Use deep foundations or densify subsoil,False
TH047,Roads & Highways,70,,,True
TH047,Bridges,120,Residential Building,Use deep foundations or densify subsoil,False
TH047,Tunnels,150,Residential Building,Use deep foundations or densify subsoil,False
TH047,Railway Tracks,80,Residential Building,Use deep foundations or densify subsoil,False
TH047,Pipeline Infrastructure,30,,,True
TH047,Dams,100,Residential Building,Increase CBR in top 2 layers,False
TH047,Water Reservoirs,90,Residential Building,Use deep foundations or densify subsoil,False
TH047,Airport Runways,180,Residential Building,Use deep foundations or densify subsoil,False
TH048,Residential Building,50,,,True
TH048,High-rise Building,150,Residential Building,Use deep foundations or densify subsoil,False
TH048,Low-rise,100,Residential Building,Increase CBR in top 2 layers,False
TH048,Roads & Highways,70,Residential Building,Use deep foundations or densify subsoil,False
TH048,Bridges,120,Residential Building,Increase CBR in top 2 layers,False
TH048,Tunnels,150,Residential Building,Use deep foundations or densify subsoil,False
TH048,Railway Tracks,80,Residential Building,Increase CBR in top 2 layers,False
TH048,Pipeline Infrastructure,30,,,True
TH048,Dams,100,Residential Building,Use deep foundations or densify subsoil,False
TH048,Water Reservoirs,90,Residential Building,Increase CBR in top 2 layers,False
TH048,Airport Runways,180,Residential Building,Increase CBR in top 2 layers,False
TH049,Residential Building,50,,,True
TH049,High-rise Building,150,Residential Building,Increase CBR in top 2 layers,False
TH049,Low-rise,100,Residential Building,Use deep foundations or densify subsoil,False
TH049,Roads & Highways,70,,,True
TH049,Bridges,120,Residential Building,Use deep foundations or densify subsoil,False
TH049,Tunnels,150,Residential Building,Use deep foundations or densify subsoil,False
TH049,Railway Tracks,80,,,True
TH049,Pipeline Infrastructure,30,,,True
TH049,Dams,100,Residential Building,Use deep foundations or densify subsoil,False
TH049,Water Reservoirs,90,Residential Building,Use deep foundations or densify subsoil,False
TH049,Airport Runways,180,Residential Building,Increase CBR in top 2 layers,False
TH050,Residential Building,50,Pipeline Infrastructure,Reduce liquid limit via compaction,False
TH050,High-rise Building,150,Pipeline Infrastructure,Use deep foundations or densify subsoil,False
TH050,Low-rise,100,Pipeline Infrastructure,Reduce liquid limit via compaction,False
TH050,Roads & Highways,70,Pipeline Infrastructure,Reduce liquid limit via compaction,False
TH050,Bridges,120,Pipeline Infrastructure,Reduce liquid limit via compaction,False
TH050,Tunnels,150,Pipeline Infrastructure,Increase CBR in top 2 layers,False
TH050,Railway Tracks,80,Pipeline Infrastructure,Reduce liquid limit via compaction,False
TH050,Pipeline Infrastructure,30,,,True
TH050,Dams,100,Pipeline Infrastructure,Use deep foundations or densify subsoil,False
TH050,Water Reservoirs,90,Pipeline Infrastructure,Reduce liquid limit via compaction,False
TH050,Airport Runways,180,Pipeline Infrastructure,Reduce liquid limit via compaction,False
TH051,Residential Building,50,,Reduce liquid limit via compaction,False
TH051,High-rise Building,150,,Increase CBR in top 2 layers,False
TH051,Low-rise,100,,Increase CBR in top 2 layers,False
TH051,Roads & Highways,70,,Reduce liquid limit via compaction,False
TH051,Bridges,120,,Increase CBR in top 2 layers,False
TH051,Tunnels,150,,Increase CBR in top 2 layers,False
TH051,Railway Tracks,80,,Reduce liquid limit via compaction,False
TH051,Pipeline Infrastructure,30,,Reduce liquid limit via compaction,False
TH051,Dams,100,,Reduce liquid limit via compaction,False
TH051,Water Reservoirs,90,,Increase CBR in top 2 layers,False
TH051,Airport Runways,180,,Increase CBR in top 2 layers,False
TH052,Residential Building,50,,,True
TH052,High-rise Building,150,Residential Building,Reduce liquid limit via compaction,False
TH052,Low-rise,100,Residential Building,Use deep foundations or densify subsoil,False
TH052,Roads & Highways,70,,,True
TH052,Bridges,120,Residential Building,Increase CBR in top 2 layers,False
TH052,Tunnels,150,Residential Building,Reduce liquid limit via compaction,False
TH052,Railway Tracks,80,Residential Building,Use deep foundations or densify subsoil,False
TH052,Pipeline Infrastructure,30,,,True
TH052,Dams,100,Residential Building,Use deep foundations or densify subsoil,False
TH052,Water Reservoirs,90,Residential Building,Reduce liquid limit via compaction,False
TH052,Airport Runways,180,Residential Building,Reduce liquid limit via compaction,False
TH053,Residential Building,50,,,True
TH053,High-rise Building,150,Residential Building,Use deep foundations or densify subsoil,False
TH053,Low-rise,100,Residential Building,Use deep foundations or densify subsoil,False
TH053,Roads & Highways,70,Residential Building,Use deep foundations or densify subsoil,False
TH053,Bridges,120,Residential Building,Use deep foundations or densify subsoil,False
TH053,Tunnels,150,Residential Building,Increase CBR in top 2 layers,False
TH053,Railway Tracks,80,Residential Building,Use deep foundations or densify subsoil,False
TH053,Pipeline Infrastructure,30,,,True
TH053,Dams,100,Residential Building,Use deep foundations or densify subsoil,False
TH053,Water Reservoirs,90,Residential Building,Increase CBR in top 2 layers,False
TH053,Airport Runways,180,Residential Building,Reduce liquid limit via compaction,False
TH054,Residential Building,50,Pipeline Infrastructure,Reduce liquid limit via compaction,False
TH054,High-rise Building,150,Pipeline Infrastructure,Reduce liquid limit via compaction,False
TH054,Low-rise,100,Pipeline Infrastructure,Reduce liquid limit via compaction,False
TH054,Roads & Highways,70,Pipeline Infrastructure,Reduce liquid limit via compaction,False
TH054,Bridges,120,Pipeline Infrastructure,Increase CBR in top 2 layers,False
TH054,Tunnels,150,Pipeline Infrastructure,Reduce liquid limit via compaction,False
TH054,Railway Tracks,80,Pipeline Infrastructure,Reduce liquid limit via compaction,False
TH054,Pipeline Infrastructure,30,,,True
TH054,Dams,100,Pipeline Infrastructure,Increase CBR in top 2 layers,False
TH054,Water Reservoirs,90,Pipeline Infrastructure,Reduce liquid limit via compaction,False
TH054,Airport Runways,180,Pipeline Infrastructure,Reduce liquid limit via compaction,False
TH055,Residential Building,50,,,True
TH055,High-rise Building,150,Residential Building,Reduce liquid limit via compaction,False
TH055,Low-rise,100,,,True
TH055,Roads & Highways,70,,,True
TH055,Bridges,120,Residential Building,Use deep foundations or densify subsoil,False
TH055,Tunnels,150,Residential Building,Increase CBR in top 2 layers,False
TH055,Railway Tracks,80,,,True
TH055,Pipeline Infrastructure,30,,,True
TH055,Dams,100,Residential Building,Reduce liquid limit via compaction,False
TH055,Water Reservoirs,90,Residential Building,Reduce liquid limit via compaction,False
TH055,Airport Runways,180,Residential Building,Use deep foundations or densify subsoil,False
TH056,Residential Building,50,,Reduce liquid limit via compaction,False
TH056,High-rise Building,150,,Reduce liquid limit via compaction,False
TH056,Low-rise,100,,Reduce liquid limit via compaction,False
TH056,Roads & Highways,70,,Reduce liquid limit via compaction,False
TH056,Bridges,120,,Use deep foundations or densify subsoil,False
TH056,Tunnels,150,,Reduce liquid limit via compaction,False
TH056,Railway Tracks,80,,Reduce liquid limit via compaction,False
TH056,Pipeline Infrastructure,30,,Reduce liquid limit via compaction,False
TH056,Dams,100,,Reduce liquid limit via compaction,False
TH056,Water Reservoirs,90,,Reduce liquid limit via compaction,False
TH056,Airport Runways,180,,Reduce liquid limit via compaction,False
TH057,Residential Building,50,,,True
TH057,High-rise Building,150,Residential Building,Increase CBR in top 2 layers,False
TH057,Low-rise,100,Residential Building,Reduce liquid limit via compaction,False
TH057,Roads & Highways,70,,,True
TH057,Bridges,120,Residential Building,Reduce liquid limit via compaction,False
TH057,Tunnels,150,Residential Building,Increase CBR in top 2 layers,False
TH057,Railway Tracks,80,,,True
TH057,Pipeline Infrastructure,30,,,True
TH057,Dams,100,Residential Building,Reduce liquid limit via compaction,False
TH057,Water Reservoirs,90,Residential Building,Reduce liquid limit via compaction,False
TH057,Airport Runways,180,Residential Building,Reduce liquid limit via compaction,False
TH058,Residential Building,50,Pipeline Infrastructure,Use deep foundations or densify subsoil,False
TH058,High-rise Building,150,Pipeline Infrastructure,Use deep foundations or densify subsoil,False
TH058,Low-rise,100,Pipeline Infrastructure,Increase CBR in top 2 layers,False
TH058,Roads & Highways,70,Pipeline Infrastructure,Increase CBR in top 2 layers,False
TH058,Bridges,120,Pipeline Infrastructure,Increase CBR in top 2 layers,False
TH058,Tunnels,150,Pipeline Infrastructure,Use deep foundations or densify subsoil,False
TH058,Railway Tracks,80,Pipeline Infrastructure,Increase CBR in top 2 layers,False
TH058,Pipeline Infrastructure,30,,,True
TH058,Dams,100,Pipeline Infrastructure,Increase CBR in top 2 layers,False
TH058,Water Reservoirs,90,Pipeline Infrastructure,Increase CBR in top 2 layers,False
TH058,Airport Runways,180,Pipeline Infrastructure,Use deep foundations or densify subsoil,False
TH059,Residential Building,50,Pipeline Infrastructure,Increase CBR in top 2 layers,False
TH059,High-rise Building,150,Pipeline Infrastructure,Reduce liquid limit via compaction,False
TH059,Low-rise,100,Pipeline Infrastructure,Reduce liquid limit via compaction,False
TH059,Roads & Highways,70,Pipeline Infrastructure,Increase CBR in top 2 layers,False
TH059,Bridges,120,Pipeline Infrastructure,Use deep foundations or densify subsoil,False
TH059,Tunnels,150,Pipeline Infrastructure,Use deep foundations or densify subsoil,False
TH059,Railway Tracks,80,Pipeline Infrastructure,Increase CBR in top 2 layers,False
TH059,Pipeline Infrastructure,30,,,True
TH059,Dams,100,Pipeline Infrastructure,Increase CBR in top 2 layers,False
TH059,Water Reservoirs,90,Pipeline Infrastructure,Increase CBR in top 2 layers,False
TH059,Airport Runways,180,Pipeline Infrastructure,Increase CBR in top 2 layers,False
TH060,Residential Building,50,Pipeline Infrastructure,Increase CBR in top 2 layers,False
TH060,High-rise Building,150,Pipeline Infrastructure,Increase CBR in top 2 layers,False
TH060,Low-rise,100,Pipeline Infrastructure,Reduce liquid limit via compaction,False
TH060,Roads & Highways,70,Pipeline Infrastructure,Increase CBR in top 2 layers,False
TH060,Bridges,120,Pipeline Infrastructure,Use deep foundations or densify subsoil,False
TH060,Tunnels,150,Pipeline Infrastructure,Reduce liquid limit via compaction,False
TH060,Railway Tracks,80,Pipeline Infrastructure,Reduce liquid limit via compaction,False
TH060,Pipeline Infrastructure,30,,,True
TH060,Dams,100,Pipeline Infrastructure,Use deep foundations or densify subsoil,False
TH060,Water Reservoirs,90,Pipeline Infrastructure,Use deep foundations or densify subsoil,False
TH060,Airport Runways,180,Pipeline Infrastructure,Reduce liquid limit via compaction,False
TH061,Residential Building,50,,,True
TH061,High-rise Building,150,Residential Building,Increase CBR in top 2 layers,False
TH061,Low-rise,100,,,True
TH061,Roads & Highways,70,,,True
TH061,Bridges,120,Residential Building,Increase CBR in top 2 layers,False
TH061,Tunnels,150,Residential Building,Use deep foundations or densify subsoil,False
TH061,Railway Tracks,80,,,True
TH061,Pipeline Infrastructure,30,,,True
TH061,Dams,100,,,True
TH061,Water Reservoirs,90,,,True
TH061,Airport Runways,180,Residential Building,Use deep foundations or densify subsoil,False
TH062,Residential Building,50,Pipeline Infrastructure,Increase CBR in top 2 layers,False
TH062,High-rise Building,150,Pipeline Infrastructure,Use deep foundations or densify subsoil,False
TH062,Low-rise,100,Pipeline Infrastructure,Increase CBR in top 2 layers,False
TH062,Roads & Highways,70,Pipeline Infrastructure,Use deep foundations or densify subsoil,False
TH062,Bridges,120,Pipeline Infrastructure,Increase CBR in top 2 layers,False
TH062,Tunnels,150,Pipeline Infrastructure,Increase CBR in top 2 layers,False
TH062,Railway Tracks,80,Pipeline Infrastructure,Use deep foundations or densify subsoil,False
TH062,Pipeline Infrastructure,30,,,True
TH062,Dams,100,Pipeline Infrastructure,Increase CBR in top 2 layers,False
TH062,Water Reservoirs,90,Pipeline Infrastructure,Increase CBR in top 2 layers,False
TH062,Airport Runways,180,Pipeline Infrastructure,Use deep foundations or densify subsoil,False
TH063,Residential Building,50,,Reduce liquid limit via compaction,False
TH063,High-rise Building,150,,Increase CBR in top 2 layers,False
TH063,Low-rise,100,,Reduce liquid limit via compaction,False
TH063,Roads & Highways,70,,Reduce liquid limit via compaction,False
TH063,Bridges,120,,Reduce liquid limit via compaction,False
TH063,Tunnels,150,,Use deep foundations or densify subsoil,False
TH063,Railway Tracks,80,,Reduce liquid limit via compaction,False
TH063,Pipeline Infrastructure,30,,Reduce liquid limit via compaction,False
TH063,Dams,100,,Reduce liquid limit via compaction,False
TH063,Water Reservoirs,90,,Reduce liquid limit via compaction,False
TH063,Airport Runways,180,,Increase CBR in top 2 layers,False
TH064,Residential Building,50,Pipeline Infrastructure,Reduce liquid limit via compaction,False
TH064,High-rise Building,150,Pipeline Infrastructure,Reduce liquid limit via compaction,False
TH064,Low-rise,100,Pipeline Infrastructure,Reduce liquid limit via compaction,False
TH064,Roads & Highways,70,Pipeline Infrastructure,Reduce liquid limit via compaction,False
TH064,Bridges,120,Pipeline Infrastructure,Use deep foundations or densify subsoil,False
TH064,Tunnels,150,Pipeline Infrastructure,Use deep foundations or densify subsoil,False
TH064,Railway Tracks,80,Pipeline Infrastructure,Use deep foundations or densify subsoil,False
TH064,Pipeline Infrastructure,30,,,True
TH064,Dams,100,Pipeline Infrastructure,Reduce liquid limit via compaction,False
TH064,Water Reservoirs,90,Pipeline Infrastructure,Use deep foundations or densify subsoil,False
TH064,Airport Runways,180,Pipeline Infrastructure,Reduce liquid limit via compaction,False
TH065,Residential Building,50,Pipeline Infrastructure,Reduce liquid limit via compaction,False
TH065,High-rise Building,150,Pipeline Infrastructure,Use deep foundations or densify subsoil,False
TH065,Low-rise,100,Pipeline Infrastructure,Reduce liquid limit via compaction,False
TH065,Roads & Highways,70,Pipeline Infrastructure,Reduce liquid limit via compaction,False
TH065,Bridges,120,Pipeline Infrastructure,Increase CBR in top 2 layers,False
TH065,Tunnels,150,Pipeline Infrastructure,Increase CBR in top 2 layers,False
TH065,Railway Tracks,80,Pipeline Infrastructure,Reduce liquid limit via compaction,False
TH065,Pipeline Infrastructure,30,,,True
TH065,Dams,100,Pipeline Infrastructure,Reduce liquid limit via compaction,False
TH065,Water Reservoirs,90,Pipeline Infrastructure,Reduce liquid limit via compaction,False
TH065,Airport Runways,180,Pipeline Infrastructure,Increase CBR in top 2 layers,False
TH066,Residential Building,50,Pipeline Infrastructure,Increase CBR in top 2 layers,False
TH066,High-rise Building,150,Pipeline Infrastructure,Use deep foundations or densify subsoil,False
TH066,Low-rise,100,Pipeline Infrastructure,Increase CBR in top 2 layers,False
TH066,Roads & Highways,70,Pipeline Infrastructure,Use deep foundations or densify subsoil,False
TH066,Bridges,120,Pipeline Infrastructure,Increase CBR in top 2 layers,False
TH066,Tunnels,150,Pipeline Infrastructure,Increase CBR in top 2 layers,False
TH066,Railway Tracks,80,Pipeline Infrastructure,Use deep foundations or densify subsoil,False
TH066,Pipeline Infrastructure,30,,,True
TH066,Dams,100,Pipeline Infrastructure,Use deep foundations or densify subsoil,False
TH066,Water Reservoirs,90,Pipeline Infrastructure,Increase CBR in top 2 layers,False
TH066,Airport Runways,180,Pipeline Infrastructure,Use deep foundations or densify subsoil,False
TH067,Residential Building,50,,Reduce liquid limit via compaction,False
TH067,High-rise Building,150,,Increase CBR in top 2 layers,False
TH067,Low-rise,100,,Reduce liquid limit via compaction,False
TH067,Roads & Highways,70,,Reduce liquid limit via compaction,False
TH067,Bridges,120,,Reduce liquid limit via compaction,False
TH067,Tunnels,150,,Increase CBR in top 2 layers,False
TH067,Railway Tracks,80,,Reduce liquid limit via compaction,False
TH067,Pipeline Infrastructure,30,,Reduce liquid limit via compaction,False
TH067,Dams,100,,Reduce liquid limit via compaction,False
TH067,Water Reservoirs,90,,Reduce liquid limit via compaction,False
TH067,Airport Runways,180,,Use deep foundations or densify subsoil,False
TH068,Residential Building,50,Pipeline Infrastructure,Reduce liquid limit via compaction,False
TH068,High-rise Building,150,Pipeline Infrastructure,Increase CBR in top 2 layers,False
TH068,Low-rise,100,Pipeline Infrastructure,Reduce liquid limit via compaction,False
TH068,Roads & Highways,70,Pipeline Infrastructure,Reduce liquid limit via compaction,False
TH068,Bridges,120,Pipeline Infrastructure,Increase CBR in top 2 layers,False
TH068,Tunnels,150,Pipeline Infrastructure,Increase CBR in top 2 layers,False
TH068,Railway Tracks,80,Pipeline Infrastructure,Reduce liquid limit via compaction,False
TH068,Pipeline Infrastructure,30,,,True
TH068,Dams,100,Pipeline Infrastructure,Reduce liquid limit via compaction,False
TH068,Water Reservoirs,90,Pipeline Infrastructure,Reduce liquid limit via compaction,False
TH068,Airport Runways,180,Pipeline Infrastructure,Increase CBR in top 2 layers,False
TH069,Residential Building,50,,,True
TH069,High-rise Building,150,Residential Building,Increase CBR in top 2 layers,False
TH069,Low-rise,100,,,True
TH069,Roads & Highways,70,,,True
TH069,Bridges,120,,,True
TH069,Tunnels,150,Bridges,Use deep foundations or densify subsoil,False
TH069,Railway Tracks,80,,,True
TH069,Pipeline Infrastructure,30,,,True
TH069,Dams,100,,,True
TH069,Water Reservoirs,90,,,True
TH069,Airport Runways,180,Residential Building,Use deep foundations or densify subsoil,False
TH070,Residential Building,50,,,True
TH070,High-rise Building,150,Residential Building,Increase CBR in top 2 layers,False
TH070,Low-rise,100,Residential Building,Use deep foundations or densify subsoil,False
TH070,Roads & Highways,70,,,True
TH070,Bridges,120,Residential Building,Use deep foundations or densify subsoil,False
TH070,Tunnels,150,Residential Building,Increase CBR in top 2 layers,False
TH070,Railway Tracks,80,,,True
TH070,Pipeline Infrastructure,30,,,True
TH070,Dams,100,Residential Building,Use deep foundations or densify subsoil,False
TH070,Water Reservoirs,90,Residential Building,Reduce liquid limit via compaction,False
TH070,Airport Runways,180,Residential Building,Increase CBR in top 2 layers,False
TH071,Residential Building,50,,,True
TH071,High-rise Building,150,Residential Building,Use deep foundations or densify subsoil,False
TH071,Low-rise,100,Residential Building,Use deep foundations or densify subsoil,False
TH071,Roads & Highways,70,,,True
TH071,Bridges,120,Residential Building,Use deep foundations or densify subsoil,False
TH071,Tunnels,150,Residential Building,Increase CBR in top 2 layers,False
TH071,Railway Tracks,80,,,True
TH071,Pipeline Infrastructure,30,,,True
TH071,Dams,100,Residential Building,Increase CBR in top 2 layers,False
TH071,Water Reservoirs,90,,,True
TH071,Airport Runways,180,Residential Building,Use deep foundations or densify subsoil,False
TH072,Residential Building,50,,Reduce liquid limit via compaction,False
TH072,High-rise Building,150,,Increase CBR in top 2 layers,False
TH072,Low-rise,100,,Reduce liquid limit via compaction,False
TH072,Roads & Highways,70,,Reduce liquid limit via compaction,False
TH072,Bridges,120,,Use deep foundations or densify subsoil,False
TH072,Tunnels,150,,Use deep foundations or densify subsoil,False
TH072,Railway Tracks,80,,Reduce liquid limit via compaction,False
TH072,Pipeline Infrastructure,30,,Reduce liquid limit via compaction,False
TH072,Dams,100,,Reduce liquid limit via compaction,False
TH072,Water Reservoirs,90,,Use deep foundations or densify subsoil,False
TH072,Airport Runways,180,,Increase CBR in top 2 layers,False
TH073,Residential Building,50,,Reduce liquid limit via compaction,False
TH073,High-rise Building,150,,Reduce liquid limit via compaction,False
TH073,Low-rise,100,,Reduce liquid limit via compaction,False
TH073,Roads & Highways,70,,Reduce liquid limit via compaction,False
TH073,Bridges,120,,Reduce liquid limit via compaction,False
TH073,Tunnels,150,,Increase CBR in top 2 layers,False
TH073,Railway Tracks,80,,Reduce liquid limit via compaction,False
TH073,Pipeline Infrastructure,30,,Reduce liquid limit via compaction,False
TH073,Dams,100,,Reduce liquid limit via compaction,False
TH073,Water Reservoirs,90,,Reduce liquid limit via compaction,False
TH073,Airport Runways,180,,Reduce liquid limit via compaction,False
TN001,Residential Building,50,,Reduce liquid limit via compaction,False
TN001,High-rise Building,150,,Reduce liquid limit via compaction,False
TN001,Low-rise,100,,Use deep foundations or densify subsoil,False
TN001,Roads & Highways,70,,Reduce liquid limit via compaction,False
TN001,Bridges,120,,Increase CBR in top 2 layers,False
TN001,Tunnels,150,,Increase CBR in top 2 layers,False
TN001,Railway Tracks,80,,Reduce liquid limit via compaction,False
TN001,Pipeline Infrastructure,30,,Reduce liquid limit via compaction,False
TN001,Dams,100,,Use deep foundations or densify subsoil,False
TN001,Water Reservoirs,90,,Use deep foundations or densify subsoil,False
TN001,Airport Runways,180,,Use deep foundations or densify subsoil,False
TN002,Residential Building,50,,,True
TN002,High-rise Building,150,Residential Building,Use deep foundations or densify subsoil,False
TN002,Low-rise,100,Residential Building,Use deep foundations or densify subsoil,False
TN002,Roads & Highways,70,Residential Building,Use deep foundations or densify subsoil,False
TN002,Bridges,120,Residential Building,Use deep foundations or densify subsoil,False
TN002,Tunnels,150,Residential Building,Increase CBR in top 2 layers,False
TN002,Railway Tracks,80,Residential Building,Use deep foundations or densify subsoil,False
TN002,Pipeline Infrastructure,30,,,True
TN002,Dams,100,Residential Building,Increase CBR in top 2 layers,False
TN002,Water Reservoirs,90,Residential Building,Increase CBR in top 2 layers,False
TN002,Airport Runways,180,Residential Building,Use deep foundations or densify subsoil,False
TN003,Residential Building,50,,Reduce liquid limit via compaction,False
TN003,High-rise Building,150,,Increase CBR in top 2 layers,False
TN003,Low-rise,100,,Use deep foundations or densify subsoil,False
TN003,Roads & Highways,70,,Reduce liquid limit via compaction,False
TN003,Bridges,120,,Use deep foundations or densify subsoil,False
TN003,Tunnels,150,,Reduce liquid limit via compaction,False
TN003,Railway Tracks,80,,Reduce liquid limit via compaction,False
TN003,Pipeline Infrastructure,30,,Reduce liquid limit via compaction,False
TN003,Dams,100,,Increase CBR in top 2 layers,False
TN003,Water Reservoirs,90,,Reduce liquid limit via compaction,False
TN003,Airport Runways,180,,Use deep foundations or densify subsoil,False
TN004,Residential Building,50,,Reduce liquid limit via compaction,False
TN004,High-rise Building,150,,Reduce liquid limit via compaction,False
TN004,Low-rise,100,,Increase CBR in top 2 layers,False
TN004,Roads & Highways,70,,Reduce liquid limit via compaction,False
TN004,Bridges,120,,Reduce liquid limit via compaction,False
TN004,Tunnels,150,,Increase CBR in top 2 layers,False
TN004,Railway Tracks,80,,Reduce liquid limit via compaction,False
TN004,Pipeline Infrastructure,30,,Reduce liquid limit via compaction,False
TN004,Dams,100,,Use deep foundations or densify subsoil,False
TN004,Water Reservoirs,90,,Reduce liquid limit via compaction,False
TN004,Airport Runways,180,,Increase CBR in top 2 layers,False
TN005,Residential Building,50,,,True
TN005,High-rise Building,150,Residential Building,Use deep foundations or densify subsoil,False
TN005,Low-rise,100,Residential Building,Use deep foundations or densify subsoil,False
TN005,Roads & Highways,70,,,True
TN005,Bridges,120,Residential Building,Increase CBR in top 2 layers,False
TN005,Tunnels,150,Residential Building,Increase CBR in top 2 layers,False
TN005,Railway Tracks,80,,,True
TN005,Pipeline Infrastructure,30,,,True
TN005,Dams,100,Residential Building,Use deep foundations or densify subsoil,False
TN005,Water Reservoirs,90,,,True
TN005,Airport Runways,180,Residential Building,Reduce liquid limit via compaction,False
TN006,Residential Building,50,,,True
TN006,High-rise Building,150,Residential Building,Use deep foundations or densify subsoil,False
TN006,Low-rise,100,Residential Building,Use deep foundations or densify subsoil,False
TN006,Roads & Highways,70,,,True
TN006,Bridges,120,Residential Building,Use deep foundations or densify subsoil,False
TN006,Tunnels,150,Residential Building,Increase CBR in top 2 layers,False
TN006,Railway Tracks,80,Residential Building,Use deep foundations or densify subsoil,False
TN006,Pipeline Infrastructure,30,,,True
TN006,Dams,100,Residential Building,Use deep foundations or densify subsoil,False
TN006,Water Reservoirs,90,Residential Building,Increase CBR in top 2 layers,False
TN006,Airport Runways,180,Residential Building,Reduce liquid limit via compaction,False
TN007,Residential Building,50,,,True
TN007,High-rise Building,150,Residential Building,Reduce liquid limit via compaction,False
TN007,Low-rise,100,Residential Building,Use deep foundations or densify subsoil,False
TN007,Roads & Highways,70,,,True
TN007,Bridges,120,Residential Building,Increase CBR in top 2 layers,False
TN007,Tunnels,150,Residential Building,Use deep foundations or densify subsoil,False
TN007,Railway Tracks,80,Residential Building,Use deep foundations or densify subsoil,False
TN007,Pipeline Infrastructure,30,,,True
TN007,Dams,100,Residential Building,Increase CBR in top 2 layers,False
TN007,Water Reservoirs,90,Residential Building,Reduce liquid limit via compaction,False
TN007,Airport Runways,180,Residential Building,Use deep foundations or densify subsoil,False
TN008,Residential Building,50,,,True
TN008,High-rise Building,150,Residential Building,Use deep foundations or densify subsoil,False
TN008,Low-rise,100,,,True
TN008,Roads & Highways,70,,,True
TN008,Bridges,120,,,True
TN008,Tunnels,150,Bridges,Increase CBR in top 2 layers,False
TN008,Railway Tracks,80,,,True
TN008,Pipeline Infrastructure,30,,,True
TN008,Dams,100,,,True
TN008,Water Reservoirs,90,,,True
TN008,Airport Runways,180,Residential Building,Reduce liquid limit via compaction,False
TN009,Residential Building,50,,,True
TN009,High-rise Building,150,Residential Building,Use deep foundations or densify subsoil,False
TN009,Low-rise,100,,,True
TN009,Roads & Highways,70,,,True
TN009,Bridges,120,Residential Building,Use deep foundations or densify subsoil,False
TN009,Tunnels,150,Residential Building,Increase CBR in top 2 layers,False
TN009,Railway Tracks,80,,,True
TN009,Pipeline Infrastructure,30,,,True
TN009,Dams,100,,,True
TN009,Water Reservoirs,90,,,True
TN009,Airport Runways,180,Residential Building,Increase CBR in top 2 layers,False
TN010,Residential Building,50,Pipeline Infrastructure,Reduce liquid limit via compaction,False
TN010,High-rise Building,150,Pipeline Infrastructure,Use deep foundations or densify subsoil,False
TN010,Low-rise,100,Pipeline Infrastructure,Reduce liquid limit via compaction,False
TN010,Roads & Highways,70,Pipeline Infrastructure,Reduce liquid limit via compaction,False
TN010,Bridges,120,Pipeline Infrastructure,Increase CBR in top 2 layers,False
TN010,Tunnels,150,Pipeline Infrastructure,Use deep foundations or densify subsoil,False
TN010,Railway Tracks,80,Pipeline Infrastructure,Reduce liquid limit via compaction,False
TN010,Pipeline Infrastructure,30,,,True
TN010,Dams,100,Pipeline Infrastructure,Reduce liquid limit via compaction,False
TN010,Water Reservoirs,90,Pipeline Infrastructure,Reduce liquid limit via compaction,False
TN010,Airport Runways,180,Pipeline Infrastructure,Use deep foundations or densify subsoil,False
TN011,Residential Building,50,,Reduce liquid limit via compaction,False
TN011,High-rise Building,150,,Reduce liquid limit via compaction,False
TN011,Low-rise,100,,Increase CBR in top 2 layers,False
TN011,Roads & Highways,70,,Reduce liquid limit via compaction,False
TN011,Bridges,120,,Reduce liquid limit via compaction,False
TN011,Tunnels,150,,Increase CBR in top 2 layers,False
TN011,Railway Tracks,80,,Reduce liquid limit via compaction,False
TN011,Pipeline Infrastructure,30,,Reduce liquid limit via compaction,False
TN011,Dams,100,,Reduce liquid limit via compaction,False
TN011,Water Reservoirs,90,,Increase CBR in top 2 layers,False
TN011,Airport Runways,180,,Reduce liquid limit via compaction,False
TN012,Residential Building,50,Pipeline Infrastructure,Reduce liquid limit via compaction,False
TN012,High-rise Building,150,Pipeline Infrastructure,Reduce liquid limit via compaction,False
TN012,Low-rise,100,Pipeline Infrastructure,Reduce liquid limit via compaction,False
TN012,Roads & Highways,70,Pipeline Infrastructure,Reduce liquid limit via compaction,False
TN012,Bridges,120,Pipeline Infrastructure,Use deep foundations or densify subsoil,False
TN012,Tunnels,150,Pipeline Infrastructure,Increase CBR in top 2 layers,False
TN012,Railway Tracks,80,Pipeline Infrastructure,Reduce liquid limit via compaction,False
TN012,Pipeline Infrastructure,30,,,True
TN012,Dams,100,Pipeline Infrastructure,Increase CBR in top 2 layers,False
TN012,Water Reservoirs,90,Pipeline Infrastructure,Increase CBR in top 2 layers,False
TN012,Airport Runways,180,Pipeline Infrastructure,Reduce liquid limit via compaction,False
TN013,Residential Building,50,,Reduce liquid limit via compaction,False
TN013,High-rise Building,150,,Reduce liquid limit via compaction,False
TN013,Low-rise,100,,Reduce liquid limit via compaction,False
TN013,Roads & Highways,70,,Reduce liquid limit via compaction,False
TN013,Bridges,120,,Use deep foundations or densify subsoil,False
TN013,Tunnels,150,,Use deep foundations or densify subsoil,False
TN013,Railway Tracks,80,,Reduce liquid limit via compaction,False
TN013,Pipeline Infrastructure,30,,Reduce liquid limit via compaction,False
TN013,Dams,100,,Reduce liquid limit via compaction,False
TN013,Water Reservoirs,90,,Reduce liquid limit via compaction,False
TN013,Airport Runways,180,,Reduce liquid limit via compaction,False
TN014,Residential Building,50,,,True
TN014,High-rise Building,150,Residential Building,Use deep foundations or densify subsoil,False
TN014,Low-rise,100,Residential Building,Use deep foundations or densify subsoil,False
TN014,Roads & Highways,70,,,True
TN014,Bridges,120,Residential Building,Increase CBR in top 2 layers,False
TN014,Tunnels,150,Residential Building,Increase CBR in top 2 layers,False
TN014,Railway Tracks,80,,,True
TN014,Pipeline Infrastructure,30,,,True
TN014,Dams,100,Residential Building,Increase CBR in top 2 layers,False
TN014,Water Reservoirs,90,Residential Building,Use deep foundations or densify subsoil,False
TN014,Airport Runways,180,Residential Building,Increase CBR in top 2 layers,False
TN015,Residential Building,50,,,True
TN015,High-rise Building,150,Residential Building,Increase CBR in top 2 layers,False
TN015,Low-rise,100,Residential Building,Use deep foundations or densify subsoil,False
TN015,Roads & Highways,70,Residential Building,Use deep foundations or densify subsoil,False
TN015,Bridges,120,Residential Building,Use deep foundations or densify subsoil,False
TN015,Tunnels,150,Residential Building,Use deep foundations or densify subsoil,False
TN015,Railway Tracks,80,Residential Building,Use deep foundations or densify subsoil,False
TN015,Pipeline Infrastructure,30,,,True
TN015,Dams,100,Residential Building,Increase CBR in top 2 layers,False
TN015,Water Reservoirs,90,Residential Building,Use deep foundations or densify subsoil,False
TN015,Airport Runways,180,Residential Building,Use deep foundations or densify subsoil,False
TO001,Residential Building,50,,,True
TO001,High-rise Building,150,Residential Building,Use deep foundations or densify subsoil,False
TO001,Low-rise,100,,,True
TO001,Roads & Highways,70,,,True
TO001,Bridges,120,Residential Building,Increase CBR in top 2 layers,False
TO001,Tunnels,150,Residential Building,Use deep foundations or densify subsoil,False
TO001,Railway Tracks,80,,,True
TO001,Pipeline Infrastructure,30,,,True
TO001,Dams,100,,,True
TO001,Water Reservoirs,90,,,True
TO001,Airport Runways,180,Residential Building,Use deep foundations or densify subsoil,False
TO002,Residential Building,50,,,True
TO002,High-rise Building,150,Residential Building,Use deep foundations or densify subsoil,False
TO002,Low-rise,100,,,True
TO002,Roads & Highways,70,,,True
TO002,Bridges,120,Residential Building,Reduce liquid limit via compaction,False
TO002,Tunnels,150,Residential Building,Increase CBR in top 2 layers,False
TO002,Railway Tracks,80,,,True
TO002,Pipeline Infrastructure,30,,,True
TO002,Dams,100,Residential Building,Reduce liquid limit via compaction,False
TO002,Water Reservoirs,90,,,True
TO002,Airport Runways,180,Residential Building,Reduce liquid limit via compaction,False
TW001,Residential Building,50,,,True
TW001,High-rise Building,150,Residential Building,Increase CBR in top 2 layers,False
TW001,Low-rise,100,Residential Building,Reduce liquid limit via compaction,False
TW001,Roads & Highways,70,,,True
TW001,Bridges,120,Residential Building,Use deep foundations or densify subsoil,False
TW001,Tunnels,150,Residential Building,Increase CBR in top 2 layers,False
TW001,Railway Tracks,80,,,True
TW001,Pipeline Infrastructure,30,,,True
TW001,Dams,100,Residential Building,Reduce liquid limit via compaction,False
TW001,Water Reservoirs,90,Residential Building,Reduce liquid limit via compaction,False
TW001,Airport Runways,180,Residential Building,Increase CBR in top 2 layers,False
UG001,Residential Building,50,Pipeline Infrastructure,Reduce liquid limit via compaction,False
UG001,High-rise Building,150,Pipeline Infrastructure,Reduce liquid limit via compaction,False
UG001,Low-rise,100,Pipeline Infrastructure,Use deep foundations or densify subsoil,False
UG001,Roads & Highways,70,Pipeline Infrastructure,Use deep foundations or densify subsoil,False
UG001,Bridges,120,Pipeline Infrastructure,Use deep foundations or densify subsoil,False
UG001,Tunnels,150,Pipeline Infrastructure,Reduce liquid limit via compaction,False
UG001,Railway Tracks,80,Pipeline Infrastructure,Increase CBR in top 2 layers,False
UG001,Pipeline Infrastructure,30,,,True
UG001,Dams,100,Pipeline Infrastructure,Use deep foundations or densify subsoil,False
UG001,Water Reservoirs,90,Pipeline Infrastructure,Use deep foundations or densify subsoil,False
UG001,Airport Runways,180,Pipeline Infrastructure,Use deep foundations or densify subsoil,False
UG002,Residential Building,50,,,True
UG002,High-rise Building,150,Residential Building,Use deep foundations or densify subsoil,False
UG002,Low-rise,100,Residential Building,Use deep foundations or densify subsoil,False
UG002,Roads & Highways,70,,,True
UG002,Bridges,120,Residential Building,Use deep foundations or densify subsoil,False
UG002,Tunnels,150,Residential Building,Increase CBR in top 2 layers,False
UG002,Railway Tracks,80,,,True
UG002,Pipeline Infrastructure,30,,,True
UG002,Dams,100,Residential Building,Use deep foundations or densify subsoil,False
UG002,Water Reservoirs,90,Residential Building,Reduce liquid limit via compaction,False
UG002,Airport Runways,180,Residential Building,Use deep foundations or densify subsoil,False
UG003,Residential Building,50,Pipeline Infrastructure,Reduce liquid limit via compaction,False
UG003,High-rise Building,150,Pipeline Infrastructure,Reduce liquid limit via compaction,False
UG003,Low-rise,100,Pipeline Infrastructure,Use deep foundations or densify subsoil,False
UG003,Roads & Highways,70,Pipeline Infrastructure,Reduce liquid limit via compaction,False
UG003,Bridges,120,Pipeline Infrastructure,Increase CBR in top 2 layers,False
UG003,Tunnels,150,Pipeline Infrastructure,Use deep foundations or densify subsoil,False
UG003,Railway Tracks,80,Pipeline Infrastructure,Reduce liquid limit via compaction,False
UG003,Pipeline Infrastructure,30,,,True
UG003,Dams,100,Pipeline Infrastructure,Use deep foundations or densify subsoil,False
UG003,Water Reservoirs,90,Pipeline Infrastructure,Reduce liquid limit via compaction,False
UG003,Airport Runways,180,Pipeline Infrastructure,Reduce liquid limit via compaction,False
UG004,Residential Building,50,Pipeline Infrastructure,Reduce liquid limit via compaction,False
UG004,High-rise Building,150,Pipeline Infrastructure,Use deep foundations or densify subsoil,False
UG004,Low-rise,100,Pipeline Infrastructure,Use deep foundations or densify subsoil,False
UG004,Roads & Highways,70,Pipeline Infrastructure,Reduce liquid limit via compaction,False
UG004,Bridges,120,Pipeline Infrastructure,Use deep foundations or densify subsoil,False
UG004,Tunnels,150,Pipeline Infrastructure,Reduce liquid limit via compaction,False
UG004,Railway Tracks,80,Pipeline Infrastructure,Reduce liquid limit via compaction,False
UG004,Pipeline Infrastructure,30,,,True
UG004,Dams,100,Pipeline Infrastructure,Reduce liquid limit via compaction,False
UG004,Water Reservoirs,90,Pipeline Infrastructure,Increase CBR in top 2 layers,False
UG004,Airport Runways,180,Pipeline Infrastructure,Use deep foundations or densify subsoil,False
UG005,Residential Building,50,,,True
UG005,High-rise Building,150,Residential Building,Increase CBR in top 2 layers,False
UG005,Low-rise,100,,,True
UG005,Roads & Highways,70,,,True
UG005,Bridges,120,Residential Building,Increase CBR in top 2 layers,False
UG005,Tunnels,150,Residential Building,Increase CBR in top 2 layers,False
UG005,Railway Tracks,80,,,True
UG005,Pipeline Infrastructure,30,,,True
UG005,Dams,100,,,True
UG005,Water Reservoirs,90,,,True
UG005,Airport Runways,180,Residential Building,Use deep foundations or densify subsoil,False
UG006,Residential Building,50,Pipeline Infrastructure,Reduce liquid limit via compaction,False
UG006,High-rise Building,150,Pipeline Infrastructure,Use deep foundations or densify subsoil,False
UG006,Low-rise,100,Pipeline Infrastructure,Reduce liquid limit via compaction,False
UG006,Roads & Highways,70,Pipeline Infrastructure,Reduce liquid limit via compaction,False
UG006,Bridges,120,Pipeline Infrastructure,Reduce liquid limit via compaction,False
UG006,Tunnels,150,Pipeline Infrastructure,Use deep foundations or densify subsoil,False
UG006,Railway Tracks,80,Pipeline Infrastructure,Reduce liquid limit via compaction,False
UG006,Pipeline Infrastructure,30,,,True
UG006,Dams,100,Pipeline Infrastructure,Increase CBR in top 2 layers,False
UG006,Water Reservoirs,90,Pipeline Infrastructure,Reduce liquid limit via compaction,False
UG006,Airport Runways,180,Pipeline Infrastructure,Use deep foundations or densify subsoil,False
UG007,Residential Building,50,,Reduce liquid limit via compaction,False
UG007,High-rise Building,150,,Reduce liquid limit via compaction,False
UG007,Low-rise,100,,Reduce liquid limit via compaction,False
UG007,Roads & Highways,70,,Reduce liquid limit via compaction,False
UG007,Bridges,120,,Increase CBR in top 2 layers,False
UG007,Tunnels,150,,Reduce liquid limit via compaction,False
UG007,Railway Tracks,80,,Reduce liquid limit via compaction,False
UG007,Pipeline Infrastructure,30,,Reduce liquid limit via compaction,False
UG007,Dams,100,,Reduce liquid limit via compaction,False
UG007,Water Reservoirs,90,,Reduce liquid limit via compaction,False
UG007,Airport Runways,180,,Increase CBR in top 2 layers,False
UG008,Residential Building,50,,,True
UG008,High-rise Building,150,Residential Building,Increase CBR in top 2 layers,False
UG008,Low-rise,100,Residential Building,Use deep foundations or densify subsoil,False
UG008,Roads & Highways,70,,,True
UG008,Bridges,120,Residential Building,Increase CBR in top 2 layers,False
UG008,Tunnels,150,Residential Building,Use deep foundations or densify subsoil,False
UG008,Railway Tracks,80,Residential Building,Use deep foundations or densify subsoil,False
UG008,Pipeline Infrastructure,30,,,True
UG008,Dams,100,Residential Building,Use deep foundations or densify subsoil,False
UG008,Water Reservoirs,90,Residential Building,Increase CBR in top 2 layers,False
UG008,Airport Runways,180,Residential Building,Use deep foundations or densify subsoil,False
UG009,Residential Building,50,Pipeline Infrastructure,Reduce liquid limit via compaction,False
UG009,High-rise Building,150,Pipeline Infrastructure,Use deep foundations or densify subsoil,False
UG009,Low-rise,100,Pipeline Infrastructure,Reduce liquid limit via compaction,False
UG009,Roads & Highways,70,Pipeline Infrastructure,Reduce liquid limit via compaction,False
UG009,Bridges,120,Pipeline Infrastructure,Increase CBR in top 2 layers,False
UG009,Tunnels,150,Pipeline Infrastructure,Increase CBR in top 2 layers,False
UG009,Railway Tracks,80,Pipeline Infrastructure,Reduce liquid limit via compaction,False
UG009,Pipeline Infrastructure,30,,,True
UG009,Dams,100,Pipeline Infrastructure,Reduce liquid limit via compaction,False
UG009,Water Reservoirs,90,Pipeline Infrastructure,Use deep foundations or densify subsoil,False
UG009,Airport Runways,180,Pipeline Infrastructure,Increase CBR in top 2 layers,False
UG010,Residential Building,50,,Reduce liquid limit via compaction,False
UG010,High-rise Building,150,,Use deep foundations or densify subsoil,False
UG010,Low-rise,100,,Reduce liquid limit via compaction,False
UG010,Roads & Highways,70,,Reduce liquid limit via compaction,False
UG010,Bridges,120,,Use deep foundations or densify subsoil,False
UG010,Tunnels,150,,Use deep foundations or densify subsoil,False
UG010,Railway Tracks,80,,Use deep foundations or densify subsoil,False
UG010,Pipeline Infrastructure,30,,Reduce liquid limit via compaction,False
UG010,Dams,100,,Use deep foundations or densify subsoil,False
UG010,Water Reservoirs,90,,Use deep foundations or densify subsoil,False
UG010,Airport Runways,180,,Use deep foundations or densify subsoil,False
UG011,Residential Building,50,,Reduce liquid limit via compaction,False
UG011,High-rise Building,150,,Use deep foundations or densify subsoil,False
UG011,Low-rise,100,,Use deep foundations or densify subsoil,False
UG011,Roads & Highways,70,,Increase CBR in top 2 layers,False
UG011,Bridges,120,,Use deep foundations or densify subsoil,False
UG011,Tunnels,150,,Reduce liquid limit via compaction,False
UG011,Railway Tracks,80,,Reduce liquid limit via compaction,False
UG011,Pipeline Infrastructure,30,,Reduce liquid limit via compaction,False
UG011,Dams,100,,Reduce liquid limit via compaction,False
UG011,Water Reservoirs,90,,Use deep foundations or densify subsoil,False
UG011,Airport Runways,180,,Reduce liquid limit via compaction,False
UG012,Residential Building,50,,Reduce liquid limit via compaction,False
UG012,High-rise Building,150,,Use deep foundations or densify subsoil,False
UG012,Low-rise,100,,Reduce liquid limit via compaction,False
UG012,Roads & Highways,70,,Reduce liquid limit via compaction,False
UG012,Bridges,120,,Reduce liquid limit via compaction,False
UG012,Tunnels,150,,Reduce liquid limit via compaction,False
UG012,Railway Tracks,80,,Reduce liquid limit via compaction,False
UG012,Pipeline Infrastructure,30,,Reduce liquid limit via compaction,False
UG012,Dams,100,,Reduce liquid limit via compaction,False
UG012,Water Reservoirs,90,,Reduce liquid limit via compaction,False
UG012,Airport Runways,180,,Use deep foundations or densify subsoil,False
US001,Residential Building,50,Pipeline Infrastructure,Reduce liquid limit via compaction,False
US001,High-rise Building,150,Pipeline Infrastructure,Use deep foundations or densify subsoil,False
US001,Low-rise,100,Pipeline Infrastructure,Use deep foundations or densify subsoil,False
US001,Roads & Highways,70,Pipeline Infrastructure,Reduce liquid limit via compaction,False
US001,Bridges,120,Pipeline Infrastructure,Reduce liquid limit via compaction,False
US001,Tunnels,150,Pipeline Infrastructure,Increase CBR in top 2 layers,False
US001,Railway Tracks,80,Pipeline Infrastructure,Reduce liquid limit via compaction,False
US001,Pipeline Infrastructure,30,,,True
US001,Dams,100,Pipeline Infrastructure,Use deep foundations or densify subsoil,False
US001,Water Reservoirs,90,Pipeline Infrastructure,Use deep foundations or densify subsoil,False
US001,Airport Runways,180,Pipeline Infrastructure,Increase CBR in top 2 layers,False
US002,Residential Building,50,,,True
US002,High-rise Building,150,Residential Building,Increase CBR in top 2 layers,False
US002,Low-rise,100,,,True
US002,Roads & Highways,70,,,True
US002,Bridges,120,Residential Building,Increase CBR in top 2 layers,False
US002,Tunnels,150,Residential Building,Increase CBR in top 2 layers,False
US002,Railway Tracks,80,,,True
US002,Pipeline Infrastructure,30,,,True
US002,Dams,100,,,True
US002,Water Reservoirs,90,,,True
US002,Airport Runways,180,Residential Building,Use deep foundations or densify subsoil,False
US003,Residential Building,50,,,True
US003,High-rise Building,150,Residential Building,Increase CBR in top 2 layers,False
US003,Low-rise,100,,,True
US003,Roads & Highways,70,,,True
US003,Bridges,120,Residential Building,Increase CBR in top 2 layers,False
US003,Tunnels,150,Residential Building,Use deep foundations or densify subsoil,False
US003,Railway Tracks,80,,,True
US003,Pipeline Infrastructure,30,,,True
US003,Dams,100,Residential Building,Reduce liquid limit via compaction,False
US003,Water Reservoirs,90,,,True
US003,Airport Runways,180,Residential Building,Use deep foundations or densify subsoil,False
US004,Residential Building,50,,Reduce liquid limit via compaction,False
US004,High-rise Building,150,,Increase CBR in top 2 layers,False
US004,Low-rise,100,,Use deep foundations or densify subsoil,False
US004,Roads & Highways,70,,Reduce liquid limit via compaction,False
US004,Bridges,120,,Increase CBR in top 2 layers,False
US004,Tunnels,150,,Increase CBR in top 2 layers,False
US004,Railway Tracks,80,,Reduce liquid limit via compaction,False
US004,Pipeline Infrastructure,30,,Reduce liquid limit via compaction,False
US004,Dams,100,,Reduce liquid limit via compaction,False
US004,Water Reservoirs,90,,Reduce liquid limit via compaction,False
US004,Airport Runways,180,,Use deep foundations or densify subsoil,False
US005,Residential Building,50,Pipeline Infrastructure,Reduce liquid limit via compaction,False
US005,High-rise Building,150,Pipeline Infrastructure,Use deep foundations or densify subsoil,False
US005,Low-rise,100,Pipeline Infrastructure,Reduce liquid limit via compaction,False
US005,Roads & Highways,70,Pipeline Infrastructure,Reduce liquid limit via compaction,False
US005,Bridges,120,Pipeline Infrastructure,Reduce liquid limit via compaction,False
US005,Tunnels,150,Pipeline Infrastructure,Use deep foundations or densify subsoil,False
US005,Railway Tracks,80,Pipeline Infrastructure,Reduce liquid limit via compaction,False
US005,Pipeline Infrastructure,30,,,True
US005,Dams,100,Pipeline Infrastructure,Increase CBR in top 2 layers,False
US005,Water Reservoirs,90,Pipeline Infrastructure,Reduce liquid limit via compaction,False
US005,Airport Runways,180,Pipeline Infrastructure,Use deep foundations or densify subsoil,False
US006,Residential Building,50,,Reduce liquid limit via compaction,False
US006,High-rise Building,150,,Reduce liquid limit via compaction,False
US006,Low-rise,100,,Reduce liquid limit via compaction,False
US006,Roads & Highways,70,,Reduce liquid limit via compaction,False
US006,Bridges,120,,Increase CBR in top 2 layers,False
US006,Tunnels,150,,Use deep foundations or densify subsoil,False
US006,Railway Tracks,80,,Reduce liquid limit via compaction,False
US006,Pipeline Infrastructure,30,,Reduce liquid limit via compaction,False
US006,Dams,100,,Reduce liquid limit via compaction,False
US006,Water Reservoirs,90,,Reduce liquid limit via compaction,False
US006,Airport Runways,180,,Reduce liquid limit via compaction,False
US007,Residential Building,50,,Reduce liquid limit via compaction,False
US007,High-rise Building,150,,Reduce liquid limit via compaction,False
US007,Low-rise,100,,Use deep foundations or densify subsoil,False
US007,Roads & Highways,70,,Reduce liquid limit via compaction,False
US007,Bridges,120,,Reduce liquid limit via compaction,False
US007,Tunnels,150,,Use deep foundations or densify subsoil,False
US007,Railway Tracks,80,,Increase CBR in top 2 layers,False
US007,Pipeline Infrastructure,30,,Reduce liquid limit via compaction,False
US007,Dams,100,,Increase CBR in top 2 layers,False
US007,Water Reservoirs,90,,Reduce liquid limit via compaction,False
US007,Airport Runways,180,,Increase CBR in top 2 layers,False
US008,Residential Building,50,,,True
US008,High-rise Building,150,Residential Building,Increase CBR in top 2 layers,False
US008,Low-rise,100,,,True
US008,Roads & Highways,70,,,True
US008,Bridges,120,Residential Building,Increase CBR in top 2 layers,False
US008,Tunnels,150,Residential Building,Increase CBR in top 2 layers,False
US008,Railway Tracks,80,,,True
US008,Pipeline Infrastructure,30,,,True
US008,Dams,100,Residential Building,Reduce liquid limit via compaction,False
US008,Water Reservoirs,90,Residential Building,Reduce liquid limit via compaction,False
US008,Airport Runways,180,Residential Building,Increase CBR in top 2 layers,False
US009,Residential Building,50,,Reduce liquid limit via compaction,False
US009,High-rise Building,150,,Increase CBR in top 2 layers,False
US009,Low-rise,100,,Reduce liquid limit via compaction,False
US009,Roads & Highways,70,,Reduce liquid limit via compaction,False
US009,Bridges,120,,Reduce liquid limit via compaction,False
US009,Tunnels,150,,Reduce liquid limit via compaction,False
US009,Railway Tracks,80,,Reduce liquid limit via compaction,False
US009,Pipeline Infrastructure,30,,Reduce liquid limit via compaction,False
US009,Dams,100,,Reduce liquid limit via compaction,False
US009,Water Reservoirs,90,,Reduce liquid limit via compaction,False
US009,Airport Runways,180,,Reduce liquid limit via compaction,False
US010,Residential Building,50,,Reduce liquid limit via compaction,False
US010,High-rise Building,150,,Use deep foundations or densify subsoil,False
US010,Low-rise,100,,Reduce liquid limit via compaction,False
US010,Roads & Highways,70,,Reduce liquid limit via compaction,False
US010,Bridges,120,,Use deep foundations or densify subsoil,False
US010,Tunnels,150,,Increase CBR in top 2 layers,False
US010,Railway Tracks,80,,Reduce liquid limit via compaction,False
US010,Pipeline Infrastructure,30,,Reduce liquid limit via compaction,False
US010,Dams,100,,Reduce liquid limit via compaction,False
US010,Water Reservoirs,90,,Reduce liquid limit via compaction,False
US010,Airport Runways,180,,Increase CBR in top 2 layers,False
US011,Residential Building,50,,,True
US011,High-rise Building,150,Residential Building,Increase CBR in top 2 layers,False
US011,Low-rise,100,Residential Building,Increase CBR in top 2 layers,False
US011,Roads & Highways,70,,,True
US011,Bridges,120,Residential Building,Use deep foundations or densify subsoil,False
US011,Tunnels,150,Residential Building,Increase CBR in top 2 layers,False
US011,Railway Tracks,80,Residential Building,Use deep foundations or densify subsoil,False
US011,Pipeline Infrastructure,30,,,True
US011,Dams,100,Residential Building,Use deep foundations or densify subsoil,False
US011,Water Reservoirs,90,Residential Building,Increase CBR in top 2 layers,False
US011,Airport Runways,180,Residential Building,Use deep foundations or densify subsoil,False
US012,Residential Building,50,,,True
US012,High-rise Building,150,Residential Building,Use deep foundations or densify subsoil,False
US012,Low-rise,100,Residential Building,Use deep foundations or densify subsoil,False
US012,Roads & Highways,70,,,True
US012,Bridges,120,Residential Building,Use deep foundations or densify subsoil,False
US012,Tunnels,150,Residential Building,Use deep foundations or densify subsoil,False
US012,Railway Tracks,80,,,True
US012,Pipeline Infrastructure,30,,,True
US012,Dams,100,Residential Building,Use deep foundations or densify subsoil,False
US012,Water Reservoirs,90,Residential Building,Use deep foundations or densify subsoil,False
US012,Airport Runways,180,Residential Building,Increase CBR in top 2 layers,False
US013,Residential Building,50,Pipeline Infrastructure,Reduce liquid limit via compaction,False
US013,High-rise Building,150,Pipeline Infrastructure,Increase CBR in top 2 layers,False
US013,Low-rise,100,Pipeline Infrastructure,Reduce liquid limit via compaction,False
US013,Roads & Highways,70,Pipeline Infrastructure,Reduce liquid limit via compaction,False
US013,Bridges,120,Pipeline Infrastructure,Increase CBR in top 2 layers,False
US013,Tunnels,150,Pipeline Infrastructure,Reduce liquid limit via compaction,False
US013,Railway Tracks,80,Pipeline Infrastructure,Reduce liquid limit via compaction,False
US013,Pipeline Infrastructure,30,,,True
US013,Dams,100,Pipeline Infrastructure,Reduce liquid limit via compaction,False
US013,Water Reservoirs,90,Pipeline Infrastructure,Reduce liquid limit via compaction,False
US013,Airport Runways,180,Pipeline Infrastructure,Use deep foundations or densify subsoil,False
US014,Residential Building,50,,,True
US014,High-rise Building,150,Residential Building,Increase CBR in top 2 layers,False
US014,Low-rise,100,Residential Building,Increase CBR in top 2 layers,False
US014,Roads & Highways,70,Residential Building,Use deep foundations or densify subsoil,False
US014,Bridges,120,Residential Building,Use deep foundations or densify subsoil,False
US014,Tunnels,150,Residential Building,Increase CBR in top 2 layers,False
US014,Railway Tracks,80,Residential Building,Use deep foundations or densify subsoil,False
US014,Pipeline Infrastructure,30,,,True
US014,Dams,100,Residential Building,Use deep foundations or densify subsoil,False
US014,Water Reservoirs,90,Residential Building,Use deep foundations or densify subsoil,False
US014,Airport Runways,180,Residential Building,Use deep foundations or densify subsoil,False
US015,Residential Building,50,,,True
US015,High-rise Building,150,Residential Building,Use deep foundations or densify subsoil,False
US015,Low-rise,100,Residential Building,Reduce liquid limit via compaction,False
US015,Roads & Highways,70,,,True
US015,Bridges,120,Residential Building,Use deep foundations or densify subsoil,False
US015,Tunnels,150,Residential Building,Reduce liquid limit via compaction,False
US015,Railway Tracks,80,,,True
US015,Pipeline Infrastructure,30,,,True
US015,Dams,100,Residential Building,Increase CBR in top 2 layers,False
US015,Water Reservoirs,90,Residential Building,Reduce liquid limit via compaction,False
US015,Airport Runways,180,Residential Building,Reduce liquid limit via compaction,False
US016,Residential Building,50,,,True
US016,High-rise Building,150,Residential Building,Increase CBR in top 2 layers,False
US016,Low-rise,100,Residential Building,Increase CBR in top 2 layers,False
US016,Roads & Highways,70,Residential Building,Increase CBR in top 2 layers,False
US016,Bridges,120,Residential Building,Increase CBR in top 2 layers,False
US016,Tunnels,150,Residential Building,Use deep foundations or densify subsoil,False
US016,Railway Tracks,80,Residential Building,Increase CBR in top 2 layers,False
US016,Pipeline Infrastructure,30,,,True
US016,Dams,100,Residential Building,Increase CBR in top 2 layers,False
US016,Water Reservoirs,90,Residential Building,Use deep foundations or densify subsoil,False
US016,Airport Runways,180,Residential Building,Reduce liquid limit via compaction,False
US017,Residential Building,50,,Reduce liquid limit via compaction,False
US017,High-rise Building,150,,Increase CBR in top 2 layers,False
US017,Low-rise,100,,Use deep foundations or densify subsoil,False
US017,Roads & Highways,70,,Reduce liquid limit via compaction,False
US017,Bridges,120,,Increase CBR in top 2 layers,False
US017,Tunnels,150,,Reduce liquid limit via compaction,False
US017,Railway Tracks,80,,Reduce liquid limit via compaction,False
US017,Pipeline Infrastructure,30,,Reduce liquid limit via compaction,False
US017,Dams,100,,Reduce liquid limit via compaction,False
US017,Water Reservoirs,90,,Reduce liquid limit via compaction,False
US017,Airport Runways,180,,Use deep foundations or densify subsoil,False
US018,Residential Building,50,Pipeline Infrastructure,Reduce liquid limit via compaction,False
US018,High-rise Building,150,Pipeline Infrastructure,Increase CBR in top 2 layers,False
US018,Low-rise,100,Pipeline Infrastructure,Reduce liquid limit via compaction,False
US018,Roads & Highways,70,Pipeline Infrastructure,Reduce liquid limit via compaction,False
US018,Bridges,120,Pipeline Infrastructure,Increase CBR in top 2 layers,False
US018,Tunnels,150,Pipeline Infrastructure,Increase CBR in top 2 layers,False
US018,Railway Tracks,80,Pipeline Infrastructure,Reduce liquid limit via compaction,False
US018,Pipeline Infrastructure,30,,,True
US018,Dams,100,Pipeline Infrastructure,Reduce liquid limit via compaction,False
US018,Water Reservoirs,90,Pipeline Infrastructure,Reduce liquid limit via compaction,False
US018,Airport Runways,180,Pipeline Infrastructure,Use deep foundations or densify subsoil,False
US019,Residential Building,50,,Reduce liquid limit via compaction,False
US019,High-rise Building,150,,Reduce liquid limit via compaction,False
US019,Low-rise,100,,Use deep foundations or densify subsoil,False
US019,Roads & Highways,70,,Reduce liquid limit via compaction,False
US019,Bridges,120,,Increase CBR in top 2 layers,False
US019,Tunnels,150,,Reduce liquid limit via compaction,False
US019,Railway Tracks,80,,Increase CBR in top 2 layers,False
US019,Pipeline Infrastructure,30,,Reduce liquid limit via compaction,False
US019,Dams,100,,Reduce liquid limit via compaction,False
US019,Water Reservoirs,90,,Use deep foundations or densify subsoil,False
US019,Airport Runways,180,,Use deep foundations or densify subsoil,False
US020,Residential Building,50,,,True
US020,High-rise Building,150,Residential Building,Use deep foundations or densify subsoil,False
US020,Low-rise,100,,,True
US020,Roads & Highways,70,,,True
US020,Bridges,120,Residential Building,Reduce liquid limit via compaction,False
US020,Tunnels,150,Residential Building,Increase CBR in top 2 layers,False
US020,Railway Tracks,80,,,True
US020,Pipeline Infrastructure,30,,,True
US020,Dams,100,Residential Building,Reduce liquid limit via compaction,False
US020,Water Reservoirs,90,Residential Building,Reduce liquid limit via compaction,False
US020,Airport Runways,180,Residential Building,Increase CBR in top 2 layers,False
US021,Residential Building,50,Pipeline Infrastructure,Use deep foundations or densify subsoil,False
US021,High-rise Building,150,Pipeline Infrastructure,Increase CBR in top 2 layers,False
US021,Low-rise,100,Pipeline Infrastructure,Increase CBR in top 2 layers,False
US021,Roads & Highways,70,Pipeline Infrastructure,Use deep foundations or densify subsoil,False
US021,Bridges,120,Pipeline Infrastructure,Use deep foundations or densify subsoil,False
US021,Tunnels,150,Pipeline Infrastructure,Use deep foundations or densify subsoil,False
US021,Railway Tracks,80,Pipeline Infrastructure,Use deep foundations or densify subsoil,False
US021,Pipeline Infrastructure,30,,,True
US021,Dams,100,Pipeline Infrastructure,Increase CBR in top 2 layers,False
US021,Water Reservoirs,90,Pipeline Infrastructure,Use deep foundations or densify subsoil,False
US021,Airport Runways,180,Pipeline Infrastructure,Use deep foundations or densify subsoil,False
US022,Residential Building,50,Pipeline Infrastructure,Reduce liquid limit via compaction,False
US022,High-rise Building,150,Pipeline Infrastructure,Use deep foundations or densify subsoil,False
US022,Low-rise,100,Pipeline Infrastructure,Use deep foundations or densify subsoil,False
US022,Roads & Highways,70,Pipeline Infrastructure,Reduce liquid limit via compaction,False
US022,Bridges,120,Pipeline Infrastructure,Increase CBR in top 2 layers,False
US022,Tunnels,150,Pipeline Infrastructure,Reduce liquid limit via compaction,False
US022,Railway Tracks,80,Pipeline Infrastructure,Reduce liquid limit via compaction,False
US022,Pipeline Infrastructure,30,,,True
US022,Dams,100,Pipeline Infrastructure,Reduce liquid limit via compaction,False
US022,Water Reservoirs,90,Pipeline Infrastructure,Reduce liquid limit via compaction,False
US022,Airport Runways,180,Pipeline Infrastructure,Reduce liquid limit via compaction,False
US023,Residential Building,50,,,True
US023,High-rise Building,150,Residential Building,Increase CBR in top 2 layers,False
US023,Low-rise,100,Residential Building,Use deep foundations or densify subsoil,False
US023,Roads & Highways,70,,,True
US023,Bridges,120,Residential Building,Increase CBR in top 2 layers,False
US023,Tunnels,150,Residential Building,Increase CBR in top 2 layers,False
US023,Railway Tracks,80,,,True
US023,Pipeline Infrastructure,30,,,True
US023,Dams,100,Residential Building,Increase CBR in top 2 layers,False
US023,Water Reservoirs,90,,,True
US023,Airport Runways,180,Residential Building,Use deep foundations or densify subsoil,False
US024,Residential Building,50,Pipeline Infrastructure,Reduce liquid limit via compaction,False
US024,High-rise Building,150,Pipeline Infrastructure,Reduce liquid limit via compaction,False
US024,Low-rise,100,Pipeline Infrastructure,Reduce liquid limit via compaction,False
US024,Roads & Highways,70,Pipeline Infrastructure,Reduce liquid limit via compaction,False
US024,Bridges,120,Pipeline Infrastructure,Reduce liquid limit via compaction,False
US024,Tunnels,150,Pipeline Infrastructure,Use deep foundations or densify subsoil,False
US024,Railway Tracks,80,Pipeline Infrastructure,Reduce liquid limit via compaction,False
US024,Pipeline Infrastructure,30,,,True
US024,Dams,100,Pipeline Infrastructure,Reduce liquid limit via compaction,False
US024,Water Reservoirs,90,Pipeline Infrastructure,Reduce liquid limit via compaction,False
US024,Airport Runways,180,Pipeline Infrastructure,Use deep foundations or densify subsoil,False
US025,Residential Building,50,,,True
US025,High-rise Building,150,Residential Building,Reduce liquid limit via compaction,False
US025,Low-rise,100,,,True
US025,Roads & Highways,70,,,True
US025,Bridges,120,Residential Building,Reduce liquid limit via compaction,False
US025,Tunnels,150,Residential Building,Use deep foundations or densify subsoil,False
US025,Railway Tracks,80,,,True
US025,Pipeline Infrastructure,30,,,True
US025,Dams,100,Residential Building,Reduce liquid limit via compaction,False
US025,Water Reservoirs,90,Residential Building,Reduce liquid limit via compaction,False
US025,Airport Runways,180,Residential Building,Increase CBR in top 2 layers,False
US026,Residential Building,50,Pipeline Infrastructure,Reduce liquid limit via compaction,False
US026,High-rise Building,150,Pipeline Infrastructure,Use deep foundations or densify subsoil,False
US026,Low-rise,100,Pipeline Infrastructure,Use deep foundations or densify subsoil,False
US026,Roads & Highways,70,Pipeline Infrastructure,Reduce liquid limit via compaction,False
US026,Bridges,120,Pipeline Infrastructure,Increase CBR in top 2 layers,False
US026,Tunnels,150,Pipeline Infrastructure,Reduce liquid limit via compaction,False
US026,Railway Tracks,80,Pipeline Infrastructure,Reduce liquid limit via compaction,False
US026,Pipeline Infrastructure,30,,,True
US026,Dams,100,Pipeline Infrastructure,Reduce liquid limit via compaction,False
US026,Water Reservoirs,90,Pipeline Infrastructure,Reduce liquid limit via compaction,False
US026,Airport Runways,180,Pipeline Infrastructure,Use deep foundations or densify subsoil,False
US027,Residential Building,50,,Reduce liquid limit via compaction,False
US027,High-rise Building,150,,Reduce liquid limit via compaction,False
US027,Low-rise,100,,Reduce liquid limit via compaction,False
US027,Roads & Highways,70,,Reduce liquid limit via compaction,False
US027,Bridges,120,,Use deep foundations or densify subsoil,False
US027,Tunnels,150,,Use deep foundations or densify subsoil,False
US027,Railway Tracks,80,,Reduce liquid limit via compaction,False
US027,Pipeline Infrastructure,30,,Reduce liquid limit via compaction,False
US027,Dams,100,,Use deep foundations or densify subsoil,False
US027,Water Reservoirs,90,,Reduce liquid limit via compaction,False
US027,Airport Runways,180,,Reduce liquid limit via compaction,False
US028,Residential Building,50,,,True
US028,High-rise Building,150,Residential Building,Increase CBR in top 2 layers,False
US028,Low-rise,100,,,True
US028,Roads & Highways,70,,,True
US028,Bridges,120,Residential Building,Use deep foundations or densify subsoil,False
US028,Tunnels,150,Residential Building,Increase CBR in top 2 layers,False
US028,Railway Tracks,80,,,True
US028,Pipeline Infrastructure,30,,,True
US028,Dams,100,Residential Building,Reduce liquid limit via compaction,False
US028,Water Reservoirs,90,,,True
US028,Airport Runways,180,Residential Building,Increase CBR in top 2 layers,False
US029,Residential Building,50,,,True
US029,High-rise Building,150,Residential Building,Increase CBR in top 2 layers,False
US029,Low-rise,100,,,True
US029,Roads & Highways,70,,,True
US029,Bridges,120,,,True
US029,Tunnels,150,Bridges,Increase CBR in top 2 layers,False
US029,Railway Tracks,80,,,True
US029,Pipeline Infrastructure,30,,,True
US029,Dams,100,,,True
US029,Water Reservoirs,90,,,True
US029,Airport Runways,180,Residential Building,Use deep foundations or densify subsoil,False
US030,Residential Building,50,,,True
US030,High-rise Building,150,Residential Building,Reduce liquid limit via compaction,False
US030,Low-rise,100,Residential Building,Increase CBR in top 2 layers,False
US030,Roads & Highways,70,Residential Building,Use deep foundations or densify subsoil,False
US030,Bridges,120,Residential Building,Reduce liquid limit via compaction,False
US030,Tunnels,150,Residential Building,Increase CBR in top 2 layers,False
US030,Railway Tracks,80,Residential Building,Increase CBR in top 2 layers,False
US030,Pipeline Infrastructure,30,,,True
US030,Dams,100,Residential Building,Increase CBR in top 2 layers,False
US030,Water Reservoirs,90,Residential Building,Reduce liquid limit via compaction,False
US030,Airport Runways,180,Residential Building,Use deep foundations or densify subsoil,False
US031,Residential Building,50,,Use deep foundations or densify subsoil,False
US031,High-rise Building,150,,Increase CBR in top 2 layers,False
US031,Low-rise,100,,Reduce liquid limit via compaction,False
US031,Roads & Highways,70,,Use deep foundations or densify subsoil,False
US031,Bridges,120,,Reduce liquid limit via compaction,False
US031,Tunnels,150,,Reduce liquid limit via compaction,False
US031,Railway Tracks,80,,Increase CBR in top 2 layers,False
US031,Pipeline Infrastructure,30,,Increase CBR in top 2 layers,False
US031,Dams,100,,Increase CBR in top 2 layers,False
US031,Water Reservoirs,90,,Use deep foundations or densify subsoil,False
US031,Airport Runways,180,,Use deep foundations or densify subsoil,False
US032,Residential Building,50,,,True
US032,High-rise Building,150,Residential Building,Use deep foundations or densify subsoil,False
US032,Low-rise,100,Residential Building,Reduce liquid limit via compaction,False
US032,Roads & Highways,70,,,True
US032,Bridges,120,Residential Building,Increase CBR in top 2 layers,False
US032,Tunnels,150,Residential Building,Increase CBR in top 2 layers,False
US032,Railway Tracks,80,,,True
US032,Pipeline Infrastructure,30,,,True
US032,Dams,100,Residential Building,Reduce liquid limit via compaction,False
US032,Water Reservoirs,90,Residential Building,Reduce liquid limit via compaction,False
US032,Airport Runways,180,Residential Building,Reduce liquid limit via compaction,False
US033,Residential Building,50,,,True
US033,High-rise Building,150,Residential Building,Reduce liquid limit via compaction,False
US033,Low-rise,100,,,True
US033,Roads & Highways,70,,,True
US033,Bridges,120,Residential Building,Reduce liquid limit via compaction,False
US033,Tunnels,150,Residential Building,Reduce liquid limit via compaction,False
US033,Railway Tracks,80,,,True
US033,Pipeline Infrastructure,30,,,True
US033,Dams,100,Residential Building,Reduce liquid limit via compaction,False
US033,Water Reservoirs,90,,,True
US033,Airport Runways,180,Residential Building,Reduce liquid limit via compaction,False
US034,Residential Building,50,,,True
US034,High-rise Building,150,Residential Building,Increase CBR in top 2 layers,False
US034,Low-rise,100,Residential Building,Increase CBR in top 2 layers,False
US034,Roads & Highways,70,,,True
US034,Bridges,120,Residential Building,Use deep foundations or densify subsoil,False
US034,Tunnels,150,Residential Building,Use deep foundations or densify subsoil,False
US034,Railway Tracks,80,Residential Building,Use deep foundations or densify subsoil,False
US034,Pipeline Infrastructure,30,,,True
US034,Dams,100,Residential Building,Increase CBR in top 2 layers,False
US034,Water Reservoirs,90,Residential Building,Use deep foundations or densify subsoil,False
US034,Airport Runways,180,Residential Building,Use deep foundations or densify subsoil,False
US035,Residential Building,50,,,True
US035,High-rise Building,150,Residential Building,Reduce liquid limit via compaction,False
US035,Low-rise,100,Residential Building,Use deep foundations or densify subsoil,False
US035,Roads & Highways,70,,,True
US035,Bridges,120,Residential Building,Reduce liquid limit via compaction,False
US035,Tunnels,150,Residential Building,Use deep foundations or densify subsoil,False
US035,Railway Tracks,80,,,True
US035,Pipeline Infrastructure,30,,,True
US035,Dams,100,Residential Building,Increase CBR in top 2 layers,False
US035,Water Reservoirs,90,Residential Building,Reduce liquid limit via compaction,False
US035,Airport Runways,180,Residential Building,Reduce liquid limit via compaction,False
US036,Residential Building,50,,,True
US036,High-rise Building,150,Residential Building,Increase CBR in top 2 layers,False
US036,Low-rise,100,,,True
US036,Roads & Highways,70,,,True
US036,Bridges,120,Residential Building,Use deep foundations or densify subsoil,False
US036,Tunnels,150,Residential Building,Increase CBR in top 2 layers,False
US036,Railway Tracks,80,,,True
US036,Pipeline Infrastructure,30,,,True
US036,Dams,100,,,True
US036,Water Reservoirs,90,,,True
US036,Airport Runways,180,Residential Building,Reduce liquid limit via compaction,False
US037,Residential Building,50,,,True
US037,High-rise Building,150,Residential Building,Increase CBR in top 2 layers,False
US037,Low-rise,100,Residential Building,Increase CBR in top 2 layers,False
US037,Roads & Highways,70,,,True
US037,Bridges,120,Residential Building,Use deep foundations or densify subsoil,False
US037,Tunnels,150,Residential Building,Reduce liquid limit via compaction,False
US037,Railway Tracks,80,Residential Building,Use deep foundations or densify subsoil,False
US037,Pipeline Infrastructure,30,,,True
US037,Dams,100,Residential Building,Use deep foundations or densify subsoil,False
US037,Water Reservoirs,90,Residential Building,Increase CBR in top 2 layers,False
US037,Airport Runways,180,Residential Building,Use deep foundations or densify subsoil,False
US038,Residential Building,50,,,True
US038,High-rise Building,150,Residential Building,Use deep foundations or densify subsoil,False
US038,Low-rise,100,,,True
US038,Roads & Highways,70,,,True
US038,Bridges,120,Residential Building,Increase CBR in top 2 layers,False
US038,Tunnels,150,Residential Building,Use deep foundations or densify subsoil,False
US038,Railway Tracks,80,,,True
US038,Pipeline Infrastructure,30,,,True
US038,Dams,100,,,True
US038,Water Reservoirs,90,,,True
US038,Airport Runways,180,Residential Building,Reduce liquid limit via compaction,False
US039,Residential Building,50,,,True
US039,High-rise Building,150,Residential Building,Use deep foundations or densify subsoil,False
US039,Low-rise,100,Residential Building,Increase CBR in top 2 layers,False
US039,Roads & Highways,70,,,True
US039,Bridges,120,Residential Building,Reduce liquid limit via compaction,False
US039,Tunnels,150,Residential Building,Increase CBR in top 2 layers,False
US039,Railway Tracks,80,Residential Building,Use deep foundations or densify subsoil,False
US039,Pipeline Infrastructure,30,,,True
US039,Dams,100,Residential Building,Reduce liquid limit via compaction,False
US039,Water Reservoirs,90,Residential Building,Increase CBR in top 2 layers,False
US039,Airport Runways,180,Residential Building,Reduce liquid limit via compaction,False
US040,Residential Building,50,,,True
US040,High-rise Building,150,Residential Building,Increase CBR in top 2 layers,False
US040,Low-rise,100,,,True
US040,Roads & Highways,70,,,True
US040,Bridges,120,,,True
US040,Tunnels,150,Bridges,Increase CBR in top 2 layers,False
US040,Railway Tracks,80,,,True
US040,Pipeline Infrastructure,30,,,True
US040,Dams,100,,,True
US040,Water Reservoirs,90,,,True
US040,Airport Runways,180,Residential Building,Use deep foundations or densify subsoil,False
US041,Residential Building,50,,Reduce liquid limit via compaction,False
US041,High-rise Building,150,,Use deep foundations or densify subsoil,False
US041,Low-rise,100,,Reduce liquid limit via compaction,False
US041,Roads & Highways,70,,Reduce liquid limit via compaction,False
US041,Bridges,120,,Reduce liquid limit via compaction,False
US041,Tunnels,150,,Use deep foundations or densify subsoil,False
US041,Railway Tracks,80,,Reduce liquid limit via compaction,False
US041,Pipeline Infrastructure,30,,Reduce liquid limit via compaction,False
US041,Dams,100,,Reduce liquid limit via compaction,False
US041,Water Reservoirs,90,,Reduce liquid limit via compaction,False
US041,Airport Runways,180,,Use deep foundations or densify subsoil,False
US042,Residential Building,50,Pipeline Infrastructure,Use deep foundations or densify subsoil,False
US042,High-rise Building,150,Pipeline Infrastructure,Reduce liquid limit via compaction,False
US042,Low-rise,100,Pipeline Infrastructure,Increase CBR in top 2 layers,False
US042,Roads & Highways,70,Pipeline Infrastructure,Use deep foundations or densify subsoil,False
US042,Bridges,120,Pipeline Infrastructure,Increase CBR in top 2 layers,False
US042,Tunnels,150,Pipeline Infrastructure,Increase CBR in top 2 layers,False
US042,Railway Tracks,80,Pipeline Infrastructure,Increase CBR in top 2 layers,False
US042,Pipeline Infrastructure,30,,,True
US042,Dams,100,Pipeline Infrastructure,Reduce liquid limit via compaction,False
US042,Water Reservoirs,90,Pipeline Infrastructure,Reduce liquid limit via compaction,False
US042,Airport Runways,180,Pipeline Infrastructure,Reduce liquid limit via compaction,False
US043,Residential Building,50,,Reduce liquid limit via compaction,False
US043,High-rise Building,150,,Reduce liquid limit via compaction,False
US043,Low-rise,100,,Increase CBR in top 2 layers,False
US043,Roads & Highways,70,,Use deep foundations or densify subsoil,False
US043,Bridges,120,,Increase CBR in top 2 layers,False
US043,Tunnels,150,,Increase CBR in top 2 layers,False
US043,Railway Tracks,80,,Increase CBR in top 2 layers,False
US043,Pipeline Infrastructure,30,,Reduce liquid limit via compaction,False
US043,Dams,100,,Reduce liquid limit via compaction,False
US043,Water Reservoirs,90,,Reduce liquid limit via compaction,False
US043,Airport Runways,180,,Increase CBR in top 2 layers,False
US044,Residential Building,50,,Reduce liquid limit via compaction,False
US044,High-rise Building,150,,Increase CBR in top 2 layers,False
US044,Low-rise,100,,Use deep foundations or densify subsoil,False
US044,Roads & Highways,70,,Use deep foundations or densify subsoil,False
US044,Bridges,120,,Increase CBR in top 2 layers,False
US044,Tunnels,150,,Reduce liquid limit via compaction,False
US044,Railway Tracks,80,,Use deep foundations or densify subsoil,False
US044,Pipeline Infrastructure,30,,Reduce liquid limit via compaction,False
US044,Dams,100,,Increase CBR in top 2 layers,False
US044,Water Reservoirs,90,,Reduce liquid limit via compaction,False
US044,Airport Runways,180,,Use deep foundations or densify subsoil,False
US045,Residential Building,50,,,True
US045,High-rise Building,150,Residential Building,Increase CBR in top 2 layers,False
US045,Low-rise,100,Residential Building,Increase CBR in top 2 layers,False
US045,Roads & Highways,70,,,True
US045,Bridges,120,Residential Building,Increase CBR in top 2 layers,False
US045,Tunnels,150,Residential Building,Increase CBR in top 2 layers,False
US045,Railway Tracks,80,Residential Building,Use deep foundations or densify subsoil,False
US045,Pipeline Infrastructure,30,,,True
US045,Dams,100,Residential Building,Use deep foundations or densify subsoil,False
US045,Water Reservoirs,90,Residential Building,Increase CBR in top 2 layers,False
US045,Airport Runways,180,Residential Building,Reduce liquid limit via compaction,False
US046,Residential Building,50,Pipeline Infrastructure,Use deep foundations or densify subsoil,False
US046,High-rise Building,150,Pipeline Infrastructure,Increase CBR in top 2 layers,False
US046,Low-rise,100,Pipeline Infrastructure,Use deep foundations or densify subsoil,False
US046,Roads & Highways,70,Pipeline Infrastructure,Increase CBR in top 2 layers,False
US046,Bridges,120,Pipeline Infrastructure,Increase CBR in top 2 layers,False
US046,Tunnels,150,Pipeline Infrastructure,Increase CBR in top 2 layers,False
US046,Railway Tracks,80,Pipeline Infrastructure,Reduce liquid limit via compaction,False
US046,Pipeline Infrastructure,30,,,True
US046,Dams,100,Pipeline Infrastructure,Reduce liquid limit via compaction,False
US046,Water Reservoirs,90,Pipeline Infrastructure,Increase CBR in top 2 layers,False
US046,Airport Runways,180,Pipeline Infrastructure,Increase CBR in top 2 layers,False
US047,Residential Building,50,,Reduce liquid limit via compaction,False
US047,High-rise Building,150,,Reduce liquid limit via compaction,False
US047,Low-rise,100,,Reduce liquid limit via compaction,False
US047,Roads & Highways,70,,Reduce liquid limit via compaction,False
US047,Bridges,120,,Increase CBR in top 2 layers,False
US047,Tunnels,150,,Reduce liquid limit via compaction,False
US047,Railway Tracks,80,,Reduce liquid limit via compaction,False
US047,Pipeline Infrastructure,30,,Reduce liquid limit via compaction,False
US047,Dams,100,,Reduce liquid limit via compaction,False
US047,Water Reservoirs,90,,Reduce liquid limit via compaction,False
US047,Airport Runways,180,,Increase CBR in top 2 layers,False
US048,Residential Building,50,,,True
US048,High-rise Building,150,Residential Building,Increase CBR in top 2 layers,False
US048,Low-rise,100,Residential Building,Use deep foundations or densify subsoil,False
US048,Roads & Highways,70,,,True
US048,Bridges,120,Residential Building,Increase CBR in top 2 layers,False
US048,Tunnels,150,Residential Building,Use deep foundations or densify subsoil,False
US048,Railway Tracks,80,,,True
US048,Pipeline Infrastructure,30,,,True
US048,Dams,100,Residential Building,Increase CBR in top 2 layers,False
US048,Water Reservoirs,90,,,True
US048,Airport Runways,180,Residential Building,Reduce liquid limit via compaction,False
US049,Residential Building,50,Pipeline Infrastructure,Reduce liquid limit via compaction,False
US049,High-rise Building,150,Pipeline Infrastructure,Increase CBR in top 2 layers,False
US049,Low-rise,100,Pipeline Infrastructure,Increase CBR in top 2 layers,False
US049,Roads & Highways,70,Pipeline Infrastructure,Reduce liquid limit via compaction,False
US049,Bridges,120,Pipeline Infrastructure,Increase CBR in top 2 layers,False
US049,Tunnels,150,Pipeline Infrastructure,Use deep foundations or densify subsoil,False
US049,Railway Tracks,80,Pipeline Infrastructure,Use deep foundations or densify subsoil,False
US049,Pipeline Infrastructure,30,,,True
US049,Dams,100,Pipeline Infrastructure,Increase CBR in top 2 layers,False
US049,Water Reservoirs,90,Pipeline Infrastructure,Reduce liquid limit via compaction,False
US049,Airport Runways,180,Pipeline Infrastructure,Reduce liquid limit via compaction,False
US050,Residential Building,50,Pipeline Infrastructure,Increase CBR in top 2 layers,False
US050,High-rise Building,150,Pipeline Infrastructure,Increase CBR in top 2 layers,False
US050,Low-rise,100,Pipeline Infrastructure,Use deep foundations or densify subsoil,False
US050,Roads & Highways,70,Pipeline Infrastructure,Increase CBR in top 2 layers,False
US050,Bridges,120,Pipeline Infrastructure,Reduce liquid limit via compaction,False
US050,Tunnels,150,Pipeline Infrastructure,Increase CBR in top 2 layers,False
US050,Railway Tracks,80,Pipeline Infrastructure,Increase CBR in top 2 layers,False
US050,Pipeline Infrastructure,30,,,True
US050,Dams,100,Pipeline Infrastructure,Reduce liquid limit via compaction,False
US050,Water Reservoirs,90,Pipeline Infrastructure,Reduce liquid limit via compaction,False
US050,Airport Runways,180,Pipeline Infrastructure,Reduce liquid limit via compaction,False
US051,Residential Building,50,,,True
US051,High-rise Building,150,Residential Building,Increase CBR in top 2 layers,False
US051,Low-rise,100,Residential Building,Increase CBR in top 2 layers,False
US051,Roads & Highways,70,,,True
US051,Bridges,120,Residential Building,Increase CBR in top 2 layers,False
US051,Tunnels,150,Residential Building,Increase CBR in top 2 layers,False
US051,Railway Tracks,80,Residential Building,Use deep foundations or densify subsoil,False
US051,Pipeline Infrastructure,30,,,True
US051,Dams,100,Residential Building,Increase CBR in top 2 layers,False
US051,Water Reservoirs,90,Residential Building,Increase CBR in top 2 layers,False
US051,Airport Runways,180,Residential Building,Increase CBR in top 2 layers,False
US052,Residential Building,50,,,True
US052,High-rise Building,150,Residential Building,Use deep foundations or densify subsoil,False
US052,Low-rise,100,Residential Building,Use deep foundations or densify subsoil,False
US052,Roads & Highways,70,,,True
US052,Bridges,120,Residential Building,Use deep foundations or densify subsoil,False
US052,Tunnels,150,Residential Building,Use deep foundations or densify subsoil,False
US052,Railway Tracks,80,,,True
US052,Pipeline Infrastructure,30,,,True
US052,Dams,100,Residential Building,Increase CBR in top 2 layers,False
US052,Water Reservoirs,90,Residential Building,Use deep foundations or densify subsoil,False
US052,Airport Runways,180,Residential Building,Reduce liquid limit via compaction,False
US053,Residential Building,50,,Reduce liquid limit via compaction,False
US053,High-rise Building,150,,Use deep foundations or densify subsoil,False
US053,Low-rise,100,,Reduce liquid limit via compaction,False
US053,Roads & Highways,70,,Reduce liquid limit via compaction,False
US053,Bridges,120,,Use deep foundations or densify subsoil,False
US053,Tunnels,150,,Use deep foundations or densify subsoil,False
US053,Railway Tracks,80,,Reduce liquid limit via compaction,False
US053,Pipeline Infrastructure,30,,Reduce liquid limit via compaction,False
US053,Dams,100,,Reduce liquid limit via compaction,False
US053,Water Reservoirs,90,,Reduce liquid limit via compaction,False
US053,Airport Runways,180,,Use deep foundations or densify subsoil,False
US054,Residential Building,50,,Reduce liquid limit via compaction,False
US054,High-rise Building,150,,Reduce liquid limit via compaction,False
US054,Low-rise,100,,Reduce liquid limit via compaction,False
US054,Roads & Highways,70,,Reduce liquid limit via compaction,False
US054,Bridges,120,,Increase CBR in top 2 layers,False
US054,Tunnels,150,,Reduce liquid limit via compaction,False
US054,Railway Tracks,80,,Reduce liquid limit via compaction,False
US054,Pipeline Infrastructure,30,,Reduce liquid limit via compaction,False
US054,Dams,100,,Increase CBR in top 2 layers,False
US054,Water Reservoirs,90,,Reduce liquid limit via compaction,False
US054,Airport Runways,180,,Increase CBR in top 2 layers,False
US055,Residential Building,50,Pipeline Infrastructure,Reduce liquid limit via compaction,False
US055,High-rise Building,150,Pipeline Infrastructure,Use deep foundations or densify subsoil,False
US055,Low-rise,100,Pipeline Infrastructure,Reduce liquid limit via compaction,False
US055,Roads & Highways,70,Pipeline Infrastructure,Reduce liquid limit via compaction,False
US055,Bridges,120,Pipeline Infrastructure,Increase CBR in top 2 layers,False
US055,Tunnels,150,Pipeline Infrastructure,Increase CBR in top 2 layers,False
US055,Railway Tracks,80,Pipeline Infrastructure,Increase CBR in top 2 layers,False
US055,Pipeline Infrastructure,30,,,True
US055,Dams,100,Pipeline Infrastructure,Reduce liquid limit via compaction,False
US055,Water Reservoirs,90,Pipeline Infrastructure,Reduce liquid limit via compaction,False
US055,Airport Runways,180,Pipeline Infrastructure,Use deep foundations or densify subsoil,False
US056,Residential Building,50,,Reduce liquid limit via compaction,False
US056,High-rise Building,150,,Reduce liquid limit via compaction,False
US056,Low-rise,100,,Use deep foundations or densify subsoil,False
US056,Roads & Highways,70,,Reduce liquid limit via compaction,False
US056,Bridges,120,,Use deep foundations or densify subsoil,False
US056,Tunnels,150,,Increase CBR in top 2 layers,False
US056,Railway Tracks,80,,Use deep foundations or densify subsoil,False
US056,Pipeline Infrastructure,30,,Reduce liquid limit via compaction,False
US056,Dams,100,,Reduce liquid limit via compaction,False
US056,Water Reservoirs,90,,Reduce liquid limit via compaction,False
US056,Airport Runways,180,,Use deep foundations or densify subsoil,False
US057,Residential Building,50,,,True
US057,High-rise Building,150,Residential Building,Use deep foundations or densify subsoil,False
US057,Low-rise,100,Residential Building,Use deep foundations or densify subsoil,False
US057,Roads & Highways,70,Residential Building,Use deep foundations or densify subsoil,False
US057,Bridges,120,Residential Building,Increase CBR in top 2 layers,False
US057,Tunnels,150,Residential Building,Increase CBR in top 2 layers,False
US057,Railway Tracks,80,Residential Building,Increase CBR in top 2 layers,False
US057,Pipeline Infrastructure,30,,,True
US057,Dams,100,Residential Building,Use deep foundations or densify subsoil,False
US057,Water Reservoirs,90,Residential Building,Use deep foundations or densify subsoil,False
US057,Airport Runways,180,Residential Building,Increase CBR in top 2 layers,False
US058,Residential Building,50,,,True
US058,High-rise Building,150,Residential Building,Increase CBR in top 2 layers,False
US058,Low-rise,100,Residential Building,Use deep foundations or densify subsoil,False
US058,Roads & Highways,70,,,True
US058,Bridges,120,Residential Building,Increase CBR in top 2 layers,False
US058,Tunnels,150,Residential Building,Use deep foundations or densify subsoil,False
US058,Railway Tracks,80,Residential Building,Use deep foundations or densify subsoil,False
US058,Pipeline Infrastructure,30,,,True
US058,Dams,100,Residential Building,Use deep foundations or densify subsoil,False
US058,Water Reservoirs,90,Residential Building,Increase CBR in top 2 layers,False
US058,Airport Runways,180,Residential Building,Use deep foundations or densify subsoil,False
US059,Residential Building,50,,,True
US059,High-rise Building,150,Residential Building,Use deep foundations or densify subsoil,False
US059,Low-rise,100,,,True
US059,Roads & Highways,70,,,True
US059,Bridges,120,Residential Building,Increase CBR in top 2 layers,False
US059,Tunnels,150,Residential Building,Use deep foundations or densify subsoil,False
US059,Railway Tracks,80,,,True
US059,Pipeline Infrastructure,30,,,True
US059,Dams,100,,,True
US059,Water Reservoirs,90,,,True
US059,Airport Runways,180,Residential Building,Reduce liquid limit via compaction,False
US060,Residential Building,50,,,True
US060,High-rise Building,150,Residential Building,Increase CBR in top 2 layers,False
US060,Low-rise,100,Residential Building,Use deep foundations or densify subsoil,False
US060,Roads & Highways,70,,,True
US060,Bridges,120,Residential Building,Use deep foundations or densify subsoil,False
US060,Tunnels,150,Residential Building,Use deep foundations or densify subsoil,False
US060,Railway Tracks,80,,,True
US060,Pipeline Infrastructure,30,,,True
US060,Dams,100,Residential Building,Increase CBR in top 2 layers,False
US060,Water Reservoirs,90,,,True
US060,Airport Runways,180,Residential Building,Increase CBR in top 2 layers,False
US061,Residential Building,50,,Reduce liquid limit via compaction,False
US061,High-rise Building,150,,Reduce liquid limit via compaction,False
US061,Low-rise,100,,Increase CBR in top 2 layers,False
US061,Roads & Highways,70,,Use deep foundations or densify subsoil,False
US061,Bridges,120,,Increase CBR in top 2 layers,False
US061,Tunnels,150,,Increase CBR in top 2 layers,False
US061,Railway Tracks,80,,Reduce liquid limit via compaction,False
US061,Pipeline Infrastructure,30,,Reduce liquid limit via compaction,False
US061,Dams,100,,Reduce liquid limit via compaction,False
US061,Water Reservoirs,90,,Reduce liquid limit via compaction,False
US061,Airport Runways,180,,Use deep foundations or densify subsoil,False
US062,Residential Building,50,,Reduce liquid limit via compaction,False
US062,High-rise Building,150,,Use deep foundations or densify subsoil,False
US062,Low-rise,100,,Reduce liquid limit via compaction,False
US062,Roads & Highways,70,,Reduce liquid limit via compaction,False
US062,Bridges,120,,Reduce liquid limit via compaction,False
US062,Tunnels,150,,Use deep foundations or densify subsoil,False
US062,Railway Tracks,80,,Reduce liquid limit via compaction,False
US062,Pipeline Infrastructure,30,,Reduce liquid limit via compaction,False
US062,Dams,100,,Increase CBR in top 2 layers,False
US062,Water Reservoirs,90,,Reduce liquid limit via compaction,False
US062,Airport Runways,180,,Reduce liquid limit via compaction,False
US063,Residential Building,50,,,True
US063,High-rise Building,150,Residential Building,Increase CBR in top 2 layers,False
US063,Low-rise,100,Residential Building,Reduce liquid limit via compaction,False
US063,Roads & Highways,70,,,True
US063,Bridges,120,Residential Building,Reduce liquid limit via compaction,False
US063,Tunnels,150,Residential Building,Use deep foundations or densify subsoil,False
US063,Railway Tracks,80,,,True
US063,Pipeline Infrastructure,30,,,True
US063,Dams,100,Residential Building,Reduce liquid limit via compaction,False
US063,Water Reservoirs,90,Residential Building,Reduce liquid limit via compaction,False
US063,Airport Runways,180,Residential Building,Increase CBR in top 2 layers,False
US064,Residential Building,50,Pipeline Infrastructure,Reduce liquid limit via compaction,False
US064,High-rise Building,150,Pipeline Infrastructure,Reduce liquid limit via compaction,False
US064,Low-rise,100,Pipeline Infrastructure,Reduce liquid limit via compaction,False
US064,Roads & Highways,70,Pipeline Infrastructure,Reduce liquid limit via compaction,False
US064,Bridges,120,Pipeline Infrastructure,Reduce liquid limit via compaction,False
US064,Tunnels,150,Pipeline Infrastructure,Increase CBR in top 2 layers,False
US064,Railway Tracks,80,Pipeline Infrastructure,Reduce liquid limit via compaction,False
US064,Pipeline Infrastructure,30,,,True
US064,Dams,100,Pipeline Infrastructure,Reduce liquid limit via compaction,False
US064,Water Reservoirs,90,Pipeline Infrastructure,Reduce liquid limit via compaction,False
US064,Airport Runways,180,Pipeline Infrastructure,Use deep foundations or densify subsoil,False
US065,Residential Building,50,,Reduce liquid limit via compaction,False
US065,High-rise Building,150,,Increase CBR in top 2 layers,False
US065,Low-rise,100,,Reduce liquid limit via compaction,False
US065,Roads & Highways,70,,Reduce liquid limit via compaction,False
US065,Bridges,120,,Reduce liquid limit via compaction,False
US065,Tunnels,150,,Reduce liquid limit via compaction,False
US065,Railway Tracks,80,,Reduce liquid limit via compaction,False
US065,Pipeline Infrastructure,30,,Reduce liquid limit via compaction,False
US065,Dams,100,,Reduce liquid limit via compaction,False
US065,Water Reservoirs,90,,Reduce liquid limit via compaction,False
US065,Airport Runways,180,,Increase CBR in top 2 layers,False
US066,Residential Building,50,Pipeline Infrastructure,Reduce liquid limit via compaction,False
US066,High-rise Building,150,Pipeline Infrastructure,Reduce liquid limit via compaction,False
US066,Low-rise,100,Pipeline Infrastructure,Reduce liquid limit via compaction,False
US066,Roads & Highways,70,Pipeline Infrastructure,Use deep foundations or densify subsoil,False
US066,Bridges,120,Pipeline Infrastructure,Increase CBR in top 2 layers,False
US066,Tunnels,150,Pipeline Infrastructure,Increase CBR in top 2 layers,False
US066,Railway Tracks,80,Pipeline Infrastructure,Increase CBR in top 2 layers,False
US066,Pipeline Infrastructure,30,,,True
US066,Dams,100,Pipeline Infrastructure,Increase CBR in top 2 layers,False
US066,Water Reservoirs,90,Pipeline Infrastructure,Use deep foundations or densify subsoil,False
US066,Airport Runways,180,Pipeline Infrastructure,Reduce liquid limit via compaction,False
US067,Residential Building,50,,Reduce liquid limit via compaction,False
US067,High-rise Building,150,,Increase CBR in top 2 layers,False
US067,Low-rise,100,,Use deep foundations or densify subsoil,False
US067,Roads & Highways,70,,Use deep foundations or densify subsoil,False
US067,Bridges,120,,Reduce liquid limit via compaction,False
US067,Tunnels,150,,Use deep foundations or densify subsoil,False
US067,Railway Tracks,80,,Increase CBR in top 2 layers,False
US067,Pipeline Infrastructure,30,,Reduce liquid limit via compaction,False
US067,Dams,100,,Increase CBR in top 2 layers,False
US067,Water Reservoirs,90,,Increase CBR in top 2 layers,False
US067,Airport Runways,180,,Increase CBR in top 2 layers,False
US068,Residential Building,50,,,True
US068,High-rise Building,150,Residential Building,Use deep foundations or densify subsoil,False
US068,Low-rise,100,,,True
US068,Roads & Highways,70,,,True
US068,Bridges,120,Residential Building,Use deep foundations or densify subsoil,False
US068,Tunnels,150,Residential Building,Increase CBR in top 2 layers,False
US068,Railway Tracks,80,,,True
US068,Pipeline Infrastructure,30,,,True
US068,Dams,100,,,True
US068,Water Reservoirs,90,,,True
US068,Airport Runways,180,Residential Building,Use deep foundations or densify subsoil,False
US069,Residential Building,50,Pipeline Infrastructure,Use deep foundations or densify subsoil,False
US069,High-rise Building,150,Pipeline Infrastructure,Use deep foundations or densify subsoil,False
US069,Low-rise,100,Pipeline Infrastructure,Increase CBR in top 2 layers,False
US069,Roads & Highways,70,Pipeline Infrastructure,Use deep foundations or densify subsoil,False
US069,Bridges,120,Pipeline Infrastructure,Reduce liquid limit via compaction,False
US069,Tunnels,150,Pipeline Infrastructure,Use deep foundations or densify subsoil,False
US069,Railway Tracks,80,Pipeline Infrastructure,Reduce liquid limit via compaction,False
US069,Pipeline Infrastructure,30,,,True
US069,Dams,100,Pipeline Infrastructure,Reduce liquid limit via compaction,False
US069,Water Reservoirs,90,Pipeline Infrastructure,Reduce liquid limit via compaction,False
US069,Airport Runways,180,Pipeline Infrastructure,Increase CBR in top 2 layers,False
US070,Residential Building,50,Pipeline Infrastructure,Increase CBR in top 2 layers,False
US070,High-rise Building,150,Pipeline Infrastructure,Use deep foundations or densify subsoil,False
US070,Low-rise,100,Pipeline Infrastructure,Increase CBR in top 2 layers,False
US070,Roads & Highways,70,Pipeline Infrastructure,Increase CBR in top 2 layers,False
US070,Bridges,120,Pipeline Infrastructure,Increase CBR in top 2 layers,False
US070,Tunnels,150,Pipeline Infrastructure,Increase CBR in top 2 layers,False
US070,Railway Tracks,80,Pipeline Infrastructure,Use deep foundations or densify subsoil,False
US070,Pipeline Infrastructure,30,,,True
US070,Dams,100,Pipeline Infrastructure,Increase CBR in top 2 layers,False
US070,Water Reservoirs,90,Pipeline Infrastructure,Use deep foundations or densify subsoil,False
US070,Airport Runways,180,Pipeline Infrastructure,Increase CBR in top 2 layers,False
US071,Residential Building,50,,,True
US071,High-rise Building,150,Residential Building,Reduce liquid limit via compaction,False
US071,Low-rise,100,Residential Building,Use deep foundations or densify subsoil,False
US071,Roads & Highways,70,,,True
US071,Bridges,120,Residential Building,Reduce liquid limit via compaction,False
US071,Tunnels,150,Residential Building,Increase CBR in top 2 layers,False
US071,Railway Tracks,80,,,True
US071,Pipeline Infrastructure,30,,,True
US071,Dams,100,Residential Building,Use deep foundations or densify subsoil,False
US071,Water Reservoirs,90,Residential Building,Reduce liquid limit via compaction,False
US071,Airport Runways,180,Residential Building,Use deep foundations or densify subsoil,False
US072,Residential Building,50,,,True
US072,High-rise Building,150,Residential Building,Use deep foundations or densify subsoil,False
US072,Low-rise,100,Residential Building,Use deep foundations or densify subsoil,False
US072,Roads & Highways,70,,,True
US072,Bridges,120,Residential Building,Use deep foundations or densify subsoil,False
US072,Tunnels,150,Residential Building,Use deep foundations or densify subsoil,False
US072,Railway Tracks,80,,,True
US072,Pipeline Infrastructure,30,,,True
US072,Dams,100,Residential Building,Increase CBR in top 2 layers,False
US072,Water Reservoirs,90,Residential Building,Use deep foundations or densify subsoil,False
US072,Airport Runways,180,Residential Building,Increase CBR in top 2 layers,False
US073,Residential Building,50,,Reduce liquid limit via compaction,False
US073,High-rise Building,150,,Increase CBR in top 2 layers,False
US073,Low-rise,100,,Use deep foundations or densify subsoil,False
US073,Roads & Highways,70,,Reduce liquid limit via compaction,False
US073,Bridges,120,,Increase CBR in top 2 layers,False
US073,Tunnels,150,,Use deep foundations or densify subsoil,False
US073,Railway Tracks,80,,Reduce liquid limit via compaction,False
US073,Pipeline Infrastructure,30,,Reduce liquid limit via compaction,False
US073,Dams,100,,Use deep foundations or densify subsoil,False
US073,Water Reservoirs,90,,Use deep foundations or densify subsoil,False
US073,Airport Runways,180,,Use deep foundations or densify subsoil,False
US074,Residential Building,50,,Reduce liquid limit via compaction,False
US074,High-rise Building,150,,Use deep foundations or densify subsoil,False
US074,Low-rise,100,,Reduce liquid limit via compaction,False
US074,Roads & Highways,70,,Reduce liquid limit via compaction,False
US074,Bridges,120,,Use deep foundations or densify subsoil,False
US074,Tunnels,150,,Reduce liquid limit via compaction,False
US074,Railway Tracks,80,,Reduce liquid limit via compaction,False
US074,Pipeline Infrastructure,30,,Reduce liquid limit via compaction,False
US074,Dams,100,,Reduce liquid limit via compaction,False
US074,Water Reservoirs,90,,Reduce liquid limit via compaction,False
US074,Airport Runways,180,,Reduce liquid limit via compaction,False
US075,Residential Building,50,,,True
US075,High-rise Building,150,Residential Building,Increase CBR in top 2 layers,False
US075,Low-rise,100,,,True
US075,Roads & Highways,70,,,True
US075,Bridges,120,Residential Building,Increase CBR in top 2 layers,False
US075,Tunnels,150,Residential Building,Reduce liquid limit via compaction,False
US075,Railway Tracks,80,,,True
US075,Pipeline Infrastructure,30,,,True
US075,Dams,100,Residential Building,Reduce liquid limit via compaction,False
US075,Water Reservoirs,90,Residential Building,Reduce liquid limit via compaction,False
US075,Airport Runways,180,Residential Building,Increase CBR in top 2 layers,False
US076,Residential Building,50,,Reduce liquid limit via compaction,False
US076,High-rise Building,150,,Use deep foundations or densify subsoil,False
US076,Low-rise,100,,Reduce liquid limit via compaction,False
US076,Roads & Highways,70,,Reduce liquid limit via compaction,False
US076,Bridges,120,,Increase CBR in top 2 layers,False
US076,Tunnels,150,,Reduce liquid limit via compaction,False
US076,Railway Tracks,80,,Reduce liquid limit via compaction,False
US076,Pipeline Infrastructure,30,,Reduce liquid limit via compaction,False
US076,Dams,100,,Reduce liquid limit via compaction,False
US076,Water Reservoirs,90,,Reduce liquid limit via compaction,False
US076,Airport Runways,180,,Increase CBR in top 2 layers,False
US077,Residential Building,50,,,True
US077,High-rise Building,150,Residential Building,Reduce liquid limit via compaction,False
US077,Low-rise,100,Residential Building,Increase CBR in top 2 layers,False
US077,Roads & Highways,70,Residential Building,Increase CBR in top 2 layers,False
US077,Bridges,120,Residential Building,Reduce liquid limit via compaction,False
US077,Tunnels,150,Residential Building,Reduce liquid limit via compaction,False
US077,Railway Tracks,80,Residential Building,Use deep foundations or densify subsoil,False
US077,Pipeline Infrastructure,30,,,True
US077,Dams,100,Residential Building,Increase CBR in top 2 layers,False
US077,Water Reservoirs,90,Residential Building,Increase CBR in top 2 layers,False
US077,Airport Runways,180,Residential Building,Use deep foundations or densify subsoil,False
US078,Residential Building,50,,,True
US078,High-rise Building,150,Residential Building,Use deep foundations or densify subsoil,False
US078,Low-rise,100,Residential Building,Reduce liquid limit via compaction,False
US078,Roads & Highways,70,,,True
US078,Bridges,120,Residential Building,Increase CBR in top 2 layers,False
US078,Tunnels,150,Residential Building,Use deep foundations or densify subsoil,False
US078,Railway Tracks,80,,,True
US078,Pipeline Infrastructure,30,,,True
US078,Dams,100,Residential Building,Use deep foundations or densify subsoil,False
US078,Water Reservoirs,90,Residential Building,Reduce liquid limit via compaction,False
US078,Airport Runways,180,Residential Building,Increase CBR in top 2 layers,False
US079,Residential Building,50,,,True
US079,High-rise Building,150,Residential Building,Use deep foundations or densify subsoil,False
US079,Low-rise,100,Residential Building,Use deep foundations or densify subsoil,False
US079,Roads & Highways,70,,,True
US079,Bridges,120,Residential Building,Increase CBR in top 2 layers,False
US079,Tunnels,150,Residential Building,Increase CBR in top 2 layers,False
US079,Railway Tracks,80,,,True
US079,Pipeline Infrastructure,30,,,True
US079,Dams,100,Residential Building,Reduce liquid limit via compaction,False
US079,Water Reservoirs,90,Residential Building,Reduce liquid limit via compaction,False
US079,Airport Runways,180,Residential Building,Use deep foundations or densify subsoil,False
US080,Residential Building,50,,Reduce liquid limit via compaction,False
US080,High-rise Building,150,,Use deep foundations or densify subsoil,False
US080,Low-rise,100,,Reduce liquid limit via compaction,False
US080,Roads & Highways,70,,Reduce liquid limit via compaction,False
US080,Bridges,120,,Reduce liquid limit via compaction,False
US080,Tunnels,150,,Reduce liquid limit via compaction,False
US080,Railway Tracks,80,,Reduce liquid limit via compaction,False
US080,Pipeline Infrastructure,30,,Reduce liquid limit via compaction,False
US080,Dams,100,,Reduce liquid limit via compaction,False
US080,Water Reservoirs,90,,Reduce liquid limit via compaction,False
US080,Airport Runways,180,,Increase CBR in top 2 layers,False
US081,Residential Building,50,,,True
US081,High-rise Building,150,Residential Building,Use deep foundations or densify subsoil,False
US081,Low-rise,100,Residential Building,Use deep foundations or densify subsoil,False
US081,Roads & Highways,70,,,True
US081,Bridges,120,Residential Building,Use deep foundations or densify subsoil,False
US081,Tunnels,150,Residential Building,Increase CBR in top 2 layers,False
US081,Railway Tracks,80,,,True
US081,Pipeline Infrastructure,30,,,True
US081,Dams,100,Residential Building,Use deep foundations or densify subsoil,False
US081,Water Reservoirs,90,Residential Building,Use deep foundations or densify subsoil,False
US081,Airport Runways,180,Residential Building,Use deep foundations or densify subsoil,False
US082,Residential Building,50,,,True
US082,High-rise Building,150,Residential Building,Use deep foundations or densify subsoil,False
US082,Low-rise,100,,,True
US082,Roads & Highways,70,,,True
US082,Bridges,120,,,True
US082,Tunnels,150,Bridges,Use deep foundations or densify subsoil,False
US082,Railway Tracks,80,,,True
US082,Pipeline Infrastructure,30,,,True
US082,Dams,100,,,True
US082,Water Reservoirs,90,,,True
US082,Airport Runways,180,Residential Building,Use deep foundations or densify subsoil,False
US083,Residential Building,50,,Reduce liquid limit via compaction,False
US083,High-rise Building,150,,Use deep foundations or densify subsoil,False
US083,Low-rise,100,,Use deep foundations or densify subsoil,False
US083,Roads & Highways,70,,Reduce liquid limit via compaction,False
US083,Bridges,120,,Use deep foundations or densify subsoil,False
US083,Tunnels,150,,Reduce liquid limit via compaction,False
US083,Railway Tracks,80,,Reduce liquid limit via compaction,False
US083,Pipeline Infrastructure,30,,Reduce liquid limit via compaction,False
US083,Dams,100,,Use deep foundations or densify subsoil,False
US083,Water Reservoirs,90,,Use deep foundations or densify subsoil,False
US083,Airport Runways,180,,Increase CBR in top 2 layers,False
US084,Residential Building,50,,Reduce liquid limit via compaction,False
US084,High-rise Building,150,,Increase CBR in top 2 layers,False
US084,Low-rise,100,,Reduce liquid limit via compaction,False
US084,Roads & Highways,70,,Reduce liquid limit via compaction,False
US084,Bridges,120,,Increase CBR in top 2 layers,False
US084,Tunnels,150,,Reduce liquid limit via compaction,False
US084,Railway Tracks,80,,Reduce liquid limit via compaction,False
US084,Pipeline Infrastructure,30,,Reduce liquid limit via compaction,False
US084,Dams,100,,Reduce liquid limit via compaction,False
US084,Water Reservoirs,90,,Reduce liquid limit via compaction,False
US084,Airport Runways,180,,Increase CBR in top 2 layers,False
US085,Residential Building,50,,Reduce liquid limit via compaction,False
US085,High-rise Building,150,,Increase CBR in top 2 layers,False
US085,Low-rise,100,,Use deep foundations or densify subsoil,False
US085,Roads & Highways,70,,Reduce liquid limit via compaction,False
US085,Bridges,120,,Reduce liquid limit via compaction,False
US085,Tunnels,150,,Use deep foundations or densify subsoil,False
US085,Railway Tracks,80,,Use deep foundations or densify subsoil,False
US085,Pipeline Infrastructure,30,,Reduce liquid limit via compaction,False
US085,Dams,100,,Increase CBR in top 2 layers,False
US085,Water Reservoirs,90,,Reduce liquid limit via compaction,False
US085,Airport Runways,180,,Increase CBR in top 2 layers,False
US086,Residential Building,50,Pipeline Infrastructure,Increase CBR in top 2 layers,False
US086,High-rise Building,150,Pipeline Infrastructure,Increase CBR in top 2 layers,False
US086,Low-rise,100,Pipeline Infrastructure,Reduce liquid limit via compaction,False
US086,Roads & Highways,70,Pipeline Infrastructure,Reduce liquid limit via compaction,False
US086,Bridges,120,Pipeline Infrastructure,Use deep foundations or densify subsoil,False
US086,Tunnels,150,Pipeline Infrastructure,Reduce liquid limit via compaction,False
US086,Railway Tracks,80,Pipeline Infrastructure,Increase CBR in top 2 layers,False
US086,Pipeline Infrastructure,30,,,True
US086,Dams,100,Pipeline Infrastructure,Reduce liquid limit via compaction,False
US086,Water Reservoirs,90,Pipeline Infrastructure,Reduce liquid limit via compaction,False
US086,Airport Runways,180,Pipeline Infrastructure,Use deep foundations or densify subsoil,False
US087,Residential Building,50,,,True
US087,High-rise Building,150,Residential Building,Use deep foundations or densify subsoil,False
US087,Low-rise,100,Residential Building,Increase CBR in top 2 layers,False
US087,Roads & Highways,70,,,True
US087,Bridges,120,Residential Building,Reduce liquid limit via compaction,False
US087,Tunnels,150,Residential Building,Use deep foundations or densify subsoil,False
US087,Railway Tracks,80,Residential Building,Use deep foundations or densify subsoil,False
US087,Pipeline Infrastructure,30,,,True
US087,Dams,100,Residential Building,Use deep foundations or densify subsoil,False
US087,Water Reservoirs,90,Residential Building,Increase CBR in top 2 layers,False
US087,Airport Runways,180,Residential Building,Reduce liquid limit via compaction,False
US088,Residential Building,50,,Reduce liquid limit via compaction,False
US088,High-rise Building,150,,Increase CBR in top 2 layers,False
US088,Low-rise,100,,Use deep foundations or densify subsoil,False
US088,Roads & Highways,70,,Reduce liquid limit via compaction,False
US088,Bridges,120,,Reduce liquid limit via compaction,False
US088,Tunnels,150,,Reduce liquid limit via compaction,False
US088,Railway Tracks,80,,Reduce liquid limit via compaction,False
US088,Pipeline Infrastructure,30,,Reduce liquid limit via compaction,False
US088,Dams,100,,Increase CBR in top 2 layers,False
US088,Water Reservoirs,90,,Reduce liquid limit via compaction,False
US088,Airport Runways,180,,Increase CBR in top 2 layers,False
US089,Residential Building,50,,,True
US089,High-rise Building,150,Residential Building,Reduce liquid limit via compaction,False
US089,Low-rise,100,,,True
US089,Roads & Highways,70,,,True
US089,Bridges,120,Residential Building,Increase CBR in top 2 layers,False
US089,Tunnels,150,Residential Building,Reduce liquid limit via compaction,False
US089,Railway Tracks,80,,,True
US089,Pipeline Infrastructure,30,,,True
US089,Dams,100,Residential Building,Reduce liquid limit via compaction,False
US089,Water Reservoirs,90,,,True
US089,Airport Runways,180,Residential Building,Increase CBR in top 2 layers,False
US090,Residential Building,50,Pipeline Infrastructure,Reduce liquid limit via compaction,False
US090,High-rise Building,150,Pipeline Infrastructure,Increase CBR in top 2 layers,False
US090,Low-rise,100,Pipeline Infrastructure,Reduce liquid limit via compaction,False
US090,Roads & Highways,70,Pipeline Infrastructure,Reduce liquid limit via compaction,False
US090,Bridges,120,Pipeline Infrastructure,Reduce liquid limit via compaction,False
US090,Tunnels,150,Pipeline Infrastructure,Reduce liquid limit via compaction,False
US090,Railway Tracks,80,Pipeline Infrastructure,Reduce liquid limit via compaction,False
US090,Pipeline Infrastructure,30,,,True
US090,Dams,100,Pipeline Infrastructure,Increase CBR in top 2 layers,False
US090,Water Reservoirs,90,Pipeline Infrastructure,Reduce liquid limit via compaction,False
US090,Airport Runways,180,Pipeline Infrastructure,Reduce liquid limit via compaction,False
US091,Residential Building,50,,,True
US091,High-rise Building,150,Residential Building,Use deep foundations or densify subsoil,False
US091,Low-rise,100,Residential Building,Reduce liquid limit via compaction,False
US091,Roads & Highways,70,,,True
US091,Bridges,120,Residential Building,Use deep foundations or densify subsoil,False
US091,Tunnels,150,Residential Building,Use deep foundations or densify subsoil,False
US091,Railway Tracks,80,,,True
US091,Pipeline Infrastructure,30,,,True
US091,Dams,100,Residential Building,Reduce liquid limit via compaction,False
US091,Water Reservoirs,90,Residential Building,Use deep foundations or densify subsoil,False
US091,Airport Runways,180,Residential Building,Use deep foundations or densify subsoil,False
US092,Residential Building,50,,,True
US092,High-rise Building,150,Residential Building,Use deep foundations or densify subsoil,False
US092,Low-rise,100,Residential Building,Use deep foundations or densify subsoil,False
US092,Roads & Highways,70,,,True
US092,Bridges,120,Residential Building,Increase CBR in top 2 layers,False
US092,Tunnels,150,Residential Building,Use deep foundations or densify subsoil,False
US092,Railway Tracks,80,,,True
US092,Pipeline Infrastructure,30,,,True
US092,Dams,100,Residential Building,Increase CBR in top 2 layers,False
US092,Water Reservoirs,90,,,True
US092,Airport Runways,180,Residential Building,Increase CBR in top 2 layers,False
US093,Residential Building,50,,Reduce liquid limit via compaction,False
US093,High-rise Building,150,,Use deep foundations or densify subsoil,False
US093,Low-rise,100,,Use deep foundations or densify subsoil,False
US093,Roads & Highways,70,,Reduce liquid limit via compaction,False
US093,Bridges,120,,Use deep foundations or densify subsoil,False
US093,Tunnels,150,,Reduce liquid limit via compaction,False
US093,Railway Tracks,80,,Reduce liquid limit via compaction,False
US093,Pipeline Infrastructure,30,,Reduce liquid limit via compaction,False
US093,Dams,100,,Use deep foundations or densify subsoil,False
US093,Water Reservoirs,90,,Reduce liquid limit via compaction,False
US093,Airport Runways,180,,Reduce liquid limit via compaction,False
US094,Residential Building,50,Pipeline Infrastructure,Increase CBR in top 2 layers,False
US094,High-rise Building,150,Pipeline Infrastructure,Increase CBR in top 2 layers,False
US094,Low-rise,100,Pipeline Infrastructure,Use deep foundations or densify subsoil,False
US094,Roads & Highways,70,Pipeline Infrastructure,Increase CBR in top 2 layers,False
US094,Bridges,120,Pipeline Infrastructure,Increase CBR in top 2 layers,False
US094,Tunnels,150,Pipeline Infrastructure,Reduce liquid limit via compaction,False
US094,Railway Tracks,80,Pipeline Infrastructure,Use deep foundations or densify subsoil,False
US094,Pipeline Infrastructure,30,,,True
US094,Dams,100,Pipeline Infrastructure,Increase CBR in top 2 layers,False
US094,Water Reservoirs,90,Pipeline Infrastructure,Use deep foundations or densify subsoil,False
US094,Airport Runways,180,Pipeline Infrastructure,Increase CBR in top 2 layers,False
US095,Residential Building,50,,Increase CBR in top 2 layers,False
US095,High-rise Building,150,,Use deep foundations or densify subsoil,False
US095,Low-rise,100,,Increase CBR in top 2 layers,False
US095,Roads & Highways,70,,Reduce liquid limit via compaction,False
US095,Bridges,120,,Use deep foundations or densify subsoil,False
US095,Tunnels,150,,Reduce liquid limit via compaction,False
US095,Railway Tracks,80,,Reduce liquid limit via compaction,False
US095,Pipeline Infrastructure,30,,Increase CBR in top 2 layers,False
US095,Dams,100,,Increase CBR in top 2 layers,False
US095,Water Reservoirs,90,,Reduce liquid limit via compaction,False
US095,Airport Runways,180,,Increase CBR in top 2 layers,False
US096,Residential Building,50,Pipeline Infrastructure,Reduce liquid limit via compaction,False
US096,High-rise Building,150,Pipeline Infrastructure,Use deep foundations or densify subsoil,False
US096,Low-rise,100,Pipeline Infrastructure,Reduce liquid limit via compaction,False
US096,Roads & Highways,70,Pipeline Infrastructure,Reduce liquid limit via compaction,False
US096,Bridges,120,Pipeline Infrastructure,Increase CBR in top 2 layers,False
US096,Tunnels,150,Pipeline Infrastructure,Increase CBR in top 2 layers,False
US096,Railway Tracks,80,Pipeline Infrastructure,Reduce liquid limit via compaction,False
US096,Pipeline Infrastructure,30,,,True
US096,Dams,100,Pipeline Infrastructure,Reduce liquid limit via compaction,False
US096,Water Reservoirs,90,Pipeline Infrastructure,Reduce liquid limit via compaction,False
US096,Airport Runways,180,Pipeline Infrastructure,Reduce liquid limit via compaction,False
US097,Residential Building,50,,Reduce liquid limit via compaction,False
US097,High-rise Building,150,,Reduce liquid limit via compaction,False
US097,Low-rise,100,,Reduce liquid limit via compaction,False
US097,Roads & Highways,70,,Reduce liquid limit via compaction,False
US097,Bridges,120,,Increase CBR in top 2 layers,False
US097,Tunnels,150,,Reduce liquid limit via compaction,False
US097,Railway Tracks,80,,Reduce liquid limit via compaction,False
US097,Pipeline Infrastructure,30,,Reduce liquid limit via compaction,False
US097,Dams,100,,Reduce liquid limit via compaction,False
US097,Water Reservoirs,90,,Reduce liquid limit via compaction,False
US097,Airport Runways,180,,Increase CBR in top 2 layers,False
US098,Residential Building,50,,,True
US098,High-rise Building,150,Residential Building,Reduce liquid limit via compaction,False
US098,Low-rise,100,Residential Building,Reduce liquid limit via compaction,False
US098,Roads & Highways,70,,,True
US098,Bridges,120,Residential Building,Reduce liquid limit via compaction,False
US098,Tunnels,150,Residential Building,Use deep foundations or densify subsoil,False
US098,Railway Tracks,80,Residential Building,Use deep foundations or densify subsoil,False
US098,Pipeline Infrastructure,30,,,True
US098,Dams,100,Residential Building,Increase CBR in top 2 layers,False
US098,Water Reservoirs,90,Residential Building,Increase CBR in top 2 layers,False
US098,Airport Runways,180,Residential Building,Reduce liquid limit via compaction,False
US099,Residential Building,50,,Use deep foundations or densify subsoil,False
US099,High-rise Building,150,,Increase CBR in top 2 layers,False
US099,Low-rise,100,,Use deep foundations or densify subsoil,False
US099,Roads & Highways,70,,Increase CBR in top 2 layers,False
US099,Bridges,120,,Reduce liquid limit via compaction,False
US099,Tunnels,150,,Reduce liquid limit via compaction,False
US099,Railway Tracks,80,,Use deep foundations or densify subsoil,False
US099,Pipeline Infrastructure,30,,Reduce liquid limit via compaction,False
US099,Dams,100,,Reduce liquid limit via compaction,False
US099,Water Reservoirs,90,,Increase CBR in top 2 layers,False
US099,Airport Runways,180,,Use deep foundations or densify subsoil,False
US100,Residential Building,50,Pipeline Infrastructure,Reduce liquid limit via compaction,False
US100,High-rise Building,150,Pipeline Infrastructure,Reduce liquid limit via compaction,False
US100,Low-rise,100,Pipeline Infrastructure,Use deep foundations or densify subsoil,False
US100,Roads & Highways,70,Pipeline Infrastructure,Reduce liquid limit via compaction,False
US100,Bridges,120,Pipeline Infrastructure,Reduce liquid limit via compaction,False
US100,Tunnels,150,Pipeline Infrastructure,Reduce liquid limit via compaction,False
US100,Railway Tracks,80,Pipeline Infrastructure,Use deep foundations or densify subsoil,False
US100,Pipeline Infrastructure,30,,,True
US100,Dams,100,Pipeline Infrastructure,Increase CBR in top 2 layers,False
US100,Water Reservoirs,90,Pipeline Infrastructure,Increase CBR in top 2 layers,False
US100,Airport Runways,180,Pipeline Infrastructure,Increase CBR in top 2 layers,False
US101,Residential Building,50,Pipeline Infrastructure,Reduce liquid limit via compaction,False
US101,High-rise Building,150,Pipeline Infrastructure,Increase CBR in top 2 layers,False
US101,Low-rise,100,Pipeline Infrastructure,Reduce liquid limit via compaction,False
US101,Roads & Highways,70,Pipeline Infrastructure,Use deep foundations or densify subsoil,False
US101,Bridges,120,Pipeline Infrastructure,Use deep foundations or densify subsoil,False
US101,Tunnels,150,Pipeline Infrastructure,Increase CBR in top 2 layers,False
US101,Railway Tracks,80,Pipeline Infrastructure,Use deep foundations or densify subsoil,False
US101,Pipeline Infrastructure,30,,,True
US101,Dams,100,Pipeline Infrastructure,Use deep foundations or densify subsoil,False
US101,Water Reservoirs,90,Pipeline Infrastructure,Reduce liquid limit via compaction,False
US101,Airport Runways,180,Pipeline Infrastructure,Reduce liquid limit via compaction,False
US102,Residential Building,50,,Reduce liquid limit via compaction,False
US102,High-rise Building,150,,Reduce liquid limit via compaction,False
US102,Low-rise,100,,Reduce liquid limit via compaction,False
US102,Roads & Highways,70,,Reduce liquid limit via compaction,False
US102,Bridges,120,,Reduce liquid limit via compaction,False
US102,Tunnels,150,,Use deep foundations or densify subsoil,False
US102,Railway Tracks,80,,Reduce liquid limit via compaction,False
US102,Pipeline Infrastructure,30,,Reduce liquid limit via compaction,False
US102,Dams,100,,Reduce liquid limit via compaction,False
US102,Water Reservoirs,90,,Reduce liquid limit via compaction,False
US102,Airport Runways,180,,Reduce liquid limit via compaction,False
US103,Residential Building,50,,,True
US103,High-rise Building,150,Residential Building,Increase CBR in top 2 layers,False
US103,Low-rise,100,Residential Building,Use deep foundations or densify subsoil,False
US103,Roads & Highways,70,,,True
US103,Bridges,120,Residential Building,Use deep foundations or densify subsoil,False
US103,Tunnels,150,Residential Building,Use deep foundations or densify subsoil,False
US103,Railway Tracks,80,Residential Building,Use deep foundations or densify subsoil,False
US103,Pipeline Infrastructure,30,,,True
US103,Dams,100,Residential Building,Use deep foundations or densify subsoil,False
US103,Water Reservoirs,90,Residential Building,Use deep foundations or densify subsoil,False
US103,Airport Runways,180,Residential Building,Use deep foundations or densify subsoil,False
US104,Residential Building,50,,,True
US104,High-rise Building,150,Residential Building,Use deep foundations or densify subsoil,False
US104,Low-rise,100,Residential Building,Use deep foundations or densify subsoil,False
US104,Roads & Highways,70,,,True
US104,Bridges,120,Residential Building,Use deep foundations or densify subsoil,False
US104,Tunnels,150,Residential Building,Increase CBR in top 2 layers,False
US104,Railway Tracks,80,,,True
US104,Pipeline Infrastructure,30,,,True
US104,Dams,100,Residential Building,Use deep foundations or densify subsoil,False
US104,Water Reservoirs,90,,,True
US104,Airport Runways,180,Residential Building,Use deep foundations or densify subsoil,False
US105,Residential Building,50,,,True
US105,High-rise Building,150,Residential Building,Increase CBR in top 2 layers,False
US105,Low-rise,100,,,True
US105,Roads & Highways,70,,,True
US105,Bridges,120,Residential Building,Use deep foundations or densify subsoil,False
US105,Tunnels,150,Residential Building,Use deep foundations or densify subsoil,False
US105,Railway Tracks,80,,,True
US105,Pipeline Infrastructure,30,,,True
US105,Dams,100,,,True
US105,Water Reservoirs,90,,,True
US105,Airport Runways,180,Residential Building,Use deep foundations or densify subsoil,False
US106,Residential Building,50,Pipeline Infrastructure,Reduce liquid limit via compaction,False
US106,High-rise Building,150,Pipeline Infrastructure,Increase CBR in top 2 layers,False
US106,Low-rise,100,Pipeline Infrastructure,Increase CBR in top 2 layers,False
US106,Roads & Highways,70,Pipeline Infrastructure,Reduce liquid limit via compaction,False
US106,Bridges,120,Pipeline Infrastructure,Use deep foundations or densify subsoil,False
US106,Tunnels,150,Pipeline Infrastructure,Use deep foundations or densify subsoil,False
US106,Railway Tracks,80,Pipeline Infrastructure,Reduce liquid limit via compaction,False
US106,Pipeline Infrastructure,30,,,True
US106,Dams,100,Pipeline Infrastructure,Reduce liquid limit via compaction,False
US106,Water Reservoirs,90,Pipeline Infrastructure,Use deep foundations or densify subsoil,False
US106,Airport Runways,180,Pipeline Infrastructure,Increase CBR in top 2 layers,False
US107,Residential Building,50,,Use deep foundations or densify subsoil,False
US107,High-rise Building,150,,Use deep foundations or densify subsoil,False
US107,Low-rise,100,,Increase CBR in top 2 layers,False
US107,Roads & Highways,70,,Use deep foundations or densify subsoil,False
US107,Bridges,120,,Increase CBR in top 2 layers,False
US107,Tunnels,150,,Use deep foundations or densify subsoil,False
US107,Railway Tracks,80,,Increase CBR in top 2 layers,False
US107,Pipeline Infrastructure,30,,Increase CBR in top 2 layers,False
US107,Dams,100,,Increase CBR in top 2 layers,False
US107,Water Reservoirs,90,,Use deep foundations or densify subsoil,False
US107,Airport Runways,180,,Use deep foundations or densify subsoil,False
US108,Residential Building,50,,Reduce liquid limit via compaction,False
US108,High-rise Building,150,,Use deep foundations or densify subsoil,False
US108,Low-rise,100,,Reduce liquid limit via compaction,False
US108,Roads & Highways,70,,Reduce liquid limit via compaction,False
US108,Bridges,120,,Increase CBR in top 2 layers,False
US108,Tunnels,150,,Reduce liquid limit via compaction,False
US108,Railway Tracks,80,,Reduce liquid limit via compaction,False
US108,Pipeline Infrastructure,30,,Reduce liquid limit via compaction,False
US108,Dams,100,,Reduce liquid limit via compaction,False
US108,Water Reservoirs,90,,Use deep foundations or densify subsoil,False
US108,Airport Runways,180,,Reduce liquid limit via compaction,False
US109,Residential Building,50,,Reduce liquid limit via compaction,False
US109,High-rise Building,150,,Increase CBR in top 2 layers,False
US109,Low-rise,100,,Reduce liquid limit via compaction,False
US109,Roads & Highways,70,,Reduce liquid limit via compaction,False
US109,Bridges,120,,Use deep foundations or densify subsoil,False
US109,Tunnels,150,,Use deep foundations or densify subsoil,False
US109,Railway Tracks,80,,Reduce liquid limit via compaction,False
US109,Pipeline Infrastructure,30,,Reduce liquid limit via compaction,False
US109,Dams,100,,Use deep foundations or densify subsoil,False
US109,Water Reservoirs,90,,Use deep foundations or densify subsoil,False
US109,Airport Runways,180,,Reduce liquid limit via compaction,False
US110,Residential Building,50,Pipeline Infrastructure,Reduce liquid limit via compaction,False
US110,High-rise Building,150,Pipeline Infrastructure,Increase CBR in top 2 layers,False
US110,Low-rise,100,Pipeline Infrastructure,Reduce liquid limit via compaction,False
US110,Roads & Highways,70,Pipeline Infrastructure,Increase CBR in top 2 layers,False
US110,Bridges,120,Pipeline Infrastructure,Reduce liquid limit via compaction,False
US110,Tunnels,150,Pipeline Infrastructure,Increase CBR in top 2 layers,False
US110,Railway Tracks,80,Pipeline Infrastructure,Increase CBR in top 2 layers,False
US110,Pipeline Infrastructure,30,,,True
US110,Dams,100,Pipeline Infrastructure,Increase CBR in top 2 layers,False
US110,Water Reservoirs,90,Pipeline Infrastructure,Increase CBR in top 2 layers,False
US110,Airport Runways,180,Pipeline Infrastructure,Increase CBR in top 2 layers,False
US111,Residential Building,50,Pipeline Infrastructure,Reduce liquid limit via compaction,False
US111,High-rise Building,150,Pipeline Infrastructure,Reduce liquid limit via compaction,False
US111,Low-rise,100,Pipeline Infrastructure,Use deep foundations or densify subsoil,False
US111,Roads & Highways,70,Pipeline Infrastructure,Reduce liquid limit via compaction,False
US111,Bridges,120,Pipeline Infrastructure,Increase CBR in top 2 layers,False
US111,Tunnels,150,Pipeline Infrastructure,Reduce liquid limit via compaction,False
US111,Railway Tracks,80,Pipeline Infrastructure,Reduce liquid limit via compaction,False
US111,Pipeline Infrastructure,30,,,True
US111,Dams,100,Pipeline Infrastructure,Increase CBR in top 2 layers,False
US111,Water Reservoirs,90,Pipeline Infrastructure,Increase CBR in top 2 layers,False
US111,Airport Runways,180,Pipeline Infrastructure,Increase CBR in top 2 layers,False
US112,Residential Building,50,Pipeline Infrastructure,Reduce liquid limit via compaction,False
US112,High-rise Building,150,Pipeline Infrastructure,Use deep foundations or densify subsoil,False
US112,Low-rise,100,Pipeline Infrastructure,Increase CBR in top 2 layers,False
US112,Roads & Highways,70,Pipeline Infrastructure,Reduce liquid limit via compaction,False
US112,Bridges,120,Pipeline Infrastructure,Increase CBR in top 2 layers,False
US112,Tunnels,150,Pipeline Infrastructure,Increase CBR in top 2 layers,False
US112,Railway Tracks,80,Pipeline Infrastructure,Reduce liquid limit via compaction,False
US112,Pipeline Infrastructure,30,,,True
US112,Dams,100,Pipeline Infrastructure,Reduce liquid limit via compaction,False
US112,Water Reservoirs,90,Pipeline Infrastructure,Use deep foundations or densify subsoil,False
US112,Airport Runways,180,Pipeline Infrastructure,Reduce liquid limit via compaction,False
US113,Residential Building,50,Pipeline Infrastructure,Use deep foundations or densify subsoil,False
US113,High-rise Building,150,Pipeline Infrastructure,Use deep foundations or densify subsoil,False
US113,Low-rise,100,Pipeline Infrastructure,Increase CBR in top 2 layers,False
US113,Roads & Highways,70,Pipeline Infrastructure,Increase CBR in top 2 layers,False
US113,Bridges,120,Pipeline Infrastructure,Use deep foundations or densify subsoil,False
US113,Tunnels,150,Pipeline Infrastructure,Use deep foundations or densify subsoil,False
US113,Railway Tracks,80,Pipeline Infrastructure,Use deep foundations or densify subsoil,False
US113,Pipeline Infrastructure,30,,,True
US113,Dams,100,Pipeline Infrastructure,Use deep foundations or densify subsoil,False
US113,Water Reservoirs,90,Pipeline Infrastructure,Increase CBR in top 2 layers,False
US113,Airport Runways,180,Pipeline Infrastructure,Increase CBR in top 2 layers,False
US114,Residential Building,50,,,True
US114,High-rise Building,150,Residential Building,Use deep foundations or densify subsoil,False
US114,Low-rise,100,Residential Building,Use deep foundations or densify subsoil,False
US114,Roads & Highways,70,,,True
US114,Bridges,120,Residential Building,Increase CBR in top 2 layers,False
US114,Tunnels,150,Residential Building,Use deep foundations or densify subsoil,False
US114,Railway Tracks,80,,,True
US114,Pipeline Infrastructure,30,,,True
US114,Dams,100,Residential Building,Use deep foundations or densify subsoil,False
US114,Water Reservoirs,90,,,True
US114,Airport Runways,180,Residential Building,Use deep foundations or densify subsoil,False
US115,Residential Building,50,,Reduce liquid limit via compaction,False
US115,High-rise Building,150,,Reduce liquid limit via compaction,False
US115,Low-rise,100,,Use deep foundations or densify subsoil,False
US115,Roads & Highways,70,,Reduce liquid limit via compaction,False
US115,Bridges,120,,Use deep foundations or densify subsoil,False
US115,Tunnels,150,,Reduce liquid limit via compaction,False
US115,Railway Tracks,80,,Reduce liquid limit via compaction,False
US115,Pipeline Infrastructure,30,,Reduce liquid limit via compaction,False
US115,Dams,100,,Reduce liquid limit via compaction,False
US115,Water Reservoirs,90,,Increase CBR in top 2 layers,False
US115,Airport Runways,180,,Reduce liquid limit via compaction,False
US116,Residential Building,50,,,True
US116,High-rise Building,150,Residential Building,Use deep foundations or densify subsoil,False
US116,Low-rise,100,Residential Building,Increase CBR in top 2 layers,False
US116,Roads & Highways,70,,,True
US116,Bridges,120,Residential Building,Use deep foundations or densify subsoil,False
US116,Tunnels,150,Residential Building,Increase CBR in top 2 layers,False
US116,Railway Tracks,80,Residential Building,Use deep foundations or densify subsoil,False
US116,Pipeline Infrastructure,30,,,True
US116,Dams,100,Residential Building,Reduce liquid limit via compaction,False
US116,Water Reservoirs,90,Residential Building,Reduce liquid limit via compaction,False
US116,Airport Runways,180,Residential Building,Reduce liquid limit via compaction,False
US117,Residential Building,50,,,True
US117,High-rise Building,150,Residential Building,Use deep foundations or densify subsoil,False
US117,Low-rise,100,Residential Building,Increase CBR in top 2 layers,False
US117,Roads & Highways,70,,,True
US117,Bridges,120,Residential Building,Reduce liquid limit via compaction,False
US117,Tunnels,150,Residential Building,Use deep foundations or densify subsoil,False
US117,Railway Tracks,80,Residential Building,Use deep foundations or densify subsoil,False
US117,Pipeline Infrastructure,30,,,True
US117,Dams,100,Residential Building,Use deep foundations or densify subsoil,False
US117,Water Reservoirs,90,Residential Building,Use deep foundations or densify subsoil,False
US117,Airport Runways,180,Residential Building,Increase CBR in top 2 layers,False
US118,Residential Building,50,,,True
US118,High-rise Building,150,Residential Building,Increase CBR in top 2 layers,False
US118,Low-rise,100,Residential Building,Use deep foundations or densify subsoil,False
US118,Roads & Highways,70,,,True
US118,Bridges,120,Residential Building,Use deep foundations or densify subsoil,False
US118,Tunnels,150,Residential Building,Increase CBR in top 2 layers,False
US118,Railway Tracks,80,,,True
US118,Pipeline Infrastructure,30,,,True
US118,Dams,100,Residential Building,Use deep foundations or densify subsoil,False
US118,Water Reservoirs,90,Residential Building,Use deep foundations or densify subsoil,False
US118,Airport Runways,180,Residential Building,Increase CBR in top 2 layers,False
US119,Residential Building,50,,,True
US119,High-rise Building,150,Residential Building,Reduce liquid limit via compaction,False
US119,Low-rise,100,Residential Building,Use deep foundations or densify subsoil,False
US119,Roads & Highways,70,Residential Building,Use deep foundations or densify subsoil,False
US119,Bridges,120,Residential Building,Increase CBR in top 2 layers,False
US119,Tunnels,150,Residential Building,Use deep foundations or densify subsoil,False
US119,Railway Tracks,80,Residential Building,Use deep foundations or densify subsoil,False
US119,Pipeline Infrastructure,30,,,True
US119,Dams,100,Residential Building,Reduce liquid limit via compaction,False
US119,Water Reservoirs,90,Residential Building,Increase CBR in top 2 layers,False
US119,Airport Runways,180,Residential Building,Use deep foundations or densify subsoil,False
US120,Residential Building,50,,Reduce liquid limit via compaction,False
US120,High-rise Building,150,,Use deep foundations or densify subsoil,False
US120,Low-rise,100,,Reduce liquid limit via compaction,False
US120,Roads & Highways,70,,Reduce liquid limit via compaction,False
US120,Bridges,120,,Use deep foundations or densify subsoil,False
US120,Tunnels,150,,Reduce liquid limit via compaction,False
US120,Railway Tracks,80,,Reduce liquid limit via compaction,False
US120,Pipeline Infrastructure,30,,Reduce liquid limit via compaction,False
US120,Dams,100,,Reduce liquid limit via compaction,False
US120,Water Reservoirs,90,,Reduce liquid limit via compaction,False
US120,Airport Runways,180,,Use deep foundations or densify subsoil,False
US121,Residential Building,50,,,True
US121,High-rise Building,150,Residential Building,Use deep foundations or densify subsoil,False
US121,Low-rise,100,Residential Building,Reduce liquid limit via compaction,False
US121,Roads & Highways,70,Residential Building,Use deep foundations or densify subsoil,False
US121,Bridges,120,Residential Building,Reduce liquid limit via compaction,False
US121,Tunnels,150,Residential Building,Increase CBR in top 2 layers,False
US121,Railway Tracks,80,Residential Building,Use deep foundations or densify subsoil,False
US121,Pipeline Infrastructure,30,,,True
US121,Dams,100,Residential Building,Increase CBR in top 2 layers,False
US121,Water Reservoirs,90,Residential Building,Reduce liquid limit via compaction,False
US121,Airport Runways,180,Residential Building,Increase CBR in top 2 layers,False
US122,Residential Building,50,,,True
US122,High-rise Building,150,Residential Building,Increase CBR in top 2 layers,False
US122,Low-rise,100,Residential Building,Use deep foundations or densify subsoil,False
US122,Roads & Highways,70,,,True
US122,Bridges,120,Residential Building,Use deep foundations or densify subsoil,False
US122,Tunnels,150,Residential Building,Increase CBR in top 2 layers,False
US122,Railway Tracks,80,,,True
US122,Pipeline Infrastructure,30,,,True
US122,Dams,100,Residential Building,Increase CBR in top 2 layers,False
US122,Water Reservoirs,90,Residential Building,Use deep foundations or densify subsoil,False
US122,Airport Runways,180,Residential Building,Increase CBR in top 2 layers,False
US123,Residential Building,50,,Reduce liquid limit via compaction,False
US123,High-rise Building,150,,Use deep foundations or densify subsoil,False
US123,Low-rise,100,,Reduce liquid limit via compaction,False
US123,Roads & Highways,70,,Reduce liquid limit via compaction,False
US123,Bridges,120,,Use deep foundations or densify subsoil,False
US123,Tunnels,150,,Reduce liquid limit via compaction,False
US123,Railway Tracks,80,,Reduce liquid limit via compaction,False
US123,Pipeline Infrastructure,30,,Reduce liquid limit via compaction,False
US123,Dams,100,,Reduce liquid limit via compaction,False
US123,Water Reservoirs,90,,Reduce liquid limit via compaction,False
US123,Airport Runways,180,,Reduce liquid limit via compaction,False
US124,Residential Building,50,,,True
US124,High-rise Building,150,Residential Building,Use deep foundations or densify subsoil,False
US124,Low-rise,100,Residential Building,Use deep foundations or densify subsoil,False
US124,Roads & Highways,70,Residential Building,Use deep foundations or densify subsoil,False
US124,Bridges,120,Residential Building,Use deep foundations or densify subsoil,False
US124,Tunnels,150,Residential Building,Increase CBR in top 2 layers,False
US124,Railway Tracks,80,Residential Building,Use deep foundations or densify subsoil,False
US124,Pipeline Infrastructure,30,,,True
US124,Dams,100,Residential Building,Use deep foundations or densify subsoil,False
US124,Water Reservoirs,90,Residential Building,Increase CBR in top 2 layers,False
US124,Airport Runways,180,Residential Building,Use deep foundations or densify subsoil,False
US125,Residential Building,50,Pipeline Infrastructure,Reduce liquid limit via compaction,False
US125,High-rise Building,150,Pipeline Infrastructure,Reduce liquid limit via compaction,False
US125,Low-rise,100,Pipeline Infrastructure,Use deep foundations or densify subsoil,False
US125,Roads & Highways,70,Pipeline Infrastructure,Reduce liquid limit via compaction,False
US125,Bridges,120,Pipeline Infrastructure,Reduce liquid limit via compaction,False
US125,Tunnels,150,Pipeline Infrastructure,Reduce liquid limit via compaction,False
US125,Railway Tracks,80,Pipeline Infrastructure,Reduce liquid limit via compaction,False
US125,Pipeline Infrastructure,30,,,True
US125,Dams,100,Pipeline Infrastructure,Increase CBR in top 2 layers,False
US125,Water Reservoirs,90,Pipeline Infrastructure,Reduce liquid limit via compaction,False
US125,Airport Runways,180,Pipeline Infrastructure,Increase CBR in top 2 layers,False
