WISE_ID,TOPDEP,BOTDEP,SAND,SILT,CLAY,GRAVEL,BULKDENS,OMC,MDD,CBR,LLMT,PLIND,POROS
AR041,0.0,26.0,47.0,36.0,17.0,18.2,0.9,17.9,2.1,8.9,34.6,18.2,38.7
AR041,26.0,38.0,49.0,33.0,18.0,18.2,0.9,22.7,2.2,11.9,44.7,7.9,48.2
AR041,38.0,63.0,48.0,32.0,20.0,18.2,0.9,15.8,1.5,7.8,45.1,18.3,38.9
AR041,63.0,90.0,47.0,34.0,19.0,18.2,0.9,21.1,1.9,8.2,55.0,17.5,34.9
AR041,90.0,150.0,51.0,33.0,16.0,18.2,0.9,20.7,1.8,2.5,44.8,29.2,38.4
AR041,150.0,180.0,53.0,36.0,11.0,18.2,0.9,20.8,1.7,8.2,44.9,12.3,33.1
AR041,180.0,200.0,57.0,33.0,10.0,18.2,0.9,26.6,1.8,7.9,44.7,22.7,38.5
AR042,0.0,20.0,78.0,14.0,8.0,18.2,0.9,27.1,1.9,4.0,41.5,18.6,33.8
AR042,20.0,45.0,80.0,13.0,7.0,18.2,0.9,29.0,2.2,4.2,30.3,18.5,45.4
AR042,45.0,200.0,80.0,13.0,7.0,18.2,0.9,27.7,1.5,4.1,37.4,18.5,44.3
AR042,200.0,220.0,84.0,11.0,5.0,18.2,0.9,25.4,2.0,3.8,41.6,19.0,24.9
AR043,0.0,8.0,40.0,37.0,23.0,18.2,0.9,16.3,1.8,14.0,25.7,21.1,39.6
AR043,8.0,30.0,41.0,35.0,24.0,18.2,0.9,26.6,2.0,14.4,21.7,13.2,35.9
AR043,30.0,45.0,31.0,25.0,44.0,18.2,0.9,25.7,2.2,14.7,27.7,22.8,39.1
AR043,45.0,75.0,30.0,26.0,44.0,18.2,0.9,18.9,1.9,14.0,31.4,14.6,37.9
AR043,75.0,95.0,31.0,28.0,41.0,18.2,0.9,21.5,2.0,14.5,31.9,9.4,37.9
AR043,95.0,125.0,31.0,32.0,37.0,18.2,0.9,21.4,1.7,14.7,50.9,10.0,38.5
AR044,0.0,15.0,58.0,25.0,17.0,18.2,0.9,12.9,2.1,10.3,46.3,10.5,26.9
AR044,15.0,40.0,59.0,25.0,16.0,18.2,0.9,26.0,1.9,10.3,45.5,7.1,27.7
AR044,40.0,55.0,64.0,26.0,10.0,18.2,0.9,27.4,2.1,9.5,46.1,9.5,30.2
AR044,55.0,80.0,53.0,23.0,24.0,18.2,0.9,21.7,1.6,10.7,46.5,14.2,24.4
AR044,80.0,95.0,59.0,23.0,18.0,18.2,0.9,20.2,2.1,11.6,36.0,10.2,27.6
AR044,95.0,135.0,62.0,24.0,14.0,18.2,0.9,21.3,1.7,10.6,56.0,12.2,27.6
AR045,0.0,10.0,72.0,18.0,10.0,18.2,0.9,21.9,1.9,10.9,37.7,12.1,36.0
AR045,10.0,20.0,74.0,17.0,9.0,18.2,0.9,17.2,2.1,5.3,33.5,11.7,23.8
AR045,20.0,47.0,72.0,16.0,12.0,18.2,0.9,11.7,2.2,6.5,48.1,11.9,36.0
AR045,47.0,80.0,72.0,17.0,11.0,18.2,0.9,22.8,1.9,4.2,28.3,14.9,43.7
AR045,80.0,110.0,74.0,16.0,10.0,18.2,0.9,17.4,1.7,5.7,41.1,16.5,32.6
AR045,110.0,130.0,75.0,16.0,9.0,18.2,0.9,14.6,1.8,2.9,38.1,5.1,43.6
AR045,130.0,180.0,73.0,13.0,14.0,18.2,0.9,16.0,2.1,6.1,37.7,11.7,35.1
AU032,0.0,5.0,92.0,6.0,2.0,18.2,0.9,21.3,1.8,11.1,39.0,20.8,29.0
AU032,5.0,20.0,92.0,6.0,2.0,18.2,0.9,13.0,1.7,11.3,38.8,20.8,41.9
AU032,20.0,35.0,79.4,7.8,12.7,18.2,0.9,27.1,2.0,11.4,39.0,10.4,36.7
AU032,35.0,50.0,79.2,8.2,12.4,18.2,0.9,21.3,1.6,10.6,48.8,14.3,35.1
AU032,50.0,55.0,76.0,13.0,11.0,18.2,0.9,16.8,1.8,11.2,21.7,27.2,34.0
AU032,55.0,75.0,74.0,8.0,18.0,18.2,0.9,27.7,1.9,7.6,35.3,28.6,22.6
AU032,75.0,90.0,79.2,7.8,12.0,18.2,0.9,20.8,1.8,14.4,38.9,20.9,44.8
AU032,90.0,120.0,63.0,8.0,29.0,18.2,0.9,21.1,2.1,11.4,50.6,23.5,34.9
AU033,0.0,15.0,91.0,6.0,3.0,18.2,0.9,21.1,1.9,4.5,43.4,21.5,36.7
AU033,15.0,30.0,86.0,8.0,6.0,18.2,0.9,22.7,1.7,5.4,37.4,21.7,43.1
AU033,30.0,40.0,82.0,9.0,9.0,18.2,0.9,20.8,1.8,9.1,43.0,26.4,36.0
AU033,40.0,75.0,73.0,7.0,20.0,18.2,0.9,22.4,1.7,4.9,42.6,22.7,27.9
AU033,75.0,90.0,50.0,8.0,42.0,18.2,0.9,12.7,2.0,5.0,42.5,25.4,35.4
AU033,90.0,120.0,76.2,8.1,16.1,18.2,0.9,24.7,1.8,4.0,58.0,16.5,35.7
AU033,120.0,150.0,76.1,8.0,15.6,18.2,0.9,20.3,1.9,3.5,33.7,18.6,35.7
AU034,0.0,15.0,46.0,19.0,35.0,18.2,0.9,24.1,1.4,12.5,59.6,5.8,34.2
AU034,15.0,46.0,46.0,20.0,34.0,18.2,0.9,23.6,1.8,14.3,32.7,11.9,33.5
AU034,46.0,61.0,52.0,28.0,20.0,18.2,0.9,16.2,2.3,13.4,32.0,16.2,32.8
AU034,61.0,76.0,57.7,18.7,23.3,18.2,0.9,27.9,1.8,6.8,41.2,15.2,31.8
AU034,76.0,91.0,66.0,17.0,17.0,18.2,0.9,28.0,1.7,10.9,46.4,26.3,33.6
AU034,91.0,107.0,79.0,11.0,10.0,18.2,0.9,24.3,1.8,8.7,37.1,14.6,36.4
AU035,0.0,20.0,26.0,34.0,40.0,18.2,0.9,20.8,1.7,6.4,59.9,29.1,36.7
AU035,20.0,30.0,22.0,35.0,43.0,18.2,0.9,15.8,1.9,11.4,55.3,18.8,35.9
AU035,30.0,78.0,24.0,28.0,48.0,18.2,0.9,20.7,1.6,6.5,24.6,6.8,24.7
AU035,78.0,110.0,32.8,27.4,40.3,18.2,0.9,21.1,1.8,4.4,44.0,22.6,43.3
AU035,110.0,138.0,38.0,24.0,38.0,18.2,0.9,16.3,1.5,6.8,43.8,19.5,35.4
AU035,138.0,160.0,52.0,17.0,31.0,18.2,0.9,20.5,2.1,6.6,42.4,13.6,39.0
AU035,160.0,200.0,32.6,27.5,39.9,18.2,0.9,23.8,1.8,5.2,43.9,16.7,43.0
AU035,200.0,220.0,32.8,27.3,40.1,18.2,0.9,26.6,1.5,5.6,39.0,22.2,37.3
AU036,0.0,10.0,57.0,22.0,21.0,18.2,0.9,16.2,1.9,14.2,53.6,11.1,37.2
AU036,10.0,36.0,60.0,20.0,20.0,18.2,0.9,18.4,2.1,9.9,53.1,10.7,48.6
AU036,36.0,61.0,53.0,26.0,21.0,18.2,0.9,12.0,1.9,8.5,53.2,10.8,43.1
AU036,61.0,76.0,53.0,24.0,23.0,18.2,0.9,28.1,1.8,3.0,53.0,11.0,42.7
AU037,0.0,5.0,84.0,10.0,6.0,18.2,0.9,14.3,1.8,6.0,44.2,20.4,21.3
AU037,5.0,30.0,84.0,7.0,9.0,18.2,0.9,10.1,2.1,14.5,54.4,20.1,31.8
AU037,30.0,45.0,84.0,7.0,9.0,18.2,0.9,16.4,2.1,8.7,44.5,24.2,36.6
AU037,43.0,48.0,70.0,10.0,20.0,18.2,0.9,11.7,1.6,9.6,39.8,24.9,38.8
AU037,48.0,61.0,50.0,7.0,43.0,18.2,0.9,13.0,2.2,8.2,44.0,28.5,32.5
AU037,61.0,74.0,74.2,8.3,17.7,18.2,0.9,13.4,1.8,4.2,38.3,24.6,32.4
AU037,99.0,104.0,73.9,8.5,17.3,18.2,0.9,18.5,1.7,12.7,44.6,28.9,32.0
AU038,0.0,15.0,38.1,29.1,33.7,18.2,0.9,18.4,1.9,4.8,43.3,14.5,31.5
AU038,15.0,25.0,38.1,29.1,33.7,18.2,0.9,16.7,1.6,6.4,45.9,14.1,26.0
AU038,25.0,61.0,38.1,29.1,33.7,18.2,0.9,21.4,1.8,7.5,29.6,7.9,20.5
AU038,61.0,91.0,38.1,29.1,33.7,18.2,0.9,21.5,1.8,6.2,43.5,20.3,25.8
AU038,91.0,183.0,38.1,29.1,33.7,18.2,0.9,12.6,1.8,6.5,53.8,14.3,26.0
AU039,0.0,10.0,97.0,2.0,1.0,18.2,0.9,27.0,1.9,6.4,37.6,14.6,28.1
AU039,10.0,15.0,78.7,7.4,13.5,18.2,0.9,21.2,1.8,9.0,45.8,10.8,31.5
AU039,15.0,30.0,97.0,2.0,1.0,18.2,0.9,15.3,1.5,3.3,46.3,13.3,34.6
AU039,30.0,90.0,96.0,3.0,1.0,18.2,0.9,21.2,1.9,14.6,35.5,12.1,32.0
AU039,90.0,115.0,79.2,7.7,13.8,18.2,0.9,13.7,1.7,9.5,45.4,12.7,35.7
AU039,115.0,200.0,79.1,7.4,13.4,18.2,0.9,23.8,1.7,13.4,45.6,26.4,20.5
AU039,200.0,400.0,52.0,15.0,33.0,18.2,0.9,26.3,2.2,11.5,50.6,11.9,32.0
AU039,400.0,600.0,52.0,15.0,33.0,18.2,0.9,21.3,2.0,10.2,59.7,14.9,40.0
AU040,0.0,10.0,82.0,4.0,14.0,18.2,0.9,19.3,1.8,11.9,56.0,15.8,31.5
AU040,10.0,30.0,80.0,7.0,13.0,18.2,0.9,10.4,2.2,11.8,32.3,6.0,30.4
AU040,30.0,90.0,80.0,7.0,13.0,18.2,0.9,14.4,1.6,12.7,36.7,17.9,31.3
AU040,90.0,110.0,78.0,9.0,13.0,18.2,0.9,14.9,2.1,12.2,23.0,21.0,34.1
AU040,110.0,130.0,80.2,6.8,13.0,18.2,0.9,15.1,2.0,14.4,37.5,27.2,28.6
AU041,0.0,10.0,78.0,7.0,15.0,18.2,0.9,16.0,1.8,13.2,50.2,17.1,35.0
AU041,10.0,20.0,79.0,8.0,13.0,18.2,0.9,10.4,2.2,7.5,50.4,11.5,35.0
AU041,20.0,60.0,77.0,7.0,16.0,18.2,0.9,16.0,2.0,9.1,50.3,18.6,35.0
AU041,60.0,80.0,78.2,6.9,14.6,18.2,0.9,21.7,2.2,6.8,50.3,21.6,35.0
AU042,0.0,4.0,89.0,4.0,7.0,18.2,0.9,20.1,1.8,4.3,29.5,9.5,35.4
AU042,4.0,10.0,88.0,5.0,7.0,18.2,0.9,13.8,1.6,4.1,29.0,12.9,34.0
AU042,10.0,15.0,77.9,2.6,19.0,18.2,0.9,16.1,1.7,4.4,29.3,6.3,36.8
AU042,15.0,17.0,67.0,1.0,32.0,18.2,0.9,26.1,2.2,3.6,29.0,9.4,34.0
AU042,17.0,23.0,78.1,3.0,18.7,18.2,0.9,20.6,2.1,3.7,29.0,29.6,28.6
AU042,33.0,47.0,78.0,2.6,19.0,18.2,0.9,20.4,2.1,3.9,29.1,11.1,43.8
AU042,47.0,57.0,69.0,1.0,30.0,18.2,0.9,20.4,1.9,3.6,29.5,12.9,27.8
AU042,57.0,107.0,77.8,2.7,18.9,18.2,0.9,25.3,1.6,4.1,29.0,11.4,34.6
AU043,0.0,8.0,9.0,26.0,65.0,18.2,0.9,18.6,1.3,4.8,24.0,8.3,29.7
AU043,8.0,43.0,8.0,26.4,65.1,18.2,0.9,22.4,1.6,4.8,29.1,8.1,29.8
AU043,43.0,71.0,7.0,27.0,66.0,18.2,0.9,18.7,1.8,7.3,34.9,7.6,34.1
AU043,71.0,117.0,8.4,27.0,65.6,18.2,0.9,13.6,1.9,6.1,28.2,8.3,33.9
AU043,122.0,163.0,7.9,26.4,65.1,18.2,0.9,18.7,2.0,5.4,34.5,8.0,32.1
AU043,163.0,229.0,7.8,26.4,65.1,18.2,0.9,18.8,1.9,2.4,58.5,8.1,45.6
AU044,0.0,20.0,74.0,12.0,14.0,18.2,0.9,25.6,2.0,6.2,39.3,10.0,49.3
AU044,20.0,28.0,82.0,6.0,12.0,18.2,0.9,25.3,1.6,5.7,39.0,10.6,44.0
AU044,28.0,107.0,14.0,14.0,72.0,18.2,0.9,25.2,2.3,5.8,39.5,10.1,38.6
AU046,0.0,5.0,76.0,9.0,15.0,18.2,0.9,17.2,2.3,2.0,30.5,18.2,40.1
AU046,5.0,25.0,73.0,6.0,21.0,18.2,0.9,23.1,2.2,2.4,35.5,19.9,39.6
AU046,25.0,41.0,75.0,9.0,16.0,18.2,0.9,29.8,1.6,2.1,54.6,16.9,41.8
AU046,41.0,48.0,81.0,11.0,8.0,18.2,0.9,23.2,1.8,2.4,40.2,23.3,36.4
AU047,0.0,11.0,73.0,7.0,20.0,18.2,0.9,17.6,1.4,12.1,38.6,18.4,37.6
AU047,11.0,38.0,68.0,5.0,27.0,18.2,0.9,11.2,1.6,11.6,53.6,20.6,47.7
AU047,43.0,84.0,57.9,7.9,34.0,18.2,0.9,17.6,1.6,14.9,58.2,21.7,37.4
AU047,84.0,127.0,41.0,11.0,48.0,18.2,0.9,21.6,2.1,12.0,51.3,27.2,37.8
AU047,127.0,168.0,58.5,7.7,34.2,18.2,0.9,20.3,1.6,6.1,50.5,21.9,42.1
AU047,168.0,178.0,51.0,8.0,41.0,18.2,0.9,17.9,1.6,14.3,50.7,22.3,20.8
BD017,0.0,12.0,51.0,35.0,14.0,18.2,0.9,20.8,2.0,13.0,49.3,7.6,29.7
BD017,12.0,32.0,45.0,36.0,19.0,18.2,0.9,27.7,1.8,11.6,49.7,18.3,25.6
BD017,32.0,60.0,52.0,36.0,12.0,18.2,0.9,15.0,2.0,12.0,49.5,29.8,27.7
BD017,60.0,137.0,94.0,1.0,5.0,18.2,0.9,26.6,1.9,10.8,49.7,18.6,37.0
BD018,0.0,10.0,74.0,10.0,16.0,18.2,0.9,28.6,2.1,6.5,37.6,18.2,36.1
BD018,10.0,13.0,83.1,6.4,12.0,18.2,0.9,27.2,1.8,6.8,21.1,18.7,23.0
BD018,13.0,35.0,76.0,8.0,16.0,18.2,0.9,26.1,2.4,6.5,59.4,18.5,39.8
BD018,35.0,50.0,78.0,6.0,16.0,18.2,0.9,27.5,2.1,5.7,37.5,18.6,41.6
BD018,50.0,112.0,90.0,2.0,8.0,18.2,0.9,27.0,2.0,2.7,22.1,18.8,25.1
BD018,112.0,137.0,97.0,6.7,4.0,18.2,0.9,27.6,1.7,11.7,59.7,18.0,36.2
BD019,0.0,8.0,20.0,24.0,56.0,18.2,0.9,27.1,1.6,3.2,48.3,14.5,35.2
BD019,8.0,13.0,27.1,20.2,53.7,18.2,0.9,26.5,2.3,8.5,43.1,26.8,40.8
BD019,13.0,48.0,5.0,17.0,78.0,18.2,0.9,27.0,2.3,7.8,42.4,6.1,27.6
BD019,48.0,73.0,18.0,22.0,60.0,18.2,0.9,26.7,2.1,8.0,39.9,14.7,33.5
BD019,73.0,100.0,47.0,18.0,35.0,18.2,0.9,27.2,2.1,12.9,42.7,16.8,33.3
BD019,100.0,138.0,45.0,18.0,37.0,18.2,0.9,26.8,2.1,8.1,40.1,7.5,29.6
BE007,0.0,30.0,66.0,22.0,12.0,18.2,0.9,21.1,2.0,2.3,32.9,19.7,32.8
BE007,30.0,95.0,58.0,24.0,18.0,18.2,0.9,20.9,2.1,1.9,35.5,21.2,32.1
BE007,95.0,250.0,64.0,21.0,15.0,18.2,0.9,24.5,2.3,2.3,51.2,18.5,32.1
BE007,250.0,295.0,62.0,24.0,14.0,18.2,0.9,25.9,1.7,2.0,35.4,19.9,32.4
BE007,295.0,315.0,61.0,27.0,12.0,18.2,0.9,29.9,1.9,2.1,22.8,19.7,32.4
BF001,0.0,8.0,63.0,23.0,14.0,18.2,2.1,27.1,2.3,8.8,28.1,21.8,45.4
BF001,8.0,9.0,57.0,16.4,27.0,18.2,1.8,19.5,2.0,10.4,55.7,29.5,40.9
BF001,9.0,14.0,62.0,23.0,15.0,18.2,1.9,20.1,2.2,6.3,41.5,19.4,35.8
BF001,14.0,21.0,56.0,17.0,27.0,18.2,2.0,23.3,2.2,8.9,52.6,22.0,31.2
BF001,21.0,40.0,52.0,15.0,33.0,18.2,2.0,19.6,2.1,8.6,41.2,15.6,37.3
BF001,40.0,60.0,54.0,11.0,35.0,18.2,2.0,20.4,2.0,8.5,41.3,19.0,47.7
BF001,60.0,140.0,61.0,9.0,30.0,18.2,2.0,10.9,2.3,6.9,24.3,5.4,41.1
BF001,140.0,180.0,54.0,14.0,32.0,18.2,2.0,18.3,2.5,13.6,44.9,22.1,48.8
BI005,0.0,12.0,75.0,18.0,7.0,18.2,1.5,12.2,1.7,7.0,39.3,14.2,33.2
BI005,12.0,25.0,77.0,17.0,6.0,18.2,1.5,20.7,1.8,8.5,40.0,18.2,42.1
BI005,25.0,41.0,70.0,17.0,13.0,18.2,1.8,15.3,1.9,8.3,23.3,13.8,28.2
BI005,41.0,78.0,70.0,16.0,14.0,18.2,1.8,14.6,2.0,7.0,39.6,13.8,34.8
BI005,78.0,101.0,61.0,16.0,23.0,18.2,1.8,15.5,1.7,8.8,39.5,16.1,24.2
BI005,101.0,155.0,57.0,18.0,25.0,18.2,1.8,15.2,1.8,6.4,41.9,8.4,34.7
BI005,155.0,210.0,58.0,19.0,23.0,18.2,1.7,12.5,2.2,13.4,53.9,13.9,32.6
BI006,0.0,12.0,17.0,14.0,69.0,18.2,1.6,10.6,1.9,10.1,50.0,25.7,20.7
BI006,12.0,60.0,13.0,10.0,77.0,18.2,1.6,29.3,1.7,9.8,39.1,7.0,33.4
BI006,60.0,100.0,11.0,10.0,79.0,18.2,1.8,14.1,1.4,10.8,38.7,9.2,37.7
BI006,100.0,165.0,7.0,11.0,82.0,18.2,1.8,19.9,1.7,15.0,39.1,26.3,48.6
BI006,165.0,180.0,11.0,15.0,74.0,18.2,1.7,26.0,1.8,3.5,28.3,27.4,47.3
BI007,-10.0,103.5,47.4,25.6,26.7,18.2,1.1,12.8,1.6,5.1,36.4,22.0,27.6
BI007,0.0,28.0,43.0,17.0,40.0,18.2,0.7,28.8,1.7,6.1,39.1,21.3,38.9
BI007,28.0,54.0,42.0,31.0,27.0,18.2,0.7,23.4,1.4,5.7,31.5,6.4,29.8
BI007,54.0,100.0,47.0,33.0,20.0,18.2,0.9,23.0,1.9,4.7,44.9,24.7,32.6
BI007,100.0,144.0,58.0,25.0,17.0,18.2,1.0,21.6,2.2,6.0,38.5,30.0,33.5
BI007,144.0,190.0,47.0,22.0,31.0,18.2,1.5,29.9,1.4,7.7,42.9,25.9,32.4
BI008,0.0,14.0,72.0,11.0,17.0,0.8,1.0,13.2,1.7,6.9,23.7,22.3,41.9
BI008,14.0,54.0,75.0,21.0,4.0,1.0,1.1,12.8,2.0,4.8,34.0,23.7,41.3
BI008,54.0,110.0,75.0,22.0,3.0,1.0,1.1,10.7,2.5,7.0,44.5,23.9,35.3
BI008,110.0,126.0,78.0,20.0,2.0,0.8,1.1,18.4,2.0,3.6,23.4,28.8,41.8
BI008,126.0,137.0,79.0,19.0,2.0,1.0,1.1,10.6,2.1,6.5,37.1,24.4,48.0
BI008,137.0,167.0,79.0,17.0,4.0,1.1,1.3,13.0,2.3,11.6,39.4,23.7,41.3
BI008,167.0,200.0,78.0,17.0,5.0,1.2,1.3,13.0,1.6,6.4,33.4,20.5,41.5
BI009,0.0,21.0,49.0,21.0,30.0,18.2,0.8,13.3,1.9,7.4,45.6,20.1,26.5
BI009,21.0,40.0,58.0,33.0,9.0,18.2,0.9,21.2,2.1,7.9,32.8,19.7,27.0
BI009,40.0,78.0,61.0,31.0,8.0,18.2,1.0,25.5,2.1,7.9,21.8,5.8,26.4
BI009,78.0,105.0,66.0,23.0,11.0,18.2,1.0,21.9,2.3,5.8,39.1,27.7,26.4
BI009,105.0,174.0,55.0,18.0,27.0,18.2,1.2,25.5,1.8,8.8,39.3,19.7,24.2
BI009,174.0,220.0,46.0,11.0,43.0,18.2,1.4,21.3,1.9,11.9,56.2,26.5,28.9
BI010,0.0,20.0,42.0,25.0,33.0,18.2,1.3,25.9,1.8,12.8,28.8,14.9,42.6
BI010,20.0,75.0,51.0,27.0,22.0,18.2,1.2,25.7,1.3,11.9,20.4,7.9,34.9
BI010,75.0,111.0,51.0,28.0,21.0,18.2,1.1,25.8,1.6,12.5,36.9,13.0,35.5
BI010,111.0,166.0,56.0,20.0,24.0,18.2,1.2,25.3,1.9,13.6,28.7,13.6,35.4
BI010,166.0,200.0,54.0,21.0,25.0,18.2,1.3,25.8,2.2,13.0,29.0,17.4,28.3
BI011,0.0,15.0,50.0,17.0,33.0,18.0,1.2,26.6,2.0,6.6,35.8,21.1,27.7
BI011,15.0,50.0,56.0,15.0,29.0,15.0,1.0,19.9,2.1,7.0,32.6,18.6,28.2
BI011,50.0,100.0,31.0,22.0,47.0,17.0,1.3,22.2,2.5,9.2,48.7,25.8,27.4
BI011,100.0,150.0,37.0,25.0,38.0,10.0,1.4,19.3,2.1,6.5,38.5,9.9,28.1
BI011,150.0,190.0,41.0,31.0,28.0,10.0,1.5,21.7,1.7,4.4,23.3,19.0,27.7
BI012,0.0,15.0,51.0,15.0,34.0,18.2,1.2,19.1,1.7,4.6,33.2,23.7,31.7
BI012,15.0,40.0,54.0,24.0,22.0,18.2,1.1,19.1,2.0,10.8,43.4,16.8,22.3
BI012,40.0,70.0,64.0,23.0,13.0,18.2,1.0,19.5,1.3,7.9,42.9,17.0,31.4
BI012,70.0,110.0,64.0,19.0,17.0,18.2,1.2,19.7,1.4,12.4,43.2,16.8,33.0
BI012,110.0,170.0,60.0,15.0,25.0,18.2,1.2,19.4,1.5,8.6,53.3,14.3,31.4
BI012,170.0,210.0,41.0,16.0,43.0,18.2,1.3,19.7,1.5,5.3,42.9,11.9,38.5
BI013,0.0,12.0,53.0,19.0,28.0,18.2,1.1,20.6,2.2,4.9,57.7,14.2,25.3
BI013,12.0,30.0,58.0,20.0,22.0,18.2,1.1,21.9,1.6,6.7,34.9,25.4,31.9
BI013,30.0,55.0,57.0,26.0,17.0,18.2,1.0,25.6,2.0,6.8,38.5,15.7,46.5
BI013,55.0,90.0,69.0,17.0,14.0,18.2,1.1,21.1,2.0,4.7,37.2,5.8,31.7
BI013,90.0,150.0,71.0,12.0,17.0,18.2,1.2,13.9,1.7,11.7,38.9,18.7,24.8
BI013,150.0,200.0,55.0,20.0,25.0,18.2,1.5,21.6,2.0,5.3,25.2,16.4,31.7
BI014,0.0,10.0,56.0,28.0,16.0,18.2,1.2,10.4,1.7,4.4,29.3,20.6,30.4
BI014,10.0,43.0,56.0,34.0,10.0,18.2,1.0,13.1,2.4,4.3,31.3,20.8,31.7
BI014,43.0,80.0,67.0,26.0,7.0,18.2,0.9,13.4,2.0,4.2,48.1,24.1,32.1
BI014,80.0,120.0,66.0,15.0,19.0,18.2,1.1,15.4,1.5,4.0,22.3,17.9,31.0
BI014,120.0,185.0,64.0,12.0,24.0,18.2,1.2,12.9,2.2,4.4,27.4,20.7,31.3
BI015,0.0,23.0,72.0,12.0,16.0,60.0,1.5,18.5,2.0,9.5,34.3,17.4,20.6
BI015,23.0,42.0,61.0,13.0,26.0,25.0,1.6,18.3,1.8,9.8,34.3,17.8,37.7
BI015,42.0,66.0,47.0,10.0,43.0,30.0,1.5,10.1,2.0,13.9,34.6,17.8,40.8
BI015,66.0,93.0,63.0,10.0,27.0,25.0,1.5,27.4,1.8,8.5,25.0,17.6,37.9
BI015,93.0,130.0,61.0,13.0,26.0,15.0,1.7,18.5,2.0,2.5,30.3,17.7,42.7
BI015,130.0,168.0,61.0,14.0,25.0,31.2,1.7,18.9,1.9,12.5,49.1,17.8,46.1
BI016,0.0,9.0,58.0,10.0,32.0,8.0,1.6,17.5,2.1,3.7,30.3,27.9,46.3
BI016,9.0,44.0,54.0,9.0,37.0,15.0,1.5,18.0,1.7,9.2,39.3,14.6,41.8
BI016,44.0,72.0,52.0,5.0,43.0,60.0,1.6,18.0,1.7,6.2,39.5,19.0,45.7
BI016,44.0,72.0,53.0,8.0,39.0,40.0,1.6,18.1,1.8,6.1,39.3,21.4,40.2
BI016,72.0,100.0,37.0,6.0,57.0,60.0,1.5,17.6,2.3,6.0,39.4,21.9,40.9
BI016,100.0,190.0,30.0,8.0,62.0,25.0,1.4,17.9,1.6,6.7,49.2,24.7,27.8
BR045,0.0,10.0,64.0,18.0,18.0,18.2,0.9,22.9,1.8,2.8,57.7,27.7,22.2
BR045,10.0,30.0,61.0,17.0,22.0,18.2,0.9,14.2,2.2,2.9,38.3,25.9,38.8
BR045,30.0,45.0,57.0,17.0,26.0,18.2,0.9,19.3,1.8,2.2,49.5,22.3,32.7
BR045,45.0,75.0,45.0,15.0,40.0,18.2,0.9,22.3,1.9,2.8,48.6,22.0,32.4
BR045,75.0,155.0,45.0,26.0,29.0,18.2,0.9,11.3,1.8,1.9,48.0,9.3,32.6
BR045,155.0,195.0,52.0,24.0,24.0,18.2,0.9,25.7,2.3,2.3,48.6,25.5,37.1
BR045,195.0,215.0,58.0,22.0,20.0,18.2,0.9,19.0,1.7,2.5,48.6,21.8,31.1
BR046,0.0,17.0,75.0,9.0,16.0,18.2,0.9,22.3,2.0,6.7,44.1,15.3,40.0
BR046,17.0,80.0,72.0,5.0,23.0,18.2,0.9,22.5,1.9,9.4,43.9,22.4,49.6
BR046,80.0,130.0,59.0,14.0,27.0,18.2,0.9,15.4,2.0,13.1,44.5,10.6,46.2
BR046,130.0,180.0,60.0,16.0,24.0,18.2,0.9,22.0,2.0,9.5,44.2,15.4,27.7
BR046,180.0,240.0,60.0,20.0,20.0,18.2,0.9,25.9,2.0,9.6,43.9,12.8,35.9
BR046,240.0,300.0,59.0,17.0,24.0,18.2,0.9,25.2,2.3,9.1,44.1,14.9,40.3
BR047,0.0,28.0,13.0,14.0,73.0,18.2,0.9,17.6,1.7,4.9,32.7,23.6,37.8
BR047,28.0,41.0,9.0,7.0,84.0,18.2,0.9,15.6,1.6,6.7,33.0,14.4,38.6
BR047,41.0,84.0,8.0,4.0,88.0,18.2,0.9,18.2,2.0,6.3,33.1,21.8,35.7
BR047,84.0,130.0,10.0,6.0,84.0,18.2,0.9,10.5,1.8,11.5,32.5,20.6,44.2
BR047,130.0,280.0,8.0,12.0,79.4,18.2,0.9,15.6,2.1,5.0,32.8,19.8,37.0
BR047,280.0,460.0,2.0,31.0,67.0,18.2,0.9,15.2,2.1,3.5,32.6,19.9,31.2
BR048,0.0,19.0,38.1,29.1,33.7,18.2,0.9,22.9,1.6,6.5,44.8,17.7,43.3
BR048,19.0,40.0,38.1,29.1,33.7,18.2,0.9,20.5,1.7,9.2,30.9,17.0,24.6
BR048,40.0,56.0,38.1,29.1,33.7,18.2,0.9,22.0,2.0,2.1,59.1,7.3,33.4
BR048,56.0,117.0,38.1,29.1,33.7,18.2,0.9,21.3,1.5,9.3,47.1,17.1,38.0
BR048,117.0,176.0,38.1,29.1,33.7,18.2,0.9,21.7,2.0,5.0,47.7,17.8,35.7
BR048,176.0,200.0,38.1,29.1,33.7,18.2,0.9,21.7,1.8,6.7,54.7,27.6,38.4
BR049,0.0,30.0,16.0,8.0,76.0,18.2,0.9,13.1,2.0,9.5,57.8,20.3,40.3
BR049,30.0,60.0,12.0,11.0,77.0,18.2,0.9,12.4,1.9,4.6,47.2,16.3,40.8
BR049,60.0,150.0,13.0,10.0,77.0,18.2,0.9,12.6,1.7,13.5,44.7,20.3,40.6
BR049,150.0,210.0,10.0,11.0,79.0,18.2,0.9,13.3,1.7,9.4,48.6,20.0,40.4
BR049,210.0,260.0,12.0,14.0,74.0,18.2,0.9,12.2,1.9,11.1,48.3,20.7,45.1
BR049,260.0,280.0,20.0,25.0,55.0,18.2,0.9,12.8,2.2,9.9,43.6,24.2,36.1
BR050,0.0,98.3,13.6,15.4,71.0,18.2,0.9,23.8,1.8,8.2,38.4,7.5,42.3
BR050,0.0,4.0,11.0,25.0,64.0,18.2,0.9,27.2,1.9,6.7,58.5,8.2,44.1
BR050,4.0,12.0,14.0,22.0,64.0,18.2,0.9,21.2,2.0,2.2,36.6,19.8,35.6
BR050,12.0,25.0,15.0,17.0,68.0,18.2,0.9,24.1,1.8,4.5,39.2,15.2,43.6
BR050,25.0,80.0,14.0,11.0,75.0,18.2,0.9,23.9,1.6,4.2,21.6,13.0,43.6
BR050,80.0,200.0,15.0,9.0,76.0,18.2,0.9,23.8,2.1,4.4,38.7,15.1,47.2
BR050,200.0,270.0,11.0,11.0,78.0,18.2,0.9,24.5,1.7,4.2,39.2,29.0,49.8
BR051,0.0,20.0,28.0,16.0,56.0,18.2,0.9,19.8,2.2,10.0,32.5,13.1,20.1
BR051,20.0,40.0,20.0,20.0,60.0,18.2,0.9,12.4,1.8,7.7,52.3,8.2,23.7
BR051,40.0,60.0,18.0,17.0,65.0,18.2,0.9,20.0,1.4,6.9,29.9,18.8,28.3
BR051,60.0,120.0,23.0,19.0,58.0,18.2,0.9,19.4,1.6,7.7,44.6,13.6,40.1
BR051,120.0,130.0,44.0,21.0,35.0,18.2,0.9,27.4,2.4,7.5,40.3,13.4,27.6
BR052,0.0,20.0,30.0,29.0,41.0,18.2,0.9,11.1,1.7,13.8,41.3,15.6,43.4
BR052,20.0,50.0,29.9,29.0,41.0,18.2,0.9,17.8,1.9,2.9,40.6,15.1,44.6
BR052,50.0,100.0,30.0,28.6,41.4,18.2,0.9,25.2,1.8,12.4,39.2,15.6,42.1
BR053,0.0,20.0,28.0,24.0,48.0,18.2,0.9,21.0,1.6,11.3,20.8,28.0,28.8
BR053,20.0,55.0,14.0,20.6,65.0,18.2,0.9,12.3,1.7,9.6,36.9,21.9,29.9
BR053,55.0,65.0,17.0,19.0,64.0,18.2,0.9,30.0,1.3,12.0,35.4,17.9,33.0
BR053,65.0,85.0,8.0,16.0,76.0,18.2,0.9,17.8,1.8,11.9,54.9,7.3,40.8
BR053,85.0,125.0,4.0,25.0,71.0,18.2,0.9,23.4,1.9,13.4,37.2,14.8,34.2
BR054,0.0,20.0,91.0,3.0,6.0,18.2,0.9,22.7,1.9,9.7,33.3,12.4,48.7
BR054,20.0,42.0,94.0,2.0,4.0,18.2,0.9,22.3,1.9,7.4,33.1,12.6,34.4
BR054,42.0,77.0,73.0,2.0,25.0,18.2,0.9,22.0,2.1,6.6,33.4,6.1,30.7
BR054,77.0,97.0,74.0,2.0,24.0,18.2,0.9,15.0,1.8,2.9,24.2,12.4,23.9
BR054,97.0,209.0,80.0,2.0,18.0,18.2,0.9,29.6,2.2,8.5,42.5,18.5,34.1
BR055,0.0,15.0,16.0,39.0,45.0,18.2,0.9,20.0,1.7,8.5,44.6,16.2,37.5
BR055,15.0,40.0,11.0,32.0,57.0,18.2,0.9,20.1,1.8,8.5,39.6,15.9,32.5
BR055,40.0,70.0,7.0,22.0,71.0,18.2,0.9,24.5,1.7,8.5,33.9,22.2,36.8
BR055,70.0,160.0,9.0,27.0,64.0,18.2,0.9,15.7,1.5,8.5,39.6,15.7,37.3
BR055,160.0,190.0,14.0,41.0,45.0,18.2,0.9,19.9,2.1,8.5,39.5,9.7,41.8
BR056,0.0,19.0,21.0,15.0,64.0,18.2,0.9,23.9,1.3,14.7,38.4,7.9,49.3
BR056,19.0,80.0,6.0,12.0,82.0,18.2,0.9,23.5,1.9,7.3,34.0,10.3,49.5
BR056,80.0,134.0,13.0,14.0,73.0,18.2,0.9,23.7,1.3,7.8,35.1,8.5,49.3
BR056,134.0,224.0,19.0,20.0,61.0,18.2,0.9,23.8,2.1,9.6,46.7,6.4,49.4
BR056,224.0,250.0,32.0,25.0,43.0,18.2,0.9,23.8,1.6,9.4,38.2,20.7,49.4
BR057,0.0,10.0,95.0,2.0,3.0,18.2,0.9,19.0,2.2,10.2,53.6,26.5,44.3
BR057,10.0,30.0,95.5,1.5,3.4,18.2,0.9,19.2,1.6,10.2,46.6,18.6,44.0
BR057,30.0,45.0,94.0,2.0,4.0,18.2,0.9,14.5,1.6,7.7,54.4,29.3,44.0
BR057,45.0,75.0,95.6,1.4,3.2,18.2,0.9,19.1,2.0,7.2,43.5,20.2,44.2
BR057,75.0,95.0,97.0,1.0,2.0,18.2,0.9,18.8,1.8,7.9,20.5,7.0,44.4
BR057,95.0,195.0,95.8,1.9,2.8,18.2,0.9,23.5,2.1,5.2,44.1,20.5,44.2
BR058,0.0,15.0,87.0,4.0,9.0,18.2,0.9,15.8,1.6,7.3,38.6,9.3,42.5
BR058,15.0,49.0,84.0,3.0,13.0,18.2,0.9,20.4,2.0,4.0,25.7,14.7,44.8
BR058,49.0,112.0,83.0,2.0,15.0,18.2,0.9,20.3,1.5,5.6,52.3,14.8,46.1
BR058,112.0,148.0,83.0,3.0,14.0,18.2,0.9,20.3,2.4,9.1,22.8,14.6,45.1
BR058,148.0,328.0,83.0,2.0,15.0,18.2,0.9,19.9,2.4,7.3,54.8,14.7,47.3
BR058,328.0,528.0,80.0,3.0,17.0,18.2,0.9,28.6,1.9,7.8,37.2,14.8,45.1
BR058,528.0,600.0,74.0,12.0,14.0,18.2,0.9,16.6,1.5,13.0,38.7,19.5,44.9
BR059,0.0,20.0,38.0,11.0,51.0,18.2,0.9,20.8,1.7,7.2,49.5,7.4,25.3
BR059,20.0,70.0,37.0,13.0,50.0,18.2,0.9,20.8,1.4,10.2,45.2,6.8,24.8
BR059,70.0,132.0,36.0,12.0,52.0,18.2,0.9,20.8,1.8,7.1,54.3,7.2,25.0
BR059,132.0,142.0,36.0,12.0,52.0,18.2,0.9,20.8,1.9,4.5,49.5,7.4,24.8
BR060,0.0,8.0,61.0,17.0,22.0,18.2,1.3,27.5,1.5,5.6,60.0,11.8,37.2
BR060,8.0,28.0,28.0,15.0,57.0,18.2,1.1,26.4,1.8,4.1,27.5,17.4,37.4
BR060,28.0,56.0,26.0,23.0,51.0,18.2,1.1,28.1,1.6,4.0,44.5,17.0,36.9
BR060,56.0,88.0,36.0,27.0,37.0,18.2,1.4,26.9,1.6,5.4,46.9,26.5,37.5
BR060,88.0,150.0,51.0,29.0,20.0,18.2,1.4,27.1,1.6,8.5,44.5,13.7,37.2
BR061,0.0,12.0,8.0,39.0,53.0,18.2,0.9,18.1,1.8,2.1,25.6,6.3,46.2
BR061,12.0,35.0,9.0,48.0,43.0,18.2,1.5,17.9,1.6,4.8,40.7,16.6,44.7
BR061,35.0,52.0,17.0,33.0,50.0,18.2,0.9,12.7,1.9,4.3,40.3,20.8,39.5
BR061,52.0,75.0,26.0,24.0,50.0,18.2,1.2,27.2,2.0,6.6,40.7,16.0,39.4
BR061,75.0,95.0,22.0,18.0,60.0,18.2,1.4,18.3,1.9,5.7,40.9,15.8,28.8
BR061,95.0,245.0,20.0,23.0,57.0,18.2,1.6,15.1,2.2,4.8,49.9,19.1,40.3
BR061,245.0,350.0,17.2,31.3,52.2,18.2,1.4,18.2,1.5,4.8,46.7,15.7,39.8
BR062,0.0,6.0,75.0,15.0,10.0,18.2,1.8,26.3,2.1,5.9,48.2,27.3,20.9
BR062,6.0,20.0,76.0,15.0,9.0,18.2,1.5,18.8,2.0,7.7,48.5,12.7,33.1
BR062,20.0,30.0,73.0,16.0,11.0,18.2,1.7,19.0,1.6,10.7,49.0,21.8,25.4
BR062,30.0,67.0,45.0,15.0,40.0,18.2,1.3,11.5,1.9,11.6,36.1,21.4,20.9
BR062,67.0,90.0,87.0,7.0,6.0,18.2,1.2,18.5,1.8,8.7,59.3,24.5,24.7
BR063,0.0,22.0,2.0,16.0,82.0,18.2,0.9,15.2,1.9,12.8,54.9,18.2,31.0
BR063,22.0,44.0,2.0,15.0,83.0,18.2,1.0,23.1,2.0,6.0,42.6,18.0,30.3
BR063,44.0,65.0,3.0,16.0,81.0,18.2,0.5,18.2,1.9,9.7,38.6,19.7,28.7
BR063,65.0,145.0,2.0,14.0,84.0,18.2,0.9,20.7,1.8,6.8,32.9,12.2,27.8
BR063,145.0,265.0,2.4,15.5,82.2,18.2,1.1,25.0,1.8,11.6,41.9,22.5,23.3
BR064,0.0,9.0,43.0,7.0,50.0,18.2,1.6,24.2,1.9,8.8,33.9,19.9,41.2
BR064,9.0,36.0,39.0,9.0,52.0,18.2,1.3,23.9,1.8,11.4,43.0,20.3,41.1
BR064,36.0,72.0,34.0,11.0,55.0,18.2,1.1,23.8,2.0,9.0,31.8,13.4,41.3
BR064,72.0,102.0,32.0,8.0,60.0,18.2,1.0,19.3,1.9,9.7,37.5,26.4,41.0
BR064,102.0,147.0,33.0,8.0,59.0,18.2,1.3,28.4,2.3,7.1,27.5,20.2,40.8
BR064,147.0,175.0,33.0,9.0,58.0,18.2,0.7,24.8,2.0,9.7,53.6,20.0,41.5
BR065,0.0,7.0,11.0,5.0,84.0,18.2,0.9,26.7,1.7,9.0,57.4,22.7,40.4
BR065,7.0,25.0,6.0,6.0,88.0,18.2,0.9,22.1,1.6,12.3,56.9,26.9,25.0
BR065,25.0,48.0,4.0,4.0,92.0,18.2,0.9,26.8,2.0,9.4,55.8,24.3,39.5
BR065,48.0,85.0,3.0,4.0,93.0,18.2,0.9,14.0,1.8,4.4,56.5,22.6,32.5
BR065,85.0,170.0,4.0,6.0,90.0,18.2,0.9,23.0,1.7,10.7,57.0,24.6,25.4
BR065,170.0,250.0,4.0,6.0,90.0,18.2,0.9,22.3,1.8,9.7,57.0,23.9,33.1
BR066,0.0,28.0,80.0,5.0,15.0,18.2,1.6,20.8,1.5,3.7,52.0,5.6,38.3
BR066,28.0,85.0,75.0,5.0,20.0,18.2,1.4,20.8,2.0,6.7,51.1,8.2,25.3
BR066,85.0,250.0,70.0,6.0,24.0,18.2,1.4,20.8,2.1,5.2,51.5,10.4,45.5
BR067,0.0,8.0,89.0,2.0,9.0,18.2,1.5,14.6,2.2,12.9,36.5,25.1,38.7
BR067,8.0,18.0,80.0,4.0,16.0,18.2,1.4,14.0,2.0,13.4,36.0,19.0,39.3
BR067,18.0,45.0,72.0,5.0,23.0,18.2,1.6,14.2,1.8,14.5,36.2,19.2,38.9
BR067,45.0,80.0,68.0,3.0,29.0,18.2,1.5,20.2,1.6,14.0,36.2,6.4,39.0
BR067,80.0,160.0,67.0,3.0,30.0,18.2,1.4,11.6,2.0,13.1,36.3,21.2,39.3
BR067,160.0,310.0,65.0,5.0,30.0,18.2,1.4,11.2,1.6,13.5,36.4,23.9,38.9
BR068,0.0,17.0,90.0,4.0,6.0,18.2,1.4,27.9,2.0,8.9,40.8,26.7,42.0
BR068,17.0,57.0,87.0,3.0,10.0,18.2,1.5,28.1,2.4,5.6,21.2,16.7,42.4
BR068,57.0,115.0,70.0,5.0,25.0,18.2,1.7,28.3,1.9,7.5,46.1,16.5,41.8
BR068,115.0,147.0,64.0,6.0,30.0,18.2,1.8,27.7,2.4,7.0,54.6,9.0,41.9
BR068,147.0,177.0,64.0,5.0,31.0,18.2,1.1,28.1,2.0,3.4,40.3,17.2,40.5
BR068,177.0,375.0,52.0,8.0,40.0,18.2,1.1,28.0,2.0,8.2,41.1,15.0,43.8
BR069,0.0,14.0,69.0,16.0,15.0,18.2,1.4,20.4,2.0,8.3,45.2,22.8,33.6
BR069,14.0,30.0,64.0,15.0,21.0,18.2,1.6,19.0,1.8,13.4,24.7,23.1,32.7
BR069,30.0,38.0,61.0,13.0,26.0,18.2,2.0,20.5,1.5,6.0,56.6,23.0,41.3
BR069,38.0,50.0,28.0,12.0,60.0,18.2,1.3,22.4,1.6,10.2,29.4,24.7,36.7
BR069,50.0,80.0,35.0,16.0,49.0,18.2,1.4,16.8,2.1,8.5,56.6,16.8,32.4
BR069,80.0,100.0,38.0,20.0,42.0,18.2,1.1,15.1,1.4,4.0,45.3,27.5,36.6
BR069,100.0,150.0,45.0,26.0,29.0,18.2,1.5,19.5,2.2,6.3,59.0,22.8,45.0
BR069,157.0,180.0,55.0,26.0,19.0,18.2,2.0,19.1,2.2,11.4,45.6,23.0,32.2
BR070,0.0,14.0,61.0,13.0,26.0,18.2,1.6,24.9,2.2,7.2,28.0,12.1,33.8
BR070,14.0,27.0,54.0,14.0,32.0,18.2,1.5,25.5,1.8,13.0,40.0,12.0,25.1
BR070,27.0,41.0,40.0,11.0,49.0,18.2,1.0,13.0,1.7,3.0,56.6,9.3,34.6
BR070,41.0,72.0,36.0,13.0,51.0,18.2,1.4,19.2,1.9,12.5,41.5,12.4,21.9
BR070,72.0,110.0,26.0,23.0,51.0,18.2,1.4,14.5,2.1,6.1,28.8,14.8,46.3
BR070,110.0,150.0,34.0,24.0,42.0,18.2,1.1,13.8,1.8,7.5,38.5,12.2,34.3
BR070,150.0,175.0,43.0,26.0,31.0,18.2,1.8,22.6,1.5,3.6,56.1,11.8,43.8
BR071,0.0,8.0,42.0,7.0,51.0,18.2,1.1,26.4,1.8,14.3,59.0,11.0,28.0
BR071,8.0,36.0,37.0,9.0,54.0,18.2,1.3,28.8,2.1,7.5,37.6,11.1,22.9
BR071,36.0,72.0,33.0,11.0,56.0,18.2,1.1,14.8,1.8,9.1,32.9,11.3,28.0
BR071,72.0,102.0,32.0,9.0,59.0,18.2,1.0,29.9,1.7,5.8,44.2,10.0,33.4
BR071,102.0,147.0,32.0,9.0,59.0,18.2,0.8,25.0,1.5,3.1,45.5,10.9,28.5
BR071,147.0,170.0,33.0,10.0,57.0,18.2,0.8,25.4,1.7,7.5,45.3,11.4,28.3
BR072,0.0,18.0,8.0,52.0,40.0,18.2,1.3,25.2,1.9,11.0,53.0,13.6,29.3
BR072,18.0,34.0,8.0,28.0,64.0,18.2,0.8,19.4,2.1,9.9,53.3,10.0,29.2
BR072,34.0,56.0,8.0,29.0,63.0,18.2,1.2,14.5,1.9,4.3,57.3,9.8,29.7
BR072,56.0,90.0,8.0,32.0,60.0,18.2,1.7,19.4,1.8,8.7,47.7,10.1,31.6
BR072,90.0,150.0,8.0,36.0,56.0,18.2,1.1,19.4,1.7,8.6,53.3,6.0,27.1
BR072,150.0,200.0,7.0,37.0,56.0,18.2,1.4,19.3,2.1,8.3,53.1,10.3,29.6
BR073,0.0,26.0,12.0,28.0,60.0,18.2,1.0,11.7,1.8,6.6,46.5,27.0,30.3
BR073,26.0,50.0,10.0,26.0,64.0,18.2,1.3,18.6,2.1,6.4,50.6,27.4,45.7
BR073,50.0,75.0,10.0,28.0,62.0,18.2,1.2,14.1,2.0,6.2,23.4,27.5,46.8
BR073,75.0,215.0,8.0,43.0,49.0,18.2,1.0,18.9,1.8,6.6,51.6,29.6,38.0
BR073,215.0,250.0,10.0,34.0,56.0,18.2,1.6,29.6,2.0,7.0,42.7,25.1,31.2
BR074,0.0,28.0,82.0,3.0,15.0,18.2,0.9,15.7,1.7,4.1,34.5,10.0,21.7
BR074,28.0,56.0,76.0,4.0,20.0,18.2,1.4,11.6,2.0,6.8,25.6,16.1,34.5
BR074,56.0,85.0,75.0,5.0,20.0,18.2,1.3,11.1,2.4,14.6,34.9,25.5,26.9
BR074,85.0,165.0,72.0,5.0,23.0,18.2,1.4,18.5,2.1,10.3,43.5,16.4,27.2
BR074,165.0,250.0,68.0,7.0,25.0,18.2,1.2,24.7,2.0,9.2,34.9,13.9,24.4
BR075,0.0,15.0,7.0,38.0,55.0,18.2,1.3,20.8,1.9,10.6,40.5,13.7,42.7
BR075,15.0,30.0,7.0,37.0,56.0,18.2,1.0,20.8,1.8,10.7,40.5,13.7,43.3
BR075,30.0,75.0,3.0,18.0,79.0,18.2,1.2,20.8,2.0,10.3,40.5,13.8,42.8
BR075,75.0,112.0,3.0,16.0,81.0,18.2,1.2,20.8,2.0,13.8,40.5,13.7,43.2
BR075,125.0,175.0,3.0,15.0,82.0,18.2,1.1,20.8,1.9,10.6,40.5,13.7,43.3
BR075,200.0,275.0,3.0,20.0,77.0,18.2,0.8,20.8,2.0,7.1,40.5,15.0,42.9
BR076,0.0,22.0,2.0,16.0,82.0,18.2,0.9,22.0,1.7,7.4,47.8,22.7,27.7
BR076,22.0,44.0,3.0,14.0,83.0,18.2,1.0,21.9,1.9,7.7,44.6,25.1,33.3
BR076,44.0,65.0,3.0,16.0,81.0,18.2,0.7,18.5,1.8,7.3,44.5,29.9,31.7
BR076,65.0,120.0,3.0,13.0,84.0,18.2,0.9,18.0,1.8,9.8,45.0,7.1,26.9
BR076,120.0,200.0,3.0,12.0,85.0,18.2,0.9,21.2,1.9,9.3,47.3,18.4,43.7
BR076,200.0,350.0,3.0,15.0,82.0,18.2,0.6,12.2,1.8,7.2,39.5,24.0,33.9
BR076,350.0,450.0,3.0,17.0,80.0,18.2,0.8,18.6,2.1,7.2,44.5,22.8,33.7
BR076,450.0,550.0,3.0,16.0,81.0,18.2,1.2,21.0,2.1,7.3,45.0,26.3,33.6
BR076,550.0,650.0,3.0,18.0,79.0,18.2,1.0,12.8,2.1,2.9,44.6,26.9,38.3
BR077,0.0,16.0,3.0,21.0,76.0,18.2,0.5,22.7,2.1,12.4,52.5,9.6,38.8
BR077,16.0,41.0,4.0,23.0,73.0,18.2,0.9,26.2,2.1,12.8,52.2,17.1,49.2
BR077,41.0,80.0,3.0,22.0,75.0,18.2,0.9,28.8,1.8,12.7,51.8,28.0,38.8
BR077,80.0,120.0,5.0,21.0,74.0,18.2,1.1,26.1,2.1,12.0,52.2,17.9,28.2
BR077,150.0,200.0,4.0,22.0,74.0,18.2,1.2,25.7,2.1,12.3,52.2,18.1,39.8
BR078,0.0,16.0,29.0,15.0,56.0,18.2,0.8,26.2,1.8,10.3,40.4,16.6,38.8
BR078,16.0,42.0,29.0,15.0,56.0,18.2,0.9,24.1,1.8,5.6,52.0,13.5,32.0
BR078,42.0,64.0,27.0,16.0,57.0,18.2,1.0,21.4,2.0,8.9,31.9,15.0,35.0
BR078,64.0,81.0,24.0,13.0,63.0,18.2,1.0,29.8,2.2,8.6,41.3,27.9,38.7
BR078,81.0,101.0,25.0,20.0,55.0,18.2,0.5,23.2,1.8,7.0,40.0,17.5,46.3
BR078,101.0,140.0,25.0,13.0,62.0,18.2,1.1,10.5,2.0,10.9,39.2,11.6,31.2
BR078,140.0,200.0,26.0,26.0,48.0,18.2,1.3,12.9,2.0,8.7,41.1,16.7,48.4
BR079,0.0,8.0,89.0,2.0,9.0,18.2,1.1,22.1,1.4,9.4,43.5,19.5,34.8
BR079,8.0,18.0,80.0,3.0,17.0,18.2,1.4,12.1,1.8,8.7,44.1,13.8,34.1
BR079,18.0,45.0,73.0,4.0,23.0,18.2,1.6,20.1,2.2,11.3,43.2,25.8,33.8
BR079,45.0,80.0,68.0,3.0,29.0,18.2,1.5,25.6,2.3,8.3,43.4,20.1,31.7
BR079,80.0,120.0,68.0,4.0,28.0,18.2,1.4,20.1,1.8,9.7,43.3,13.3,42.2
BR079,120.0,160.0,66.0,3.0,31.0,18.2,1.8,20.4,1.6,11.4,43.0,16.2,25.6
BR079,160.0,220.0,65.0,5.0,30.0,18.2,1.5,21.9,1.7,9.7,51.8,29.6,44.6
BR079,220.0,260.0,65.0,5.0,30.0,18.2,1.1,20.5,2.0,9.5,50.3,20.2,25.3
BR079,260.0,300.0,67.0,4.0,29.0,18.2,1.2,20.4,2.1,6.8,26.5,19.8,34.5
BR080,0.0,7.0,11.0,4.0,85.0,18.2,1.4,20.3,1.9,6.5,20.8,15.7,38.1
BR080,7.0,25.0,7.0,5.0,88.0,18.2,1.1,22.1,1.8,3.7,35.1,24.6,25.0
BR080,25.0,48.0,4.0,4.0,92.0,18.2,1.1,21.0,1.6,10.6,53.6,6.5,37.6
BR080,48.0,85.0,4.0,4.0,92.0,18.2,1.1,21.6,1.8,4.8,27.4,6.7,39.8
BR080,85.0,132.0,4.0,5.0,91.0,18.2,1.2,22.0,1.9,6.9,38.6,11.0,47.4
BR080,132.0,150.0,4.0,6.0,90.0,18.2,1.3,12.0,2.0,6.8,53.8,12.4,37.5
BR080,150.0,250.0,4.0,6.0,90.0,18.2,0.8,27.0,2.0,6.2,25.5,13.3,37.9
BR080,250.0,280.0,4.0,9.0,87.0,18.2,1.2,28.0,1.7,6.6,23.1,12.8,38.5
BR081,0.0,9.0,36.0,22.0,42.0,12.0,1.1,29.3,2.1,8.0,40.4,12.6,43.2
BR081,9.0,20.0,30.0,25.0,45.0,12.0,1.3,22.4,1.8,8.2,40.6,13.0,30.0
BR081,20.0,38.0,33.0,21.0,46.0,11.7,1.1,22.6,2.0,8.2,40.3,13.4,49.0
BR081,38.0,80.0,36.0,16.0,48.0,12.5,0.9,21.9,2.2,5.6,38.6,28.4,40.4
BR081,80.0,147.0,36.0,18.0,46.0,12.3,0.9,22.2,2.1,8.6,41.2,13.2,39.1
BR081,147.0,170.0,37.0,18.0,45.0,11.9,0.6,28.3,2.1,12.6,47.8,7.5,39.7
BR081,170.0,270.0,38.0,18.0,44.0,12.4,1.2,18.6,2.1,8.8,41.2,5.3,40.1
BR081,270.0,370.0,35.0,17.0,48.0,12.3,0.7,12.8,1.8,7.0,28.9,13.1,40.2
BR081,370.0,470.0,34.0,20.0,46.0,11.5,1.2,21.9,1.9,8.3,48.1,12.9,41.1
BR082,0.0,9.0,16.0,27.0,57.0,18.2,1.0,22.0,1.8,5.3,32.6,18.9,39.8
BR082,9.0,21.0,15.0,28.0,57.0,18.2,0.9,26.3,2.2,10.6,41.2,26.0,48.3
BR082,21.0,42.0,14.0,21.0,65.0,18.2,1.0,21.5,2.1,10.9,55.1,18.9,46.0
BR082,42.0,70.0,12.0,18.0,70.0,18.2,0.4,21.4,1.6,9.2,45.0,19.1,39.8
BR082,70.0,105.0,12.0,22.0,66.0,18.2,0.9,21.8,1.8,8.8,37.5,24.2,39.9
BR082,105.0,150.0,12.0,29.0,59.0,18.2,0.8,11.3,1.7,9.7,53.7,7.1,39.4
BR082,170.0,270.0,10.0,28.0,62.0,18.2,0.9,21.9,2.1,9.3,44.6,18.2,23.6
BR082,270.0,370.0,10.0,25.0,65.0,18.2,0.5,28.2,1.4,9.0,47.3,17.3,39.0
BR082,370.0,470.0,21.0,24.0,55.0,18.2,0.7,22.2,1.9,9.1,45.0,18.5,39.6
BR083,0.0,14.0,55.0,24.0,21.0,45.0,1.2,26.2,1.9,3.4,46.8,14.5,34.1
BR083,14.0,45.0,53.0,22.0,25.0,45.5,1.5,23.0,2.3,12.5,30.2,18.7,33.6
BR083,45.0,58.0,51.0,21.0,28.0,45.4,1.6,10.2,2.0,10.4,37.0,26.6,33.3
BR083,58.0,82.0,40.0,25.0,35.0,44.8,1.4,19.5,1.6,14.0,35.3,18.9,36.0
BR083,82.0,105.0,60.0,21.0,19.0,44.6,1.1,19.9,1.9,13.0,37.4,21.9,28.2
BR083,105.0,125.0,78.0,13.0,9.0,45.3,1.6,19.4,1.9,11.0,37.5,9.7,34.1
BR083,125.0,150.0,83.0,13.0,4.0,45.0,1.6,18.6,2.2,11.1,37.2,23.3,36.9
BR084,0.0,6.0,74.0,16.0,10.0,4.0,1.5,17.3,1.8,8.8,44.3,29.0,35.0
BR084,6.0,20.0,76.0,15.0,9.0,7.0,1.5,19.0,1.6,9.1,44.2,23.4,35.0
BR084,20.0,30.0,73.0,16.0,11.0,64.0,1.8,19.5,1.9,8.4,43.9,12.3,35.0
BR084,30.0,67.0,45.0,14.0,41.0,8.0,1.6,19.9,2.1,8.8,53.6,28.3,35.0
BR084,67.0,90.0,87.0,7.0,6.0,34.0,1.9,19.9,1.6,8.4,34.5,22.9,35.0
BR085,0.0,17.0,90.0,4.0,6.0,18.2,1.4,26.7,2.2,5.4,37.7,14.5,34.2
BR085,17.0,57.0,87.0,3.0,10.0,18.2,1.5,24.2,2.4,5.5,40.1,15.1,41.5
BR085,57.0,115.0,70.0,5.0,25.0,18.2,1.7,28.3,2.0,5.2,24.2,14.2,33.0
BR085,115.0,147.0,64.0,5.0,31.0,18.2,1.9,25.9,2.2,6.1,29.7,14.7,35.0
BR085,147.0,177.0,65.0,4.0,31.0,18.2,1.7,26.3,2.1,6.8,37.2,14.5,24.5
BR085,200.0,275.0,58.0,6.0,36.0,18.2,1.4,26.4,2.2,4.4,37.3,6.8,35.0
BR085,300.0,375.0,47.0,9.0,44.0,18.2,1.4,26.4,1.9,5.8,54.7,20.8,39.7
BR086,0.0,20.0,94.0,3.0,3.0,25.3,1.4,14.6,2.5,7.6,33.1,9.6,25.1
BR086,20.0,70.0,94.0,4.0,2.0,25.7,1.9,15.4,2.0,9.1,32.9,22.4,41.8
BR086,70.0,110.0,95.0,3.0,2.0,26.1,1.6,19.6,2.5,7.3,47.6,16.5,34.4
BR086,110.0,116.0,91.0,4.0,5.0,4.0,1.5,11.1,2.0,7.8,21.9,13.5,34.8
BR086,116.0,126.0,76.0,14.0,10.0,13.0,1.8,11.0,2.0,7.3,28.0,15.6,30.2
BR086,126.0,150.0,82.0,15.0,3.0,60.0,1.4,14.0,1.8,6.3,34.8,15.2,40.9
BR087,0.0,6.0,93.0,4.0,3.0,20.4,1.7,24.2,1.8,2.1,49.7,29.4,37.9
BR087,6.0,19.0,95.0,3.0,2.0,19.7,1.6,25.7,1.7,7.6,48.0,16.3,28.2
BR087,19.0,50.0,96.0,2.0,2.0,19.6,1.5,29.1,1.7,13.3,48.7,16.6,49.1
BR087,50.0,75.0,96.0,2.0,2.0,20.5,1.3,28.9,2.0,6.0,57.2,11.9,30.5
BR087,75.0,175.0,94.0,3.0,3.0,19.6,1.6,14.6,2.3,10.0,55.4,7.2,28.7
BR087,175.0,225.0,90.0,4.0,6.0,20.4,1.2,24.9,2.1,6.6,55.9,16.1,34.4
BR087,225.0,275.0,82.0,10.0,8.0,20.0,1.7,24.1,2.0,7.9,26.5,15.9,34.8
BR088,0.0,9.0,62.0,19.0,19.0,7.0,1.6,21.7,1.9,6.2,22.3,24.4,29.6
BR088,9.0,27.0,59.0,18.0,23.0,7.4,1.5,18.2,2.1,6.2,26.8,9.9,31.2
BR088,27.0,60.0,47.0,16.0,37.0,6.6,1.6,25.6,2.1,6.4,35.6,18.7,30.4
BR088,60.0,70.0,40.0,16.0,44.0,7.1,1.5,22.4,1.6,5.9,21.2,18.8,24.3
BR088,70.0,110.0,71.0,14.0,15.0,7.3,1.8,21.7,1.7,6.0,26.6,17.7,41.2
BR089,0.0,18.0,83.0,13.0,4.0,24.7,1.4,26.4,1.5,5.4,45.7,10.7,28.3
BR089,18.0,30.0,89.0,8.0,3.0,30.0,1.8,26.6,1.8,3.4,43.9,14.3,34.2
BR089,30.0,51.0,63.0,7.0,30.0,20.0,1.7,28.2,1.6,8.9,48.1,13.5,33.3
BR089,51.0,70.0,61.0,9.0,30.0,25.3,1.1,27.2,1.8,6.2,39.2,17.1,38.5
BR090,0.0,8.0,60.0,18.0,22.0,10.0,1.3,15.1,1.9,3.2,36.4,15.6,26.7
BR090,8.0,28.0,28.0,16.0,56.0,9.7,0.9,15.9,2.0,14.1,31.6,14.3,30.0
BR090,28.0,56.0,26.0,23.0,51.0,10.4,1.1,26.5,1.4,8.5,41.3,5.9,28.3
BR090,56.0,88.0,36.0,27.0,37.0,10.2,1.4,19.4,2.0,10.8,20.9,13.9,28.1
BR090,88.0,130.0,40.0,34.0,26.0,10.3,1.4,26.6,2.3,7.2,29.4,8.0,25.8
BR090,130.0,160.0,63.0,24.0,13.0,9.9,1.7,16.9,2.0,9.5,31.9,13.1,27.8
BR090,160.0,250.0,44.0,35.0,21.0,10.3,1.4,14.5,1.8,8.9,31.0,27.6,29.3
BR091,0.0,15.0,84.0,6.0,10.0,23.1,1.5,26.2,2.0,4.7,35.5,6.3,37.0
BR091,15.0,40.0,82.0,7.0,11.0,22.9,1.8,23.7,2.1,12.9,35.1,12.5,26.9
BR091,40.0,80.0,80.0,7.0,13.0,23.3,1.4,23.4,2.1,12.1,22.5,11.9,32.5
BR091,80.0,120.0,77.0,9.0,14.0,22.6,1.7,21.4,1.7,7.5,29.6,7.9,20.5
BR091,120.0,200.0,75.0,10.0,15.0,23.5,1.5,23.6,1.7,8.7,52.8,12.0,23.2
BR091,200.0,300.0,76.0,11.0,13.0,22.5,1.9,25.6,2.2,14.5,42.4,13.6,39.0
BR091,300.0,400.0,74.0,11.0,15.0,23.1,1.0,23.0,1.9,7.4,36.0,23.9,39.6
BR091,400.0,440.0,72.0,12.0,16.0,23.2,1.5,15.5,2.1,4.8,38.8,8.8,32.7
BR091,440.0,500.0,65.0,18.0,17.0,23.0,1.0,28.4,1.8,9.4,27.5,12.2,39.4
BR092,0.0,5.0,64.0,15.0,21.0,18.2,1.5,21.3,2.2,6.3,36.5,16.8,35.1
BR092,5.0,23.0,57.0,16.0,27.0,18.2,1.4,17.9,1.8,13.0,40.0,14.8,35.2
BR092,23.0,55.0,52.0,17.0,31.0,18.2,1.3,18.4,1.8,6.5,20.5,7.0,24.5
BR092,55.0,100.0,50.0,17.0,33.0,18.2,1.5,17.9,1.9,6.0,37.2,14.9,35.2
BR092,100.0,180.0,49.0,18.0,33.0,18.2,1.1,26.4,1.8,4.1,27.5,22.4,37.4
BR092,180.0,250.0,50.0,19.0,31.0,18.2,1.2,15.0,2.1,2.9,37.2,18.4,35.1
BR092,250.0,350.0,46.0,19.0,35.0,18.2,1.3,10.5,1.7,3.8,45.3,11.4,47.9
BR092,350.0,450.0,46.0,23.0,31.0,18.2,1.1,18.0,1.8,7.5,50.4,14.9,29.6
BR093,0.0,12.0,8.0,23.0,69.0,18.2,0.9,22.4,1.6,5.1,39.6,20.7,38.3
BR093,12.0,35.0,7.0,16.0,77.0,18.2,1.3,29.0,2.1,10.7,43.9,6.4,25.3
BR093,35.0,60.0,7.0,16.0,77.0,18.2,0.9,12.2,1.9,11.1,37.3,21.2,38.2
BR093,60.0,100.0,7.0,21.0,72.0,18.2,1.0,25.6,2.0,14.5,42.4,13.6,38.5
BR093,100.0,150.0,8.0,24.0,68.0,18.2,0.8,10.1,2.1,10.7,20.3,27.8,40.8
BR093,150.0,250.0,7.0,29.0,64.0,18.2,0.9,21.7,2.0,10.6,41.3,17.4,44.5
BR093,250.0,350.0,7.0,26.0,67.0,18.2,1.1,21.9,2.3,10.4,34.5,17.5,48.0
BR093,350.0,450.0,6.0,18.0,76.0,18.2,0.7,28.1,1.6,10.7,43.0,17.3,39.8
BR093,450.0,550.0,7.0,22.0,71.0,18.2,0.5,24.1,1.7,10.2,52.0,13.5,32.0
BR094,0.0,12.0,8.0,39.0,53.0,18.2,0.9,28.9,1.8,9.2,27.7,20.5,38.3
BR094,12.0,35.0,10.0,47.0,43.0,18.2,1.1,22.9,1.4,9.2,26.9,21.2,38.4
BR094,35.0,52.0,17.0,33.0,50.0,18.2,0.9,23.0,2.2,6.8,40.9,21.6,42.2
BR094,52.0,75.0,26.0,24.0,50.0,18.2,1.1,18.8,1.9,2.3,43.9,16.8,22.1
BR094,75.0,95.0,22.0,19.0,59.0,18.2,1.4,20.2,1.6,14.5,40.6,6.4,38.7
BR094,95.0,130.0,19.0,20.0,61.0,18.2,0.8,24.8,1.7,9.2,56.0,17.2,38.2
BR094,130.0,245.0,20.0,27.0,53.0,18.2,1.0,20.5,2.1,9.2,40.7,17.1,38.4
BR094,245.0,330.0,19.0,22.0,59.0,18.2,1.0,23.0,1.8,9.9,49.4,16.5,48.6
BR094,330.0,430.0,39.0,15.0,46.0,18.2,1.1,24.2,1.6,10.1,40.1,15.1,41.5
BR095,0.0,10.0,29.0,55.0,16.0,18.2,1.2,22.0,1.6,6.9,34.1,6.8,41.5
BR095,10.0,22.0,28.0,54.0,18.0,18.2,1.4,10.9,2.0,7.4,34.0,13.4,40.8
BR095,22.0,70.0,29.0,48.0,23.0,18.2,1.6,27.4,1.9,4.6,33.9,13.7,40.8
BR095,70.0,103.0,43.0,41.0,16.0,18.2,1.5,20.3,1.8,5.3,34.1,13.5,48.5
BR095,103.0,126.0,13.0,52.0,35.0,18.2,1.9,22.1,2.1,7.5,34.0,12.6,43.2
BR095,126.0,135.0,46.0,23.0,31.0,18.2,1.8,29.3,2.0,2.5,33.7,13.3,42.7
BR095,135.0,175.0,57.0,13.0,30.0,18.2,1.9,21.8,2.2,7.6,20.6,28.9,40.9
BR095,175.0,235.0,58.0,12.0,30.0,18.2,1.8,21.6,1.7,13.0,33.1,7.6,30.1
BR095,235.0,335.0,60.0,11.0,29.0,18.2,1.5,22.4,2.1,11.5,47.6,13.8,41.0
BR096,0.0,10.0,30.0,14.0,56.0,18.2,1.0,20.9,1.8,9.8,41.7,27.7,22.2
BR096,10.0,43.0,29.0,12.0,59.0,18.2,1.1,20.6,1.9,7.3,29.3,23.5,30.4
BR096,43.0,113.0,29.0,10.0,61.0,18.2,1.0,15.5,2.0,4.8,38.8,23.1,31.5
BR096,113.0,155.0,27.0,13.0,60.0,18.2,0.9,18.5,2.1,6.6,43.5,22.7,36.9
BR096,155.0,205.0,27.0,16.0,57.0,18.2,1.1,17.3,2.2,4.7,55.1,22.8,36.2
BR096,205.0,280.0,27.0,18.0,55.0,18.2,1.3,20.6,1.9,6.9,33.8,22.4,49.6
BR096,280.0,330.0,27.0,23.0,50.0,18.2,1.1,26.9,1.6,6.3,46.2,20.0,36.2
BR096,330.0,430.0,28.0,24.0,48.0,18.2,0.7,26.6,2.1,6.7,48.7,22.7,49.3
BR097,0.0,11.0,18.0,21.0,61.0,18.2,1.4,22.7,2.2,11.9,33.5,26.9,48.2
BR097,11.0,19.0,17.0,16.0,67.0,18.2,1.5,21.9,1.7,10.6,34.2,26.4,39.0
BR097,19.0,43.0,11.0,12.0,77.0,18.2,1.4,21.8,1.6,14.8,34.3,26.4,44.4
BR097,43.0,78.0,11.0,13.0,76.0,18.2,1.2,26.2,2.1,10.7,34.0,26.5,38.8
BR097,78.0,190.0,12.0,15.0,73.0,18.2,1.2,26.4,1.8,4.1,27.5,22.4,37.4
BR097,190.0,290.0,15.0,23.0,62.0,18.2,1.4,22.1,2.1,13.6,48.3,29.6,28.6
BR097,290.0,320.0,14.0,34.0,52.0,18.2,1.1,11.6,2.0,6.8,25.6,27.3,34.5
BR098,0.0,2.0,17.0,25.0,58.0,18.2,1.3,14.0,1.8,4.4,52.4,22.6,30.5
BR098,2.0,18.0,15.0,19.0,66.0,18.2,1.3,11.5,2.1,6.6,52.3,23.5,25.1
BR098,18.0,38.0,14.0,20.0,66.0,18.2,1.2,14.9,1.9,4.3,51.9,23.0,42.6
BR098,38.0,56.0,14.0,21.0,65.0,18.2,0.9,21.9,2.3,4.1,57.1,25.1,30.6
BR098,56.0,85.0,22.0,29.0,49.0,18.2,1.1,14.2,2.1,4.2,52.1,23.3,26.9
BR098,85.0,180.0,30.0,24.0,46.0,18.2,1.2,10.2,2.3,2.1,49.7,29.4,37.9
BR098,180.0,280.0,29.0,26.0,45.0,18.2,1.4,14.2,2.0,4.2,50.3,15.4,25.3
BR098,280.0,380.0,20.5,23.8,56.8,18.2,1.6,14.3,2.2,4.1,52.4,22.7,23.0
BR099,0.0,18.0,20.0,44.0,36.0,18.2,1.5,19.1,2.1,11.2,23.0,21.0,34.1
BR099,18.0,45.0,13.0,35.0,52.0,18.2,1.5,19.6,2.4,11.5,33.2,23.3,28.0
BR099,45.0,85.0,14.0,28.0,58.0,18.2,1.3,25.7,1.7,7.6,36.9,6.7,28.2
BR099,85.0,130.0,15.0,31.0,54.0,18.2,1.5,19.4,1.6,11.7,36.6,20.0,28.1
BR099,130.0,235.0,23.0,37.0,40.0,18.2,1.2,18.6,2.2,11.0,36.4,19.9,28.7
BR099,235.0,335.0,25.0,35.0,40.0,18.2,1.2,19.0,1.9,14.6,36.4,25.5,28.4
BR099,335.0,450.0,25.0,39.0,36.0,18.2,1.2,12.5,2.2,11.6,53.9,25.1,23.1
BR100,0.0,15.0,75.0,10.0,15.0,18.2,1.4,21.8,2.1,4.3,22.8,14.7,36.8
BR100,15.0,30.0,70.0,11.0,19.0,18.2,1.5,11.8,1.9,5.0,54.7,8.1,22.9
BR100,30.0,54.0,71.0,11.0,18.0,18.2,1.4,21.6,2.0,4.9,33.9,22.2,33.9
BR100,54.0,75.0,70.0,11.0,19.0,18.2,1.0,28.1,1.6,2.9,35.3,15.0,41.8
BR100,75.0,120.0,74.0,9.0,17.0,18.2,1.4,26.1,2.4,2.4,35.1,15.0,39.8
BR100,120.0,225.0,71.0,9.0,20.0,18.2,1.3,22.3,2.4,8.2,35.3,14.9,36.3
BR100,225.0,285.0,76.0,9.0,15.0,18.2,1.9,22.2,2.4,4.2,28.3,14.9,43.7
BR101,0.0,12.0,76.0,9.0,15.0,18.2,2.0,22.8,1.5,9.1,28.3,14.9,43.7
BR101,12.0,30.0,77.0,9.0,14.0,18.2,1.6,21.9,2.1,9.3,33.5,21.1,45.5
BR101,30.0,55.0,74.0,9.0,17.0,18.2,1.6,10.1,1.5,9.4,54.4,20.1,45.2
BR101,55.0,90.0,73.0,9.0,18.0,18.2,1.4,20.8,2.1,9.3,34.5,23.0,46.6
BR101,90.0,140.0,71.0,9.0,20.0,18.2,1.4,21.5,1.7,8.7,33.7,24.6,44.7
BR101,140.0,240.0,69.0,11.0,20.0,18.2,1.5,25.0,1.6,9.1,21.2,21.0,45.1
BR101,240.0,300.0,72.0,11.0,17.0,18.2,1.6,25.0,2.2,8.6,32.0,20.2,45.2
BR102,0.0,10.0,52.0,15.0,33.0,18.2,0.9,18.6,1.8,9.7,44.8,5.3,37.7
BR102,10.0,25.0,46.0,21.0,33.0,18.2,1.1,26.2,1.8,7.7,46.8,14.5,37.0
BR102,25.0,40.0,56.0,18.0,26.0,18.2,1.1,19.8,1.9,8.1,43.4,15.6,37.7
BR102,40.0,60.0,63.0,14.0,23.0,18.2,1.0,23.1,2.0,6.0,42.5,16.2,37.0
BR102,60.0,104.0,65.0,9.0,26.0,18.2,1.0,10.1,1.6,8.1,25.2,15.6,37.7
BR102,104.0,154.0,72.0,5.0,23.0,18.2,1.0,25.2,1.7,7.4,44.1,26.2,37.1
BR102,154.0,239.0,71.0,8.0,21.0,18.2,1.2,13.5,1.4,9.4,59.7,15.1,40.0
BR102,239.0,280.0,69.0,9.0,22.0,18.2,0.6,19.2,1.8,6.4,44.3,15.7,34.7
BR103,0.0,10.0,33.0,11.0,56.0,18.2,1.3,10.0,1.7,8.2,45.7,20.5,30.0
BR103,10.0,30.0,35.0,12.0,53.0,18.2,1.4,26.0,1.9,7.6,26.8,7.1,31.8
BR103,30.0,48.0,25.0,9.0,66.0,18.2,1.4,18.0,1.8,12.4,23.2,25.1,31.2
BR103,48.0,77.0,44.0,14.0,42.0,18.2,1.4,18.6,2.1,9.4,52.3,20.4,29.8
BR103,77.0,78.0,46.7,12.6,40.9,18.2,1.2,18.5,1.7,10.7,22.8,24.6,25.4
BR103,78.0,80.0,62.0,12.0,26.0,18.2,1.0,15.2,2.1,8.8,54.9,17.3,31.0
BR103,80.0,90.0,67.0,12.0,21.0,18.2,1.8,18.3,1.7,12.3,51.9,26.9,30.3
BR103,90.0,150.0,62.0,16.0,22.0,18.2,1.3,26.6,1.8,9.1,48.7,20.1,29.6
BR103,150.0,210.0,46.8,11.9,41.1,18.2,1.7,13.6,2.0,2.3,40.5,20.2,30.0
BR104,0.0,12.0,82.0,7.0,11.0,18.2,1.3,22.7,2.0,7.5,32.2,21.7,37.9
BR104,12.0,23.0,81.0,7.0,12.0,18.2,1.6,21.2,2.1,9.5,32.5,18.3,35.9
BR104,23.0,40.0,79.0,7.0,14.0,18.2,1.5,21.3,2.0,10.4,32.1,18.2,48.0
BR104,40.0,70.0,79.0,7.0,14.0,18.2,2.0,11.2,2.1,2.5,32.5,23.9,37.2
BR104,70.0,130.0,76.0,8.0,16.0,18.2,1.5,20.8,1.8,14.4,20.5,16.2,44.8
BR104,130.0,210.0,75.0,8.0,17.0,18.2,1.5,21.5,2.0,11.6,32.2,12.2,20.9
BR104,210.0,400.0,75.0,9.0,16.0,18.2,1.5,20.6,1.6,15.0,44.6,18.8,37.2
BR104,400.0,520.0,71.0,11.0,18.0,18.2,1.5,29.6,2.2,8.5,32.4,18.2,37.5
BR105,0.0,25.0,18.0,41.0,41.0,18.2,1.0,20.8,2.0,9.5,45.8,21.3,42.8
BR105,25.0,40.0,17.0,38.0,45.0,18.2,1.3,27.9,2.2,9.8,51.2,27.8,31.8
BR105,40.0,64.0,11.0,25.0,64.0,18.2,1.3,18.8,2.0,6.5,45.7,19.8,39.1
BR105,64.0,110.0,13.0,28.0,59.0,18.2,1.2,12.5,2.2,13.4,53.9,19.9,23.1
BR105,110.0,210.0,19.0,38.0,43.0,18.2,1.1,13.8,2.1,9.9,53.3,20.1,39.0
BR105,210.0,310.0,18.0,39.0,43.0,18.2,1.1,21.9,2.0,9.8,45.4,12.1,49.9
BR105,310.0,420.0,15.0,38.0,47.0,18.2,0.9,19.5,2.2,9.8,39.0,20.2,44.3
BR105,420.0,450.0,25.0,36.0,39.0,18.2,1.6,17.2,1.8,8.8,30.5,18.2,40.1
BR106,0.0,13.0,59.0,14.0,27.0,18.2,1.1,29.5,2.0,14.9,24.1,15.6,37.3
BR106,13.0,23.0,56.0,15.0,29.0,18.2,1.5,22.0,1.7,12.1,23.7,27.3,30.6
BR106,23.0,33.0,53.0,15.0,32.0,18.2,1.5,21.8,2.1,12.0,23.7,28.0,28.8
BR106,33.0,70.0,47.0,15.0,38.0,18.2,1.5,21.9,2.0,10.4,23.9,29.5,25.2
BR106,70.0,100.0,46.0,16.0,38.0,18.2,1.5,14.1,1.9,10.8,23.2,24.6,31.0
BR106,100.0,175.0,54.0,16.0,30.0,18.2,1.6,21.5,1.9,12.4,23.7,25.3,30.8
BR107,0.0,9.0,49.0,17.0,34.0,18.2,1.3,24.7,1.8,7.7,21.2,13.9,24.4
BR107,9.0,20.0,45.0,17.0,38.0,18.2,1.4,23.6,1.8,7.4,40.2,14.3,49.0
BR107,20.0,35.0,39.0,16.0,45.0,18.2,1.4,24.2,1.5,8.2,35.5,19.9,35.6
BR107,35.0,60.0,36.0,18.0,46.0,18.2,1.4,23.1,2.0,7.4,59.1,18.7,39.6
BR107,60.0,90.0,36.0,21.0,43.0,18.2,1.3,23.5,2.2,12.9,31.2,16.8,38.1
BR107,90.0,177.0,39.0,24.0,37.0,18.2,1.4,24.0,1.7,4.6,40.6,23.7,36.2
BR107,177.0,205.0,49.0,21.0,30.0,18.2,1.2,23.2,2.3,7.0,52.7,29.9,24.1
BR107,205.0,335.0,41.0,30.0,29.0,18.2,1.4,19.9,2.2,10.2,53.6,18.6,35.7
BR107,335.0,400.0,49.0,35.0,16.0,18.2,1.5,25.3,1.6,4.9,29.0,11.4,40.9
BR108,0.0,23.0,49.0,16.0,35.0,18.2,1.2,20.0,2.0,7.3,34.5,9.3,42.5
BR108,23.0,40.0,53.0,17.0,30.0,18.2,1.2,20.0,1.9,3.0,34.8,10.9,34.7
BR108,40.0,58.0,47.0,14.0,39.0,18.2,1.2,12.9,2.0,8.7,35.0,13.9,40.1
BR108,58.0,95.0,53.0,13.0,34.0,18.2,1.3,16.0,1.8,6.0,40.2,11.5,39.8
BR108,95.0,130.0,60.0,12.0,28.0,18.2,1.2,28.8,1.7,4.1,34.8,11.8,39.8
BR108,130.0,200.0,61.0,14.0,25.0,18.2,1.2,27.0,2.1,13.4,35.0,10.9,45.5
BR108,200.0,275.0,64.0,15.0,21.0,18.2,1.3,15.8,1.6,7.3,34.6,11.1,42.5
BR108,275.0,410.0,64.0,11.0,25.0,18.2,1.5,13.0,1.6,6.9,34.5,9.3,34.7
BR108,410.0,430.0,49.0,20.0,31.0,18.2,1.4,25.6,2.1,8.0,29.7,10.6,39.6
BR109,0.0,15.0,42.0,19.0,39.0,18.2,1.0,20.4,1.9,5.1,41.7,18.7,45.4
BR109,15.0,33.0,39.0,24.0,37.0,18.2,1.2,26.1,2.2,3.6,30.4,17.4,25.3
BR109,33.0,50.0,43.0,19.0,38.0,18.2,1.2,19.2,2.2,4.4,23.3,17.5,46.6
BR109,50.0,80.0,66.0,10.0,24.0,18.2,1.1,20.9,2.1,5.0,58.8,10.3,37.6
BR109,80.0,156.0,71.0,8.0,21.0,18.2,1.1,14.1,1.7,10.8,46.5,16.8,37.7
BR109,156.0,176.0,62.0,13.0,25.0,18.2,1.0,21.2,2.0,2.2,41.7,19.8,38.1
BR109,176.0,290.0,57.0,12.0,31.0,18.2,1.1,20.3,2.0,5.1,48.2,13.1,34.0
BR109,290.0,400.0,55.0,18.0,27.0,18.2,1.2,20.3,2.4,4.9,41.7,23.3,38.2
BR110,0.0,20.0,64.0,15.0,21.0,31.0,0.9,10.4,1.7,5.8,50.9,22.7,38.5
BR110,20.0,38.0,52.0,19.0,29.0,40.0,0.9,21.5,2.1,10.7,22.8,23.4,25.4
BR110,38.0,55.0,55.0,22.0,23.0,46.0,0.9,17.6,1.9,9.4,23.7,22.3,35.3
BR110,55.0,75.0,62.0,17.0,21.0,38.0,0.9,29.1,2.1,9.6,28.8,21.3,34.7
BR110,75.0,175.0,68.0,11.0,21.0,37.0,0.9,21.5,2.1,10.7,22.8,24.6,34.7
BR110,175.0,235.0,56.0,13.0,31.0,46.0,0.9,14.6,1.7,10.1,28.9,22.6,32.6
BR110,235.0,360.0,51.0,19.0,30.0,39.0,0.9,17.6,1.9,9.0,24.9,23.6,43.9
BR111,0.0,10.0,26.0,18.0,56.0,18.2,1.2,22.6,2.0,6.1,43.6,12.9,36.1
BR111,10.0,30.0,38.0,20.0,42.0,18.2,1.0,23.2,1.7,3.2,43.4,13.5,31.4
BR111,30.0,50.0,51.9,14.0,34.2,18.2,1.2,21.4,1.8,7.5,29.6,7.9,20.5
BR111,50.0,110.0,54.0,10.0,36.0,18.2,1.1,18.8,1.9,2.4,58.5,7.0,45.6
BR111,110.0,165.0,59.0,14.0,27.0,18.2,1.0,29.0,2.1,4.7,43.9,13.2,25.3
BR111,165.0,285.0,67.0,13.0,20.0,18.2,1.0,22.6,2.1,3.8,41.6,25.0,31.5
BR111,285.0,385.0,68.0,10.0,22.0,18.2,1.0,23.3,1.8,4.7,43.6,13.3,31.6
BR112,0.0,10.0,38.0,20.0,42.0,18.2,1.4,29.6,1.8,12.4,23.2,21.4,31.2
BR112,10.0,35.0,37.0,19.0,44.0,18.2,1.3,15.0,1.8,8.0,28.4,21.6,23.9
BR112,35.0,67.0,36.0,19.0,45.0,18.2,1.3,15.8,1.6,3.7,32.7,16.1,24.2
BR112,67.0,150.0,36.0,23.0,41.0,18.2,1.2,22.6,1.5,6.0,28.0,21.5,33.5
BR112,150.0,205.0,41.0,24.0,35.0,18.2,1.2,28.9,1.8,9.1,28.4,26.4,28.0
BR112,205.0,345.0,40.0,27.0,33.0,18.2,1.1,22.8,1.6,7.7,28.4,21.1,28.3
BR113,0.0,18.0,25.0,21.0,54.0,18.2,1.4,19.2,2.1,10.8,41.6,16.5,46.6
BR113,18.0,30.0,26.0,20.0,54.0,18.2,1.4,21.2,1.8,13.8,38.3,25.9,38.8
BR113,30.0,38.0,24.0,20.0,56.0,18.2,1.4,14.2,1.9,10.1,38.3,16.0,38.4
BR113,38.0,70.0,20.0,20.0,60.0,18.2,1.2,20.8,1.8,10.4,32.9,12.2,20.6
BR113,70.0,110.0,20.0,21.0,59.0,18.2,1.3,20.8,1.7,8.2,26.8,16.2,43.8
BR113,110.0,180.0,19.0,20.0,61.0,18.2,1.3,29.5,2.0,10.7,55.8,11.4,39.8
BR113,180.0,220.0,20.0,22.0,58.0,18.2,1.1,20.9,2.1,8.5,58.8,16.3,38.2
BW042,0.0,30.0,88.0,4.0,8.0,18.2,0.9,16.5,2.3,8.9,32.2,13.7,26.7
BW042,30.0,50.0,85.0,3.0,12.0,18.2,0.9,13.6,1.9,5.2,38.9,9.7,40.8
BW042,50.0,70.0,84.6,4.3,11.2,18.2,0.9,14.6,1.8,7.7,40.1,5.1,43.6
BW042,70.0,100.0,85.0,4.0,11.0,18.2,0.9,16.5,2.0,8.3,36.0,16.3,44.0
BW042,100.0,150.0,79.0,7.0,14.0,18.2,0.9,26.6,1.9,8.8,38.7,22.7,49.3
BW042,150.0,170.0,84.3,4.3,11.2,18.2,0.9,10.1,1.8,7.7,36.4,13.3,41.3
BW042,170.0,190.0,84.7,4.3,11.6,18.2,0.9,16.9,2.2,9.5,48.2,13.3,40.7
BW082,0.0,25.0,94.0,2.0,4.0,18.2,0.9,20.8,1.9,7.0,52.7,25.5,24.1
BW082,25.0,55.0,91.0,3.0,6.0,18.2,0.9,20.8,1.8,6.0,44.7,25.5,21.3
BW082,55.0,75.0,95.0,3.0,2.0,18.2,0.9,20.8,1.7,6.8,38.0,24.6,28.5
BW082,75.0,125.0,93.2,2.4,3.5,18.2,0.9,20.8,2.0,2.5,30.3,25.6,42.7
BW082,125.0,160.0,92.9,2.4,3.5,18.2,0.9,20.8,1.9,7.9,57.1,25.1,27.4
BW082,160.0,200.0,93.1,2.3,3.7,18.2,0.9,20.8,2.1,6.3,44.6,25.5,28.5
BW082,200.0,220.0,93.8,3.2,4.5,18.2,0.9,20.8,1.9,10.2,44.4,26.5,28.9
BW088,0.0,3.0,22.0,24.0,54.0,18.2,0.9,22.5,1.7,7.3,54.3,19.2,39.1
BW088,3.0,20.0,6.0,29.0,65.0,18.2,0.9,15.0,2.1,13.5,39.9,29.1,40.1
BW088,20.0,35.0,3.0,22.0,75.0,18.2,0.9,22.0,1.7,7.4,58.4,26.3,39.3
BW088,35.0,50.0,54.0,21.0,25.0,18.2,0.9,29.0,2.2,6.8,40.5,20.9,45.4
BW088,50.0,59.0,82.0,2.0,16.0,18.2,0.9,29.9,1.7,5.8,23.5,10.0,39.4
BW088,59.0,90.0,33.4,19.9,47.3,18.2,0.9,14.6,2.2,2.9,40.1,21.5,39.4
BW088,90.0,120.0,33.5,19.1,46.5,18.2,0.9,21.7,1.6,6.8,25.6,21.3,34.5
BW098,0.0,3.0,22.0,24.0,54.0,18.2,0.5,22.6,2.1,6.2,30.3,27.9,46.3
BW098,3.0,20.0,6.0,29.0,65.0,18.2,0.8,19.8,1.6,12.5,40.5,23.2,31.1
BW098,20.0,35.0,3.0,22.0,75.0,18.2,0.8,20.2,1.7,4.8,23.0,13.0,30.7
BW098,35.0,50.0,54.0,21.0,25.0,18.2,1.3,26.9,1.8,3.7,29.7,24.6,25.0
BW098,50.0,59.0,82.0,2.0,16.0,18.2,0.8,21.3,1.7,5.4,29.6,14.2,24.4
BW098,59.0,90.0,32.9,19.2,46.7,18.2,1.0,20.6,2.2,2.0,30.2,20.0,32.4
BW098,90.0,120.0,33.3,19.7,47.2,18.2,0.5,10.1,1.8,5.5,25.2,6.0,27.1
BW175,0.0,15.0,64.0,18.0,18.0,18.2,0.9,22.8,1.7,4.2,28.3,18.9,43.7
BW175,15.0,45.0,58.0,20.0,22.0,18.2,0.9,26.8,2.0,7.2,52.3,10.4,44.0
BW175,45.0,80.0,53.0,20.0,27.0,18.2,0.9,28.8,1.8,6.1,36.7,28.0,43.4
BW175,80.0,100.0,54.0,20.0,26.0,18.2,0.9,29.9,1.8,5.8,40.3,18.7,43.6
BW175,100.0,140.0,49.0,22.0,29.0,18.2,0.9,26.8,1.9,6.2,39.9,10.3,43.3
BW175,140.0,160.0,49.0,22.0,29.0,18.2,0.9,26.7,1.5,5.4,40.4,20.6,44.2
BW175,160.0,280.0,54.5,20.1,25.0,18.2,0.9,26.8,2.0,6.1,43.6,24.2,43.9
BW178,0.0,15.0,64.0,18.0,18.0,18.2,1.1,29.2,1.6,6.6,23.8,15.5,42.6
BW178,15.0,45.0,58.0,20.0,22.0,18.2,1.6,25.9,2.4,2.2,43.9,15.1,31.7
BW178,45.0,80.0,53.0,20.0,27.0,18.2,1.6,27.3,1.6,3.4,39.8,23.5,31.4
BW178,80.0,100.0,54.0,20.0,26.0,18.2,1.3,27.2,2.2,9.0,49.9,15.7,31.9
BW178,100.0,140.0,49.0,22.0,29.0,18.2,1.6,26.3,2.2,6.0,39.8,11.9,21.1
BW178,140.0,160.0,49.0,22.0,29.0,18.2,1.5,26.9,1.8,6.5,49.9,10.8,31.7
BW178,160.0,280.0,54.4,20.0,25.3,18.2,1.7,27.3,1.6,10.6,29.6,15.1,31.4
BW207,0.0,10.0,90.0,4.0,6.0,18.2,1.8,18.3,1.7,2.4,58.5,7.0,45.6
BW207,10.0,23.0,91.0,2.0,7.0,18.2,1.7,12.0,1.6,6.0,39.0,17.4,33.7
BW207,23.0,40.0,90.0,3.0,7.0,18.2,1.7,18.1,1.9,5.8,21.2,17.0,24.4
BW207,40.0,65.0,84.0,5.0,11.0,18.2,1.3,18.0,2.1,6.1,38.2,30.0,31.2
BW207,65.0,97.0,85.0,4.0,11.0,18.2,1.5,24.7,2.0,4.5,39.6,13.9,24.4
BW207,97.0,124.0,88.0,3.0,9.0,18.2,1.2,18.6,2.1,5.2,39.7,16.5,49.4
BW207,124.0,150.0,78.0,9.0,13.0,18.2,1.8,18.6,1.8,11.2,39.1,16.8,24.6
BW565,0.0,11.0,60.0,10.0,30.0,18.2,1.6,20.8,2.0,11.4,54.9,21.3,39.7
BW565,11.0,31.0,58.0,13.0,29.0,18.2,1.5,21.0,1.7,11.3,38.0,24.6,41.2
BW565,31.0,53.0,55.0,7.0,38.0,18.2,1.5,17.2,1.9,8.8,30.5,18.2,40.1
BW565,53.0,77.0,51.0,6.0,43.0,18.2,1.5,21.5,1.8,10.9,48.1,14.2,40.6
BW565,77.0,108.0,46.0,7.0,47.0,18.2,1.5,21.7,1.9,10.4,41.5,22.7,33.8
BW565,108.0,136.0,43.0,8.0,49.0,18.2,1.4,27.0,2.1,13.4,43.8,19.9,45.5
BW565,136.0,150.0,44.0,5.0,51.0,18.2,1.7,19.9,2.0,11.4,51.2,18.5,40.5
BW567,0.0,8.0,80.0,4.0,16.0,18.2,1.3,14.1,1.6,9.2,48.7,25.8,43.9
BW567,8.0,23.0,70.0,4.0,26.0,18.2,1.4,25.8,1.6,3.6,36.9,20.3,43.6
BW567,23.0,43.0,54.0,3.0,43.0,18.2,1.5,23.1,2.2,10.0,32.5,10.5,43.6
BW567,43.0,56.0,45.0,5.0,50.0,18.2,1.6,23.2,1.8,9.3,40.0,21.0,46.3
BW567,56.0,87.0,42.0,5.0,53.0,18.2,1.6,29.6,2.3,8.5,41.6,20.8,39.9
BW567,81.0,110.0,44.0,5.0,51.0,18.2,1.6,22.9,2.3,8.9,42.2,29.2,44.8
BW567,110.0,150.0,55.7,4.3,39.4,18.2,1.3,23.1,2.3,14.9,52.4,17.6,43.8
BW651,0.0,6.0,37.0,9.0,54.0,18.2,1.0,20.8,2.2,3.3,50.6,23.5,22.7
BW651,6.0,20.0,37.0,11.0,52.0,18.2,1.2,20.8,2.1,6.1,28.8,18.8,24.1
BW651,20.0,57.0,32.0,7.0,61.0,18.2,1.2,20.8,1.9,5.8,37.2,18.6,21.5
BW651,57.0,90.0,29.0,9.0,62.0,18.2,1.2,20.8,1.7,5.3,27.2,18.0,23.8
BW651,90.0,160.0,23.0,8.0,69.0,18.2,1.1,20.8,2.0,5.0,31.8,13.4,28.5
BW651,160.0,188.0,18.0,4.0,78.0,18.2,1.0,20.8,1.8,5.2,35.1,18.9,23.8
BW651,188.0,200.0,28.8,7.7,63.1,18.2,1.0,20.8,1.8,4.6,34.7,18.9,23.8
BW653,0.0,17.0,85.0,8.0,7.0,18.2,1.8,19.1,1.5,9.7,35.1,8.5,34.9
BW653,17.0,37.0,83.0,4.0,13.0,18.2,1.5,19.0,1.7,10.6,21.1,10.4,35.0
BW653,37.0,60.0,73.0,6.0,21.0,18.2,1.6,27.2,2.0,6.6,54.3,9.7,39.1
BW653,60.0,90.0,74.0,6.0,20.0,18.2,1.6,14.3,2.0,8.8,33.8,10.1,34.7
BW653,90.0,125.0,75.0,4.0,21.0,18.2,1.6,19.1,1.8,9.2,29.6,7.9,20.5
BW653,125.0,160.0,71.0,8.0,21.0,18.2,1.8,15.8,1.9,11.1,30.5,17.1,44.2
BW653,160.0,170.0,76.6,5.9,16.7,18.2,1.4,17.9,2.2,8.9,34.6,7.1,34.8
BW654,0.0,10.0,81.0,9.0,10.0,18.2,1.0,18.7,1.7,2.4,41.1,18.5,39.7
BW654,10.0,25.0,59.0,8.0,33.0,18.2,1.5,23.3,1.2,11.8,41.4,22.0,40.5
BW654,25.0,80.0,52.0,8.0,40.0,18.2,1.6,19.4,2.1,8.7,25.7,16.2,39.0
BW654,80.0,120.0,49.0,10.0,41.0,18.2,1.4,18.1,2.0,8.9,38.6,16.3,40.3
BW654,120.0,160.0,51.0,13.0,36.0,18.2,1.3,19.4,1.7,12.5,59.6,5.8,39.9
BW654,160.0,190.0,52.0,17.0,31.0,18.2,1.3,19.2,1.8,11.4,41.3,26.3,41.1
BW654,190.0,200.0,57.4,10.5,31.7,18.2,1.9,16.0,1.8,6.1,41.3,10.1,40.4
BW813,0.0,20.0,62.0,12.0,26.0,18.2,0.9,22.3,1.7,11.4,43.1,23.6,43.9
BW813,20.0,32.0,49.0,24.0,27.0,18.2,0.9,26.5,2.0,11.5,43.0,19.2,43.1
BW813,32.0,40.0,24.0,46.0,30.0,18.2,0.9,16.2,1.7,14.2,42.9,19.3,37.2
BW813,40.0,45.0,49.3,19.0,32.1,18.2,0.9,13.5,1.7,11.9,59.7,27.2,43.6
BW813,45.0,60.0,73.0,11.0,16.0,18.2,0.9,26.0,1.4,11.4,43.0,11.8,43.5
BW813,60.0,100.0,53.0,9.0,38.0,18.2,0.9,22.0,2.3,11.4,41.3,19.2,44.5
BW813,100.0,130.0,47.0,8.0,45.0,18.2,0.9,28.9,1.6,13.2,27.7,19.3,43.0
BW813,130.0,160.0,34.0,26.0,40.0,18.2,0.9,22.6,1.8,8.5,43.0,13.4,48.0
BW857,0.0,5.0,91.0,7.0,2.0,18.2,0.9,22.4,2.1,3.8,29.5,16.8,24.0
BW857,5.0,25.0,90.0,7.0,3.0,18.2,0.9,21.8,1.8,5.8,23.0,13.0,22.2
BW857,25.0,45.0,87.0,6.0,7.0,18.2,0.9,16.3,2.3,5.8,29.7,19.5,23.6
BW857,45.0,60.0,88.0,5.0,7.0,18.2,0.9,20.6,2.2,4.9,29.4,14.2,25.3
BW857,60.0,75.0,92.0,5.0,3.0,18.2,0.9,26.4,2.0,5.0,27.5,16.4,23.7
BW857,75.0,90.0,89.0,3.0,8.0,18.2,0.9,21.6,2.7,7.4,29.9,20.1,23.9
BW857,90.0,120.0,89.0,4.0,7.0,18.2,0.9,24.7,1.8,5.3,38.4,16.8,23.3
BW869,0.0,6.0,43.0,15.0,42.0,18.2,1.8,29.1,2.1,13.3,33.3,16.2,49.1
BW869,6.0,20.0,36.0,14.0,50.0,18.2,1.7,12.5,2.2,11.1,46.4,25.1,23.1
BW869,20.0,57.0,36.0,15.0,49.0,18.2,1.7,20.1,2.2,10.8,34.6,7.1,42.4
BW869,57.0,90.0,31.0,15.0,54.0,18.2,1.7,20.1,2.0,10.8,46.3,15.8,37.7
BW869,90.0,131.0,24.0,16.0,60.0,18.2,1.6,17.3,1.7,11.0,58.4,16.1,46.5
BW869,131.0,160.0,20.0,18.0,62.0,18.2,1.7,19.3,2.1,2.4,59.4,18.5,39.8
BW869,160.0,188.0,18.0,18.0,64.0,18.2,1.7,17.3,2.0,15.0,46.5,18.8,26.2
BW869,188.0,200.0,66.0,17.0,17.0,18.2,1.5,22.1,1.8,12.5,46.5,11.9,34.8
BW870,0.0,5.0,81.0,9.0,10.0,18.2,1.8,10.2,2.2,6.6,40.5,17.4,48.9
BW870,5.0,16.0,78.0,10.0,12.0,18.2,1.8,10.2,1.8,2.6,40.5,17.1,38.8
BW870,16.0,30.0,76.0,8.0,16.0,18.2,1.7,10.2,1.9,6.0,40.5,11.9,38.5
BW870,30.0,61.0,71.0,8.0,21.0,18.2,1.6,10.2,1.7,11.6,40.5,22.5,39.0
BW870,61.0,86.0,73.0,17.0,10.0,18.2,2.1,10.2,2.0,5.3,40.5,17.4,29.0
BW871,0.0,18.0,85.0,5.0,10.0,9.7,1.6,20.7,2.1,10.5,31.0,11.0,38.3
BW871,18.0,34.0,71.0,6.0,23.0,10.3,1.6,28.2,2.1,10.2,43.1,17.3,25.1
BW871,34.0,68.0,73.0,5.0,22.0,9.9,1.6,20.8,2.1,13.1,54.6,9.0,45.9
BW871,68.0,99.0,68.0,6.0,26.0,10.0,1.6,14.3,2.0,10.6,30.8,11.9,32.2
BW871,99.0,129.0,66.0,8.0,26.0,9.6,1.6,10.0,2.2,8.2,45.7,11.1,35.4
BW871,129.0,158.0,61.0,12.0,27.0,10.0,1.5,28.9,2.5,10.8,53.4,8.0,35.8
BW872,0.0,15.0,81.0,8.0,11.0,18.2,1.7,26.2,1.8,10.4,35.8,12.1,37.2
BW872,15.0,39.0,74.0,7.0,19.0,18.2,1.6,20.4,1.6,10.2,42.2,10.1,37.7
BW872,39.0,82.0,66.0,7.0,27.0,18.2,1.6,11.6,2.2,10.4,25.6,27.3,34.5
BW872,82.0,107.0,66.0,7.0,27.0,18.2,1.6,25.3,1.9,14.9,58.2,18.7,37.9
BW872,107.0,133.0,67.0,8.0,25.0,18.2,1.6,20.5,1.8,10.8,25.7,25.8,37.7
BW872,133.0,177.0,62.0,9.0,29.0,18.2,1.6,19.1,2.1,6.3,34.8,18.9,40.9
BW873,0.0,17.0,78.0,8.0,14.0,18.2,1.6,18.5,1.3,3.0,33.4,9.3,36.2
BW873,17.0,31.0,62.0,10.0,28.0,18.2,1.7,18.4,1.6,4.3,29.4,11.5,33.7
BW873,31.0,48.0,54.0,14.0,32.0,18.2,1.8,19.9,1.3,4.1,34.5,6.1,48.0
BW873,48.0,79.0,49.0,14.0,37.0,18.2,1.7,17.7,1.8,2.9,24.2,18.4,23.9
BW873,79.0,111.0,40.0,20.0,40.0,18.2,1.7,21.3,1.3,6.8,33.6,11.1,34.1
BW873,111.0,143.0,46.0,18.0,36.0,18.2,1.5,18.7,1.8,4.3,33.6,11.6,41.6
BW873,143.0,168.0,26.0,23.0,51.0,18.2,1.2,12.3,1.8,4.7,45.7,10.8,33.1
BW874,0.0,16.0,65.0,19.0,16.0,18.2,0.8,21.9,1.6,8.4,51.8,19.2,44.6
BW874,16.0,55.0,67.0,7.0,26.0,18.2,1.8,12.8,1.7,7.0,51.6,18.8,40.2
BW874,55.0,94.0,66.0,8.0,26.0,18.2,1.8,19.7,1.9,12.3,51.5,18.5,29.6
BW874,94.0,127.0,65.0,9.0,26.0,18.2,1.8,20.4,2.0,11.9,49.2,18.5,35.0
BW874,127.0,184.0,71.0,6.0,23.0,18.2,1.8,19.6,1.6,4.2,53.6,19.1,34.4
BW874,184.0,200.0,70.0,7.0,23.0,18.2,1.7,25.0,1.6,8.6,52.0,18.8,24.3
BW875,0.0,9.0,1.0,27.0,72.0,18.2,0.8,19.3,2.1,5.3,33.5,27.5,23.8
BW875,9.0,29.0,2.0,24.0,74.0,18.2,0.8,19.5,1.6,9.8,43.0,20.9,31.3
BW875,29.0,64.0,3.0,17.0,80.0,18.2,1.1,20.9,2.1,9.4,34.6,21.2,31.0
BW875,64.0,110.0,6.0,39.0,55.0,18.2,0.8,17.2,2.1,14.3,34.3,21.4,20.8
BW875,110.0,128.0,46.0,18.0,36.0,18.2,1.3,16.8,1.5,9.5,27.4,21.6,48.9
BW875,128.0,150.0,16.0,33.0,51.0,18.2,1.3,21.7,2.0,10.1,35.1,16.3,31.6
BW876,0.0,18.0,93.0,2.0,5.0,18.2,1.8,20.6,1.7,8.3,46.6,14.6,30.7
BW876,18.0,31.0,89.0,3.0,8.0,18.2,1.8,20.8,1.8,7.9,41.1,19.8,39.4
BW876,31.0,55.0,89.0,3.0,8.0,18.2,1.8,16.5,2.1,6.8,50.6,19.7,30.8
BW876,55.0,95.0,84.0,3.0,13.0,18.2,1.7,20.8,1.8,14.4,27.1,27.2,28.6
BW876,95.0,140.0,85.0,3.0,12.0,18.2,1.7,25.5,1.8,8.0,40.0,20.0,25.1
BW876,140.0,166.0,83.0,3.0,14.0,18.2,1.7,20.8,1.5,3.5,41.3,18.6,31.5
BW877,0.0,17.0,15.0,15.0,70.0,18.2,1.8,13.1,1.9,4.9,48.1,27.0,35.0
BW877,17.0,38.0,16.0,17.0,67.0,18.2,1.9,10.6,1.9,10.1,50.0,25.7,35.0
BW877,38.0,61.0,16.0,13.0,71.0,18.2,1.9,13.3,2.1,4.9,46.1,26.2,35.0
BW877,61.0,84.0,14.0,15.0,71.0,18.2,1.9,10.1,1.8,5.8,36.4,27.7,35.0
BW877,84.0,105.0,10.0,17.0,73.0,18.2,2.0,19.9,2.0,2.3,51.2,27.0,35.0
BW877,105.0,150.0,13.0,14.0,73.0,18.2,1.9,13.4,1.9,3.0,46.0,26.9,35.0
BW878,0.0,11.0,68.0,14.0,18.0,10.2,1.6,26.3,1.9,4.5,23.9,21.8,41.2
BW878,11.0,31.0,60.0,14.0,26.0,9.9,1.6,18.8,1.9,5.9,23.8,14.9,42.6
BW878,31.0,53.0,56.0,13.0,31.0,10.5,1.6,18.5,2.3,3.1,23.8,24.8,25.1
BW878,53.0,77.0,54.0,12.0,34.0,9.9,1.7,17.6,1.6,4.9,24.1,23.6,43.9
BW878,77.0,108.0,52.0,11.0,37.0,10.0,1.6,19.1,2.2,7.0,23.8,19.9,45.6
BW878,108.0,136.0,48.0,12.0,40.0,9.6,1.6,19.1,1.8,13.7,23.9,21.4,40.9
BW878,136.0,150.0,63.0,12.0,25.0,10.0,1.8,12.6,2.3,11.8,23.4,21.0,49.4
BW879,0.0,13.0,85.0,10.0,5.0,53.6,1.7,24.4,1.8,5.5,34.8,6.3,41.8
BW879,13.0,25.0,84.0,10.0,6.0,53.5,1.8,24.8,1.6,4.0,35.1,15.8,41.3
BW879,25.0,37.0,86.0,8.0,6.0,53.5,1.7,24.9,2.4,6.1,28.2,14.4,33.9
BW879,37.0,51.0,84.0,10.0,6.0,10.0,1.8,24.8,1.7,7.8,34.5,15.6,41.8
BW879,51.0,77.0,86.0,9.0,5.0,75.0,1.8,25.1,2.1,5.7,32.9,17.1,49.2
BW879,77.0,100.0,81.0,15.0,4.0,75.0,1.9,24.4,1.8,5.6,43.0,26.3,41.1
BW880,0.0,8.0,72.0,10.0,18.0,20.4,1.6,10.4,2.2,10.8,45.3,23.2,35.2
BW880,8.0,23.0,61.0,11.0,28.0,20.2,1.5,25.7,2.0,7.0,56.8,23.4,34.8
BW880,23.0,43.0,61.0,10.0,29.0,20.5,1.6,20.7,2.1,12.4,44.9,23.0,34.9
BW880,43.0,56.0,53.0,9.0,38.0,19.6,1.7,28.2,1.6,11.3,44.9,25.8,35.3
BW880,56.0,81.0,43.0,9.0,48.0,19.6,1.8,12.9,2.1,10.0,45.2,22.8,34.4
BW880,81.0,110.0,48.0,10.0,42.0,20.1,1.8,20.3,1.7,10.1,22.8,24.4,35.1
BW880,110.0,150.0,46.0,10.0,44.0,20.0,1.5,27.9,1.8,9.9,55.9,19.4,35.1
BW881,0.0,10.0,84.0,9.0,7.0,5.0,1.8,21.0,2.0,11.5,30.0,12.7,27.5
BW881,10.0,23.0,84.0,8.0,8.0,5.0,1.7,16.8,1.6,11.1,39.0,13.0,38.1
BW881,23.0,40.0,81.0,9.0,10.0,10.0,1.7,22.0,1.4,14.9,34.5,18.5,37.9
BW881,40.0,65.0,80.0,8.0,12.0,50.0,1.3,20.7,1.9,11.9,56.0,12.8,46.3
BW881,65.0,97.0,78.0,8.0,14.0,29.5,1.6,18.2,2.1,11.6,38.3,9.9,39.5
BW881,97.0,124.0,78.0,7.0,15.0,55.0,1.2,20.8,1.8,8.0,39.0,9.5,38.2
BW881,124.0,150.0,73.0,11.0,16.0,55.0,1.8,24.8,2.3,12.0,33.0,14.4,38.6
BW882,0.0,5.0,56.0,33.0,11.0,18.2,1.7,19.6,1.8,9.4,50.1,5.6,28.5
BW882,5.0,33.0,69.0,15.0,16.0,18.2,1.6,18.7,2.2,6.5,44.9,14.9,42.2
BW882,33.0,64.0,66.0,16.0,18.0,18.2,1.5,20.1,2.1,11.7,59.7,15.0,40.5
BW882,64.0,94.0,65.0,16.0,19.0,18.2,1.5,14.0,1.8,9.1,49.8,17.1,38.5
BW882,94.0,119.0,66.0,15.0,19.0,18.2,1.6,27.4,1.5,9.0,49.4,10.7,48.6
BW882,119.0,150.0,66.0,15.0,19.0,18.2,1.6,20.4,2.0,8.9,46.4,26.3,46.7
BW883,0.0,25.0,94.0,4.0,2.0,18.2,1.6,29.9,1.9,12.2,37.0,16.7,32.4
BW883,25.0,46.0,93.0,5.0,2.0,18.2,1.6,18.2,1.8,11.1,37.4,21.6,39.0
BW883,46.0,80.0,93.0,5.0,2.0,18.2,1.7,21.6,1.8,12.8,37.4,27.2,39.3
BW883,80.0,120.0,93.0,5.0,2.0,18.2,1.8,10.2,2.2,13.8,37.0,21.5,46.3
BW883,120.0,170.0,93.0,4.0,3.0,18.2,1.6,12.2,1.7,12.6,37.3,21.2,39.5
BW884,0.0,1.0,66.0,12.0,22.0,18.2,2.1,17.9,2.2,11.8,39.2,17.7,42.1
BW884,1.0,23.0,67.0,8.0,25.0,18.2,1.8,17.2,1.8,8.5,46.8,14.5,41.1
BW884,23.0,55.0,68.0,8.0,24.0,18.2,1.8,17.3,2.4,8.6,40.4,12.6,43.2
BW884,55.0,65.0,81.0,4.0,15.0,18.2,2.2,24.7,1.7,4.5,21.2,17.6,42.4
BW884,65.0,90.0,58.0,11.0,31.0,18.2,1.5,10.6,1.9,10.1,50.0,25.7,42.4
BW885,0.0,24.0,93.0,3.0,4.0,18.2,1.8,17.9,1.4,8.9,34.4,22.5,39.1
BW885,24.0,42.0,93.0,3.0,4.0,18.2,1.8,29.6,1.8,12.4,23.2,22.5,38.8
BW885,42.0,51.0,93.0,4.0,3.0,18.2,1.7,13.8,1.6,3.6,34.4,21.8,39.2
BW885,51.0,82.0,71.0,4.0,25.0,18.2,1.8,11.9,2.0,10.8,20.9,25.9,39.2
BW885,82.0,120.0,68.0,6.0,26.0,18.2,1.7,26.1,1.7,2.4,59.4,18.5,39.0
BW886,0.0,22.0,87.0,7.0,6.0,18.2,1.7,18.0,1.7,7.7,37.5,14.6,28.8
BW886,22.0,45.0,84.0,7.0,9.0,18.2,1.4,18.0,2.0,4.2,48.1,24.1,32.1
BW886,45.0,62.0,70.0,15.0,15.0,18.2,1.4,17.3,1.9,7.7,37.0,16.7,29.2
BW886,62.0,80.0,44.0,40.0,16.0,18.2,1.1,17.7,1.6,7.5,37.8,19.3,29.2
BW886,80.0,115.0,85.0,8.0,7.0,18.2,1.2,17.3,2.1,7.8,37.5,23.8,28.6
BW886,115.0,150.0,56.0,27.0,17.0,18.2,1.0,17.6,1.6,11.4,26.7,16.2,25.6
BW887,0.0,12.0,56.0,19.0,25.0,18.2,1.3,20.4,2.0,4.7,38.6,15.2,34.6
BW887,12.0,32.0,48.0,15.0,37.0,18.2,1.6,21.7,2.0,5.1,38.5,20.7,44.0
BW887,32.0,65.0,47.0,13.0,40.0,18.2,1.8,20.6,1.7,4.8,38.7,29.1,24.7
BW887,65.0,100.0,48.0,13.0,39.0,18.2,1.7,15.7,1.6,5.3,38.8,10.0,33.9
BW887,100.0,130.0,51.0,11.0,38.0,18.2,1.7,27.1,2.3,3.2,39.1,28.3,34.2
BW887,130.0,160.0,57.0,9.0,34.0,18.2,2.2,18.9,1.8,7.2,38.1,20.3,34.7
CA081,0.0,30.0,38.1,29.1,33.7,18.2,0.9,20.8,2.0,9.1,55.7,22.4,41.8
CA081,30.0,42.0,38.1,29.1,33.7,18.2,0.9,20.8,2.0,7.1,52.4,22.6,44.5
CA081,42.0,62.0,38.1,29.1,33.7,18.2,0.9,20.8,2.1,4.4,23.3,22.7,46.6
CA082,-4.0,24.1,46.3,29.6,23.7,18.2,1.6,19.1,2.1,10.0,33.1,28.0,33.9
CA082,0.0,3.0,46.1,29.7,24.4,18.2,2.3,14.5,1.9,10.3,33.3,16.6,34.0
CA082,3.0,8.0,54.0,34.0,12.0,18.2,1.5,19.0,2.0,5.0,33.2,8.1,33.9
CA082,8.0,13.0,54.0,36.0,10.0,18.2,2.0,18.9,1.7,10.4,33.1,7.6,30.1
CA082,13.0,18.0,50.0,28.0,22.0,18.2,1.9,21.6,1.9,9.8,46.1,18.4,30.8
CA082,18.0,23.0,43.0,27.0,30.0,18.2,1.9,29.5,2.1,14.9,22.8,16.5,37.3
CA082,23.0,33.0,38.0,26.0,36.0,18.2,1.8,11.7,2.0,9.5,39.8,13.0,38.8
CA082,33.0,73.0,40.0,25.0,35.0,18.2,1.9,19.0,1.5,10.2,22.8,24.6,34.0
CI015,0.0,10.0,76.0,13.0,11.0,18.2,0.9,16.8,2.0,4.6,25.4,10.8,37.8
CI015,10.0,60.0,50.0,18.0,32.0,18.2,0.9,17.5,2.1,3.9,26.0,11.1,34.3
CI015,60.0,95.0,42.0,17.0,41.0,18.2,0.9,11.6,2.0,3.8,25.6,11.4,33.8
CI015,95.0,120.0,56.0,16.1,27.6,18.2,0.9,22.5,1.6,4.7,25.6,11.6,30.2
CI016,0.0,10.0,22.0,44.0,34.0,18.2,0.9,25.9,1.7,13.9,47.2,27.3,43.7
CI016,10.0,30.0,21.2,42.6,36.1,18.2,0.9,20.2,2.1,12.4,52.5,27.8,35.8
CI016,30.0,85.0,21.0,43.2,35.6,18.2,0.9,23.2,1.8,12.1,45.7,27.7,30.0
CI016,85.0,120.0,20.0,42.0,38.0,18.2,0.9,22.6,1.5,12.4,52.5,27.8,33.0
CI016,120.0,150.0,20.6,42.9,36.3,18.2,0.9,22.8,2.0,10.9,38.1,27.6,35.4
CI017,0.0,5.0,85.0,6.0,9.0,18.2,1.7,29.4,2.1,9.0,39.6,7.0,36.9
CI017,5.0,13.0,81.0,8.0,11.0,18.2,1.7,29.3,2.0,8.8,30.3,7.3,42.7
CI017,13.0,35.0,77.0,9.0,14.0,18.2,1.7,29.5,1.7,14.8,53.8,7.0,44.4
CI017,35.0,60.0,77.0,9.0,14.0,18.2,1.8,28.9,1.6,9.1,39.5,7.5,23.1
CI017,60.0,78.0,79.0,7.0,14.0,18.2,1.8,28.8,1.7,7.8,35.1,7.1,39.1
CI017,78.0,150.0,76.0,5.0,19.0,18.2,1.7,29.3,2.3,3.8,39.4,7.2,47.7
CI018,0.0,20.0,60.0,10.0,30.0,18.2,0.9,26.2,2.1,8.9,36.7,18.1,24.5
CI018,20.0,45.0,46.0,11.0,43.0,18.2,0.9,25.7,1.7,8.5,40.0,25.5,25.2
CI018,45.0,90.0,43.0,10.0,47.0,18.2,0.9,25.9,2.2,9.2,32.5,10.5,25.1
CI018,90.0,110.0,43.0,10.0,47.0,18.2,0.9,25.5,2.4,8.7,36.3,18.7,24.8
CI019,0.0,10.0,37.0,28.0,35.0,18.2,0.9,17.1,1.7,8.0,36.4,8.9,31.8
CI019,10.0,70.0,30.0,17.0,53.0,18.2,0.9,16.7,1.6,3.0,46.9,26.5,34.7
CI019,70.0,90.0,27.0,29.0,44.0,18.2,0.9,16.0,1.8,7.8,40.2,17.4,31.7
CI019,90.0,115.0,35.0,22.0,43.0,18.2,0.9,16.9,1.9,7.2,36.2,17.4,32.6
CI019,115.0,150.0,32.2,24.4,43.3,18.2,0.9,18.0,1.9,12.3,22.3,17.4,29.6
CI020,0.0,10.0,69.0,14.0,17.0,75.0,1.8,19.7,1.7,3.1,45.5,24.8,38.4
CI020,10.0,30.0,63.0,5.0,32.0,71.0,1.0,19.2,1.8,4.3,38.3,21.1,38.3
CI020,30.0,80.0,32.0,15.0,53.0,63.0,1.0,19.6,1.8,4.1,27.5,23.2,38.3
CI020,80.0,100.0,26.0,28.0,46.0,5.0,1.5,18.2,1.3,7.4,55.3,22.8,39.5
CI020,110.0,150.0,21.0,30.0,49.0,2.0,1.8,20.3,1.9,9.1,22.8,22.6,37.5
CI021,0.0,10.0,79.0,12.0,9.0,3.0,1.5,22.9,2.1,7.3,44.8,17.9,43.6
CI021,10.0,25.0,71.0,13.0,16.0,56.0,1.3,19.8,1.8,2.9,37.6,17.4,43.6
CI021,25.0,66.0,45.0,13.0,42.0,70.0,1.3,19.5,2.2,6.7,37.9,17.8,43.8
CI021,66.0,151.0,26.0,26.0,48.0,42.6,1.4,15.8,2.2,11.1,30.5,17.9,43.9
CI022,0.0,8.0,76.0,13.0,11.0,54.0,1.9,11.2,2.1,5.6,38.6,17.4,39.2
CI022,8.0,30.0,61.0,16.0,23.0,53.6,1.6,10.7,2.1,5.3,44.5,15.9,35.3
CI022,30.0,50.0,51.0,17.0,32.0,54.1,1.5,13.2,1.6,5.8,41.6,18.3,32.8
CI022,50.0,80.0,45.0,18.0,37.0,54.1,1.5,10.9,1.5,6.1,42.0,16.9,29.8
CI022,80.0,110.0,40.0,22.0,38.0,54.0,1.4,11.4,2.0,5.4,41.9,17.4,28.3
CI023,0.0,12.0,77.0,13.0,10.0,18.2,1.3,29.0,2.2,5.0,30.3,16.9,43.3
CI023,12.0,37.0,73.0,12.0,15.0,18.2,1.6,23.2,2.0,4.9,42.5,22.7,44.0
CI023,37.0,50.0,72.0,13.0,15.0,18.2,1.6,17.3,2.2,4.7,55.1,22.6,45.7
CI023,50.0,75.0,75.0,11.0,14.0,18.2,1.6,22.8,1.9,4.7,42.5,24.7,49.8
CI023,75.0,100.0,73.0,11.0,16.0,18.2,1.6,22.0,1.7,7.4,42.7,27.0,43.5
CI023,100.0,120.0,54.0,21.0,25.0,18.2,1.8,23.2,1.6,5.5,42.7,23.0,34.9
CI024,0.0,10.0,80.0,6.0,14.0,4.0,1.1,15.4,1.9,13.7,41.8,6.0,27.1
CI024,10.0,20.0,74.0,6.0,20.0,7.0,1.0,15.9,2.2,7.6,59.1,8.9,30.0
CI024,20.0,70.0,62.0,7.0,31.0,59.0,1.5,14.0,1.8,4.4,23.8,22.6,35.0
CI024,70.0,110.0,48.0,13.0,39.0,15.0,1.3,14.6,2.2,5.7,41.7,11.6,41.6
CI024,110.0,150.0,66.4,8.3,25.8,95.0,1.4,15.0,2.1,7.6,41.3,9.9,33.0
CI025,0.0,7.0,66.0,11.0,23.0,7.0,1.5,19.7,1.9,8.0,59.1,17.5,39.6
CI025,7.0,15.0,59.0,12.0,29.0,29.0,1.4,26.9,1.6,2.0,46.2,20.0,32.4
CI025,15.0,35.0,49.0,12.0,39.0,63.0,1.6,16.6,1.5,13.0,40.1,17.5,32.3
CI025,35.0,60.0,44.0,12.0,44.0,47.0,1.6,19.4,1.9,8.5,32.6,10.8,32.0
CI025,60.0,90.0,34.0,15.0,51.0,40.0,1.4,19.0,1.9,7.8,27.4,29.9,32.4
CI025,90.0,110.0,34.0,18.0,48.0,55.0,1.3,19.3,1.6,8.5,40.0,17.5,33.8
CI025,120.0,150.0,22.0,30.0,48.0,85.0,0.9,14.8,1.8,9.1,32.9,8.5,22.8
CI026,0.0,7.0,67.0,14.0,19.0,76.0,1.7,13.6,2.4,6.2,28.2,22.1,35.0
CI026,7.0,20.0,51.0,16.0,33.0,75.0,1.9,15.3,2.4,3.3,27.2,22.3,35.0
CI026,20.0,45.0,34.0,16.0,50.0,77.0,1.7,17.5,2.1,3.3,30.9,21.9,35.0
CI026,45.0,70.0,21.0,14.0,65.0,75.0,0.9,19.6,2.1,11.5,47.6,16.5,35.0
CI026,70.0,115.0,22.0,16.0,62.0,71.0,1.0,17.4,2.4,12.6,30.7,22.4,35.0
CI026,115.0,135.0,17.0,26.0,57.0,8.0,1.4,12.9,2.1,3.8,20.9,22.2,35.0
CI026,135.0,160.0,15.0,28.0,57.0,7.0,1.1,27.1,1.6,3.2,30.7,28.3,35.0
CK001,0.0,3.0,38.1,29.1,33.7,18.2,0.9,27.1,2.1,9.2,52.5,27.8,25.1
CK001,3.0,15.0,38.1,29.1,33.7,18.2,0.9,28.9,1.8,9.1,37.1,26.4,23.1
CK001,15.0,35.0,38.1,29.1,33.7,18.2,0.9,25.3,1.6,9.4,45.0,21.7,26.4
CL023,0.0,15.0,8.0,75.0,17.0,18.2,0.9,21.0,2.0,7.2,45.6,10.4,23.1
CL023,15.0,45.0,9.0,72.0,19.0,18.2,0.9,27.9,2.3,4.5,55.9,19.4,23.1
CL023,45.0,60.0,11.0,71.0,18.0,18.2,0.9,18.0,1.9,6.9,22.3,15.0,23.1
CL023,60.0,100.0,16.0,64.0,20.0,18.2,0.9,17.3,1.9,8.8,58.4,14.4,23.0
CL023,100.0,120.0,10.9,70.0,18.7,18.2,0.9,21.1,2.3,7.3,45.8,15.1,23.3
CL024,0.0,19.0,35.0,65.0,4.7,1.0,0.7,17.2,1.6,8.4,31.9,15.0,35.0
CL024,19.0,45.0,58.0,43.0,5.4,1.0,0.6,29.3,1.7,8.6,41.1,16.2,33.4
CL024,35.0,45.0,55.0,46.0,4.9,55.0,0.8,24.5,1.7,8.6,41.4,16.2,33.5
CL024,45.0,51.0,72.0,20.0,8.0,60.0,0.5,24.5,2.3,7.8,40.8,15.7,32.9
CL024,51.0,65.0,94.0,4.0,2.0,60.0,0.5,25.5,1.8,13.0,40.0,9.7,25.1
CL024,45.0,47.0,63.0,35.4,5.4,15.0,0.9,24.5,2.2,5.0,41.1,17.4,33.5
CL024,47.0,58.0,63.0,36.0,4.8,27.5,1.1,24.5,1.6,8.0,40.8,9.9,39.5
CL024,58.0,73.0,62.8,35.7,4.8,15.0,0.2,24.9,1.7,8.1,40.7,15.5,32.9
CL024,73.0,79.0,62.4,35.3,5.2,15.0,0.5,27.9,1.8,6.8,51.2,27.8,33.1
CL025,-4.0,100.7,17.0,75.0,8.0,18.2,0.8,23.5,1.9,3.5,33.7,18.6,46.7
CL025,0.0,26.0,52.0,49.0,8.7,18.2,0.7,19.1,2.0,4.0,54.3,14.1,39.1
CL025,26.0,56.0,71.0,29.0,9.7,18.2,0.7,15.2,1.5,4.0,50.2,17.3,39.6
CL025,56.0,88.0,70.0,23.0,7.0,18.2,0.4,18.8,1.9,4.0,50.7,7.0,40.2
CL025,88.0,94.0,45.0,40.0,15.0,18.2,1.1,24.8,2.2,3.5,51.0,12.2,39.9
CL025,94.0,149.0,51.0,44.0,5.0,18.2,0.9,19.2,1.9,3.8,54.7,14.0,40.3
CL025,149.0,190.0,47.0,42.0,11.0,18.2,0.3,10.6,1.7,3.8,59.6,14.2,34.2
CL026,-5.0,114.3,77.0,21.0,2.0,18.2,0.6,23.1,1.7,9.1,32.5,16.4,32.5
CL026,0.0,32.0,83.0,18.0,0.9,18.2,0.6,20.3,1.6,9.2,32.4,16.3,42.1
CL026,32.0,63.0,75.0,24.0,1.0,18.2,0.8,22.5,2.0,6.7,30.8,6.2,33.0
CL026,63.0,112.0,81.0,18.0,1.0,18.2,0.8,22.9,1.7,7.4,32.8,27.0,27.7
CL026,112.0,162.0,84.0,15.0,1.0,18.2,0.9,22.9,1.8,9.5,31.9,16.6,25.6
CL026,162.0,200.0,80.1,19.0,0.8,18.2,0.4,25.4,2.1,14.0,35.3,17.0,36.0
CL027,0.0,16.0,31.0,64.0,5.0,18.2,0.7,18.8,2.3,11.8,25.7,19.4,37.1
CL027,16.0,30.0,71.0,27.0,2.0,18.2,0.6,28.9,1.8,13.2,47.0,20.5,43.7
CL027,30.0,70.0,78.0,22.0,3.2,18.2,1.0,11.5,1.5,10.2,46.6,26.5,36.4
CL027,70.0,92.0,81.0,20.0,4.0,18.2,1.1,18.4,1.9,13.8,47.5,26.6,37.2
CL027,92.0,102.0,67.0,30.0,3.0,18.2,1.5,19.2,1.8,7.7,56.6,16.8,36.4
CL027,102.0,118.0,65.0,31.0,4.0,18.2,1.6,15.9,1.5,14.1,59.1,8.9,30.0
CL028,0.0,15.0,29.0,64.0,7.0,1.0,0.8,23.8,1.9,9.2,50.5,23.3,41.3
CL028,15.0,60.0,70.0,31.0,6.7,1.0,0.6,23.6,2.2,4.0,49.9,16.5,40.8
CL028,60.0,85.0,81.0,20.0,7.0,1.0,0.9,24.0,2.1,9.8,54.7,23.2,41.1
CL028,85.0,104.0,71.0,30.0,7.5,30.0,0.8,23.5,1.8,7.1,38.6,28.4,40.8
CL028,104.0,120.0,63.1,36.5,7.4,8.2,0.9,24.1,2.0,6.9,57.2,25.4,41.1
CM022,0.0,17.0,31.0,14.0,55.0,18.2,0.9,22.4,1.6,6.7,45.7,20.7,29.8
CM022,17.0,65.0,24.0,19.0,57.0,18.2,0.9,18.4,2.1,6.6,45.2,19.7,30.2
CM022,65.0,85.0,31.0,14.0,55.0,18.2,0.9,10.9,1.8,6.5,45.5,18.8,31.1
CM023,0.0,26.0,50.0,35.0,15.0,18.2,0.9,26.6,2.2,9.0,41.9,17.4,29.7
CM023,26.0,49.0,34.0,52.0,14.0,18.2,0.9,16.0,1.8,6.0,40.2,23.3,30.9
CM023,49.0,81.0,37.0,48.0,15.0,18.2,0.9,23.1,1.9,14.3,42.0,11.9,25.3
CM023,81.0,97.0,25.0,49.0,26.0,18.2,0.9,29.4,1.7,3.5,42.2,6.4,31.1
CM023,97.0,130.0,35.0,13.0,52.0,18.2,0.9,19.9,2.0,8.9,41.9,18.5,43.2
CM023,130.0,167.0,37.0,15.0,48.0,18.2,0.9,21.3,1.8,11.4,48.1,17.4,24.4
CM023,167.0,200.0,41.0,21.0,38.0,18.2,0.9,23.0,1.6,8.5,38.5,28.7,33.1
CM024,0.0,12.0,14.0,53.0,33.0,18.2,0.9,22.1,1.8,11.5,38.1,9.4,23.3
CM024,12.0,27.0,19.0,30.0,51.0,18.2,0.9,26.2,2.0,4.7,20.9,6.3,37.0
CM024,27.0,73.0,19.0,29.0,52.0,18.2,0.9,22.5,2.3,6.7,37.9,8.0,29.3
CM024,73.0,200.0,19.0,23.0,58.0,18.2,0.9,17.9,2.1,13.1,54.6,9.0,45.9
CM025,0.0,14.0,11.0,51.0,38.0,18.2,0.9,17.2,2.1,14.3,47.3,13.2,26.0
CM025,14.0,55.0,31.0,22.0,47.0,18.2,0.9,21.5,1.5,11.6,42.7,9.5,30.2
CM025,55.0,135.0,21.0,18.0,61.0,18.2,0.9,22.2,1.8,11.9,20.5,7.0,25.5
CM025,135.0,175.0,10.0,20.0,70.0,18.2,0.9,21.8,1.8,8.8,48.7,22.7,25.3
CM025,175.0,200.0,15.0,20.0,65.0,18.2,0.9,26.3,1.8,11.5,40.3,13.4,21.1
CM026,0.0,13.0,42.0,20.0,38.0,18.2,0.9,20.2,1.8,2.6,51.6,29.6,37.6
CM026,13.0,25.0,49.0,14.0,37.0,18.2,0.9,17.6,2.4,6.8,26.7,20.0,37.4
CM026,25.0,36.0,36.8,21.3,42.0,18.2,0.9,27.7,1.8,9.5,31.9,10.3,25.6
CM026,36.0,47.0,25.0,26.0,49.0,18.2,0.9,14.8,2.4,6.7,59.0,29.9,37.9
CM026,47.0,65.0,24.0,29.0,47.0,18.2,0.9,13.3,1.6,7.2,42.6,20.0,44.3
CM026,65.0,150.0,42.0,17.0,41.0,18.2,0.9,25.6,2.2,8.0,42.5,20.2,43.7
CM026,150.0,180.0,36.6,21.5,42.8,18.2,0.9,19.3,2.1,6.5,42.6,9.9,37.8
CM027,0.0,5.0,32.5,19.8,48.1,18.2,0.9,20.6,1.5,6.2,53.3,29.8,29.7
CM027,5.0,15.0,32.0,19.5,48.0,18.2,0.9,20.6,1.5,5.9,55.7,23.1,29.9
CM027,15.0,32.0,32.7,19.6,47.5,18.2,0.9,25.7,2.0,10.7,49.0,22.8,29.5
CM027,32.0,48.0,48.0,16.0,36.0,18.2,0.9,24.7,2.0,4.2,50.3,23.3,29.3
CM027,48.0,65.0,32.0,14.0,54.0,18.2,0.9,10.1,1.9,6.4,36.4,27.7,29.2
CM027,65.0,126.0,23.0,21.0,56.0,18.2,0.9,21.1,1.6,6.3,49.2,23.7,24.7
CM027,126.0,190.0,27.0,27.0,46.0,18.2,0.9,20.4,2.2,3.3,49.3,13.3,34.6
CM028,0.0,6.0,67.0,9.0,24.0,18.2,0.9,21.8,1.4,12.0,45.1,20.7,31.8
CM028,6.0,29.0,51.0,16.0,33.0,18.2,0.9,26.5,1.9,13.6,57.8,20.8,34.5
CM028,29.0,79.0,42.0,8.0,50.0,18.2,0.9,21.0,2.0,12.4,30.8,6.2,30.9
CM028,79.0,100.0,34.0,10.0,56.0,18.2,0.9,21.8,2.1,8.1,41.7,29.8,27.7
CM028,100.0,120.0,26.0,14.0,60.0,18.2,0.9,24.2,1.7,14.0,49.7,17.8,31.7
CM028,120.0,130.0,44.3,11.5,44.1,18.2,0.9,13.6,1.7,11.4,44.8,29.1,31.4
CM029,0.0,16.0,61.0,14.0,25.0,18.2,0.9,12.3,1.8,4.7,45.7,12.1,33.1
CM029,16.0,53.0,52.0,20.0,28.0,18.2,0.9,25.5,1.8,13.0,46.5,9.7,25.1
CM029,53.0,67.0,57.0,15.0,28.0,18.2,0.9,19.4,1.9,3.7,46.0,12.0,35.9
CM029,67.0,80.0,60.0,14.0,26.0,18.2,0.9,22.5,2.4,8.1,46.3,5.8,30.2
CM029,80.0,105.0,53.6,16.4,29.7,18.2,0.9,18.5,1.9,11.6,52.8,17.4,35.4
CM029,105.0,160.0,46.0,16.0,38.0,18.2,0.9,19.7,2.0,7.8,36.0,16.3,44.0
CM029,160.0,200.0,47.0,21.0,32.0,18.2,0.9,19.7,2.2,8.7,49.9,12.4,44.8
CM030,0.0,10.0,48.0,28.0,24.0,18.2,0.9,15.1,1.9,9.1,36.4,15.6,38.5
CM030,10.0,30.0,34.0,44.0,22.0,18.2,0.9,14.0,2.0,9.1,42.9,9.8,46.2
CM030,30.0,55.0,21.0,49.0,30.0,18.2,0.9,13.6,2.2,3.1,45.5,9.7,38.8
CM030,55.0,65.0,13.0,51.0,36.0,18.2,0.9,13.1,1.6,14.5,43.6,6.4,44.3
CM030,65.0,100.0,36.0,34.0,30.0,18.2,0.9,13.7,2.1,8.8,43.1,8.2,39.4
CM030,100.0,120.0,36.0,34.0,30.0,18.2,0.9,12.0,1.8,8.5,32.6,9.0,32.0
CM030,120.0,140.0,63.0,17.0,20.0,18.2,0.9,13.3,2.0,8.4,59.1,7.3,33.4
CM031,0.0,29.0,36.0,56.0,8.0,18.2,0.9,22.4,1.9,4.3,57.3,18.3,26.5
CM031,29.0,55.0,76.0,23.0,1.0,18.2,0.9,22.6,2.0,4.5,21.9,13.5,34.8
CM031,55.0,105.0,66.0,35.0,4.7,18.2,0.9,22.8,2.2,4.8,59.0,23.2,30.7
CM031,105.0,120.0,59.7,38.0,4.2,18.2,0.9,22.5,2.0,4.1,46.3,18.7,30.2
CM032,0.0,26.0,50.0,35.0,15.0,18.2,0.9,28.2,2.1,6.6,35.2,17.2,33.1
CM032,26.0,49.0,34.0,52.0,14.0,18.2,0.9,26.3,2.1,10.6,35.5,17.8,33.5
CM032,49.0,81.0,37.0,48.0,15.0,18.2,0.9,12.3,1.8,4.7,35.1,5.8,33.5
CM032,81.0,97.0,25.0,49.0,26.0,18.2,0.9,19.7,1.6,5.7,44.8,17.9,43.3
CM032,97.0,130.0,35.0,13.0,52.0,18.2,0.9,19.4,1.7,6.8,20.6,28.9,23.5
CM032,130.0,167.0,37.0,15.0,48.0,18.2,0.9,19.7,1.8,9.1,32.9,17.8,33.4
CM032,167.0,200.0,41.0,21.0,38.0,18.2,0.9,11.2,1.5,2.5,44.0,17.8,33.1
CM033,0.0,8.0,41.0,14.0,45.0,18.2,0.9,16.4,1.6,9.0,31.3,28.1,44.3
CM033,8.0,25.0,39.0,18.0,43.0,18.2,0.9,10.1,1.5,13.9,20.3,27.8,37.0
CM033,25.0,150.0,33.0,10.0,57.0,18.2,0.9,26.0,1.8,3.5,30.8,27.9,37.4
CM033,150.0,170.0,24.0,7.0,69.0,18.2,0.9,17.0,1.3,10.4,41.5,28.3,33.8
CM033,170.0,175.0,34.1,12.6,53.9,18.2,0.9,13.8,1.4,9.3,30.8,28.7,33.1
CM034,0.0,7.0,10.0,9.0,81.0,18.2,0.9,22.3,1.6,11.9,37.5,14.7,34.8
CM034,7.0,24.0,12.0,6.0,82.0,18.2,0.9,17.6,1.7,10.3,24.9,15.0,43.9
CM034,24.0,62.0,9.0,13.0,78.0,18.2,0.9,29.1,2.1,10.4,41.5,14.9,33.8
CM034,62.0,87.0,11.0,10.0,79.0,18.2,0.9,22.7,1.7,7.5,37.4,14.7,43.1
CM034,87.0,90.0,10.9,9.3,80.4,18.2,0.9,18.0,1.7,10.0,46.6,14.6,41.8
CM035,0.0,17.0,80.0,7.0,13.0,18.2,0.9,22.3,1.9,6.7,27.5,11.1,31.4
CM035,17.0,33.0,69.0,8.0,23.0,18.2,0.9,21.9,2.2,4.4,45.9,6.8,31.0
CM035,33.0,50.0,62.0,7.0,31.0,18.2,0.9,14.5,2.0,6.8,57.8,21.3,29.0
CM035,50.0,71.0,53.0,1.0,46.0,18.2,0.9,22.0,2.1,7.4,55.3,9.9,39.5
CM035,71.0,210.0,47.0,1.0,52.0,18.2,0.9,24.2,2.2,6.5,46.5,11.5,31.6
CM035,210.0,220.0,61.9,5.1,33.4,18.2,0.9,26.6,2.1,7.2,46.3,8.0,25.8
CM036,0.0,14.0,61.0,28.0,11.0,18.2,0.9,11.1,2.0,11.9,40.8,13.5,34.8
CM036,14.0,30.0,97.0,4.0,14.8,18.2,0.9,20.5,1.7,3.8,40.6,18.8,35.1
CM036,30.0,56.0,64.0,34.0,2.0,18.2,0.9,25.8,1.6,8.2,40.8,19.1,41.3
CM036,56.0,72.0,41.0,27.0,32.0,18.2,0.9,23.3,1.8,11.6,37.5,24.2,35.7
CM036,72.0,140.0,68.0,17.0,15.0,18.2,0.9,20.4,1.8,7.6,25.7,18.8,39.6
CM036,140.0,210.0,54.0,32.0,14.0,18.2,0.9,20.4,1.7,4.9,57.7,19.0,25.3
CM037,0.0,22.0,69.0,21.0,10.0,18.2,0.9,28.2,1.6,12.5,28.6,23.2,42.8
CM037,22.0,35.0,80.0,21.0,5.5,18.2,0.9,22.5,2.3,4.8,23.0,13.0,42.7
CM037,35.0,57.0,93.0,8.0,5.5,18.2,0.9,18.0,1.8,5.5,20.5,19.2,42.3
CM037,57.0,77.0,81.0,18.0,1.0,18.2,0.9,17.3,2.2,5.8,28.7,18.5,45.7
CM037,77.0,90.0,74.0,27.0,5.9,18.2,0.9,22.5,2.2,2.4,35.5,19.9,45.6
CM037,90.0,156.0,96.0,5.0,6.1,18.2,0.9,19.7,1.8,6.1,28.4,19.1,36.9
CM037,156.0,188.0,71.0,23.0,6.0,18.2,0.9,28.1,1.4,2.9,34.3,18.3,42.8
CM038,0.0,20.0,38.1,29.1,33.7,18.2,0.9,18.7,1.5,4.8,55.0,29.4,34.9
CM038,20.0,50.0,38.1,29.1,33.7,18.2,0.9,17.3,1.5,15.0,44.6,18.8,26.2
CM038,50.0,165.0,38.1,29.1,33.7,18.2,0.9,20.0,1.5,10.2,49.8,18.6,30.5
CM039,0.0,17.0,40.0,46.0,14.0,18.2,0.9,17.9,2.6,8.5,21.3,7.1,42.4
CM039,17.0,200.0,43.0,34.0,23.0,18.2,0.9,18.0,2.2,8.5,20.9,9.9,42.7
CM040,0.0,13.0,33.0,51.0,16.0,18.2,0.9,26.1,1.5,9.1,30.4,15.1,25.3
CM040,13.0,46.0,56.0,37.0,7.0,18.2,0.9,23.1,1.3,9.1,37.1,15.1,23.1
CM040,46.0,76.0,46.0,43.0,11.0,18.2,0.9,23.7,2.1,8.9,32.8,15.2,29.4
CM040,76.0,142.0,50.0,40.0,10.0,18.2,0.9,20.5,1.7,8.8,30.9,9.8,24.6
CM040,142.0,200.0,60.0,15.0,25.0,18.2,0.9,23.4,1.7,8.4,32.8,21.3,42.8
CM041,0.0,32.0,11.0,76.0,13.0,18.2,0.9,17.9,1.8,6.8,32.9,12.2,20.6
CM041,32.0,48.0,10.0,70.0,20.0,18.2,0.9,19.9,1.3,10.2,53.6,17.1,21.9
CM041,48.0,81.0,12.0,78.0,10.0,18.2,0.9,11.8,2.3,5.0,54.7,8.1,22.9
CM041,81.0,170.0,7.0,91.0,2.0,18.2,0.9,21.9,2.1,7.2,46.6,29.6,44.6
CM042,0.0,20.0,11.0,50.0,39.0,18.2,0.6,13.1,1.9,11.8,43.5,18.5,37.7
CM042,20.0,35.0,11.0,55.0,34.0,18.2,0.8,20.3,2.2,10.0,32.5,16.5,38.1
CM042,35.0,60.0,10.0,43.0,47.0,18.2,0.8,25.7,2.0,7.0,56.8,16.3,34.8
CM042,60.0,80.0,13.0,19.0,68.0,18.2,1.0,16.5,2.3,10.0,27.2,13.3,34.6
CM042,80.0,106.0,11.2,37.9,50.5,18.2,1.0,16.5,1.8,10.7,43.2,20.9,37.3
CM042,106.0,168.0,11.0,24.0,65.0,18.2,0.4,14.6,1.8,10.1,40.1,5.1,43.6
CM042,168.0,200.0,11.1,38.2,50.8,18.2,0.5,11.1,1.9,10.2,59.5,25.5,38.0
CM043,0.0,15.0,38.1,29.1,33.7,18.2,0.9,14.1,2.2,9.2,45.7,25.8,34.7
CM043,15.0,25.0,38.1,29.1,33.7,18.2,0.9,19.3,2.1,7.5,31.0,15.1,34.2
CM043,25.0,80.0,38.1,29.1,33.7,18.2,0.9,20.9,1.7,5.2,58.8,10.3,31.8
CM043,80.0,125.0,38.1,29.1,33.7,18.2,0.9,21.6,2.6,6.7,46.1,15.1,34.6
CM043,125.0,145.0,38.1,29.1,33.7,18.2,0.9,22.3,1.7,6.7,45.0,9.2,36.9
CM044,0.0,9.0,15.0,25.0,60.0,18.2,0.9,12.9,2.0,6.0,47.0,16.2,35.0
CM044,9.0,20.0,14.0,22.0,64.0,18.2,0.9,12.9,1.9,6.2,47.3,16.2,35.0
CM044,20.0,34.0,10.0,18.0,72.0,18.2,0.9,13.3,2.0,6.7,47.8,18.5,35.0
CM044,34.0,112.0,9.0,14.0,77.0,18.2,0.9,13.1,1.6,10.9,47.5,15.7,35.0
CM044,112.0,200.0,12.0,13.0,75.0,18.2,0.9,12.4,2.2,6.8,47.8,15.6,35.0
CM044,200.0,220.0,11.7,18.3,69.5,18.2,0.9,14.3,2.0,2.8,46.9,13.4,35.0
CM045,0.0,23.0,38.1,29.1,33.7,18.2,0.9,24.2,1.5,14.0,35.0,17.2,31.7
CM045,23.0,30.0,38.1,29.1,33.7,18.2,0.9,20.3,1.5,9.0,35.8,18.6,26.0
CM045,30.0,40.0,38.1,29.1,33.7,18.2,0.9,18.0,1.5,7.8,20.5,26.7,35.6
CM045,40.0,104.0,38.1,29.1,33.7,18.2,0.9,20.8,1.5,8.6,29.0,17.3,40.9
CM045,104.0,125.0,38.1,29.1,33.7,18.2,0.9,20.2,1.5,8.8,53.6,16.9,35.5
CM045,125.0,160.0,38.1,29.1,33.7,18.2,0.9,11.7,1.5,9.6,39.8,13.0,35.3
CM045,160.0,180.0,38.1,29.1,33.7,18.2,0.9,28.1,1.5,2.9,34.3,9.7,41.8
CM046,0.0,7.0,7.0,43.0,50.0,18.2,0.9,26.6,1.6,5.6,39.0,22.2,29.7
CM046,7.0,19.0,5.0,25.0,70.0,18.2,0.9,12.0,1.9,8.5,32.6,16.0,32.0
CM046,19.0,53.0,5.0,22.0,73.0,18.2,0.9,17.2,2.2,6.0,42.5,16.2,30.3
CM046,53.0,83.0,8.0,42.0,50.0,18.2,0.9,10.9,1.7,2.5,39.5,18.8,31.1
CM046,83.0,128.0,5.0,37.0,58.0,18.2,0.9,10.4,1.7,6.5,47.7,15.7,30.2
CM046,128.0,180.0,6.1,37.1,56.7,18.2,0.9,27.7,2.1,9.5,31.9,16.1,25.6
CM046,180.0,250.0,6.0,53.0,41.0,18.2,0.9,18.0,2.1,6.6,45.2,6.1,29.4
CM047,0.0,13.0,38.1,29.1,33.7,18.2,0.9,21.3,2.0,2.4,58.5,15.3,45.6
CM047,13.0,32.0,38.1,29.1,33.7,18.2,0.9,21.0,1.6,2.1,53.6,6.5,37.6
CM047,32.0,105.0,38.1,29.1,33.7,18.2,0.9,21.2,1.6,2.8,37.9,16.6,44.7
CM047,105.0,180.0,38.1,29.1,33.7,18.2,0.9,28.0,1.7,2.2,26.8,14.6,39.4
CM047,180.0,200.0,38.1,29.1,33.7,18.2,0.9,14.5,1.5,2.6,44.1,21.3,29.0
CM048,0.0,6.0,18.0,12.0,70.0,18.2,0.9,23.6,1.9,14.3,44.4,11.9,25.3
CM048,6.0,17.0,11.0,14.0,75.0,18.2,0.9,21.6,2.1,4.4,23.3,16.4,35.5
CM048,17.0,80.0,10.0,15.0,75.0,18.2,0.9,20.2,2.1,9.8,44.5,17.9,35.0
CM048,80.0,150.0,7.0,14.0,79.0,18.2,0.9,22.2,1.6,9.5,54.6,16.8,41.8
CM048,150.0,170.0,11.9,13.9,74.7,18.2,0.9,21.9,1.6,9.2,54.3,19.2,39.1
CM049,0.0,8.0,38.1,29.1,33.7,18.2,0.5,21.6,1.9,7.5,46.1,21.5,30.8
CM049,8.0,18.0,38.1,29.1,33.7,18.2,0.5,17.3,2.0,8.9,38.9,21.5,49.2
CM049,18.0,29.0,38.1,29.1,33.7,18.2,0.6,17.1,1.8,8.4,51.2,18.5,43.2
CM049,29.0,36.0,38.1,29.1,33.7,18.2,0.9,17.4,1.6,11.6,38.3,18.6,48.0
CM049,36.0,81.0,38.1,29.1,33.7,18.2,0.4,20.3,1.9,5.3,32.6,20.3,48.5
CM049,81.0,95.0,38.1,29.1,33.7,18.2,0.7,17.1,1.8,8.2,24.0,21.7,29.7
CM049,95.0,115.0,38.1,29.1,33.7,18.2,0.2,10.9,2.0,7.2,38.3,28.8,41.6
CM050,0.0,12.0,38.1,29.1,33.7,18.2,0.7,25.6,1.7,6.8,46.6,14.6,28.6
CM050,12.0,22.0,38.1,29.1,33.7,18.2,0.7,25.1,1.6,2.3,40.0,22.6,28.5
CM050,22.0,66.0,38.1,29.1,33.7,18.2,0.6,25.6,2.0,13.6,48.3,29.6,28.6
CM050,66.0,107.0,38.1,29.1,33.7,18.2,0.6,25.0,2.1,6.1,44.5,22.8,27.8
CM050,107.0,170.0,38.1,29.1,33.7,18.2,0.7,25.4,1.2,3.8,41.6,25.0,27.9
CM051,0.0,16.0,29.0,45.0,26.0,18.2,0.7,27.2,2.0,8.2,54.3,12.5,39.1
CM051,16.0,26.0,24.0,57.0,19.0,18.2,0.7,12.5,1.6,13.4,54.6,25.1,23.1
CM051,26.0,42.0,26.0,54.0,20.0,18.2,0.7,16.6,1.8,7.3,54.0,12.9,33.2
CM051,42.0,73.0,30.0,60.0,10.0,18.2,0.7,18.5,1.9,7.7,54.1,12.6,32.4
CM051,73.0,101.0,32.0,57.0,11.0,18.2,0.6,18.7,1.6,6.6,54.6,6.0,25.1
CM051,101.0,135.0,40.0,47.0,13.0,18.2,0.3,18.7,2.1,7.5,53.9,5.1,41.6
CM051,135.0,170.0,30.0,56.0,14.0,18.2,0.3,17.2,2.1,3.8,54.3,7.2,32.1
CM051,170.0,220.0,40.0,53.0,7.0,18.2,1.1,18.6,1.7,7.7,54.4,20.1,32.8
CM052,0.0,15.0,70.0,11.0,19.0,18.2,0.9,25.3,1.8,8.9,38.5,14.6,30.4
CM052,15.0,31.0,66.0,9.0,25.0,18.2,0.9,28.9,2.1,7.0,39.0,15.2,30.4
CM052,31.0,47.0,58.8,12.4,28.7,18.2,0.9,28.3,1.8,6.7,39.7,7.3,33.4
CM052,47.0,67.0,59.0,12.7,29.0,18.2,0.9,15.7,1.9,6.5,46.1,13.7,27.9
CM052,67.0,130.0,41.0,17.0,42.0,18.2,0.9,30.0,2.1,4.6,33.2,23.7,30.9
CM052,130.0,150.0,58.6,12.5,29.0,18.2,0.9,21.7,1.9,7.1,39.4,14.5,30.5
CM053,0.0,11.0,16.0,25.0,59.0,18.2,0.9,23.7,2.1,13.5,57.8,29.1,27.2
CM053,11.0,25.0,11.0,17.0,72.0,18.2,0.9,26.7,1.7,5.3,57.4,22.7,40.4
CM053,25.0,47.0,9.0,14.0,77.0,18.2,0.9,24.2,2.2,2.4,57.8,25.9,45.6
CM053,47.0,98.0,8.0,12.0,80.0,18.2,0.9,23.4,1.8,3.3,57.5,25.4,28.2
CM053,98.0,162.0,7.0,10.0,83.0,18.2,0.9,20.7,1.8,2.4,57.7,26.1,42.1
CM053,162.0,175.0,6.0,10.0,84.0,18.2,0.9,24.2,2.4,5.3,56.9,25.7,36.6
CM054,0.0,20.0,71.0,26.0,3.0,5.0,0.9,25.3,1.9,14.9,55.5,21.7,26.4
CM054,20.0,40.0,82.0,16.0,2.0,5.0,0.9,14.6,1.5,10.0,55.4,7.2,28.7
CM054,40.0,50.0,78.0,20.0,2.0,40.0,0.9,28.0,1.9,11.7,55.7,26.3,46.7
CM054,50.0,60.0,77.4,20.2,2.3,16.2,0.9,19.6,2.0,11.5,55.8,18.1,49.1
CM055,0.0,21.0,78.0,21.0,1.0,16.8,0.9,16.9,2.3,12.4,43.6,15.6,42.1
CM055,21.0,47.0,79.0,20.0,1.0,16.7,0.9,19.8,1.5,11.9,49.2,24.7,27.8
CM055,47.0,77.0,74.0,24.0,2.0,5.0,0.9,17.2,2.0,12.2,43.2,19.8,48.4
CM055,77.0,110.0,66.0,32.0,2.0,40.0,0.9,14.9,1.7,12.8,42.8,20.4,40.3
CM055,110.0,135.0,83.0,13.0,4.0,5.0,0.9,17.0,1.8,12.5,23.5,20.2,39.5
CM055,135.0,175.0,59.0,35.0,6.0,17.0,0.9,17.2,2.0,11.9,56.6,20.2,41.3
CN011,0.0,7.0,2.0,67.0,31.0,18.2,1.6,16.6,1.9,5.3,37.8,20.7,33.0
CN011,7.0,19.0,2.0,66.0,32.0,18.2,1.5,23.8,2.0,5.7,29.2,13.7,37.4
CN011,19.0,38.0,2.0,65.0,33.0,18.2,1.6,14.5,2.3,6.1,28.8,14.8,46.3
CN011,38.0,73.0,1.0,65.0,34.0,18.2,1.6,10.6,1.9,5.7,50.0,25.7,20.7
CN011,73.0,104.0,1.0,65.0,34.0,18.2,1.7,16.1,1.6,5.5,21.7,27.2,34.0
CN011,104.0,120.0,1.0,66.0,33.0,18.2,1.6,15.8,1.9,5.6,44.7,20.4,27.2
CN012,0.0,17.0,2.0,66.0,32.0,18.2,1.5,18.8,1.9,4.7,44.9,24.7,42.2
CN012,17.0,40.0,1.0,68.0,31.0,18.2,1.6,12.4,1.6,4.5,39.4,17.7,42.1
CN012,40.0,70.0,1.0,68.0,31.0,18.2,1.6,22.8,2.4,4.8,28.3,17.7,43.7
CN012,70.0,95.0,1.0,68.0,31.0,18.2,1.6,16.0,1.8,4.9,28.7,10.1,41.3
CN012,95.0,100.0,1.0,66.0,33.0,18.2,1.6,24.8,1.7,4.4,56.0,17.2,39.8
CN013,0.0,21.0,1.0,73.0,26.0,18.2,1.3,23.3,2.0,7.7,55.2,29.3,31.9
CN013,21.0,27.0,1.0,74.0,25.0,18.2,1.4,23.5,1.6,2.3,55.2,19.9,37.1
CN013,27.0,52.0,1.0,73.0,26.0,18.2,1.5,27.7,1.6,4.2,55.4,13.0,43.7
CN013,52.0,65.0,0.9,64.0,36.0,18.2,1.6,25.2,1.8,5.6,55.1,15.6,42.1
CN013,65.0,102.0,0.8,59.0,41.0,18.2,1.5,17.3,2.2,4.7,55.1,19.0,37.4
CN013,102.0,120.0,0.5,58.0,42.0,18.2,1.1,23.1,2.1,10.3,54.9,23.2,33.1
CN014,0.0,6.0,10.0,51.0,39.0,18.2,1.4,18.9,1.8,7.2,31.1,23.6,20.8
CN014,6.0,25.0,8.0,53.0,39.0,18.2,1.4,19.2,2.1,9.1,31.1,23.5,34.4
CN014,25.0,39.0,9.0,54.0,37.0,18.2,1.4,16.8,2.1,7.7,31.6,16.8,27.5
CN014,39.0,60.0,8.0,51.0,41.0,18.2,1.5,19.3,1.8,9.2,31.0,27.6,27.6
CN014,60.0,80.0,8.0,54.0,38.0,18.2,1.7,19.9,2.1,7.2,31.0,24.1,20.8
CN014,80.0,113.0,6.0,55.0,39.0,18.2,1.6,19.0,1.7,12.7,31.0,28.9,27.4
CN014,113.0,130.0,10.0,52.0,38.0,18.2,1.9,19.8,2.0,8.6,25.7,23.9,20.2
CN014,130.0,150.0,11.0,52.0,37.0,18.2,1.5,22.7,1.9,8.7,37.4,21.7,43.1
CN015,0.0,10.0,9.0,47.0,44.0,18.2,1.4,19.3,1.8,8.5,56.0,20.3,46.3
CN015,10.0,25.0,7.0,43.0,50.0,18.2,1.5,16.2,1.9,8.5,53.6,19.9,37.2
CN015,25.0,50.0,5.0,49.0,46.0,18.2,1.6,17.2,1.8,8.5,30.5,20.3,40.1
CN015,50.0,70.0,7.0,59.0,34.0,18.2,2.0,18.1,1.8,8.5,46.8,19.9,40.9
CN016,0.0,7.0,5.0,26.0,69.0,18.2,0.9,19.9,1.6,10.2,53.6,17.2,41.7
CN016,7.0,20.0,5.0,24.0,71.0,18.2,0.9,15.6,2.0,6.7,48.3,18.6,48.0
CN016,20.0,44.0,3.0,17.0,80.0,18.2,0.9,17.8,2.1,7.2,48.3,16.8,41.7
CN016,44.0,66.0,2.0,13.0,85.0,18.2,0.9,17.9,2.1,7.3,52.5,27.8,33.0
CN016,66.0,97.0,2.0,13.0,85.0,18.2,0.9,17.9,2.1,3.6,48.1,13.4,43.8
CN016,97.0,120.0,3.0,13.0,84.0,18.2,0.9,17.3,1.8,6.9,39.2,7.5,42.3
CN017,0.0,5.0,57.0,12.0,31.0,2.0,1.3,17.1,1.6,8.8,21.2,21.5,24.3
CN017,5.0,20.0,48.0,11.0,41.0,2.0,1.4,17.1,1.8,9.7,27.1,22.6,32.4
CN017,25.0,50.0,47.0,13.0,40.0,3.0,1.3,17.3,1.6,9.6,27.1,21.1,48.6
CN017,50.0,60.0,46.0,15.0,39.0,6.0,1.0,18.1,1.6,5.3,33.5,21.6,23.8
CN017,60.0,80.0,45.0,16.0,39.0,8.0,1.5,16.7,1.9,10.9,27.4,19.6,24.4
CN017,80.0,120.0,43.0,23.0,34.0,7.0,1.5,16.8,1.8,9.1,25.2,21.2,27.1
CN017,120.0,150.0,42.0,29.0,29.0,4.0,1.5,15.6,2.0,11.6,30.5,21.2,48.0
CN018,0.0,18.0,57.0,20.0,23.0,10.8,1.2,24.1,1.9,7.8,37.3,13.9,24.4
CN018,18.0,35.0,59.0,20.0,21.0,3.0,1.5,19.9,1.8,7.9,32.6,5.9,30.4
CN018,35.0,45.0,55.0,21.0,24.0,19.0,1.3,23.8,1.8,10.7,29.2,13.7,34.1
CN018,45.0,70.0,57.0,20.0,23.0,10.8,1.4,27.4,2.1,9.9,49.4,11.3,48.6
CN018,70.0,100.0,59.0,21.0,20.0,10.7,1.2,23.5,2.1,3.6,36.6,19.7,34.6
CN018,100.0,120.0,73.0,19.0,8.0,10.7,1.1,23.8,2.0,6.9,36.8,5.4,34.0
CN019,0.0,21.0,1.0,72.0,27.0,18.2,1.4,28.0,2.0,8.9,35.9,9.4,36.1
CN019,21.0,30.0,1.0,72.0,27.0,18.2,1.5,27.6,2.4,8.3,44.9,18.7,49.8
CN019,30.0,70.0,1.0,71.0,28.0,18.2,1.5,29.1,1.9,10.4,41.5,22.7,36.5
CN019,70.0,81.0,1.0,65.0,34.0,18.2,1.5,28.4,2.1,8.7,21.2,18.6,24.4
CN019,81.0,114.0,1.0,65.0,34.0,18.2,1.1,29.3,2.0,8.4,36.3,18.8,36.6
CN019,114.0,138.0,1.0,73.0,26.0,18.2,0.9,27.4,2.1,9.5,42.7,18.2,30.2
CN019,138.0,200.0,2.0,75.0,23.0,18.2,0.9,27.6,1.9,8.5,48.1,18.5,41.1
CN019,200.0,250.0,1.0,78.0,21.0,18.2,1.8,26.2,1.6,8.2,20.9,18.5,36.2
CN019,250.0,300.0,2.0,74.0,24.0,18.2,1.2,28.0,1.7,4.6,33.2,23.7,36.6
CN020,0.0,25.0,5.0,79.0,16.0,18.2,1.2,13.5,1.9,12.3,25.5,11.0,47.4
CN020,25.0,62.0,5.0,80.0,15.0,18.2,1.1,13.6,1.9,13.6,25.4,22.1,36.2
CN020,62.0,101.0,5.0,79.0,16.0,18.2,1.0,13.3,1.6,12.0,24.9,14.4,35.9
CN020,101.0,150.0,6.0,80.0,14.0,18.2,1.2,10.1,1.3,12.7,25.2,6.0,27.1
CN020,150.0,190.0,6.0,80.0,14.0,18.2,1.2,16.2,1.9,13.2,25.4,13.5,32.8
CN021,0.0,28.0,6.0,74.0,20.0,43.4,1.3,13.3,1.7,7.0,40.7,19.0,37.0
CN021,28.0,54.0,6.0,73.0,21.0,43.7,1.2,19.4,1.6,5.6,39.0,22.2,29.7
CN021,54.0,100.0,7.0,71.0,22.0,43.1,1.2,22.1,1.9,12.5,58.6,11.9,37.0
CN021,100.0,110.0,61.0,29.0,10.0,67.0,0.9,25.6,2.2,8.0,41.1,14.6,43.7
CN021,110.0,135.0,17.0,66.0,17.0,1.0,0.9,19.9,2.1,2.2,34.5,6.1,36.5
CN021,135.0,160.0,83.0,6.0,11.0,62.0,1.1,14.3,2.0,7.3,31.8,14.9,37.0
CN022,0.0,6.0,14.0,70.0,16.0,18.2,1.4,18.8,2.1,8.6,32.2,28.9,23.5
CN022,6.0,36.0,12.0,74.0,14.0,18.2,1.4,18.8,2.0,7.0,31.6,28.7,32.7
CN022,36.0,77.0,22.0,62.0,16.0,18.2,1.4,19.2,1.7,11.6,32.0,29.0,31.8
CN022,77.0,125.0,14.0,67.0,19.0,18.2,1.6,19.1,1.4,6.3,31.8,28.7,40.9
CN022,125.0,160.0,24.0,56.0,20.0,18.2,1.6,19.5,1.8,8.1,32.2,28.6,32.6
CN023,0.0,12.0,6.0,57.0,37.0,18.2,1.2,21.2,2.0,10.3,30.3,11.2,42.7
CN023,12.0,28.0,7.0,55.0,38.0,18.2,1.2,11.3,1.6,11.9,20.4,7.9,45.7
CN023,28.0,50.0,8.0,59.0,33.0,18.2,1.5,20.8,1.8,8.8,30.3,11.5,49.3
CN023,50.0,96.0,17.0,52.0,31.0,18.2,1.5,22.7,1.4,11.9,22.0,7.9,46.2
CN023,96.0,150.0,2.0,45.0,53.0,18.2,1.4,28.2,1.8,9.7,47.3,17.3,45.5
CN024,0.0,8.0,18.0,66.0,16.0,72.6,0.8,24.6,1.5,5.3,41.9,8.4,30.6
CN024,8.0,25.0,16.4,70.1,13.4,73.0,0.6,25.3,2.2,2.9,45.1,18.4,23.9
CN024,25.0,44.0,15.0,76.0,9.0,72.9,1.0,22.0,1.7,7.4,47.8,17.9,30.4
CN024,44.0,65.0,14.0,74.0,12.0,72.7,1.2,27.9,1.9,4.5,44.5,19.4,36.7
CN024,65.0,125.0,19.0,66.0,15.0,72.6,1.0,24.7,2.1,5.2,45.1,25.0,29.8
CN025,0.0,50.0,96.0,1.0,3.0,18.2,1.6,20.8,1.8,8.5,40.5,17.8,39.0
CN025,50.0,100.0,96.0,1.0,3.0,18.2,1.6,20.8,2.1,8.5,40.5,17.8,21.3
CN026,0.0,5.0,74.0,7.0,19.0,18.2,1.7,19.3,2.1,2.9,35.2,14.2,41.8
CN026,5.0,20.0,69.0,6.0,25.0,18.2,1.4,19.5,2.0,8.5,42.5,18.5,39.9
CN026,20.0,40.0,60.0,8.0,32.0,18.2,0.9,12.9,2.2,6.1,20.9,9.9,38.7
CN026,40.0,100.0,54.0,9.0,37.0,18.2,1.4,17.3,1.8,6.2,35.5,13.9,46.5
CN026,100.0,150.0,53.0,10.0,37.0,18.2,1.4,18.7,1.7,6.3,42.5,14.2,39.3
CN026,150.0,180.0,55.0,10.0,35.0,18.2,1.4,27.0,1.8,6.4,35.0,13.9,28.1
CN027,0.0,20.0,11.0,12.0,77.0,18.2,1.1,28.3,1.5,4.1,60.0,14.0,38.9
CN027,20.0,50.0,9.0,9.0,82.0,18.2,1.2,29.9,1.5,8.2,22.9,14.4,33.9
CN027,50.0,80.0,7.0,12.0,81.0,18.2,1.0,24.5,1.5,4.3,41.2,22.2,34.4
CN027,80.0,120.0,8.0,11.0,81.0,18.2,1.0,28.5,1.5,5.2,41.5,13.5,33.5
CN027,120.0,200.0,7.0,15.0,78.0,18.2,1.1,27.8,1.5,7.8,42.0,13.6,29.0
CN027,200.0,300.0,6.0,17.0,77.0,18.2,1.1,29.8,1.5,3.7,41.0,5.6,33.7
CN028,0.0,11.0,55.0,18.0,27.0,18.2,1.7,17.8,2.0,6.8,25.6,27.3,32.9
CN028,11.0,22.0,52.0,21.0,27.0,18.2,1.2,17.3,1.6,7.5,37.6,11.1,22.9
CN028,22.0,46.0,45.0,20.0,35.0,18.2,1.4,19.3,2.1,6.8,40.9,6.2,32.7
CN028,46.0,80.0,42.0,16.0,42.0,18.2,1.5,17.7,1.8,8.5,25.0,13.4,48.0
CN028,80.0,140.0,40.0,19.0,41.0,18.2,1.3,15.8,2.1,3.7,32.7,14.9,24.2
CN028,140.0,200.0,41.0,18.0,41.0,18.2,1.5,17.8,1.6,6.2,31.9,14.4,35.2
CN029,0.0,6.0,56.0,11.0,33.0,18.2,0.9,20.8,1.9,8.5,32.6,16.8,39.9
CN029,6.0,30.0,51.0,12.0,37.0,18.2,0.9,20.8,2.1,8.5,38.8,8.8,31.5
CN029,30.0,45.0,52.0,11.0,37.0,18.2,0.9,20.8,1.9,8.5,27.8,28.8,40.3
CN029,45.0,110.0,42.0,13.0,45.0,18.2,0.9,20.8,2.2,8.5,32.2,19.7,40.0
CN029,110.0,140.0,45.0,23.0,32.0,18.2,0.9,20.8,2.4,8.5,32.7,26.3,48.6
CN029,140.0,180.0,48.0,22.0,30.0,18.2,0.9,20.8,2.1,8.5,30.3,20.3,40.2
CN030,0.0,7.0,19.0,43.0,38.0,18.2,1.1,16.5,1.9,7.1,45.4,19.4,35.5
CN030,7.0,22.0,18.0,43.0,39.0,18.2,1.4,17.1,2.0,4.2,45.7,19.2,43.7
CN030,22.0,45.0,13.0,40.0,47.0,18.2,1.7,13.7,1.9,6.9,34.5,12.3,47.5
CN030,45.0,95.0,12.0,36.0,52.0,18.2,1.2,30.0,1.7,4.6,33.2,19.0,39.1
CN030,95.0,150.0,11.0,36.0,53.0,18.2,1.3,17.7,1.8,3.8,45.7,27.6,38.4
CN030,150.0,220.0,10.0,36.0,54.0,18.2,1.5,14.8,1.8,7.1,59.0,19.2,31.7
CN030,220.0,300.0,7.0,39.0,54.0,18.2,1.4,13.5,1.6,9.4,45.3,19.3,39.6
CN030,300.0,350.0,8.0,39.0,53.0,18.2,1.6,14.5,2.0,7.7,54.4,19.9,39.0
CN030,350.0,450.0,10.0,43.0,47.0,18.2,1.1,17.3,1.9,11.6,45.3,18.7,39.8
CN031,0.0,8.0,54.0,17.0,29.0,18.2,1.0,22.2,1.7,11.1,42.0,14.6,29.0
CN031,8.0,22.0,46.0,23.0,31.0,18.2,1.4,25.6,1.6,12.1,42.5,7.4,46.5
CN031,22.0,46.0,43.0,20.0,37.0,18.2,1.8,29.6,2.2,8.5,42.5,18.5,38.0
CN031,46.0,95.0,41.0,20.0,39.0,18.2,1.4,12.7,1.9,14.5,42.5,20.8,38.5
CN031,95.0,140.0,42.0,19.0,39.0,18.2,1.4,23.0,2.1,11.4,42.5,15.7,38.1
CN031,140.0,180.0,45.0,18.0,37.0,18.2,1.4,23.0,2.0,10.7,42.9,11.4,39.8
CN032,0.0,5.0,74.0,11.0,15.0,18.2,1.6,19.4,2.1,12.7,31.6,19.7,39.4
CN032,5.0,30.0,63.0,13.0,24.0,18.2,1.6,19.4,2.0,10.8,28.6,20.5,39.0
CN032,30.0,65.0,64.0,13.0,23.0,18.2,1.4,26.6,2.0,10.4,31.4,19.8,39.2
CN032,65.0,100.0,71.0,11.0,18.0,18.2,1.5,19.6,2.2,4.7,31.9,19.0,45.7
CN032,100.0,120.0,79.0,16.0,5.0,18.2,1.5,12.7,2.4,14.5,34.2,20.8,32.2
CN033,0.0,18.0,64.0,23.0,13.0,18.2,1.4,20.3,2.1,13.4,48.9,13.8,29.3
CN033,18.0,30.0,44.0,27.0,29.0,18.2,1.2,20.0,2.0,9.6,44.5,13.4,38.8
CN033,30.0,70.0,28.0,33.0,39.0,18.2,1.4,19.8,2.0,8.8,52.8,17.4,29.4
CN033,70.0,110.0,38.0,30.0,32.0,18.2,1.4,20.3,2.1,9.5,43.8,9.5,29.5
CN033,110.0,140.0,62.0,21.0,17.0,18.2,1.8,11.5,2.0,10.2,44.2,13.3,29.4
CN033,140.0,170.0,63.0,14.0,23.0,18.2,1.8,27.7,1.6,7.6,39.0,13.9,29.1
CN033,170.0,200.0,62.0,14.0,24.0,18.2,1.4,19.8,2.3,4.0,25.7,13.5,20.2
CN033,200.0,240.0,73.0,18.0,9.0,18.2,1.0,21.0,1.6,10.6,53.6,13.7,29.4
CN034,0.0,11.0,12.0,62.0,26.0,18.2,1.2,26.8,2.1,11.8,36.4,7.5,29.6
CN034,11.0,50.0,3.0,44.0,53.0,18.2,1.3,27.3,2.1,13.5,44.7,11.8,27.2
CN034,50.0,90.0,3.0,44.0,53.0,18.2,1.0,26.9,1.9,12.2,35.9,11.7,49.4
CN034,90.0,145.0,5.0,44.0,51.0,18.2,1.5,26.4,1.7,11.8,27.1,11.4,28.6
CN034,190.0,200.0,7.0,46.0,47.0,18.2,1.4,26.6,2.2,10.1,36.1,15.1,34.1
CN035,0.0,10.0,26.0,35.0,39.0,18.2,0.9,19.8,1.5,4.3,57.3,20.4,49.6
CN035,10.0,25.0,26.0,38.0,36.0,18.2,0.9,18.0,1.9,12.3,22.3,20.4,49.5
CN035,25.0,80.0,49.0,28.0,23.0,18.2,0.9,21.9,2.0,8.2,38.1,12.1,49.9
CN035,80.0,100.0,61.0,26.0,13.0,18.2,0.9,20.4,2.3,8.7,39.9,29.0,49.5
CN036,0.0,8.0,42.0,28.0,30.0,18.2,1.1,18.8,1.9,2.3,43.9,11.7,22.1
CN036,15.0,45.0,38.0,26.0,36.0,18.2,0.9,18.6,1.7,2.6,48.1,11.6,21.6
CN036,45.0,80.0,75.0,17.0,8.0,18.2,0.7,18.6,2.0,2.1,46.3,11.4,21.7
CN037,0.0,15.0,33.0,22.0,45.0,18.2,0.8,20.7,1.9,4.5,33.3,13.7,27.9
CN037,15.0,45.0,27.0,19.0,54.0,18.2,1.2,20.6,2.1,4.4,23.3,23.0,46.6
CN037,45.0,65.0,34.0,25.0,41.0,18.2,1.0,16.8,1.8,4.6,32.8,16.8,31.8
CN037,65.0,90.0,27.0,16.0,57.0,18.2,1.2,23.3,2.4,4.5,37.5,17.7,31.8
CN037,90.0,110.0,46.0,16.0,38.0,18.2,1.2,21.0,1.8,4.5,38.6,17.7,21.6
CN038,0.0,20.0,18.0,40.0,42.0,18.2,0.7,10.1,2.4,5.8,54.4,20.1,34.4
CN038,20.0,50.0,19.0,41.0,40.0,18.2,0.7,17.3,1.7,7.4,47.8,18.8,33.6
CN038,50.0,70.0,21.0,41.0,38.0,18.2,1.3,17.8,2.0,5.2,57.4,22.7,33.6
CN038,70.0,90.0,29.0,52.0,19.0,18.2,1.0,25.4,2.0,3.8,49.4,25.0,24.9
CN038,90.0,120.0,47.0,40.0,13.0,18.2,0.7,17.3,2.3,5.6,39.2,7.5,42.3
CN039,0.0,10.0,33.0,23.0,44.0,18.2,1.0,23.7,1.7,13.9,35.4,27.3,29.5
CN039,10.0,18.0,35.0,21.0,44.0,18.2,1.4,28.6,2.1,13.7,36.9,20.2,36.1
CN039,18.0,40.0,34.0,21.0,45.0,18.2,1.3,23.8,2.0,13.5,22.1,20.5,29.2
CN039,40.0,60.0,34.0,22.0,44.0,18.2,0.8,27.7,2.2,13.7,35.3,20.4,22.6
CN039,60.0,100.0,31.0,24.0,45.0,18.2,1.2,23.9,2.3,13.5,37.0,12.7,33.1
CN039,100.0,140.0,32.0,21.0,47.0,18.2,1.2,28.0,1.9,13.8,37.3,19.5,29.3
CN039,140.0,200.0,34.0,21.0,45.0,18.2,1.4,11.5,2.1,14.1,55.9,19.6,25.1
CN040,0.0,5.0,17.0,37.0,46.0,18.2,1.3,24.6,2.1,8.0,42.3,20.9,38.2
CN040,10.0,20.0,17.0,31.0,52.0,18.2,1.4,24.3,1.6,11.9,20.4,22.1,34.9
CN040,25.0,50.0,13.0,31.0,56.0,18.2,1.3,24.0,2.3,8.1,42.2,22.6,37.7
CN040,50.0,80.0,18.0,27.0,55.0,18.2,1.5,24.4,1.4,4.7,55.1,22.2,38.0
CN040,80.0,110.0,17.0,25.0,58.0,18.2,1.5,24.4,1.9,7.9,53.6,22.2,37.7
CN040,110.0,165.0,61.0,27.0,12.0,18.2,1.5,24.2,2.0,8.1,40.1,22.2,41.5
CN041,0.0,8.0,46.0,18.0,36.0,18.2,1.7,23.1,2.0,9.7,43.6,27.2,37.1
CN041,8.0,20.0,42.0,18.0,40.0,18.2,0.8,24.1,2.6,9.7,43.3,14.8,36.9
CN041,20.0,36.0,35.0,17.0,48.0,18.2,1.5,27.4,2.1,9.2,43.5,10.7,48.6
CN041,36.0,55.0,43.0,17.0,40.0,18.2,1.6,29.9,2.1,8.2,43.8,12.3,37.3
CN041,55.0,75.0,38.0,15.0,47.0,18.2,1.3,23.1,2.0,9.6,32.9,12.2,20.6
CN041,75.0,140.0,33.0,18.0,49.0,18.2,1.0,17.9,2.1,13.1,54.6,9.0,37.3
CN041,140.0,160.0,50.0,25.0,25.0,18.2,1.6,15.8,2.1,7.3,43.8,9.3,42.5
CN041,160.0,220.0,66.0,24.0,10.0,18.2,1.1,23.8,1.6,9.4,44.0,20.7,37.3
CN042,0.0,10.0,10.0,53.0,37.0,18.2,0.9,20.1,1.2,4.1,28.3,24.0,37.4
CN042,10.0,25.0,51.0,29.0,20.0,18.2,0.8,12.8,1.7,2.9,52.1,26.9,37.4
CN042,25.0,45.0,8.0,55.0,37.0,18.2,0.9,26.6,1.2,5.6,43.2,22.2,29.7
CN042,45.0,68.0,23.0,52.0,25.0,18.2,1.2,20.0,1.6,2.2,36.6,19.8,35.6
CN042,68.0,110.0,20.9,44.1,35.0,18.2,1.2,19.5,1.7,3.6,52.3,24.1,46.1
CN042,150.0,200.0,13.0,30.0,57.0,18.2,0.7,19.4,1.7,3.5,47.6,26.8,37.6
CN043,0.0,15.0,16.0,54.0,30.0,18.2,1.3,13.4,1.6,8.5,48.3,17.8,27.2
CN043,15.0,40.0,11.0,56.0,33.0,18.2,1.8,12.6,1.7,8.5,42.4,17.8,27.9
CN043,40.0,65.0,14.0,52.0,34.0,18.2,1.3,14.0,2.1,8.5,57.6,17.8,27.1
CN043,65.0,100.0,15.0,51.0,34.0,18.2,1.4,15.0,2.1,8.5,44.7,17.8,27.2
CN043,100.0,140.0,18.0,49.0,33.0,18.2,1.5,13.5,1.5,8.5,48.0,17.8,27.6
CN044,0.0,25.0,8.0,62.0,30.0,18.2,1.3,17.6,1.8,4.7,26.7,12.4,25.6
CN044,25.0,35.0,4.0,55.0,41.0,18.2,1.1,20.4,2.1,4.6,28.6,11.1,22.9
CN044,35.0,75.0,10.0,57.0,33.0,18.2,1.4,29.0,2.2,5.2,30.3,12.5,45.4
CN044,75.0,120.0,8.0,53.0,39.0,18.2,1.3,15.3,2.2,3.3,27.2,13.3,34.1
CN044,120.0,140.0,11.0,55.0,34.0,18.2,0.9,20.9,1.8,6.5,27.8,12.3,42.2
CN045,0.0,15.0,19.0,59.0,22.0,18.2,1.0,29.1,2.1,7.9,33.3,21.3,36.5
CN045,20.0,30.0,7.0,57.0,36.0,18.2,1.4,25.7,2.6,10.7,27.7,22.8,36.4
CN045,30.0,75.0,7.0,59.0,34.0,18.2,1.5,22.3,1.8,6.7,27.5,9.2,36.9
CN045,75.0,100.0,8.0,56.0,36.0,18.2,1.0,25.5,2.2,6.1,32.6,10.1,35.1
CN045,100.0,120.0,55.0,15.0,30.0,18.2,1.5,25.5,2.4,7.7,43.7,15.8,36.3
CN046,0.0,15.0,6.0,62.0,32.0,18.2,1.3,19.4,1.9,4.2,59.5,12.2,42.5
CN046,15.0,30.0,10.0,68.0,22.0,18.2,1.4,21.7,2.0,3.8,36.0,16.3,44.0
CN046,30.0,85.0,2.0,44.0,54.0,18.2,1.4,15.6,1.6,3.4,30.5,11.4,41.7
CN046,85.0,110.0,1.0,46.0,53.0,18.2,1.8,17.2,1.8,3.8,42.3,11.8,47.7
CN046,110.0,150.0,1.0,52.0,47.0,18.2,1.7,24.6,1.9,3.6,42.1,7.5,34.4
CN047,0.0,14.0,25.0,43.0,32.0,18.2,1.0,18.0,2.0,12.3,52.6,24.4,29.6
CN047,14.0,35.0,23.0,41.0,36.0,18.2,1.3,19.4,1.3,13.1,52.5,21.9,32.4
CN047,35.0,60.0,16.0,44.0,40.0,18.2,1.3,22.8,1.7,13.0,59.0,23.2,32.4
CN047,60.0,90.0,13.0,47.0,40.0,18.2,1.6,20.0,2.1,14.5,54.4,20.1,34.4
CN047,90.0,140.0,9.0,51.0,40.0,18.2,0.9,18.6,1.8,11.2,44.1,19.6,32.2
CN048,0.0,15.0,18.0,46.0,36.0,18.2,1.6,18.7,2.2,7.2,29.4,8.0,35.7
CN048,15.0,22.0,17.0,46.0,37.0,18.2,1.2,18.7,1.6,5.5,42.2,11.0,28.0
CN048,22.0,35.0,17.0,46.0,37.0,18.2,0.8,17.9,2.2,5.9,45.9,6.8,31.8
CN048,35.0,80.0,13.0,49.0,38.0,18.2,1.1,18.2,2.1,7.4,55.3,9.9,39.5
CN048,80.0,135.0,11.0,53.0,36.0,18.2,1.3,17.7,1.5,3.9,43.1,11.1,43.8
CN048,135.0,220.0,15.0,56.0,29.0,18.2,1.3,17.9,1.7,5.0,39.8,21.0,35.9
CN049,0.0,25.0,8.0,66.0,26.0,18.2,1.3,16.9,2.2,5.6,45.9,6.8,31.8
CN049,25.0,55.0,4.0,77.0,19.0,18.2,1.6,24.5,2.6,4.3,37.2,22.2,34.0
CN049,55.0,100.0,2.0,61.0,37.0,18.2,1.6,16.0,2.1,7.9,26.5,16.9,34.1
CN049,100.0,180.0,1.0,62.0,37.0,18.2,1.8,20.9,1.9,5.7,37.6,16.9,41.3
CN049,180.0,220.0,1.0,64.0,35.0,18.2,1.4,26.6,2.5,5.6,39.0,22.2,29.7
CN050,0.0,30.0,8.0,54.0,38.0,18.2,1.3,22.0,1.7,7.4,47.8,27.0,27.7
CN050,30.0,70.0,7.0,52.0,41.0,18.2,1.2,24.9,1.4,7.4,40.7,25.0,36.3
CN050,70.0,110.0,4.0,60.0,36.0,18.2,1.4,29.9,1.7,7.7,42.9,25.9,36.5
CN050,110.0,150.0,2.0,68.0,30.0,18.2,1.1,25.2,1.7,7.3,30.3,16.9,45.4
CN051,0.0,20.0,85.0,9.0,6.0,18.2,0.9,14.4,1.9,3.0,56.6,9.3,35.0
CN051,20.0,50.0,87.0,9.0,4.0,18.2,0.9,14.5,1.5,3.1,54.4,29.3,35.0
CN051,50.0,110.0,92.0,6.0,2.0,18.2,0.9,15.1,1.5,2.7,55.3,18.9,35.0
CN052,0.0,13.0,21.0,19.0,60.0,18.2,1.2,10.9,1.8,9.3,46.5,25.2,35.0
CN052,13.0,35.0,24.0,18.0,58.0,18.2,1.3,10.6,2.0,9.2,38.4,25.5,35.0
CN052,35.0,85.0,7.0,20.0,73.0,18.2,1.1,10.8,2.1,8.8,30.5,25.4,35.0
CN052,85.0,280.0,6.0,9.0,85.0,18.2,1.5,10.5,2.2,8.6,38.8,24.8,35.0
CN053,0.0,40.0,35.0,31.0,34.0,18.2,1.1,29.1,1.9,6.2,41.5,22.7,36.2
CN053,40.0,70.0,34.0,29.0,37.0,18.2,1.2,25.3,1.7,4.2,53.6,29.0,49.8
CN053,70.0,98.0,35.0,28.0,37.0,18.2,1.1,24.0,2.2,6.9,45.6,22.3,39.9
CN053,98.0,175.0,33.0,27.0,40.0,18.2,1.4,26.8,1.8,9.4,55.8,15.6,39.5
CN053,175.0,260.0,32.0,28.0,40.0,18.2,0.8,10.4,1.7,6.8,50.4,22.2,29.6
CN053,260.0,355.0,33.0,30.0,37.0,18.2,0.8,29.9,1.7,5.8,23.5,22.6,36.2
CN053,355.0,420.0,45.0,43.0,12.0,18.2,1.0,24.1,1.7,6.0,49.0,22.6,23.8
CN054,0.0,17.0,32.0,17.0,51.0,18.2,1.1,20.1,1.8,11.1,51.6,29.6,38.8
CN054,17.0,40.0,26.0,15.0,59.0,18.2,1.4,18.3,1.8,11.4,54.2,29.2,41.1
CN054,40.0,55.0,31.0,17.0,52.0,18.2,1.4,19.8,2.0,11.5,56.6,28.5,41.3
CN054,55.0,80.0,47.0,15.0,38.0,18.2,1.4,21.0,1.7,10.6,53.6,28.7,37.6
CN055,0.0,10.0,57.0,18.0,25.0,18.2,1.6,23.3,2.0,6.9,52.6,22.0,31.2
CN055,10.0,28.0,40.0,27.0,33.0,18.2,1.9,23.5,1.6,6.7,30.8,6.2,30.0
CN055,28.0,46.0,13.0,32.0,55.0,18.2,1.5,23.8,1.9,6.8,46.7,6.4,29.4
CN055,46.0,119.0,12.0,45.0,43.0,18.2,1.5,23.1,2.0,6.6,43.8,6.7,28.2
CN056,0.0,15.0,6.0,36.0,58.0,18.2,1.3,14.5,2.1,6.1,43.3,14.8,22.4
CN056,15.0,50.0,2.0,31.0,67.0,18.2,1.1,17.2,2.1,7.4,55.3,21.8,22.9
CN056,50.0,110.0,4.0,37.0,59.0,18.2,1.1,17.8,2.2,2.9,24.2,21.4,22.6
CN056,110.0,140.0,6.0,42.0,52.0,18.2,1.6,20.3,2.2,3.4,43.1,26.8,23.1
CN056,140.0,155.0,6.0,47.0,47.0,18.2,1.5,17.9,2.3,3.3,50.6,23.5,22.7
CN057,0.0,10.0,1.0,25.0,74.0,18.2,1.2,17.4,1.9,6.9,33.8,27.2,49.6
CN057,10.0,38.0,1.0,22.0,77.0,18.2,1.2,13.5,2.2,7.2,59.7,27.2,37.4
CN057,38.0,110.0,2.0,24.0,74.0,18.2,1.1,20.8,1.7,6.6,38.5,27.6,24.4
CN057,110.0,250.0,2.0,15.0,83.0,18.2,1.3,18.0,2.5,7.3,22.3,26.7,36.6
CN058,0.0,35.0,10.0,44.0,46.0,18.2,1.2,27.4,2.0,3.8,48.0,25.0,33.9
CN058,35.0,115.0,7.0,23.0,70.0,18.2,1.2,27.4,2.1,9.5,42.7,9.5,30.2
CN058,115.0,140.0,7.0,24.0,69.0,18.2,1.3,26.9,1.6,10.6,53.6,6.5,37.6
CN059,0.0,25.0,21.0,53.0,26.0,18.2,1.5,26.8,2.1,8.5,48.1,17.8,35.0
CN059,25.0,40.0,22.0,52.0,26.0,18.2,1.4,26.8,1.7,8.5,48.6,17.8,35.0
CN060,0.0,20.0,12.0,43.0,45.0,18.2,1.4,14.1,2.4,14.2,23.4,24.6,35.0
CN060,20.0,55.0,18.0,47.0,35.0,18.2,1.4,13.9,2.1,14.5,28.7,20.5,35.0
CN060,55.0,105.0,16.0,65.0,19.0,18.2,1.3,13.6,1.8,14.8,39.0,9.5,35.0
CN060,105.0,120.0,23.0,52.0,25.0,18.2,1.7,14.1,2.0,14.4,30.8,27.2,35.0
CO045,0.0,24.0,42.0,16.0,42.0,18.2,0.9,20.0,1.9,10.2,46.6,28.1,26.0
CO045,24.0,47.0,42.0,24.0,34.0,18.2,0.9,19.8,2.1,13.3,33.3,27.8,49.1
CO045,47.0,74.0,38.0,16.0,46.0,18.2,0.9,19.7,2.1,12.4,43.0,27.8,37.8
CO045,74.0,100.0,37.0,15.0,48.0,18.2,0.9,19.9,2.0,11.3,43.2,28.1,37.2
CO045,100.0,180.0,35.0,17.0,48.0,18.2,0.9,20.0,2.3,10.1,50.0,28.2,37.5
CO046,0.0,12.0,18.0,28.0,54.0,18.2,0.9,27.4,1.6,12.3,27.4,5.4,33.9
CO046,12.0,32.0,16.0,25.0,59.0,18.2,0.9,27.3,1.8,12.4,27.4,5.9,34.1
CO046,32.0,61.0,14.0,24.0,62.0,18.2,0.9,25.4,1.3,14.0,27.9,5.3,36.0
CO046,61.0,100.0,15.0,25.0,60.0,18.2,0.9,27.3,1.7,10.8,27.3,6.0,35.3
CO046,100.0,170.0,13.0,23.0,64.0,18.2,0.9,30.0,1.7,12.6,33.2,6.2,34.2
CO046,170.0,250.0,13.0,20.0,67.0,18.2,0.9,27.5,1.9,12.4,21.8,5.8,31.8
CO047,0.0,16.0,59.0,27.0,14.0,18.2,1.5,10.3,2.0,12.1,40.5,16.2,30.3
CO047,16.0,40.0,50.0,32.0,18.0,18.2,1.7,9.6,1.8,12.6,20.5,26.7,29.0
CO047,40.0,60.0,47.0,34.0,19.0,18.2,1.6,10.5,2.1,11.7,59.7,23.6,29.3
CO047,60.0,90.0,28.0,44.0,28.0,18.2,1.5,10.6,2.0,11.9,40.3,23.1,30.0
CO047,90.0,150.0,19.0,53.0,28.0,18.2,1.6,10.1,2.4,13.9,39.8,27.8,30.1
CO048,0.0,10.0,10.0,50.0,40.0,18.2,0.9,18.3,1.5,4.7,55.8,17.1,39.5
CO048,10.0,35.0,44.0,28.0,28.0,18.2,0.9,17.9,1.7,6.7,44.1,16.7,25.9
CO048,35.0,70.0,48.0,20.0,32.0,18.2,0.9,18.1,2.1,4.8,50.4,16.8,22.2
CO048,70.0,100.0,52.0,19.0,29.0,18.2,0.9,17.8,1.8,2.3,54.9,17.2,30.1
CO048,100.0,150.0,53.0,17.0,30.0,18.2,0.9,17.4,1.7,4.4,48.7,16.7,33.3
CO049,0.0,10.0,42.0,34.0,24.0,18.2,0.9,17.4,1.9,7.0,52.7,29.9,24.1
CO049,10.0,30.0,36.0,34.0,30.0,18.2,0.9,17.7,2.1,9.3,39.9,19.5,46.9
CO049,30.0,50.0,36.0,32.0,32.0,18.2,0.9,24.2,2.1,10.1,40.1,19.4,41.5
CO049,50.0,75.0,32.0,34.0,34.0,18.2,0.9,10.6,2.1,9.7,40.5,18.0,27.8
CO049,75.0,100.0,30.0,34.0,36.0,18.2,0.9,17.7,1.8,9.5,29.4,20.0,20.7
CO049,100.0,150.0,28.0,35.0,37.0,18.2,0.9,17.0,2.2,7.8,46.7,14.6,21.6
CO049,150.0,200.0,46.0,31.0,23.0,18.2,0.9,17.7,2.1,13.4,32.0,16.2,32.8
CO050,0.0,11.0,66.0,18.0,16.0,18.2,1.1,10.5,2.0,8.7,39.2,19.8,31.2
CO050,11.0,29.0,54.0,22.0,24.0,18.2,1.6,20.6,2.2,9.2,39.6,14.2,26.2
CO050,29.0,50.0,49.0,21.0,30.0,18.2,1.2,25.6,1.7,8.0,29.7,24.9,25.6
CO050,50.0,70.0,49.0,21.0,30.0,18.2,1.3,18.5,1.9,7.9,39.7,19.3,26.0
CO050,70.0,100.0,50.0,19.0,31.0,18.2,1.4,18.6,1.8,11.2,44.1,19.8,25.8
CO050,100.0,125.0,48.0,15.0,37.0,18.2,1.4,18.0,2.2,9.1,40.6,19.4,25.8
CO050,125.0,150.0,43.0,17.0,40.0,18.2,0.9,19.1,2.1,9.3,47.3,19.5,20.8
CO051,0.0,20.0,56.0,21.0,23.0,18.2,0.9,22.8,2.0,7.0,55.5,20.5,33.8
CO051,20.0,43.0,48.0,17.0,35.0,18.2,0.9,27.4,1.9,9.9,49.4,10.7,48.6
CO051,43.0,60.0,34.0,16.0,50.0,18.2,0.9,22.4,2.1,14.1,46.7,20.4,30.0
CO051,60.0,85.0,30.0,21.0,49.0,18.2,0.9,23.0,2.1,7.4,47.1,20.4,39.5
CO051,85.0,125.0,34.0,13.0,53.0,18.2,0.9,12.8,2.1,13.0,46.4,21.9,28.2
CO051,125.0,185.0,36.0,14.0,50.0,18.2,0.9,27.7,2.5,10.3,35.3,28.6,22.6
CO052,0.0,8.0,37.0,16.0,47.0,18.2,1.4,22.3,2.1,10.2,55.1,8.3,37.0
CO052,8.0,21.0,29.0,18.0,53.0,18.2,0.8,22.4,1.6,5.1,29.1,20.7,29.8
CO052,21.0,50.0,24.0,16.0,60.0,18.2,1.0,22.4,2.1,13.4,48.9,12.3,34.2
CO052,50.0,75.0,21.0,16.0,63.0,18.2,1.1,17.9,2.1,13.1,38.1,9.0,45.9
CO052,75.0,100.0,19.0,16.0,65.0,18.2,0.7,22.1,2.1,9.6,20.8,12.7,28.8
CO052,100.0,150.0,18.0,20.0,62.0,18.2,1.2,27.1,1.9,7.3,38.2,12.6,46.4
CO053,0.0,10.0,51.0,13.0,36.0,18.2,1.2,25.7,2.0,10.6,56.6,21.6,39.9
CO053,10.0,20.0,44.0,14.0,42.0,18.2,1.1,26.0,2.1,10.4,47.6,26.8,40.0
CO053,20.0,35.0,41.0,14.0,45.0,18.2,1.3,25.6,2.2,8.0,54.9,21.3,43.7
CO053,35.0,55.0,38.0,14.0,48.0,18.2,1.5,25.4,1.8,10.5,59.0,26.1,42.3
CO053,55.0,95.0,37.0,13.0,50.0,18.2,1.2,25.8,2.0,11.9,54.6,21.8,34.8
CO053,95.0,130.0,38.0,15.0,47.0,18.2,1.2,25.6,1.7,10.7,55.8,11.4,40.4
CO054,0.0,5.0,89.0,10.0,1.0,18.2,0.9,11.1,1.3,9.0,29.0,16.9,42.7
CO054,5.0,13.0,89.0,10.0,1.0,18.2,0.9,15.7,1.7,9.5,29.5,24.8,37.4
CO054,13.0,21.0,88.0,11.0,1.0,18.2,0.9,14.2,1.6,13.8,28.9,17.2,38.8
CO054,21.0,50.0,87.0,12.0,1.0,18.2,0.9,15.6,1.4,9.4,29.2,8.8,31.5
CO054,50.0,130.0,88.0,11.0,1.0,18.2,0.9,22.4,1.6,5.1,29.1,16.6,37.4
CO055,0.0,30.0,35.0,42.0,23.0,18.2,0.9,21.5,1.9,5.2,28.9,16.7,34.9
CO055,30.0,57.0,34.0,34.0,32.0,18.2,0.9,21.4,1.8,9.8,29.6,16.5,26.9
CO055,57.0,80.0,32.0,32.0,36.0,18.2,0.9,21.4,1.6,12.1,28.9,16.3,46.5
CO055,80.0,130.0,20.0,41.0,39.0,18.2,0.9,25.5,1.9,6.5,21.8,5.8,31.8
CO055,130.0,150.0,26.0,32.0,42.0,18.2,0.9,16.8,1.8,8.7,37.1,26.0,35.5
CO056,0.0,30.0,53.0,28.0,19.0,18.2,0.5,19.3,2.1,8.9,40.9,6.2,33.9
CO056,30.0,65.0,59.0,22.0,19.0,18.2,0.7,22.2,1.7,9.0,39.9,29.0,29.0
CO056,65.0,88.0,24.0,33.0,43.0,18.2,0.5,17.3,1.8,8.7,35.5,29.0,29.3
CO056,88.0,108.0,19.0,41.0,40.0,18.2,0.2,21.6,2.2,5.8,37.2,27.9,21.5
CO056,108.0,150.0,20.0,45.0,35.0,18.2,0.5,29.6,1.8,12.4,23.2,23.4,31.2
CO057,0.0,12.0,20.0,60.0,20.0,18.2,0.9,13.0,1.7,6.0,20.2,15.4,31.9
CO057,12.0,30.0,15.0,61.0,24.0,18.2,0.9,20.5,1.7,7.8,54.8,8.8,32.5
CO057,30.0,51.0,28.0,55.0,17.0,18.2,0.9,18.5,2.3,12.7,43.3,13.8,32.0
CO057,51.0,78.0,26.0,42.0,32.0,18.2,0.9,11.1,1.5,7.3,41.3,19.9,32.4
CO057,78.0,82.0,27.0,36.0,37.0,18.2,0.9,24.9,1.7,7.7,41.6,23.5,40.5
CO057,82.0,98.0,35.0,37.0,28.0,18.2,0.9,28.3,2.0,7.2,43.1,7.3,33.4
CO057,98.0,120.0,34.0,43.0,23.0,18.2,0.9,20.9,2.0,3.0,56.6,9.3,32.6
CO057,120.0,150.0,36.0,28.0,36.0,18.2,0.9,28.2,1.7,8.9,42.5,13.6,23.0
CO058,0.0,30.0,59.0,32.0,9.0,18.2,0.9,22.5,2.0,8.2,37.2,15.5,30.2
CO058,30.0,50.0,69.0,20.0,11.0,18.2,0.9,29.3,1.4,5.0,39.8,15.2,37.0
CO058,50.0,68.0,50.0,33.0,17.0,18.2,0.9,10.0,1.7,11.7,59.7,15.8,34.3
CO058,68.0,98.0,66.0,19.0,15.0,18.2,0.9,26.8,1.9,9.4,40.1,15.6,39.5
CO058,98.0,150.0,43.0,37.0,20.0,18.2,0.9,25.5,2.0,8.3,21.8,15.5,31.8
CO059,0.0,10.0,41.0,39.0,20.0,18.2,1.0,20.9,1.4,5.1,20.2,15.4,41.9
CO059,10.0,40.0,24.0,44.0,32.0,18.2,1.2,20.9,1.7,4.5,38.0,16.7,31.3
CO059,40.0,77.0,12.0,50.0,38.0,18.2,1.3,18.7,1.7,5.7,29.3,5.1,31.2
CO059,77.0,108.0,5.0,58.0,37.0,18.2,1.4,21.0,2.0,5.1,28.8,18.8,31.5
CO059,108.0,144.0,9.0,50.0,41.0,18.2,0.9,24.0,1.9,4.0,29.4,25.8,20.2
CO060,0.0,5.0,37.0,47.0,16.0,18.2,1.1,11.1,1.8,6.6,59.2,25.5,25.5
CO060,5.0,25.0,31.0,49.0,20.0,18.2,1.2,16.3,1.7,5.9,58.8,26.3,35.4
CO060,25.0,37.0,32.0,47.0,21.0,18.2,1.2,26.4,1.8,6.1,59.1,26.1,31.9
CO060,37.0,65.0,29.0,43.0,28.0,18.2,1.4,11.6,2.0,6.1,58.5,26.3,34.5
CO060,65.0,87.0,17.0,50.0,33.0,18.2,1.7,12.8,1.7,7.0,58.7,26.3,32.2
CO060,87.0,108.0,17.0,47.0,36.0,18.2,0.8,26.3,2.0,5.9,59.1,27.3,20.9
CO060,108.0,120.0,16.0,50.0,34.0,18.2,1.3,18.0,1.9,6.2,58.8,26.1,32.4
CO060,120.0,170.0,27.0,28.0,45.0,18.2,0.7,22.8,1.5,5.9,59.0,26.3,45.0
CO061,0.0,12.0,75.0,22.0,3.0,18.2,0.9,28.9,1.6,5.6,39.0,22.8,38.8
CO061,12.0,19.0,21.0,66.0,13.0,18.2,1.3,28.3,2.0,2.1,42.9,22.1,33.4
CO061,19.0,43.0,37.0,57.0,6.0,18.2,1.2,28.5,2.0,6.9,39.9,22.5,44.2
CO061,43.0,54.0,14.0,77.0,9.0,18.2,1.5,28.7,1.5,6.1,43.3,22.2,42.1
CO061,54.0,79.0,58.0,37.0,5.0,18.2,1.2,28.5,1.8,12.6,39.5,24.0,38.6
CO061,78.0,86.0,12.0,76.0,12.0,18.2,0.8,28.1,2.1,10.6,42.9,26.0,38.8
CO061,86.0,100.0,62.0,33.0,5.0,18.2,1.5,29.0,1.7,4.2,53.6,29.0,49.8
CO061,100.0,103.0,29.0,62.0,9.0,18.2,1.3,28.8,2.1,6.6,43.1,11.1,22.9
CO061,103.0,117.0,49.0,44.0,7.0,18.2,1.2,28.8,1.8,6.6,42.8,22.9,38.6
CO062,0.0,5.0,75.0,14.0,11.0,18.2,1.2,20.3,2.2,7.9,32.5,17.9,20.1
CO062,5.0,15.0,69.0,16.0,15.0,18.2,1.2,22.3,2.1,7.7,21.9,20.4,24.9
CO062,15.0,35.0,62.0,19.0,19.0,18.2,1.4,22.9,1.9,8.0,33.9,17.7,25.1
CO062,35.0,59.0,58.0,18.0,24.0,18.2,1.6,22.9,1.7,10.6,36.4,17.1,23.0
CO062,59.0,86.0,57.0,18.0,25.0,18.2,1.6,20.4,1.4,14.9,52.4,17.5,25.4
CO062,86.0,112.0,56.0,19.0,25.0,18.2,1.6,22.5,2.1,8.8,36.3,21.0,34.1
CO062,112.0,145.0,53.0,19.0,28.0,18.2,1.5,23.0,1.5,2.4,35.7,7.0,25.0
CO062,145.0,180.0,58.0,18.0,24.0,18.2,1.8,26.9,1.8,3.7,39.0,24.6,25.0
CO062,180.0,210.0,32.0,26.0,42.0,18.2,1.5,22.2,1.7,10.6,35.7,17.6,24.2
CO063,0.0,15.0,6.0,56.0,38.0,18.2,1.7,19.5,2.1,5.2,38.6,7.4,32.4
CO063,15.0,35.0,4.0,57.0,39.0,18.2,1.7,19.8,1.8,6.0,40.2,10.1,36.4
CO063,35.0,50.0,4.0,60.0,36.0,18.2,1.7,20.2,2.0,6.7,30.8,6.2,25.3
CO063,50.0,80.0,8.0,58.0,34.0,18.2,1.7,19.8,2.0,5.9,41.4,10.6,33.3
CO063,80.0,99.0,18.0,44.0,38.0,18.2,1.9,19.7,1.6,6.1,43.6,10.7,33.2
CO063,99.0,122.0,18.0,44.0,38.0,18.2,2.0,19.8,2.1,5.6,37.5,5.1,32.8
CO063,122.0,137.0,22.0,49.0,29.0,18.2,1.7,11.5,2.0,6.5,36.1,12.2,20.9
CO063,137.0,159.0,27.0,55.0,18.0,18.2,1.7,20.3,2.3,5.8,32.6,20.3,48.5
CO063,159.0,184.0,54.0,44.0,2.0,18.2,1.6,27.4,1.9,6.1,47.2,10.6,33.0
CO064,0.0,13.0,29.0,62.0,9.0,18.2,0.8,21.2,1.7,2.2,36.6,14.8,35.6
CO064,13.0,30.0,46.0,53.0,1.0,18.2,0.9,20.1,2.5,6.3,28.6,20.5,30.2
CO064,30.0,39.0,82.0,19.0,5.2,18.2,1.0,19.4,1.7,11.4,60.0,11.8,43.6
CO064,39.0,66.0,87.0,14.0,5.3,18.2,1.0,20.1,2.0,5.8,23.4,28.8,36.3
CO064,66.0,82.0,89.0,12.0,4.7,18.2,1.0,26.0,2.4,11.4,43.1,11.8,43.6
CO064,82.0,102.0,87.0,14.0,5.4,18.2,1.0,19.4,2.0,2.5,60.0,18.8,31.1
CO064,102.0,124.0,89.0,12.0,4.8,18.2,1.0,21.4,1.7,5.8,43.5,7.9,20.5
CO064,124.0,137.0,86.0,15.0,4.6,18.2,1.1,19.7,2.0,2.8,43.2,13.4,34.5
CO064,137.0,176.0,91.0,10.0,5.4,18.2,1.2,10.4,2.1,5.9,52.2,6.8,34.6
CO065,0.0,12.0,8.0,50.0,42.0,18.2,1.6,15.2,1.7,7.4,47.8,18.7,33.7
CO065,12.0,30.0,7.0,50.0,43.0,18.2,1.7,17.3,2.3,7.8,58.4,29.0,46.5
CO065,30.0,42.0,5.0,49.0,46.0,18.2,1.8,16.0,1.9,7.3,40.1,22.4,33.8
CO065,42.0,58.0,10.0,52.0,38.0,18.2,1.7,15.8,1.9,3.2,36.4,18.1,34.2
CO065,58.0,75.0,21.0,56.0,23.0,18.2,1.6,15.4,2.1,7.2,37.1,7.4,34.4
CO065,75.0,82.0,9.0,80.0,11.0,18.2,1.5,15.8,1.6,11.3,23.0,25.8,28.0
CO065,82.0,92.0,25.0,35.0,40.0,18.2,1.4,18.6,1.8,7.1,40.6,19.0,24.6
CO065,92.0,102.0,16.0,44.0,40.0,18.2,1.6,10.9,2.0,7.3,40.3,17.4,34.5
CO065,102.0,128.0,29.0,39.0,32.0,18.2,1.8,15.3,1.4,7.2,40.2,9.2,37.7
CO066,0.0,8.0,7.0,22.0,71.0,18.2,1.4,19.1,1.8,11.2,43.3,19.6,35.8
CO066,8.0,17.0,7.0,21.0,72.0,18.2,1.5,12.9,2.1,2.5,43.3,18.6,36.1
CO066,17.0,30.0,7.0,17.0,76.0,18.2,1.4,21.6,1.9,7.5,46.1,18.4,35.6
CO066,30.0,46.0,6.0,14.0,80.0,18.2,1.3,18.4,1.8,10.9,43.5,19.1,36.5
CO066,46.0,67.0,3.0,10.0,87.0,18.2,1.3,21.1,2.0,8.6,32.9,19.2,37.8
CO066,67.0,98.0,2.0,8.0,90.0,18.2,1.3,18.9,1.9,8.0,43.3,24.7,36.2
CO066,98.0,124.0,2.0,8.0,90.0,18.2,1.3,19.1,2.0,8.0,56.8,23.3,34.8
CO066,124.0,152.0,1.0,7.0,92.0,18.2,1.3,14.1,1.9,10.8,46.5,9.2,37.7
CO066,152.0,180.0,2.0,10.0,88.0,18.2,1.3,24.5,2.0,4.3,33.9,19.1,33.9
CO067,0.0,10.0,32.0,52.0,16.0,2.3,1.0,18.9,2.1,9.4,46.3,18.2,21.3
CO067,10.0,23.0,31.0,55.0,14.0,2.4,1.0,25.2,2.4,9.1,41.6,13.6,29.9
CO067,23.0,36.0,45.0,45.0,10.0,2.2,1.0,13.0,2.2,3.0,56.6,9.3,34.7
CO067,36.0,43.0,55.0,38.0,7.0,2.8,1.0,19.4,2.2,8.7,46.2,17.9,29.5
CO067,43.0,56.0,14.0,65.0,21.0,2.5,1.0,18.5,1.9,9.0,46.8,14.5,29.5
CO067,56.0,66.0,10.0,69.0,21.0,2.1,1.0,18.0,1.9,12.3,45.9,24.4,30.0
CO067,66.0,84.0,30.0,45.0,25.0,2.5,1.3,18.5,1.9,8.7,37.1,17.9,29.8
CO067,84.0,102.0,46.0,33.0,21.0,2.0,0.6,19.6,1.6,11.5,47.6,18.1,30.0
CO067,102.0,124.0,78.0,13.0,9.0,3.0,1.1,18.5,2.4,9.9,45.7,29.8,33.4
CO068,0.0,13.0,16.0,61.0,23.0,3.9,1.6,27.9,2.2,4.3,38.2,30.0,31.2
CO068,13.0,41.0,16.0,59.0,25.0,3.6,1.5,22.5,2.2,4.2,35.4,17.4,41.5
CO068,41.0,56.0,29.0,55.0,16.0,3.9,1.5,29.2,1.7,5.9,23.8,14.9,33.4
CO068,56.0,76.0,23.0,56.0,21.0,3.2,1.6,16.8,1.9,4.8,21.7,17.8,34.0
CO068,76.0,94.0,36.0,51.0,13.0,4.0,1.6,22.3,1.6,3.9,35.1,8.5,33.5
CO068,94.0,117.0,69.0,23.0,8.0,3.4,1.7,26.4,1.7,4.8,45.7,17.8,28.3
CO068,117.0,150.0,96.0,2.0,2.0,5.0,1.5,21.2,1.6,4.1,33.5,19.8,34.0
CO068,150.0,206.0,95.0,2.0,3.0,2.0,1.8,14.0,1.8,2.9,33.1,17.1,34.2
CO069,0.0,10.0,48.0,36.0,16.0,18.2,1.5,21.3,1.8,9.4,45.9,19.6,38.1
CO069,10.0,30.0,43.0,39.0,18.0,18.2,1.5,20.8,1.9,9.5,43.4,19.5,27.6
CO069,30.0,56.0,41.0,40.0,19.0,18.2,1.6,22.7,1.7,9.7,45.6,19.6,37.6
CO069,56.0,79.0,37.0,43.0,20.0,18.2,1.6,18.9,1.8,9.0,45.8,24.6,46.8
CO069,79.0,104.0,35.0,44.0,21.0,18.2,1.5,11.7,2.2,9.7,45.1,13.0,38.8
CO069,104.0,124.0,34.0,43.0,23.0,18.2,1.6,19.3,2.2,3.8,45.6,9.9,46.9
CO069,124.0,150.0,34.0,41.0,25.0,18.2,1.5,13.6,1.7,9.2,59.9,29.1,24.7
CO069,150.0,180.0,35.0,36.0,29.0,18.2,1.6,21.3,2.3,11.3,45.2,19.6,41.2
CO069,180.0,201.0,34.0,35.0,31.0,18.2,1.5,20.8,2.0,13.0,33.1,18.8,37.9
CO070,0.0,10.0,69.0,24.0,7.0,18.2,1.6,19.9,2.1,10.1,32.6,5.9,30.4
CO070,10.0,25.0,67.0,25.0,8.0,18.2,1.5,21.5,2.0,3.6,30.4,18.0,33.1
CO070,25.0,53.0,60.0,30.0,10.0,18.2,1.5,20.8,2.2,9.1,39.5,18.5,33.4
CO070,53.0,79.0,56.0,32.0,12.0,18.2,1.6,22.9,1.6,9.0,57.7,27.7,22.2
CO070,79.0,102.0,54.0,33.0,13.0,18.2,1.7,20.6,1.7,9.1,39.5,17.9,44.3
CO070,102.0,127.0,55.0,30.0,15.0,18.2,1.8,20.6,2.1,11.5,38.8,20.6,32.7
CO070,127.0,150.0,59.0,25.0,16.0,18.2,1.4,20.5,2.2,6.0,40.3,17.8,33.1
CO070,150.0,180.0,62.0,21.0,17.0,18.2,1.4,20.7,1.9,14.0,39.7,17.6,28.2
CO070,180.0,191.0,66.0,17.0,17.0,18.2,1.6,21.1,2.1,9.4,40.2,18.2,39.5
CO071,0.0,13.0,16.0,55.0,29.0,18.2,1.4,21.8,2.3,7.5,43.5,18.7,38.3
CO071,13.0,25.0,17.0,55.0,28.0,18.2,1.4,22.3,1.9,7.6,37.2,27.9,38.8
CO071,25.0,43.0,18.0,51.0,31.0,18.2,1.3,27.0,1.9,6.4,43.6,18.6,38.4
CO071,43.0,64.0,11.0,54.0,35.0,18.2,1.4,24.2,1.6,7.2,49.7,19.3,31.7
CO071,64.0,89.0,16.0,50.0,34.0,18.2,1.8,22.2,2.2,4.2,43.0,19.5,38.6
CO071,89.0,112.0,15.0,50.0,35.0,18.2,1.4,22.9,1.4,9.8,43.8,27.7,38.8
CO071,112.0,150.0,14.0,48.0,38.0,18.2,1.4,10.4,1.7,6.9,43.0,18.9,38.5
CO071,150.0,173.0,14.0,45.0,41.0,18.2,1.5,24.8,1.5,4.4,43.8,12.2,39.0
CO071,173.0,196.0,12.0,44.0,44.0,18.2,1.5,22.3,2.1,10.9,43.4,8.3,46.0
CR001,0.0,15.0,13.0,10.0,77.0,18.2,0.9,25.3,2.2,3.9,49.7,22.8,43.8
CR001,15.0,35.0,3.0,13.0,84.0,18.2,0.9,25.7,2.1,10.7,27.7,22.8,37.2
CR001,35.0,60.0,3.0,5.0,92.0,18.2,0.9,26.2,1.7,10.7,37.1,23.0,25.4
CR001,60.0,90.0,3.0,5.0,92.0,18.2,0.9,30.0,1.6,8.9,33.2,22.5,37.9
CR001,90.0,140.0,4.0,4.0,92.0,18.2,0.9,21.5,1.8,8.9,51.4,23.3,37.7
CR001,140.0,190.0,6.0,3.0,91.0,18.2,0.9,29.2,2.3,8.1,23.8,22.7,42.6
CR002,0.0,10.0,21.0,9.0,70.0,18.2,0.9,27.0,1.7,9.9,24.0,11.3,29.7
CR002,10.0,28.0,8.0,11.0,81.0,18.2,0.9,26.3,2.2,11.5,30.0,11.4,29.2
CR002,28.0,50.0,8.0,14.0,78.0,18.2,0.9,25.1,2.4,7.7,30.6,15.0,28.1
CR002,50.0,75.0,8.0,19.0,73.0,18.2,0.9,23.0,2.4,6.5,30.5,5.8,29.3
CR002,75.0,100.0,10.0,21.0,69.0,18.2,0.9,12.8,1.6,8.5,36.4,11.3,28.6
CR002,100.0,150.0,11.0,21.0,68.0,18.2,0.9,22.6,2.1,4.8,29.8,13.0,28.4
CR003,0.0,22.0,32.0,38.0,30.0,18.2,0.9,17.2,2.2,7.2,30.3,19.9,45.4
CR003,22.0,45.0,30.0,52.0,18.0,18.2,0.9,15.8,2.4,7.3,39.7,9.3,37.9
CR003,45.0,90.0,40.0,44.0,16.0,18.2,0.9,16.5,2.4,7.6,49.7,29.4,37.9
CR003,90.0,145.0,32.0,56.0,12.0,18.2,0.9,22.4,1.7,5.1,39.7,20.3,38.0
CR003,145.0,175.0,54.0,32.0,14.0,18.2,0.9,12.3,1.8,9.6,40.4,21.9,29.9
CR004,0.0,20.0,33.0,33.0,34.0,18.2,0.9,19.1,1.8,13.8,53.6,11.9,23.3
CR004,20.0,56.0,35.0,36.0,29.0,18.2,0.9,23.8,1.8,10.7,29.2,11.8,23.7
CR004,56.0,78.0,49.0,32.0,19.0,18.2,0.9,11.5,1.9,6.6,34.9,6.0,25.1
CR004,78.0,114.0,51.0,30.0,19.0,18.2,0.9,13.6,1.9,9.4,34.4,11.6,23.2
CR004,114.0,142.0,27.0,42.0,31.0,18.2,0.9,19.6,2.0,5.6,21.2,16.8,24.1
CR004,142.0,180.0,39.0,35.0,26.0,18.2,0.9,28.3,2.0,9.0,34.4,11.5,23.0
CR005,0.0,30.0,33.0,33.0,34.0,18.2,0.9,25.6,2.0,10.0,43.4,23.4,31.7
CR005,30.0,45.0,34.0,32.0,34.0,18.2,0.9,25.3,1.6,8.2,32.9,23.3,33.1
CR005,45.0,80.0,40.0,28.0,32.0,18.2,0.9,22.4,2.1,10.2,29.4,22.9,37.9
CR005,80.0,110.0,38.0,29.0,33.0,18.2,0.9,24.9,1.8,10.1,28.0,25.0,37.6
CR005,110.0,135.0,38.0,31.0,31.0,18.2,0.9,29.1,1.9,13.3,33.6,21.3,49.1
CR005,135.0,170.0,13.0,40.0,47.0,18.2,0.9,25.3,1.7,9.3,31.9,23.4,38.1
CR006,0.0,20.0,8.0,49.0,43.0,18.2,0.9,25.6,1.8,12.3,31.5,18.4,29.6
CR006,20.0,40.0,11.0,50.0,39.0,18.2,0.9,25.8,1.9,8.9,31.0,18.3,36.2
CR006,40.0,60.0,43.0,34.0,23.0,18.2,0.9,25.6,1.9,6.7,30.7,9.2,36.6
CR006,60.0,67.0,33.0,50.0,17.0,18.2,0.9,25.9,1.7,7.7,35.4,27.3,43.7
CR006,67.0,120.0,55.0,38.0,7.0,18.2,0.9,26.0,1.9,3.5,26.9,18.5,36.8
CR007,0.0,35.0,13.0,10.0,77.0,18.2,0.6,22.0,1.7,7.0,47.8,27.0,39.2
CR007,35.0,60.0,12.0,48.0,40.0,18.2,0.7,20.1,1.8,9.0,41.5,23.3,36.9
CR007,60.0,75.0,10.0,33.0,57.0,18.2,0.8,19.1,2.1,7.3,34.8,25.9,40.9
CR007,75.0,115.0,10.0,27.0,63.0,18.2,0.9,20.2,2.3,8.9,40.9,28.7,38.6
CR007,115.0,180.0,15.0,30.0,55.0,18.2,1.2,20.3,1.8,3.4,41.8,26.5,39.2
CR008,0.0,7.0,2.0,69.0,29.0,18.2,0.8,19.1,2.0,8.8,44.0,15.5,49.0
CR008,7.0,17.0,1.0,72.0,27.0,18.2,0.9,16.7,2.1,13.4,51.5,10.4,45.5
CR008,17.0,24.0,2.0,73.0,25.0,18.2,0.6,12.3,1.8,9.6,52.4,21.9,32.9
CR008,24.0,40.0,1.0,66.0,33.0,18.2,1.3,24.7,2.1,4.5,43.9,13.9,24.4
CR008,40.0,68.0,2.0,65.0,33.0,18.2,0.9,17.6,2.2,5.0,43.7,22.3,33.5
CR008,68.0,106.0,6.0,95.0,27.0,18.2,1.2,20.3,2.2,9.2,32.5,10.5,20.1
CR008,106.0,113.0,9.0,76.0,15.0,18.2,1.1,11.5,2.4,11.6,36.1,16.5,20.9
CR008,113.0,138.0,1.0,70.0,29.0,18.2,1.2,12.0,1.9,8.5,43.9,10.8,32.0
CR008,138.0,153.0,62.0,39.0,27.6,18.2,0.7,16.4,2.1,8.4,47.6,26.8,40.8
CR009,0.0,7.0,62.0,36.0,2.0,18.2,0.3,25.6,2.1,9.0,29.0,18.7,33.3
CR009,7.0,20.0,64.0,37.0,2.3,18.2,0.6,25.6,1.7,4.6,33.2,23.7,24.6
CR009,20.0,70.0,72.0,29.0,2.7,18.2,0.8,29.6,1.9,14.0,29.1,21.0,28.2
CR009,70.0,100.0,80.0,17.0,3.0,18.2,1.0,24.9,1.7,9.3,28.0,21.6,32.9
CR009,100.0,115.0,89.0,8.0,3.0,18.2,0.9,20.3,2.2,9.5,25.6,21.0,46.2
CR010,0.0,25.0,59.0,28.0,13.0,18.2,0.8,22.6,1.8,13.5,35.9,29.2,23.7
CR010,25.0,80.0,68.0,27.0,5.0,18.2,0.7,23.4,2.1,13.5,33.2,26.9,23.8
CR010,80.0,90.0,77.0,20.0,3.0,18.2,0.8,22.8,1.9,14.6,32.6,25.5,25.5
CR010,90.0,135.0,98.0,3.0,6.8,18.2,0.7,23.0,2.1,12.5,30.2,27.3,21.3
CR011,0.0,15.0,6.0,24.0,70.0,18.2,1.0,17.6,2.2,12.2,20.0,25.8,35.0
CR011,15.0,60.0,7.0,29.0,64.0,18.2,1.0,11.3,2.3,11.9,20.4,7.9,35.0
CR011,60.0,140.0,6.0,26.0,68.0,18.2,0.9,23.4,2.1,12.0,20.7,17.0,35.0
CR012,0.0,8.0,9.0,37.0,54.0,18.2,0.9,28.8,1.7,4.1,60.0,28.8,38.9
CR012,8.0,23.0,9.0,29.0,62.0,18.2,0.9,28.8,1.8,8.8,36.7,28.0,43.4
CR012,23.0,110.0,8.0,27.0,65.0,18.2,0.9,28.3,1.9,9.0,50.3,28.8,36.3
CR012,110.0,140.0,27.0,51.0,22.0,18.2,0.9,29.2,2.1,14.2,53.6,28.4,37.2
CR013,0.0,18.0,12.0,40.0,48.0,18.2,1.4,20.8,1.7,8.0,39.0,9.5,37.7
CR013,18.0,33.0,8.0,41.0,51.0,18.2,1.4,10.2,2.1,11.1,37.0,10.7,46.3
CR013,33.0,58.0,7.0,43.0,50.0,18.2,1.4,28.0,1.7,11.2,38.7,10.9,37.1
CR013,58.0,79.0,6.0,44.0,50.0,18.2,1.5,21.7,1.5,11.1,41.9,11.0,28.8
CR013,79.0,105.0,11.0,41.0,48.0,18.2,1.4,19.8,1.3,14.6,35.5,12.1,37.2
CR014,0.0,7.0,67.0,26.0,7.0,0.6,1.0,29.6,1.8,12.4,23.2,18.4,31.2
CR014,7.0,17.0,85.0,12.0,3.0,1.0,0.9,21.8,2.0,9.1,36.5,17.7,29.0
CR014,17.0,52.0,70.0,21.0,9.0,1.0,1.1,11.7,2.0,9.7,48.1,18.3,42.5
CR014,52.0,74.0,60.0,22.0,18.0,1.0,1.3,14.9,1.6,6.2,44.6,18.1,36.0
CR014,74.0,120.0,75.0,15.0,10.0,1.0,1.4,29.3,2.0,9.1,30.3,17.9,42.7
CR015,0.0,13.0,62.0,32.0,6.0,1.0,1.1,15.2,2.1,9.2,58.5,19.0,24.8
CR015,13.0,42.0,73.0,25.0,2.0,1.0,1.0,15.8,2.1,7.3,41.2,9.3,29.4
CR015,42.0,77.0,68.0,28.0,4.0,1.3,1.2,15.3,1.7,8.9,23.1,19.0,38.5
CR015,77.0,100.0,76.0,19.0,5.0,1.1,1.2,14.5,1.8,9.6,40.3,27.6,29.1
CR015,100.0,120.0,79.0,17.0,4.0,0.8,1.3,14.7,2.0,11.2,40.8,19.6,24.6
CR016,0.0,16.0,19.0,31.0,50.0,1.1,1.4,25.8,1.4,3.6,36.9,15.2,41.3
CR016,16.0,27.0,17.0,35.0,48.0,1.2,1.4,12.6,2.0,5.6,21.2,16.8,42.4
CR016,27.0,65.0,9.0,23.0,68.0,0.6,1.5,16.2,2.0,6.6,32.7,20.4,37.3
CR016,65.0,106.0,18.0,30.0,52.0,1.0,1.4,16.6,1.8,4.8,39.2,17.1,38.5
CR016,106.0,174.0,72.0,19.0,9.0,1.3,1.1,11.1,1.9,5.3,32.3,25.5,25.5
CR016,174.0,200.0,33.0,43.0,24.0,0.7,1.3,16.8,1.7,5.5,32.2,24.8,37.0
CR017,0.0,20.0,59.0,32.0,9.0,20.0,1.0,17.4,1.9,10.4,39.4,17.8,47.4
CR017,20.0,50.0,47.0,47.0,6.0,5.0,1.0,16.8,1.9,10.6,38.7,17.8,34.5
CR017,50.0,68.0,43.0,52.0,5.0,2.0,1.0,17.4,2.1,8.2,22.9,17.8,33.8
CR017,68.0,95.0,31.0,41.0,28.0,8.6,1.3,20.8,2.1,13.0,33.1,17.8,30.1
CR017,95.0,113.0,31.0,38.0,31.0,9.5,1.3,13.6,1.7,11.0,59.9,17.8,24.7
CR017,113.0,150.0,46.0,31.0,23.0,9.4,1.4,16.9,1.6,10.8,39.8,17.8,34.5
CR018,0.0,18.0,60.0,25.0,15.0,18.2,1.2,26.6,1.8,6.3,25.8,23.2,49.3
CR018,18.0,40.0,47.0,29.0,24.0,18.2,1.4,13.4,2.2,6.7,25.1,23.3,36.0
CR018,40.0,72.0,49.0,27.0,24.0,18.2,1.4,11.2,2.0,6.3,25.3,23.9,36.4
CR018,72.0,109.0,68.0,19.0,13.0,18.2,1.4,19.9,1.7,6.0,25.7,23.1,38.0
CR018,109.0,129.0,77.0,15.0,8.0,18.2,1.3,19.8,2.0,7.1,25.4,23.0,28.1
CR018,129.0,155.0,82.0,12.0,6.0,18.2,1.7,26.6,1.5,5.6,25.4,22.2,29.7
CR019,0.0,20.0,70.0,19.0,11.0,18.2,1.3,26.5,2.0,8.0,31.8,25.1,25.3
CR019,20.0,40.0,64.0,13.0,23.0,18.2,1.6,27.9,2.3,7.7,37.7,19.4,25.0
CR019,40.0,69.0,65.0,11.0,24.0,18.2,1.8,26.4,1.8,4.1,37.4,22.4,24.9
CR019,69.0,94.0,66.0,12.0,22.0,18.2,1.8,26.4,1.5,7.7,27.4,24.1,25.3
CR019,94.0,115.0,63.0,15.0,22.0,18.2,1.8,26.4,2.0,8.7,36.6,24.0,24.8
CR019,115.0,160.0,64.0,17.0,19.0,18.2,1.7,26.3,2.0,10.4,55.7,29.5,25.2
CR020,0.0,10.0,42.0,29.0,29.0,40.0,1.2,17.8,2.0,4.0,56.6,24.7,41.3
CR020,10.0,23.0,43.0,31.0,26.0,45.0,1.1,20.8,2.0,3.9,54.9,25.4,41.5
CR020,23.0,49.0,62.0,24.0,14.0,65.0,1.0,17.3,2.2,6.2,38.0,24.6,41.7
CR020,49.0,100.0,66.0,25.0,9.0,70.0,1.8,14.3,1.8,2.3,50.1,25.1,41.4
CR021,0.0,15.0,41.0,32.0,27.0,18.2,1.5,10.1,1.7,14.5,53.6,20.1,35.8
CR021,15.0,33.0,28.0,34.0,38.0,18.2,1.5,12.2,1.5,12.6,53.7,24.0,35.7
CR021,33.0,54.0,46.0,30.0,24.0,18.2,1.5,16.9,1.7,13.9,53.8,18.4,26.2
CR021,54.0,104.0,40.0,41.0,19.0,18.2,1.3,29.5,2.0,13.1,55.8,18.3,36.1
CR021,104.0,170.0,38.7,34.4,27.5,18.2,1.4,16.9,2.1,13.4,51.5,10.4,45.5
CR022,0.0,11.0,82.0,9.0,9.0,18.2,0.5,12.0,2.2,14.8,33.7,20.9,44.4
CR022,11.0,18.0,6.0,34.0,60.0,18.2,0.8,18.9,2.0,10.4,33.8,20.3,41.9
CR022,18.0,31.0,11.0,29.0,60.0,18.2,1.0,18.1,2.1,11.3,33.5,27.5,23.8
CR022,31.0,40.0,34.0,39.0,27.0,18.2,1.2,26.0,1.8,3.5,33.6,27.4,36.3
CR022,40.0,75.0,36.0,43.0,21.0,18.2,1.4,18.7,1.9,14.1,33.6,7.5,34.4
CR023,-5.0,46.6,69.0,15.0,16.0,18.2,0.7,22.0,1.8,6.1,33.8,19.0,42.1
CR023,0.0,25.0,20.0,48.0,32.0,18.2,0.9,21.3,2.3,9.8,34.1,20.7,29.8
CR023,25.0,32.0,45.0,44.0,11.0,18.2,1.0,27.4,2.1,9.5,42.7,18.8,30.2
CR023,32.0,38.0,44.0,43.0,13.0,18.2,0.8,21.9,2.1,12.8,34.4,19.1,31.0
CR023,38.0,64.0,44.7,37.8,17.9,18.2,0.4,21.5,2.3,9.9,29.4,18.9,33.0
CR023,64.0,74.0,44.8,37.4,18.0,18.2,1.0,15.8,1.7,11.1,30.5,17.1,32.9
CR024,0.0,33.0,10.0,18.0,72.0,18.2,1.3,20.8,1.9,8.2,51.8,28.5,33.1
CR024,33.0,57.0,9.0,15.0,76.0,18.2,1.4,20.3,2.2,3.4,46.1,18.7,34.2
CR024,57.0,71.0,16.0,15.0,69.0,18.2,1.0,20.5,1.8,6.8,32.9,12.2,33.9
CR024,71.0,107.0,31.0,23.0,46.0,18.2,1.3,28.9,2.0,8.1,57.2,11.9,30.5
CR024,107.0,150.0,23.0,30.0,47.0,18.2,1.3,20.6,1.7,11.9,46.0,24.7,33.3
CR024,150.0,200.0,17.8,19.8,61.7,18.2,1.8,12.1,1.8,8.7,44.1,13.8,36.5
CR025,0.0,25.0,10.0,25.0,65.0,2.7,1.2,20.3,1.7,8.1,23.0,21.0,34.1
CR025,25.0,61.0,9.0,26.0,65.0,2.9,1.3,19.3,2.3,5.2,38.6,19.4,30.7
CR025,61.0,92.0,11.0,19.0,70.0,3.2,1.2,19.9,1.6,8.3,53.6,18.7,21.9
CR025,92.0,127.0,16.0,17.0,67.0,3.0,1.2,10.6,2.1,12.5,38.0,19.4,48.0
CR025,127.0,150.0,53.0,20.0,27.0,3.4,1.5,29.8,1.6,7.9,38.8,16.9,31.0
CR025,150.0,200.0,52.0,26.0,22.0,3.4,1.4,19.4,2.1,8.3,38.6,19.2,22.5
CR026,0.0,13.0,28.0,29.0,43.0,18.2,1.0,17.2,1.8,7.4,48.8,7.2,37.1
CR026,13.0,20.0,41.0,28.0,31.0,18.2,1.2,22.9,1.8,7.9,48.6,27.7,22.2
CR026,20.0,36.0,41.0,22.0,37.0,18.2,1.3,12.6,2.2,11.8,48.4,14.5,49.4
CR026,36.0,51.0,45.0,19.0,36.0,18.2,1.1,20.1,1.9,3.4,46.8,16.8,41.1
CR026,51.0,78.0,43.0,20.0,37.0,18.2,1.1,19.6,1.8,7.5,49.9,16.5,37.2
CR026,78.0,106.0,11.0,29.0,60.0,18.2,1.2,20.5,1.9,5.0,48.0,16.5,37.5
CR026,106.0,137.0,15.0,26.0,59.0,18.2,0.7,27.4,2.1,9.9,47.9,16.5,48.6
CR026,137.0,200.0,18.0,23.0,59.0,18.2,1.3,20.0,2.1,7.7,48.5,16.1,24.2
CR027,0.0,23.0,24.0,38.0,38.0,3.0,1.2,21.5,1.7,5.8,35.6,10.0,38.5
CR027,23.0,48.0,30.0,32.0,38.0,10.0,1.3,20.9,2.1,6.1,26.9,21.2,38.4
CR027,48.0,80.0,32.0,32.0,36.0,3.0,1.3,21.2,1.6,10.6,53.6,6.5,38.2
CR027,80.0,106.0,33.0,34.0,33.0,15.0,1.2,25.8,2.1,3.6,36.9,15.2,38.2
CR027,106.0,150.0,40.0,37.0,23.0,30.0,1.1,17.6,1.9,5.0,23.7,12.7,38.5
CR028,0.0,18.0,10.0,23.0,67.0,5.1,1.4,20.7,2.0,7.7,42.1,12.7,33.1
CR028,18.0,66.0,10.0,22.0,68.0,4.9,1.9,19.9,1.8,11.2,44.1,19.6,24.6
CR028,66.0,100.0,10.0,21.0,69.0,4.6,1.9,25.2,1.6,11.0,41.6,13.6,35.0
CR028,100.0,123.0,9.0,19.0,72.0,5.1,1.7,13.5,1.5,4.8,42.2,11.0,47.4
CR028,123.0,159.0,7.0,18.0,75.0,5.1,1.9,20.0,1.4,8.7,45.6,14.1,35.3
CR028,159.0,200.0,41.0,32.0,27.0,5.0,1.9,19.3,1.4,8.2,39.2,14.1,31.2
CU001,0.0,18.0,6.0,29.0,65.0,18.2,0.9,19.5,1.8,6.1,25.2,26.1,31.3
CU001,18.0,45.0,6.0,19.0,75.0,18.2,0.9,19.8,2.0,10.7,55.8,25.3,39.8
CU001,45.0,75.0,8.0,24.0,68.0,18.2,0.9,19.6,1.6,6.3,40.2,25.4,38.3
CU001,75.0,105.0,7.0,21.0,72.0,18.2,0.9,23.5,2.1,9.5,40.2,25.3,38.9
CU001,105.0,175.0,4.0,18.0,78.0,18.2,0.9,19.5,2.2,13.8,40.1,25.9,38.8
CU001,175.0,200.0,22.0,17.0,61.0,18.2,0.9,15.8,2.0,8.9,40.5,25.6,44.2
CU002,0.0,15.0,31.0,39.0,30.0,18.2,0.9,27.5,1.7,6.5,40.5,14.8,31.8
CU002,15.0,40.0,28.0,30.0,42.0,18.2,0.9,27.5,2.1,7.7,40.5,14.9,28.6
CU002,40.0,75.0,30.0,28.0,42.0,18.2,0.9,28.1,1.8,7.7,40.5,14.7,32.3
CU002,75.0,105.0,28.0,29.0,43.0,18.2,0.9,28.9,2.0,14.0,40.5,8.0,32.1
CU002,105.0,140.0,32.0,28.0,40.0,18.2,0.9,26.6,1.9,7.3,40.5,22.3,37.0
CU002,140.0,190.0,38.0,24.0,38.0,18.2,0.9,27.4,1.8,2.6,40.5,14.9,32.2
CU003,0.0,24.0,27.0,29.0,44.0,18.2,0.9,21.2,1.5,13.9,35.4,27.3,39.2
CU003,24.0,50.0,26.0,22.0,52.0,18.2,0.9,15.1,1.9,11.6,36.4,15.6,38.8
CU003,50.0,80.0,26.0,20.0,54.0,18.2,0.9,28.9,1.9,6.0,41.8,20.6,30.5
CU003,80.0,115.0,28.0,22.0,50.0,18.2,0.9,11.2,1.6,13.8,41.4,20.6,47.7
CU003,115.0,160.0,28.0,22.0,50.0,18.2,0.9,20.2,2.0,11.6,41.4,17.9,38.8
CU003,160.0,190.0,28.0,20.0,52.0,18.2,0.9,28.9,2.0,14.0,53.4,19.8,39.2
CU004,0.0,20.0,5.0,20.0,75.0,18.2,0.9,23.1,1.6,6.0,42.5,16.2,31.3
CU004,20.0,47.0,4.0,12.0,84.0,18.2,0.9,19.7,2.2,8.4,31.5,7.2,26.4
CU004,47.0,95.0,3.0,12.0,85.0,18.2,0.9,15.8,1.9,11.4,31.8,9.8,35.9
CU004,95.0,130.0,2.0,11.0,87.0,18.2,0.9,13.0,1.7,9.1,20.2,15.4,31.4
CU004,130.0,175.0,4.0,12.0,84.0,18.2,0.9,25.4,2.0,9.0,31.7,25.0,31.4
CU005,0.0,27.0,10.0,10.0,80.0,18.2,1.3,11.5,1.7,10.8,51.6,18.5,30.8
CU005,27.0,60.0,11.0,7.0,82.0,18.2,1.4,12.2,1.9,7.0,51.3,18.7,24.1
CU005,60.0,90.0,9.0,5.0,86.0,18.2,1.4,11.6,2.2,3.3,51.4,18.7,34.6
CU005,90.0,128.0,8.0,10.0,82.0,18.2,1.4,11.8,1.4,7.4,57.8,21.3,31.2
CU005,128.0,170.0,7.0,11.0,82.0,18.2,1.4,11.8,1.7,6.7,50.8,19.0,31.4
CU005,170.0,200.0,5.0,14.0,81.0,18.2,1.1,10.7,2.1,6.7,44.5,15.9,35.3
CU006,0.0,20.0,12.0,9.0,79.0,18.2,1.1,21.1,2.1,8.4,44.2,20.3,40.2
CU006,20.0,55.0,12.0,18.0,70.0,18.2,1.0,23.3,1.9,8.3,52.6,22.0,31.2
CU006,55.0,80.0,15.0,28.0,57.0,18.2,1.3,21.5,2.2,4.7,44.0,19.0,40.0
CU006,80.0,90.0,6.0,51.0,43.0,18.2,1.3,28.9,1.8,13.2,27.7,20.5,43.7
CU006,100.0,130.0,13.0,57.0,30.0,18.2,1.3,12.2,1.9,7.0,52.7,29.9,40.4
CU006,140.0,170.0,11.0,49.0,40.0,18.2,1.4,21.8,2.1,6.8,44.4,22.0,45.7
CU007,0.0,16.0,24.0,11.0,65.0,18.2,1.1,14.6,1.7,15.0,44.6,15.9,26.2
CU007,16.0,35.0,24.0,8.0,68.0,18.2,1.3,15.2,2.2,13.0,20.9,15.6,25.9
CU007,35.0,75.0,23.0,7.0,70.0,18.2,1.5,15.2,1.7,10.8,44.5,15.9,25.7
CU007,75.0,150.0,26.0,8.0,66.0,18.2,1.6,14.8,1.8,13.3,36.7,15.6,26.4
CU008,0.0,22.0,2.0,25.0,73.0,18.2,1.2,23.4,1.5,5.6,48.9,14.8,37.0
CU008,22.0,53.0,2.0,21.0,77.0,18.2,1.1,25.9,1.3,2.2,43.9,17.1,35.9
CU008,53.0,80.0,1.0,35.0,64.0,18.2,1.4,20.2,1.7,5.2,36.0,17.9,35.6
CU008,80.0,95.0,5.0,59.0,36.0,18.2,1.7,24.2,1.6,5.6,45.7,16.4,31.7
CU008,95.0,110.0,8.0,64.0,28.0,18.2,1.0,22.9,1.9,5.7,45.6,17.9,43.3
CU008,110.0,125.0,3.7,40.9,55.8,18.2,1.0,23.8,1.1,7.9,54.6,17.1,36.8
CU009,0.0,20.0,13.0,56.0,31.0,18.2,1.2,15.2,1.8,3.2,20.5,7.0,24.5
CU009,20.0,60.0,14.0,28.0,58.0,18.2,1.2,23.7,2.1,3.2,22.8,15.6,37.3
CU009,60.0,105.0,18.0,30.0,52.0,18.2,1.2,22.6,1.6,3.7,30.3,27.9,30.7
CU009,105.0,130.0,44.0,25.0,31.0,18.2,1.4,25.6,1.7,3.9,52.3,24.0,31.1
CU009,130.0,150.0,49.0,24.0,27.0,18.2,0.8,29.4,1.9,3.7,31.9,6.4,31.1
CU010,0.0,34.0,8.0,15.0,77.0,18.2,1.3,25.9,1.9,6.5,32.8,18.0,27.0
CU010,34.0,46.0,6.0,7.0,87.0,18.2,1.1,28.3,2.4,5.8,24.2,18.0,33.0
CU010,46.0,75.0,28.0,41.0,31.0,18.2,1.5,25.3,2.1,7.5,37.6,18.2,27.6
CU010,75.0,105.0,9.0,66.0,25.0,18.2,0.8,21.0,1.7,7.1,32.6,18.4,21.6
CU010,105.0,120.0,2.0,84.0,14.0,18.2,1.5,27.0,1.9,7.0,37.6,18.4,27.6
CU011,0.0,21.0,24.0,49.0,27.0,18.2,1.4,27.7,2.1,9.5,45.9,17.3,25.6
CU011,21.0,48.0,22.0,49.0,29.0,18.2,1.3,29.2,2.3,2.1,53.3,14.3,37.5
CU011,48.0,75.0,22.0,48.0,30.0,18.2,0.8,13.0,1.9,8.2,51.8,28.5,33.1
CU011,75.0,90.0,18.0,50.0,32.0,18.2,1.5,16.9,2.0,7.9,45.9,6.8,31.8
CU011,90.0,118.0,16.0,52.0,32.0,18.2,0.9,18.8,2.3,7.9,32.6,20.3,48.5
CU011,118.0,140.0,17.0,57.0,26.0,18.2,1.2,10.7,1.7,8.4,44.5,17.9,35.3
CU011,140.0,160.0,18.0,56.0,26.0,18.2,1.4,14.9,1.9,12.5,49.1,18.9,35.2
CU012,0.0,25.0,9.0,26.0,65.0,18.2,1.1,13.1,2.1,3.3,50.6,23.5,22.7
CU012,25.0,60.0,11.0,24.0,65.0,18.2,1.2,16.2,2.0,14.4,27.1,12.5,28.6
CU012,60.0,110.0,14.0,26.0,60.0,18.2,0.9,17.8,1.5,8.7,54.9,7.3,25.5
CU012,110.0,150.0,27.0,29.0,44.0,18.2,0.7,15.4,1.6,8.5,44.3,6.8,25.2
CU013,0.0,20.0,13.0,23.0,64.0,18.2,0.9,20.7,1.8,8.5,27.7,26.9,43.7
CU013,20.0,45.0,13.0,22.0,65.0,18.2,1.0,22.4,2.1,8.5,37.0,27.0,27.9
CU013,45.0,66.0,44.0,32.0,24.0,18.2,1.5,27.9,2.0,8.5,32.2,26.7,36.8
CU013,66.0,90.0,41.0,32.0,27.0,18.2,1.3,12.8,1.4,8.5,52.1,26.9,38.3
CU013,90.0,150.0,50.0,28.0,22.0,18.2,1.2,20.8,1.7,8.5,37.1,26.9,37.0
CU014,0.0,20.0,1.0,40.0,59.0,18.2,1.2,21.1,1.9,5.1,52.3,19.7,46.1
CU014,20.0,43.0,1.0,36.0,63.0,18.2,1.3,21.1,2.2,4.9,48.2,13.1,34.0
CU014,43.0,85.0,1.0,33.0,66.0,18.2,1.3,24.7,2.0,4.8,50.3,19.0,25.3
CU014,85.0,120.0,2.0,36.0,62.0,18.2,1.5,21.7,1.6,4.9,36.0,16.3,44.0
CU014,120.0,150.0,2.0,40.0,58.0,18.2,1.3,21.1,2.0,5.0,23.4,28.8,37.5
CU014,150.0,180.0,3.0,50.0,47.0,18.2,1.0,17.2,1.8,4.8,30.5,19.4,40.1
CU015,0.0,20.0,1.0,31.0,68.0,18.2,1.1,23.8,1.7,13.4,36.0,20.9,37.5
CU015,20.0,60.0,1.0,27.0,72.0,18.2,1.2,18.0,2.0,3.8,35.2,25.0,24.9
CU015,60.0,80.0,2.0,47.0,51.0,18.2,1.2,11.7,1.6,9.5,39.8,13.0,38.8
CU015,80.0,100.0,2.0,63.0,35.0,18.2,0.9,17.8,2.2,11.6,30.5,18.6,48.0
CU015,100.0,150.0,2.0,63.0,35.0,18.2,1.3,17.8,1.8,9.4,36.4,27.7,36.9
CU016,0.0,20.0,11.0,29.0,60.0,18.2,1.0,27.3,1.7,8.5,45.2,5.8,34.6
CU016,20.0,50.0,12.0,29.0,59.0,18.2,1.2,27.6,1.9,8.5,37.3,17.5,45.1
CU016,50.0,80.0,25.0,50.0,25.0,18.2,1.4,27.5,2.3,8.5,44.6,17.9,34.1
CU016,80.0,130.0,24.0,42.0,34.0,18.2,1.5,26.9,1.9,8.5,52.7,29.9,24.1
CU016,130.0,180.0,41.0,44.0,15.0,18.2,1.4,27.4,1.8,8.5,45.0,17.5,34.9
CU017,0.0,25.0,24.0,35.0,41.0,18.2,1.4,22.8,1.6,10.2,45.2,5.4,34.7
CU017,25.0,45.0,20.0,33.0,47.0,18.2,1.4,11.5,1.8,10.2,42.8,17.8,29.2
CU017,45.0,80.0,17.0,35.0,48.0,18.2,1.5,22.6,1.8,2.5,43.3,29.2,44.8
CU017,80.0,115.0,27.0,39.0,34.0,18.2,1.6,28.9,2.0,7.3,57.2,11.9,30.5
CU017,115.0,150.0,16.0,36.0,48.0,18.2,1.3,28.4,1.8,7.1,27.5,22.9,34.8
CU018,0.0,26.0,10.0,38.0,52.0,18.2,1.2,10.6,2.1,12.0,51.1,18.0,27.8
CU018,26.0,60.0,10.0,29.0,61.0,18.2,1.4,29.2,1.6,10.1,53.3,20.5,37.5
CU018,60.0,100.0,16.0,35.0,49.0,18.2,1.1,19.9,2.0,7.1,25.4,15.0,28.1
CU018,100.0,150.0,20.0,41.0,39.0,18.2,1.6,20.0,1.7,10.4,55.7,29.5,30.7
CU019,0.0,20.0,21.0,24.0,55.0,18.2,0.9,14.5,2.0,5.5,30.5,18.2,48.0
CU019,20.0,65.0,13.0,23.0,64.0,18.2,0.9,13.0,1.9,5.0,36.0,17.4,34.7
CU019,65.0,90.0,23.0,21.0,56.0,18.2,0.9,15.4,2.0,5.5,41.4,10.6,46.2
CU019,90.0,117.0,41.0,21.0,38.0,18.2,0.9,15.7,2.0,6.2,36.0,21.4,41.9
CU019,117.0,150.0,62.0,12.0,26.0,18.2,0.9,14.4,2.3,4.3,35.7,21.1,39.6
CU020,0.0,27.0,24.0,23.0,53.0,18.2,1.2,16.8,1.7,7.7,45.5,17.8,32.4
CU020,27.0,75.0,20.0,19.0,61.0,18.2,1.4,21.4,1.8,5.0,44.9,17.8,48.8
CU020,75.0,95.0,12.0,24.0,64.0,18.2,1.7,26.9,1.7,3.1,45.5,17.8,40.9
CU020,95.0,150.0,2.0,30.0,68.0,18.2,1.1,21.8,1.7,5.6,45.6,17.8,41.0
CU021,0.0,20.0,49.0,20.0,31.0,18.2,0.9,16.8,2.2,10.4,46.7,7.0,24.9
CU021,20.0,70.0,46.0,16.0,38.0,18.2,0.9,26.8,2.1,10.3,40.1,7.0,25.4
CU021,70.0,110.0,49.0,17.0,34.0,18.2,0.9,12.2,1.9,11.1,37.3,7.5,25.4
CU021,110.0,150.0,46.0,19.0,35.0,18.2,0.9,11.3,1.7,9.7,53.7,7.1,24.9
DE041,0.0,8.0,39.0,44.0,17.0,18.2,0.9,21.3,2.5,2.9,41.7,21.1,41.8
DE041,8.0,18.0,41.0,42.0,17.0,18.2,0.9,25.4,2.6,7.6,42.3,20.8,36.0
DE041,18.0,35.0,36.0,45.0,19.0,18.2,0.9,21.1,2.4,14.5,42.4,13.6,40.1
DE041,35.0,60.0,38.0,45.0,17.0,18.2,0.9,16.8,2.2,8.3,27.4,21.2,39.9
DE041,60.0,80.0,49.0,40.0,11.0,18.2,0.9,20.9,2.0,6.0,56.6,28.5,41.3
DZ001,0.0,15.0,38.1,29.1,33.7,18.2,1.6,25.2,1.7,11.0,47.2,13.6,35.0
DZ001,15.0,46.0,38.1,29.1,33.7,18.2,1.6,23.4,1.8,8.4,59.3,24.5,38.4
DZ001,46.0,82.0,38.1,29.1,33.7,18.2,1.6,24.1,1.8,11.1,46.9,18.6,38.1
DZ001,82.0,122.0,38.1,29.1,33.7,18.2,1.6,22.0,1.8,14.9,34.5,18.5,37.5
DZ001,122.0,140.0,38.1,29.1,33.7,18.2,1.9,23.5,1.3,11.8,46.7,19.2,40.9
DZ002,0.0,11.0,64.0,22.0,14.0,18.2,1.6,21.2,1.6,2.2,36.6,19.8,35.6
DZ002,11.0,28.0,64.5,22.1,13.6,18.2,1.6,16.9,2.2,4.4,45.9,6.8,31.8
DZ002,28.0,37.0,64.3,21.8,14.4,18.2,1.6,22.1,1.6,6.1,38.1,19.7,44.4
DZ002,37.0,48.0,64.2,22.2,14.1,18.2,1.6,21.9,2.0,10.9,37.7,13.1,37.8
DZ002,48.0,67.0,64.2,22.1,14.2,18.2,1.6,28.4,1.6,5.5,48.3,13.7,37.6
DZ002,67.0,78.0,64.5,21.8,14.2,18.2,1.8,21.6,2.1,5.9,36.0,12.9,35.6
DZ002,78.0,90.0,63.8,21.6,14.4,18.2,1.7,22.5,1.6,5.7,27.4,6.7,39.8
DZ002,90.0,128.0,64.2,22.1,13.8,18.2,1.4,21.8,1.5,5.7,31.8,13.4,37.0
DZ003,0.0,5.0,38.1,29.1,33.7,18.2,0.9,23.9,1.9,9.3,49.2,9.2,39.0
DZ003,5.0,14.0,38.1,29.1,33.7,18.2,0.9,26.0,1.8,8.9,49.4,27.4,47.3
DZ003,14.0,38.0,38.1,29.1,33.7,18.2,0.9,24.1,1.6,8.8,49.3,14.4,39.3
DZ003,38.0,80.0,38.1,29.1,33.7,18.2,0.9,24.0,2.1,9.4,59.7,27.2,40.0
DZ003,80.0,116.0,38.1,29.1,33.7,18.2,0.9,29.1,2.1,13.3,33.3,21.3,38.8
DZ003,116.0,154.0,38.1,29.1,33.7,18.2,0.9,17.3,2.2,4.7,55.1,19.5,39.5
DZ003,154.0,190.0,38.1,29.1,33.7,18.2,0.9,23.1,2.2,9.3,48.9,20.0,30.3
DZ004,0.0,8.0,-2.1,56.0,45.0,18.2,0.9,14.7,1.5,5.2,44.2,14.6,24.7
DZ004,8.0,35.0,-2.0,45.0,57.0,18.2,0.9,14.8,1.5,5.6,39.0,22.2,24.9
DZ004,35.0,58.0,-2.4,56.9,44.0,18.2,0.9,14.8,1.5,5.9,56.0,14.3,24.1
DZ004,58.0,84.0,-1.7,71.0,30.0,18.2,0.9,15.1,1.5,5.8,44.0,6.6,24.6
DZ004,84.0,104.0,-1.5,57.2,43.7,18.2,0.9,15.6,1.5,5.5,38.3,14.4,24.4
EC019,0.0,28.0,7.0,58.0,35.0,18.2,0.9,25.9,2.1,8.2,45.7,21.5,33.9
EC019,28.0,47.0,11.0,55.0,34.0,18.2,0.9,25.7,1.6,2.3,40.0,20.7,34.3
EC019,47.0,150.0,2.0,80.0,18.0,18.2,0.9,26.0,2.1,6.8,42.5,21.0,34.1
EC020,0.0,25.0,7.0,62.0,31.0,18.2,1.3,20.8,2.1,10.4,43.4,6.1,27.6
EC020,25.0,89.0,50.0,38.0,12.0,18.2,1.1,17.2,1.8,8.5,41.8,18.2,37.4
EC020,89.0,104.0,20.0,67.0,13.0,18.2,1.1,20.7,1.9,11.6,39.4,18.7,45.4
EC020,104.0,130.0,1.0,82.0,17.0,18.2,0.7,24.9,2.0,3.4,41.5,23.5,40.5
EC021,0.0,10.0,40.0,48.0,12.0,18.2,1.3,25.5,1.9,4.2,29.6,12.8,29.2
EC021,10.0,55.0,40.0,47.0,13.0,18.2,1.0,16.8,1.6,4.9,33.0,12.1,34.0
EC021,55.0,79.0,47.0,40.0,13.0,18.2,0.8,23.5,1.9,3.5,32.3,18.6,29.7
EC021,79.0,96.0,47.0,39.0,14.0,18.2,1.0,21.7,2.0,4.9,36.0,12.8,29.3
EC021,96.0,165.0,39.0,46.0,15.0,18.2,1.2,21.3,1.8,4.8,32.7,12.1,29.9
EC021,165.0,185.0,43.0,44.3,13.9,18.2,1.1,29.0,2.3,5.6,32.9,6.4,25.3
EC022,0.0,10.0,45.0,50.0,5.0,1.0,0.9,20.3,2.0,12.5,49.2,13.7,40.4
EC022,10.0,55.0,46.0,50.0,4.0,1.0,1.1,24.2,1.6,9.9,49.7,14.3,40.5
EC022,55.0,79.0,53.0,45.0,2.0,20.0,1.0,11.2,1.8,9.0,50.1,10.8,40.4
EC022,79.0,117.0,43.0,54.0,3.0,1.0,1.2,20.7,1.7,9.2,50.0,16.9,41.8
EC022,117.0,151.0,42.0,55.0,3.0,1.0,1.1,24.8,1.6,9.3,50.2,14.3,38.6
EC022,151.0,185.0,47.0,50.0,3.0,15.0,1.1,22.5,1.5,6.9,49.2,13.9,40.6
EC023,0.0,35.0,73.0,25.0,2.0,10.0,1.2,23.2,1.8,7.0,40.0,23.6,46.3
EC023,35.0,67.0,73.0,25.0,2.0,10.0,1.3,16.5,1.9,14.6,35.5,13.9,35.5
EC023,67.0,90.0,71.0,26.0,3.0,15.0,1.3,21.4,1.8,7.5,29.6,7.9,20.5
EC023,90.0,107.0,55.0,37.0,8.0,11.5,1.4,20.2,1.9,8.5,32.6,10.8,34.5
EC023,107.0,143.0,53.0,36.0,11.0,11.6,1.4,20.6,1.6,9.6,32.9,14.0,34.2
EC023,143.0,185.0,69.0,26.0,5.0,12.1,1.7,21.0,2.1,8.9,30.0,13.9,34.3
EC023,185.0,205.0,73.0,24.0,3.0,11.7,1.5,19.9,1.5,9.1,53.6,13.9,34.5
EC024,0.0,26.0,56.0,37.0,7.0,10.5,1.0,17.9,1.8,5.5,25.8,20.7,32.3
EC024,26.0,68.0,56.0,41.0,3.0,2.0,1.1,18.2,1.7,5.6,26.2,20.9,32.1
EC024,68.0,120.0,69.0,29.0,2.0,10.0,1.2,17.6,1.6,11.4,26.7,16.2,25.6
EC024,120.0,138.0,97.0,3.0,3.9,40.0,0.7,17.7,1.6,5.2,25.8,20.9,32.3
EC024,138.0,183.0,49.0,47.0,4.0,1.0,1.3,17.9,1.7,3.1,26.6,24.8,25.1
EC024,183.0,220.0,58.0,37.0,5.0,1.0,1.3,17.7,1.9,2.1,25.6,20.2,46.2
EC025,0.0,21.0,60.0,35.0,5.0,9.9,0.9,25.2,1.8,13.4,24.7,26.2,33.2
EC025,21.0,47.0,61.0,34.0,5.0,2.0,1.2,15.7,2.0,7.6,47.0,19.4,21.7
EC025,47.0,75.0,71.0,26.0,3.0,15.0,1.1,17.9,1.9,7.9,59.5,19.5,25.5
EC025,75.0,84.0,95.0,4.0,1.0,45.0,0.9,17.2,2.1,7.1,47.3,8.8,32.7
EC025,84.0,115.0,52.0,42.0,6.0,3.0,1.3,17.9,1.8,6.5,44.9,19.8,42.2
EC025,115.0,150.0,56.0,37.0,7.0,2.0,1.4,11.9,1.6,7.0,47.4,25.9,32.9
EC025,150.0,182.0,59.0,32.0,9.0,2.0,1.3,17.2,1.7,4.1,60.0,19.3,33.1
EC025,182.0,205.0,62.0,32.0,6.0,2.0,1.3,17.5,2.1,5.6,47.4,16.8,42.4
EC026,0.0,24.0,59.0,39.0,2.0,1.0,1.1,26.9,1.6,10.6,29.8,20.0,32.4
EC026,24.0,45.0,71.0,27.0,2.0,5.0,1.1,20.4,2.0,10.4,29.5,18.7,25.2
EC026,45.0,63.0,96.0,3.0,1.0,30.0,1.2,13.8,1.8,8.9,38.5,28.7,33.1
EC026,63.0,83.0,97.0,2.0,1.0,30.0,1.3,20.7,1.9,10.3,29.4,19.7,21.9
EC026,83.0,150.0,98.0,1.0,1.0,50.0,1.6,20.7,2.2,10.0,31.2,16.8,29.6
EC026,150.0,168.0,44.0,53.0,3.0,23.3,1.2,20.0,2.0,10.2,29.3,19.3,28.9
EC026,168.0,190.0,45.0,51.0,4.0,22.9,1.2,20.4,1.8,10.6,21.3,9.3,40.5
EC026,190.0,207.0,50.0,37.0,13.0,22.9,1.2,20.8,1.7,10.8,27.2,19.1,22.3
EC027,0.0,25.0,49.0,47.0,4.0,1.0,0.9,21.1,1.9,2.1,49.9,6.8,34.2
EC027,25.0,57.0,47.0,48.0,5.0,1.0,1.1,20.6,2.0,2.2,57.3,15.5,49.0
EC027,57.0,84.0,63.0,34.0,3.0,7.0,1.1,27.4,1.9,1.8,40.4,17.4,35.4
EC027,84.0,120.0,95.0,3.0,2.0,25.0,1.2,27.9,1.4,1.9,40.8,26.7,26.7
EC027,120.0,133.0,63.0,34.0,3.0,10.0,1.2,14.3,1.8,2.1,49.5,25.1,35.6
EC027,133.0,156.0,60.0,37.0,3.0,10.0,1.2,17.6,2.0,1.8,23.7,22.3,30.8
EC027,156.0,178.0,81.0,16.0,3.0,7.0,1.2,21.4,1.8,2.4,29.6,7.9,35.4
EC027,178.0,202.0,95.0,4.0,1.0,35.0,1.3,15.8,1.9,2.7,32.7,16.1,35.6
EC028,0.0,7.0,39.0,57.0,4.0,18.2,0.9,18.2,1.7,7.2,41.9,23.5,35.7
EC028,7.0,27.0,45.0,53.0,2.0,18.2,0.8,21.7,2.0,14.5,42.4,22.9,35.6
EC028,27.0,54.0,55.0,43.0,2.0,18.2,1.0,22.5,2.1,6.9,41.7,29.1,27.2
EC028,54.0,79.0,63.0,36.0,1.0,18.2,1.0,22.5,2.5,9.1,37.1,26.4,23.1
EC028,79.0,100.0,57.0,42.0,1.0,18.2,1.0,21.8,2.5,3.0,46.9,23.0,35.5
EC028,100.0,110.0,54.0,44.0,2.0,18.2,1.1,26.1,1.5,7.4,30.4,9.4,36.0
EC028,110.0,142.0,62.0,36.0,2.0,18.2,0.9,22.4,2.1,3.7,42.0,27.9,46.3
EC028,142.0,190.0,85.0,16.0,2.3,18.2,0.8,21.9,1.5,5.6,52.3,24.0,46.1
EC029,0.0,10.0,40.0,53.0,7.0,18.2,1.0,24.5,2.2,7.6,51.8,14.5,22.6
EC029,10.0,52.0,57.0,40.0,3.0,18.2,0.8,24.8,2.1,10.4,50.9,18.3,34.1
EC029,52.0,83.0,49.0,48.0,3.0,18.2,0.9,24.5,2.2,7.0,53.8,14.5,33.7
EC029,83.0,102.0,35.0,52.0,13.0,18.2,0.9,24.7,2.1,6.8,55.1,8.3,34.3
EC029,102.0,130.0,33.0,40.0,27.0,18.2,1.5,24.6,2.4,7.0,51.2,15.0,23.1
EC029,130.0,150.0,20.0,28.0,52.0,18.2,1.5,23.8,2.2,7.3,46.7,20.7,46.0
EC029,150.0,170.0,13.0,22.0,65.0,18.2,1.4,25.3,2.1,3.9,49.7,11.1,43.8
EC030,0.0,30.0,31.0,59.0,10.0,18.2,0.9,21.8,1.6,9.5,39.0,14.3,49.0
EC030,30.0,55.0,31.0,56.0,13.0,18.2,1.3,18.1,1.4,5.6,38.6,28.4,39.2
EC030,55.0,77.0,19.0,44.0,37.0,18.2,1.5,24.5,1.9,7.9,38.2,29.4,44.1
EC030,77.0,107.0,10.0,20.0,70.0,18.2,1.4,21.5,1.9,7.8,38.3,23.8,44.1
EC030,107.0,165.0,3.0,12.0,85.0,18.2,1.4,21.0,2.2,7.6,38.3,23.6,43.6
EC031,0.0,53.0,69.0,30.0,1.0,15.8,1.4,26.1,2.1,7.5,54.7,18.3,26.9
EC031,53.0,90.0,71.0,28.0,1.0,15.6,1.5,18.2,1.9,3.6,38.6,19.7,33.3
EC031,90.0,110.0,70.0,29.0,1.0,1.0,1.4,20.5,2.1,8.5,58.8,16.3,47.7
EC031,110.0,120.0,68.0,31.0,1.0,30.0,1.4,11.3,1.7,9.7,48.9,18.4,24.9
EC031,120.0,126.0,69.0,29.6,0.5,15.9,1.5,29.1,2.3,6.9,41.5,18.1,32.8
EC032,-10.0,96.3,62.0,37.0,1.0,18.2,1.0,11.3,1.6,9.7,53.7,10.1,30.6
EC032,0.0,15.0,60.0,38.0,2.0,18.2,1.2,13.0,2.0,7.3,29.3,9.0,30.4
EC032,15.0,54.0,66.0,33.0,1.0,18.2,1.3,13.0,1.7,6.0,20.2,15.4,30.5
EC032,54.0,98.0,69.0,30.0,1.0,18.2,1.3,15.1,1.8,7.7,51.4,6.6,30.7
EC032,98.0,137.0,50.0,48.0,2.0,18.2,1.1,13.6,2.0,8.2,37.8,10.1,30.1
EC032,137.0,175.0,61.8,37.2,1.9,18.2,0.8,13.4,1.9,7.4,34.5,10.7,30.8
EC033,0.0,26.0,66.0,32.0,2.0,1.0,1.0,19.7,1.6,5.1,42.0,24.0,38.8
EC033,26.0,63.0,62.0,36.0,2.0,1.0,1.1,25.2,1.9,2.9,41.4,27.1,44.6
EC033,63.0,92.0,70.0,29.0,1.0,20.0,0.9,15.8,2.0,3.7,41.2,24.4,24.2
EC033,92.0,134.0,96.0,4.0,1.6,45.0,1.1,23.8,2.3,3.7,46.7,20.7,38.6
EC033,134.0,184.0,48.0,50.0,2.0,16.6,1.2,12.9,2.0,3.6,36.6,24.1,48.4
EC034,0.0,10.0,71.0,26.0,3.0,2.0,1.2,28.3,2.0,2.1,40.4,7.3,35.0
EC034,10.0,28.0,73.0,25.0,2.0,2.0,1.2,23.1,2.1,5.3,33.5,27.5,35.0
EC034,28.0,40.0,70.0,27.0,3.0,2.0,1.3,30.0,2.2,6.0,40.9,17.4,35.0
EC034,40.0,53.0,84.0,15.0,1.0,2.0,0.9,22.9,1.8,8.2,45.7,13.0,35.0
EC034,53.0,85.0,78.0,21.0,1.0,7.0,1.2,10.4,1.8,5.5,40.4,17.1,35.0
EC034,85.0,117.0,71.0,27.0,2.0,10.0,1.1,22.5,2.1,6.9,33.8,17.1,35.0
EC034,117.0,180.0,53.0,43.0,4.0,3.0,1.1,23.1,2.5,6.1,49.0,21.8,35.0
FI010,-5.0,45.5,85.5,13.6,2.4,18.2,0.9,23.6,1.9,11.4,38.7,15.7,38.2
FI010,0.0,10.0,86.0,15.0,2.4,18.2,0.9,23.7,2.1,5.6,52.3,24.0,42.3
FI010,10.0,14.0,86.0,15.0,1.9,18.2,0.9,21.5,1.6,8.1,39.2,22.3,42.5
FI010,14.0,35.0,89.0,10.0,1.0,18.2,0.9,26.5,1.7,9.0,41.3,22.1,44.5
FI010,35.0,75.0,83.0,14.0,3.0,18.2,0.9,24.0,1.9,5.9,23.8,22.6,42.1
FI010,75.0,95.0,86.2,13.8,1.6,18.2,0.9,23.8,2.3,13.9,38.7,27.3,43.7
GN007,0.0,6.0,38.1,29.1,33.7,18.2,0.9,26.0,2.2,9.2,31.9,27.4,47.3
GN007,6.0,13.0,38.1,29.1,33.7,18.2,0.9,24.6,1.8,8.8,43.7,14.6,20.8
GN007,13.0,31.0,38.1,29.1,33.7,18.2,0.9,24.0,2.2,10.2,31.3,28.3,37.8
GN007,31.0,79.0,38.1,29.1,33.7,18.2,0.9,24.5,2.0,9.5,20.9,21.1,38.3
GN007,79.0,117.0,38.1,29.1,33.7,18.2,0.9,24.1,1.8,4.7,31.3,20.9,33.1
GN007,117.0,150.0,38.1,29.1,33.7,18.2,0.9,24.9,1.8,8.9,31.6,20.3,48.5
GN007,150.0,170.0,38.1,29.1,33.7,18.2,0.9,23.0,2.1,12.5,30.2,16.3,37.5
GT001,0.0,30.0,81.0,14.0,5.0,18.2,0.9,20.7,1.9,4.5,56.8,21.8,37.9
GT001,30.0,60.0,82.0,13.0,5.0,18.2,0.9,21.9,2.0,7.5,38.1,20.3,38.5
GT001,60.0,80.0,38.0,39.0,23.0,18.2,0.9,25.2,2.3,11.0,41.6,13.6,38.5
GT001,80.0,120.0,28.0,32.0,40.0,18.2,0.9,20.3,2.1,7.8,41.5,30.0,38.6
GT001,120.0,150.0,57.6,24.0,17.8,18.2,0.9,14.9,1.6,7.7,49.1,20.8,38.6
GT001,150.0,170.0,57.7,24.2,18.6,18.2,0.9,20.3,1.9,7.8,20.8,15.7,38.2
GT002,0.0,12.0,24.0,39.0,37.0,18.2,0.9,28.2,2.1,5.9,48.6,13.8,24.9
GT002,12.0,33.0,24.0,37.0,39.0,18.2,1.4,23.6,2.2,7.6,49.3,13.0,25.5
GT002,33.0,49.0,28.0,42.0,30.0,18.2,1.4,14.9,1.9,6.2,49.1,18.9,25.6
GT002,49.0,81.0,56.0,27.0,17.0,18.2,0.9,29.0,2.1,5.6,48.7,13.9,25.3
GT002,81.0,140.0,66.0,24.0,10.0,18.2,1.8,24.1,1.7,5.0,48.7,8.1,25.7
GT003,0.0,25.0,33.0,33.0,34.0,18.2,1.2,16.8,1.7,7.7,44.0,16.8,32.4
GT003,25.0,50.0,21.0,33.0,46.0,18.2,1.5,14.4,1.6,10.2,44.5,13.8,38.6
GT003,50.0,86.0,14.0,28.0,58.0,18.2,1.5,12.8,1.2,7.0,44.2,18.8,40.2
GT003,86.0,124.0,27.0,34.0,39.0,18.2,1.4,14.5,1.4,8.5,40.1,5.1,38.4
GT003,124.0,175.0,53.0,29.0,18.0,18.2,1.2,14.3,2.1,8.7,48.1,14.0,42.5
GT004,0.0,30.0,16.0,19.0,65.0,18.2,1.6,26.2,2.0,8.5,20.9,6.3,36.9
GT004,30.0,50.0,15.9,18.9,65.2,18.2,1.2,25.8,1.7,8.5,39.8,6.8,37.0
GT005,0.0,15.0,31.0,28.0,41.0,50.1,1.3,26.2,1.9,9.4,37.3,14.4,36.1
GT005,15.0,45.0,48.0,22.0,30.0,80.0,1.1,26.0,1.9,7.6,26.8,7.1,35.7
GT005,45.0,72.0,24.0,27.0,49.0,50.0,1.3,26.3,2.1,15.0,36.5,26.3,36.0
GT005,72.0,95.0,45.0,23.0,32.0,20.0,1.1,26.0,2.3,8.7,37.0,8.3,35.8
GT005,95.0,120.0,63.0,22.0,15.0,60.0,1.0,28.4,1.6,9.4,48.3,14.4,35.9
GT005,120.0,150.0,38.0,27.0,35.0,40.0,1.3,24.5,2.0,4.3,33.9,13.5,35.6
GT006,0.0,15.0,21.0,28.0,51.0,18.2,1.3,22.2,1.8,3.3,21.3,9.3,40.5
GT006,15.0,32.0,11.0,23.0,66.0,18.2,1.7,28.1,2.1,2.9,34.3,9.7,41.8
GT006,32.0,62.0,7.0,22.0,71.0,18.2,1.8,22.3,2.3,2.6,32.8,7.9,34.9
GT006,62.0,87.0,10.0,26.0,64.0,18.2,1.7,15.0,1.5,3.0,41.7,29.8,27.7
GT006,87.0,140.0,26.0,18.0,56.0,18.2,1.7,23.6,1.9,3.4,32.7,11.9,25.3
GT007,0.0,11.0,18.0,40.0,42.0,18.2,1.5,24.6,1.8,12.4,30.9,19.7,34.4
GT007,11.0,50.0,14.0,27.0,59.0,18.2,1.9,10.7,1.7,10.8,44.5,15.9,34.9
GT007,50.0,84.0,16.0,28.0,56.0,18.2,1.7,20.5,2.0,12.2,37.3,16.2,34.0
GT007,84.0,140.0,57.0,21.0,22.0,18.2,2.0,25.9,1.5,13.9,35.4,27.3,34.7
GT008,0.0,18.0,41.0,28.0,31.0,18.2,1.3,20.8,2.0,8.9,31.3,18.4,35.0
GT008,18.0,28.0,16.0,22.0,62.0,18.2,1.5,20.8,1.8,3.6,38.6,19.7,35.0
GT008,28.0,50.0,16.0,16.0,68.0,18.2,1.5,20.8,1.7,10.6,21.1,17.1,35.0
GT008,50.0,60.0,24.7,21.8,53.9,18.2,1.9,20.8,2.1,6.3,34.8,18.8,35.0
GT009,0.0,20.0,18.0,37.0,45.0,18.2,1.4,20.8,1.6,8.0,44.2,13.3,34.6
GT009,20.0,45.0,31.0,28.0,41.0,18.2,1.0,20.8,1.7,7.5,43.5,26.2,27.9
GT009,45.0,79.0,17.0,33.0,50.0,18.2,1.4,20.8,1.8,6.0,43.8,20.1,21.3
GT009,79.0,145.0,35.0,35.0,30.0,18.2,0.9,20.8,2.0,11.1,43.9,20.1,28.4
GT010,0.0,27.0,37.0,31.0,32.0,18.2,1.5,17.2,1.9,8.8,47.3,11.9,20.8
GT010,27.0,48.0,12.0,13.0,75.0,18.2,1.4,29.5,2.0,10.7,49.7,11.4,33.0
GT010,48.0,71.0,24.0,24.0,52.0,18.2,1.3,23.1,1.7,7.6,48.0,11.2,28.2
GT010,71.0,120.0,12.0,16.0,72.0,18.2,1.5,23.0,2.0,9.4,53.0,11.2,49.5
GT011,0.0,20.0,19.0,29.0,52.0,18.2,1.4,24.5,2.1,9.4,38.0,14.6,40.3
GT011,20.0,40.0,10.0,26.0,64.0,18.2,1.5,19.1,2.0,10.9,38.1,12.1,49.9
GT011,40.0,61.0,10.0,26.0,64.0,18.2,1.5,18.9,1.8,8.6,38.4,14.5,25.6
GT011,61.0,82.0,12.0,22.0,66.0,18.2,1.5,13.3,2.2,7.2,38.0,19.0,44.3
GT011,82.0,120.0,35.0,24.0,41.0,18.2,1.2,19.3,1.6,8.8,38.2,13.0,40.3
GY001,0.0,10.0,5.0,60.0,35.0,18.2,0.9,11.2,1.6,13.8,53.1,14.4,34.0
GY001,10.0,38.0,2.0,55.0,43.0,18.2,0.9,16.5,2.1,6.6,55.9,6.0,25.1
GY001,38.0,85.0,1.0,48.0,51.0,18.2,0.9,16.3,2.3,11.1,45.2,14.4,30.7
GY001,85.0,110.0,2.4,61.6,35.3,18.2,0.9,28.9,1.8,13.2,53.9,20.5,43.7
GY001,110.0,150.0,3.0,83.0,14.0,18.2,0.9,10.0,2.3,11.7,59.7,15.7,36.2
GY002,0.0,15.0,38.1,29.1,33.7,18.2,0.9,19.1,1.7,5.8,40.5,8.5,21.4
GY002,15.0,50.0,38.1,29.1,33.7,18.2,0.9,23.2,2.2,6.8,40.5,9.2,20.9
GY002,50.0,100.0,38.1,29.1,33.7,18.2,0.9,27.1,2.0,7.2,40.5,10.4,21.0
GY002,100.0,150.0,38.1,29.1,33.7,18.2,0.9,23.4,1.8,2.3,40.5,7.3,21.5
GY003,0.0,10.0,99.0,2.0,33.7,18.2,0.9,29.9,1.7,7.7,42.9,25.9,20.3
GY003,10.0,18.0,99.0,2.0,33.7,18.2,0.9,29.7,2.0,8.5,54.7,8.1,22.9
GY003,18.0,60.0,99.0,2.0,33.7,18.2,0.9,29.8,1.8,12.5,48.9,11.9,29.2
GY003,60.0,120.0,98.0,3.0,33.7,18.2,0.9,29.9,1.9,4.7,48.9,15.7,45.7
HN001,0.0,15.0,27.0,26.0,47.0,18.2,0.9,10.4,2.1,5.7,50.4,11.5,38.4
HN001,15.0,45.0,12.0,22.0,66.0,18.2,0.9,10.4,1.7,5.6,40.4,9.0,45.9
HN001,45.0,90.0,15.0,21.0,64.0,18.2,0.9,10.3,1.7,5.9,30.2,19.5,38.6
HN001,90.0,130.0,17.8,23.2,59.4,18.2,0.9,10.9,1.9,6.0,40.2,16.2,30.3
HN002,0.0,12.0,23.0,51.0,26.0,18.2,1.3,14.1,2.4,6.6,48.1,21.9,33.3
HN002,12.0,35.0,8.0,33.0,59.0,18.2,1.7,14.9,2.3,6.2,49.1,18.9,38.1
HN002,35.0,66.0,11.0,33.0,56.0,18.2,1.8,14.5,2.1,6.7,48.4,16.7,43.0
HN002,66.0,87.0,18.0,38.0,44.0,18.2,1.6,14.1,2.0,7.7,54.4,29.3,38.3
HN002,87.0,140.0,39.0,30.0,31.0,18.2,1.6,14.1,1.9,5.7,41.9,21.7,37.8
HN003,0.0,14.0,37.0,46.0,17.0,18.2,1.4,24.8,2.0,6.3,56.0,12.2,39.8
HN003,14.0,31.0,35.0,50.0,15.0,18.2,1.5,25.5,2.1,2.1,57.1,12.3,34.4
HN003,31.0,51.0,36.0,44.0,20.0,18.2,1.7,25.3,1.8,9.6,57.0,12.6,34.3
HN003,51.0,85.0,28.0,52.0,20.0,18.2,1.7,25.3,1.9,5.8,56.2,12.1,28.9
HN003,85.0,127.0,43.0,40.0,17.0,18.2,1.8,25.3,2.0,6.3,58.2,12.2,34.1
HN004,0.0,13.0,36.0,40.0,24.0,18.2,1.3,12.3,2.2,4.4,23.5,14.4,36.3
HN004,13.0,41.0,47.0,27.0,26.0,18.2,1.5,20.5,2.1,5.3,54.6,9.0,45.9
HN004,41.0,69.0,54.0,22.0,24.0,18.2,1.4,20.6,2.2,5.3,38.7,21.5,29.7
HN004,69.0,85.0,41.0,30.0,29.0,18.2,1.4,28.2,1.7,8.9,48.1,11.6,23.0
HN004,83.0,137.0,39.0,38.0,23.0,18.2,1.4,20.3,1.8,3.7,30.3,14.4,46.3
HN005,0.0,15.0,57.0,27.0,16.0,79.7,1.7,13.3,1.7,6.9,48.6,19.0,44.3
HN005,15.0,33.0,46.0,30.0,24.0,79.6,1.6,26.3,1.9,4.5,56.8,21.8,44.6
HN005,33.0,90.0,57.0,22.0,21.0,80.0,1.7,11.5,1.9,10.2,52.6,20.5,44.8
HN006,0.0,10.0,36.0,26.0,38.0,18.2,1.4,20.6,1.7,5.0,45.3,11.4,39.8
HN006,10.0,33.0,31.0,26.0,43.0,18.2,1.7,25.4,2.0,3.8,41.6,25.0,40.2
HN006,33.0,40.0,30.0,23.0,47.0,18.2,1.8,21.2,2.1,5.3,33.9,22.2,33.9
HN006,49.0,76.0,30.0,23.0,47.0,18.2,1.8,21.1,2.1,7.3,41.3,10.3,46.4
HN006,76.0,94.0,32.0,21.0,47.0,18.2,1.9,24.5,2.0,4.3,41.7,22.2,40.2
HN006,94.0,120.0,35.0,21.0,44.0,18.2,1.8,12.3,1.8,5.4,45.7,5.8,40.2
HN007,0.0,14.0,23.0,51.0,26.0,18.2,1.6,27.4,2.1,4.8,23.0,17.8,24.7
HN007,14.0,51.0,26.0,46.0,28.0,18.2,1.5,24.7,1.9,6.6,38.4,17.8,24.6
HN007,51.0,76.0,42.0,34.0,24.0,18.2,1.9,23.2,1.5,4.7,30.5,17.8,24.3
HN007,76.0,95.0,23.0,54.0,23.0,18.2,1.6,18.6,1.8,11.2,30.7,17.8,24.6
HN007,95.0,140.0,21.0,56.0,23.0,18.2,1.4,23.4,1.8,4.3,30.9,17.8,24.3
HN008,0.0,12.0,24.0,45.0,31.0,18.2,1.4,24.9,2.1,10.7,57.6,20.9,36.8
HN008,12.0,49.0,25.0,39.0,36.0,18.2,1.6,25.0,2.0,10.8,21.9,13.5,37.1
HN008,49.0,80.0,34.0,35.0,31.0,18.2,1.6,19.7,1.8,10.7,39.6,6.3,36.9
HN008,80.0,110.0,20.0,44.0,36.0,18.2,1.7,30.0,2.2,11.1,39.4,17.4,37.3
ID045,0.0,13.0,9.0,18.0,73.0,18.2,0.9,13.8,2.1,9.9,38.2,21.1,32.3
ID045,13.0,21.0,10.0,12.0,78.0,18.2,1.1,22.0,1.7,7.4,38.4,27.0,32.5
ID045,21.0,74.0,10.0,10.0,80.0,18.2,1.0,20.8,1.8,8.0,38.2,20.3,24.4
ID045,74.0,117.0,10.0,9.0,81.0,18.2,1.0,10.6,2.1,7.2,37.1,20.5,32.1
ID045,117.0,160.0,6.0,12.0,82.0,18.2,1.1,21.6,2.0,6.8,25.2,28.8,32.5
ID045,160.0,200.0,5.0,14.0,81.0,18.2,0.8,24.9,2.0,3.4,41.6,20.8,40.5
ID045,220.0,280.0,8.6,12.4,79.3,18.2,0.9,16.5,2.0,6.7,50.6,6.0,32.2
ID046,0.0,13.0,1.0,13.0,86.0,18.2,1.0,14.8,1.8,3.4,27.9,11.2,38.6
ID046,13.0,28.0,1.0,19.0,80.0,18.2,0.6,15.6,1.5,11.4,27.5,9.8,38.9
ID046,28.0,66.0,1.0,8.0,91.0,18.2,0.9,11.0,2.0,6.8,28.0,10.8,30.2
ID046,66.0,85.0,1.0,18.0,81.0,18.2,0.9,15.1,2.1,6.7,27.5,8.2,39.1
ID046,85.0,100.0,1.0,10.0,89.0,18.2,0.8,14.8,1.7,7.6,27.5,11.5,37.5
ID046,100.0,125.0,1.0,7.0,92.0,18.2,0.6,19.5,2.1,7.0,28.2,15.2,49.2
ID047,0.0,5.0,8.0,13.0,79.0,18.2,1.0,12.0,1.9,8.5,32.6,24.0,35.2
ID047,5.0,30.0,8.0,12.0,80.0,18.2,1.0,24.9,2.0,11.8,31.9,23.5,35.2
ID047,30.0,75.0,6.0,12.0,82.0,18.2,1.0,16.4,1.8,11.9,32.0,23.8,35.4
ID047,75.0,100.0,5.0,12.0,83.0,18.2,0.9,17.7,1.6,14.8,32.1,23.8,35.8
ID047,100.0,115.0,5.0,13.0,82.0,18.2,1.4,17.9,1.7,11.4,30.8,23.5,35.5
ID048,0.0,20.0,41.0,34.0,25.0,11.0,0.5,20.4,2.0,6.6,31.9,17.6,25.7
ID048,20.0,44.0,47.0,27.0,26.0,10.0,0.4,27.1,2.3,7.3,34.0,10.7,26.4
ID048,44.0,69.0,24.0,42.0,34.0,2.0,0.4,19.1,2.4,6.8,31.6,11.0,21.4
ID048,69.0,85.0,49.0,35.0,16.0,11.0,0.1,21.1,1.9,6.1,37.6,8.6,36.1
ID048,85.0,101.0,45.0,32.0,23.0,1.0,0.3,21.1,2.0,6.6,30.3,10.6,25.6
ID048,101.0,126.0,59.0,26.0,15.0,6.2,0.8,21.0,2.0,4.0,25.7,10.5,20.2
ID048,126.0,150.0,81.0,20.0,23.5,5.0,0.3,16.0,1.7,7.9,32.2,5.7,25.7
ID049,0.0,26.0,6.0,22.0,72.0,18.2,0.9,18.3,1.8,4.4,23.8,9.9,28.8
ID049,26.0,36.0,6.0,31.0,63.0,18.2,0.9,18.6,2.1,10.7,27.7,9.9,28.9
ID049,36.0,80.0,6.0,16.0,78.0,18.2,0.9,16.2,1.9,14.2,53.6,10.2,37.2
ID049,80.0,120.0,6.0,15.0,79.0,18.2,0.9,10.9,2.0,2.5,36.4,10.3,29.5
ID049,120.0,170.0,7.0,21.0,72.0,18.2,0.9,23.0,1.8,7.5,36.4,9.9,21.3
ID049,170.0,200.0,78.0,14.0,8.0,18.2,0.9,25.2,1.6,8.4,42.2,10.1,29.5
ID050,0.0,30.0,60.0,33.0,7.0,18.2,0.9,26.7,1.5,10.2,57.4,24.2,40.4
ID050,30.0,40.0,71.0,16.0,13.0,18.2,0.9,26.6,1.5,9.6,37.9,24.7,44.7
ID050,40.0,55.0,27.0,39.0,34.0,18.2,0.9,26.4,1.5,8.4,47.9,24.5,46.1
ID050,55.0,70.0,42.0,37.0,21.0,18.2,0.9,26.5,1.5,9.3,48.1,25.0,44.1
ID051,0.0,2.0,19.0,49.0,32.0,18.2,0.9,12.8,2.6,5.7,32.9,27.8,28.2
ID051,2.0,30.0,3.0,34.0,63.0,18.2,0.9,18.0,2.2,5.5,28.0,28.0,35.8
ID051,30.0,95.0,67.0,16.0,17.0,18.2,0.9,19.0,1.6,5.3,37.8,28.0,38.5
ID051,95.0,110.0,25.0,33.0,42.0,18.2,0.9,17.2,2.1,5.0,32.9,28.1,33.9
ID052,0.0,25.0,72.0,21.0,7.0,18.2,0.9,14.3,1.8,12.6,40.5,7.8,37.3
ID052,25.0,30.0,78.0,22.0,4.6,18.2,0.9,18.5,1.9,10.8,46.5,9.2,37.7
ID052,30.0,50.0,85.0,11.0,4.0,18.2,0.9,21.7,1.8,11.8,49.0,7.6,38.0
ID052,50.0,65.0,89.0,9.0,2.0,18.2,0.9,17.7,1.8,13.7,25.2,6.0,37.9
ID053,0.0,10.0,31.1,37.3,31.3,18.2,0.9,24.2,2.0,14.6,40.5,12.1,35.5
ID053,10.0,30.0,41.0,38.0,21.0,18.2,0.9,24.0,2.1,15.0,40.5,14.3,37.5
ID053,30.0,70.0,30.0,32.0,38.0,18.2,0.9,18.9,2.1,14.3,40.5,29.0,35.2
ID053,70.0,75.0,23.0,43.0,34.0,18.2,0.9,29.9,2.4,14.7,40.5,12.3,33.1
ID054,0.0,30.0,49.0,25.0,26.0,18.2,0.9,29.8,1.9,7.9,39.3,25.1,41.8
ID054,30.0,65.0,48.0,18.0,34.0,18.2,0.9,30.0,2.2,7.4,46.2,24.8,35.6
ID054,65.0,85.0,50.0,23.0,27.0,18.2,0.9,29.5,2.0,8.1,31.8,25.1,29.4
ID055,0.0,12.0,23.0,53.0,24.0,18.2,0.9,25.5,1.8,13.0,44.5,19.2,25.1
ID055,12.0,16.0,23.0,57.0,20.0,18.2,0.9,15.1,2.2,8.2,43.9,19.1,44.8
ID055,16.0,40.0,20.0,68.0,12.0,18.2,0.9,21.9,1.6,8.0,44.2,29.6,36.4
ID055,40.0,78.0,11.0,72.0,17.0,18.2,0.9,12.8,1.6,5.1,36.4,11.1,36.3
ID055,78.0,107.0,8.0,72.0,20.0,18.2,0.9,17.8,1.8,11.8,30.3,16.9,45.4
ID055,107.0,132.0,7.0,73.0,20.0,18.2,0.9,18.1,2.2,7.9,44.2,18.4,36.3
ID055,132.0,141.0,9.0,72.0,19.0,18.2,0.9,18.1,1.5,8.3,44.6,18.8,36.7
ID055,141.0,162.0,5.0,70.0,25.0,18.2,0.9,10.9,2.1,7.0,55.5,17.4,28.3
ID055,162.0,210.0,6.0,71.0,23.0,18.2,0.9,19.6,1.6,2.5,54.7,19.1,39.7
ID056,0.0,11.0,13.0,16.0,71.0,18.2,0.9,13.6,1.5,11.0,49.1,7.8,23.1
ID056,11.0,36.0,9.0,11.0,80.0,18.2,0.9,18.9,1.8,7.2,43.7,7.6,20.8
ID056,36.0,52.0,8.0,7.0,85.0,18.2,0.9,17.1,1.8,9.7,49.6,5.3,22.9
ID056,52.0,75.0,8.0,9.0,83.0,18.2,0.9,25.5,1.7,11.2,49.6,12.3,22.6
ID056,75.0,104.0,6.0,9.0,85.0,18.2,0.9,11.5,2.1,11.6,49.6,6.0,25.1
ID056,104.0,130.0,4.0,11.0,85.0,18.2,0.9,17.1,2.1,13.1,54.6,7.5,22.7
ID056,130.0,250.0,3.0,17.0,80.0,18.2,0.9,15.1,1.8,14.5,49.5,6.6,22.8
ID057,0.0,14.0,14.0,36.0,50.0,18.2,1.3,27.9,1.8,10.6,32.1,27.8,31.8
ID057,14.0,36.0,17.0,36.0,47.0,18.2,1.4,14.9,1.9,11.0,32.4,18.9,46.1
ID057,36.0,63.0,25.0,35.0,40.0,18.2,1.4,21.2,1.8,13.7,25.2,23.7,27.1
ID057,63.0,101.0,25.0,31.0,44.0,18.2,1.2,20.8,2.0,13.0,33.1,23.0,36.6
ID057,101.0,105.0,26.0,28.0,46.0,18.2,1.2,21.6,2.1,5.7,37.5,23.1,41.6
ID058,0.0,5.0,36.0,29.0,35.0,18.2,1.6,17.6,2.2,4.8,46.4,6.7,31.8
ID058,5.0,16.0,35.0,37.0,28.0,18.2,1.7,18.8,2.1,3.3,46.4,6.8,32.0
ID058,16.0,42.0,35.0,38.0,27.0,18.2,1.6,26.5,1.9,13.6,57.8,6.0,34.5
ID058,42.0,85.0,26.0,35.0,39.0,18.2,1.7,12.5,2.0,10.2,45.2,5.4,32.5
ID058,85.0,120.0,20.0,43.0,37.0,18.2,1.3,18.7,1.9,5.7,37.5,5.1,41.6
ID058,120.0,140.0,27.0,40.0,33.0,18.2,2.0,19.2,1.8,7.9,47.0,6.2,20.6
ID059,0.0,4.0,49.0,16.0,35.0,18.2,0.9,25.6,1.7,9.5,52.3,24.0,46.1
ID059,4.0,15.0,43.0,17.0,40.0,18.2,0.9,22.3,1.8,8.2,26.8,15.0,43.8
ID059,15.0,39.0,40.0,18.0,42.0,18.2,0.9,21.7,2.0,8.9,41.3,22.4,29.3
ID059,39.0,73.0,40.3,17.5,42.4,18.2,0.9,18.3,1.9,9.2,44.9,22.2,36.2
ID059,73.0,104.0,39.0,19.0,42.0,18.2,0.9,21.7,2.2,8.8,40.8,22.0,36.4
ID059,104.0,138.0,36.0,18.0,46.0,18.2,0.9,22.3,1.9,10.4,41.5,22.7,33.8
ID059,138.0,160.0,34.0,19.0,47.0,18.2,0.9,22.0,2.1,9.4,41.4,26.7,29.0
ID060,0.0,9.0,36.0,50.0,14.0,10.1,0.9,26.7,2.0,6.9,34.5,14.7,40.4
ID060,9.0,15.0,29.0,57.0,14.0,4.0,0.9,22.4,1.7,6.0,20.2,15.1,39.9
ID060,15.0,25.0,45.0,45.0,10.0,8.0,0.9,22.1,1.9,3.5,35.1,15.6,29.8
ID060,25.0,37.0,46.0,44.0,10.0,10.0,0.9,25.6,2.0,8.3,34.9,15.0,39.8
ID060,37.0,44.0,30.0,59.0,11.0,2.0,0.9,12.5,2.0,10.2,45.2,15.6,41.0
ID060,44.0,50.0,48.0,43.0,9.0,13.0,0.9,19.5,2.4,6.9,38.6,15.2,49.2
ID060,50.0,120.0,48.0,45.0,7.0,21.0,0.9,28.3,2.0,6.6,34.5,15.1,40.5
ID061,0.0,7.0,27.0,40.0,33.0,18.2,0.9,26.0,1.8,3.5,28.3,27.4,47.3
ID061,7.0,15.0,24.0,41.0,35.0,18.2,0.9,28.8,1.7,4.1,60.0,19.5,33.1
ID061,15.0,27.0,31.0,49.0,20.0,18.2,0.9,25.6,1.6,12.1,38.5,7.4,32.6
ID061,27.0,35.0,8.0,32.0,60.0,18.2,0.9,22.4,1.6,10.2,29.4,24.7,33.7
ID061,35.0,49.0,6.0,26.0,68.0,18.2,0.9,28.2,2.2,11.3,23.0,25.8,28.0
ID061,49.0,72.0,4.0,17.0,79.0,18.2,0.9,26.0,1.6,8.4,36.0,19.1,32.7
ID061,72.0,102.0,5.0,17.0,78.0,18.2,0.9,26.2,1.8,10.3,36.1,12.1,22.5
ID062,0.0,30.0,38.0,44.0,18.0,18.2,0.6,23.8,1.5,7.0,40.0,26.4,20.5
ID062,30.0,37.0,37.0,51.0,12.0,18.2,0.7,21.3,1.7,7.2,38.0,12.9,41.2
ID062,37.0,48.0,21.0,62.0,17.0,18.2,0.5,21.4,2.2,4.4,45.9,6.8,30.5
ID062,48.0,110.0,20.0,60.0,20.0,18.2,0.5,21.4,2.1,6.8,21.6,12.5,30.4
ID062,110.0,125.0,34.0,46.0,20.0,18.2,0.7,18.6,2.2,9.7,44.8,5.3,31.3
ID063,0.0,16.0,41.0,30.0,29.0,18.2,0.8,22.0,1.8,14.9,34.5,17.8,32.5
ID063,16.0,23.0,44.0,27.0,29.0,18.2,1.1,17.4,2.2,10.3,46.7,17.1,32.1
ID063,23.0,29.0,17.0,16.0,67.0,18.2,0.8,12.0,2.3,8.5,32.6,10.8,32.6
ID063,29.0,85.0,15.0,23.0,62.0,18.2,1.0,17.3,1.9,10.0,46.1,17.5,27.9
ID063,85.0,110.0,20.0,26.0,54.0,18.2,1.0,17.0,2.0,6.1,40.1,24.2,36.1
ID064,0.0,5.0,24.0,36.0,40.0,18.2,1.2,21.3,2.0,6.2,38.0,14.1,49.3
ID064,5.0,20.0,17.0,28.0,55.0,18.2,1.5,20.7,1.7,7.6,48.0,13.9,37.7
ID064,20.0,55.0,14.0,46.0,40.0,18.2,1.2,21.0,1.6,10.6,53.6,14.2,37.6
ID064,55.0,75.0,12.0,49.0,39.0,18.2,1.4,20.5,2.1,6.5,50.2,16.2,44.8
ID064,75.0,110.0,18.0,48.0,34.0,18.2,1.2,21.2,1.7,6.4,49.2,18.4,21.6
ID064,110.0,125.0,13.0,58.0,29.0,18.2,0.8,20.8,1.9,2.1,59.1,7.3,33.4
ID065,0.0,5.0,46.0,27.0,27.0,18.2,0.7,29.4,2.0,5.5,28.6,15.7,29.4
ID065,5.0,15.0,49.0,28.0,23.0,18.2,1.3,10.9,2.0,5.1,36.6,17.4,28.3
ID065,15.0,25.0,62.0,28.0,10.0,18.2,0.7,18.2,2.1,5.5,36.7,15.2,38.4
ID065,25.0,32.0,65.0,24.0,11.0,18.2,0.7,13.6,1.9,5.2,36.2,9.7,23.2
ID065,32.0,80.0,12.0,14.0,74.0,18.2,1.0,18.4,1.5,5.6,36.4,15.2,29.5
ID065,80.0,120.0,23.0,29.0,48.0,18.2,0.7,18.2,1.7,5.3,44.6,18.8,26.2
ID066,0.0,9.0,21.0,23.0,56.0,18.2,1.2,10.5,2.2,5.7,26.1,10.5,33.3
ID066,9.0,17.0,16.0,14.0,70.0,18.2,1.5,19.8,2.4,5.3,28.0,9.8,33.2
ID066,17.0,33.0,14.0,16.0,70.0,18.2,0.9,29.9,1.7,5.8,23.5,10.0,33.4
ID066,33.0,75.0,6.0,26.0,68.0,18.2,1.1,19.9,2.4,5.5,27.7,9.9,33.3
ID066,75.0,90.0,6.0,35.0,59.0,18.2,1.0,19.9,1.9,4.8,26.6,10.3,33.5
ID067,0.0,17.0,54.0,32.0,14.0,8.9,0.6,13.9,2.1,8.0,44.8,18.7,37.8
ID067,17.0,31.0,68.0,22.0,10.0,8.8,0.2,16.4,1.9,7.9,44.8,25.1,38.1
ID067,31.0,54.0,88.0,8.0,4.0,12.0,0.7,16.2,1.6,8.5,41.1,17.0,32.6
ID067,54.0,70.0,33.0,49.0,18.0,8.7,0.6,16.2,2.1,8.1,44.6,10.1,35.1
ID067,70.0,88.0,39.0,43.0,18.0,9.2,0.3,16.6,2.0,2.2,43.9,17.4,35.9
ID067,88.0,127.0,85.0,10.0,5.0,6.0,0.1,23.6,1.6,9.5,48.8,14.3,49.0
ID067,127.0,155.0,22.0,51.0,27.0,9.3,1.1,12.2,1.8,12.6,44.8,17.5,37.9
ID068,0.0,14.0,30.0,46.0,24.0,18.2,1.0,21.9,2.0,10.3,44.1,16.7,25.9
ID068,14.0,26.0,34.0,48.0,18.0,18.2,0.7,21.5,1.7,9.3,35.1,29.4,27.7
ID068,26.0,67.0,13.0,59.0,28.0,18.2,0.6,22.2,2.0,6.7,30.8,6.2,25.3
ID068,67.0,78.0,15.0,52.0,33.0,18.2,0.6,22.2,1.9,7.4,46.1,21.5,27.1
ID068,78.0,95.0,13.0,54.0,33.0,18.2,0.3,26.6,1.6,10.5,39.0,22.2,29.7
ID068,95.0,107.0,8.0,29.0,63.0,18.2,0.8,18.0,1.8,7.8,20.5,26.7,27.3
ID068,107.0,138.0,7.0,34.0,59.0,18.2,0.7,21.6,2.0,14.4,27.1,27.2,28.6
ID068,138.0,180.0,10.0,37.0,53.0,18.2,0.3,22.4,1.8,14.9,34.2,21.0,27.4
ID069,0.0,15.0,3.0,10.0,87.0,18.2,0.9,18.0,2.0,3.6,56.1,16.0,45.4
ID069,15.0,35.0,3.0,12.0,85.0,18.2,1.0,18.0,1.6,7.7,50.7,20.6,47.7
ID069,35.0,80.0,3.0,10.0,87.0,18.2,0.5,10.4,2.2,3.3,51.1,16.0,46.0
ID069,80.0,113.0,3.0,12.0,85.0,18.2,1.0,12.5,2.0,10.2,45.2,15.9,45.9
ID069,113.0,140.0,3.0,12.0,85.0,18.2,0.6,27.0,2.1,13.4,51.5,10.4,46.2
ID069,140.0,150.0,4.0,15.0,81.0,18.2,0.9,22.8,2.2,7.2,50.6,15.0,43.7
ID070,0.0,16.0,31.0,42.0,27.0,18.2,0.8,18.6,2.3,13.1,41.4,10.2,39.2
ID070,16.0,29.0,30.0,41.0,29.0,18.2,0.9,18.4,1.4,9.1,44.2,10.3,39.5
ID070,29.0,45.0,27.0,42.0,31.0,18.2,0.8,18.7,1.4,5.7,43.7,5.1,39.1
ID070,45.0,77.0,23.0,42.0,35.0,18.2,1.4,18.7,1.8,9.2,44.9,10.5,42.2
ID070,77.0,101.0,21.0,47.0,32.0,18.2,1.0,16.4,1.5,7.7,43.7,9.9,36.6
ID070,101.0,139.0,22.0,48.0,30.0,18.2,1.3,26.8,1.7,8.6,55.8,15.6,39.5
ID070,139.0,150.0,26.0,43.0,31.0,18.2,1.1,13.8,1.7,9.3,34.4,10.1,39.2
ID071,-8.0,87.8,67.5,21.9,14.1,18.2,0.5,26.9,2.0,2.0,46.2,20.0,35.0
ID071,0.0,20.0,83.0,18.0,14.5,18.2,0.3,24.9,2.3,7.9,58.4,15.0,35.0
ID071,20.0,58.0,70.0,19.0,11.0,18.2,0.5,22.7,2.4,7.5,37.4,15.0,35.0
ID071,58.0,125.0,67.0,19.0,14.0,18.2,0.8,24.5,2.0,13.0,33.1,7.6,35.0
ID071,125.0,150.0,51.0,31.0,18.0,18.2,0.7,25.2,2.5,7.0,58.8,16.3,35.0
ID072,0.0,18.0,56.0,10.0,34.0,18.2,1.0,29.9,1.9,7.7,22.8,16.7,46.7
ID072,18.0,45.0,48.0,10.0,42.0,18.2,1.1,23.2,2.2,7.0,40.0,23.6,46.3
ID072,45.0,95.0,47.0,12.0,41.0,18.2,1.0,26.3,2.0,13.1,41.4,10.6,46.2
ID072,95.0,135.0,48.0,12.0,40.0,18.2,0.9,26.4,2.3,8.4,47.6,17.4,46.0
ID072,135.0,160.0,49.4,11.3,39.6,18.2,1.2,26.6,2.3,5.0,38.6,17.0,45.9
ID073,0.0,16.0,19.0,53.0,28.0,18.2,0.4,12.9,2.2,3.8,20.9,9.9,39.1
ID073,16.0,35.0,10.0,54.0,36.0,18.2,-0.1,16.6,1.8,7.3,35.6,14.3,33.2
ID073,35.0,79.0,8.0,64.0,28.0,18.2,0.3,15.8,1.9,11.4,35.8,9.8,35.9
ID073,79.0,90.0,41.0,38.0,21.0,18.2,0.6,12.0,1.6,14.8,35.5,19.7,44.4
ID073,90.0,108.0,71.0,17.0,12.0,18.2,0.6,24.6,2.1,14.1,35.3,7.5,34.4
ID073,108.0,135.0,65.0,19.0,16.0,18.2,0.7,16.0,2.1,10.3,49.9,12.7,39.5
ID073,135.0,160.0,68.0,21.0,11.0,18.2,0.1,16.6,2.0,8.7,35.6,13.9,48.4
ID074,0.0,11.0,50.0,16.0,34.0,18.2,1.1,18.0,2.1,7.8,20.5,11.1,35.9
ID074,11.0,30.0,42.0,17.0,41.0,18.2,0.7,11.1,2.0,11.9,21.9,11.4,34.8
ID074,30.0,65.0,39.0,16.0,45.0,18.2,1.2,29.1,2.0,7.1,34.0,11.7,35.5
ID074,65.0,103.0,33.0,19.0,48.0,18.2,0.9,23.1,1.5,6.0,42.5,16.2,35.4
ID074,103.0,160.0,32.0,22.0,46.0,18.2,1.2,22.0,1.8,7.0,33.3,11.8,38.1
ID074,210.0,260.0,24.0,28.0,48.0,18.2,1.1,26.6,1.9,3.4,49.9,6.8,34.2
ID075,0.0,7.0,29.0,9.0,62.0,18.2,1.0,25.0,2.1,7.8,42.0,11.7,22.7
ID075,7.0,30.0,25.0,7.0,68.0,18.2,1.0,29.9,1.7,7.6,41.7,16.7,32.4
ID075,30.0,70.0,20.0,5.0,75.0,18.2,1.0,24.3,2.2,8.2,42.1,11.6,36.1
ID075,70.0,160.0,18.0,5.0,77.0,18.2,1.0,25.6,2.4,12.1,38.5,7.4,46.5
ID075,160.0,270.0,25.3,7.2,67.4,18.2,0.5,25.1,2.5,5.2,41.6,12.0,49.4
ID075,270.0,290.0,34.0,10.0,56.0,18.2,1.0,18.4,2.1,6.6,45.2,12.2,37.6
ID076,0.0,12.0,6.0,9.0,85.0,18.2,0.7,24.4,1.4,11.8,32.3,6.0,30.4
ID076,12.0,34.0,6.0,7.0,87.0,18.2,0.5,24.3,2.3,6.3,34.9,10.7,31.9
ID076,34.0,60.0,5.0,7.0,88.0,18.2,0.8,29.4,1.9,8.6,31.5,9.9,32.4
ID076,60.0,100.0,5.0,6.0,89.0,18.2,0.7,26.6,1.9,5.6,39.9,10.8,29.7
ID076,100.0,150.0,5.0,8.0,87.0,18.2,0.9,25.6,2.1,8.6,39.8,18.7,32.0
ID076,150.0,300.0,4.0,8.0,88.0,18.2,1.0,16.1,1.7,8.7,48.0,6.3,36.8
ID076,300.0,400.0,4.0,8.0,88.0,18.2,1.1,24.4,2.4,12.4,52.5,10.5,33.0
ID077,0.0,13.0,10.0,17.0,73.0,18.2,1.4,24.5,1.7,8.5,58.8,16.3,29.4
ID077,13.0,21.0,11.0,11.0,78.0,18.2,1.1,24.1,1.6,7.1,46.1,13.6,39.0
ID077,21.0,74.0,10.0,11.0,79.0,18.2,1.0,23.8,1.7,7.3,45.8,22.5,23.3
ID077,74.0,117.0,10.0,9.0,81.0,18.2,0.9,29.4,1.3,3.5,46.0,16.2,29.8
ID077,117.0,160.0,7.0,10.0,83.0,18.2,1.2,24.4,1.4,6.8,46.3,16.3,25.1
ID077,160.0,200.0,5.0,14.0,81.0,18.2,1.2,16.4,1.8,4.3,29.5,15.6,35.4
ID077,200.0,280.0,10.0,21.0,69.0,18.2,0.7,26.3,2.2,11.5,50.6,11.9,21.1
ID078,0.0,30.0,47.0,39.0,14.0,18.2,0.7,25.4,2.1,14.0,44.0,17.0,36.0
ID078,30.0,44.0,46.0,44.0,10.0,18.2,0.7,20.8,1.7,12.3,51.9,19.3,31.0
ID078,44.0,100.0,46.0,32.0,22.0,18.2,0.5,21.2,2.1,9.3,43.9,21.8,35.7
ID078,100.0,123.0,77.0,13.0,10.0,18.2,0.8,21.2,1.6,2.2,36.6,19.3,35.6
ID078,123.0,130.0,34.0,38.0,28.0,18.2,0.2,15.8,1.7,8.8,44.3,19.0,24.2
ID078,130.0,170.0,28.0,38.0,34.0,18.2,0.5,20.3,1.9,7.0,44.7,19.6,24.1
ID079,0.0,30.0,17.0,28.0,55.0,18.2,1.1,26.5,2.4,13.6,57.8,17.2,37.9
ID079,30.0,70.0,10.0,23.0,67.0,18.2,0.8,26.2,2.3,3.4,57.6,16.3,38.2
ID079,70.0,127.0,9.0,27.0,64.0,18.2,0.8,24.4,2.1,7.9,57.6,11.4,47.9
ID079,127.0,160.0,11.0,36.0,53.0,18.2,0.8,20.5,2.0,6.0,56.6,28.5,41.3
ID079,160.0,280.0,38.0,35.0,27.0,18.2,0.9,24.5,1.8,9.5,57.4,10.3,25.6
ID080,0.0,14.0,74.0,19.0,7.0,18.2,1.0,16.7,1.7,8.9,49.0,16.3,40.4
ID080,14.0,22.0,71.0,24.0,5.0,18.2,1.2,10.2,1.8,9.1,51.6,29.6,38.8
ID080,22.0,32.0,70.0,22.0,8.0,18.2,1.1,17.0,1.9,5.6,47.1,16.3,39.2
ID080,32.0,50.0,61.0,26.0,13.0,18.2,1.6,12.6,2.2,6.3,46.6,9.6,40.8
ID080,50.0,89.0,63.0,26.0,11.0,18.2,1.5,25.5,1.7,10.6,46.9,12.3,41.1
ID080,89.0,130.0,68.0,30.0,2.0,18.2,1.8,25.2,2.1,12.4,46.9,15.6,40.3
ID080,130.0,150.0,60.0,34.0,6.0,18.2,1.2,10.9,2.0,8.8,39.9,17.0,44.2
ID081,0.0,8.0,79.0,20.0,1.0,3.2,1.3,13.1,2.0,4.6,48.1,24.2,41.1
ID081,8.0,15.0,82.0,17.0,1.0,2.9,1.2,12.9,2.1,3.0,53.0,22.5,49.5
ID081,15.0,34.0,76.0,20.0,4.0,2.6,1.7,12.6,2.0,6.0,42.5,23.9,30.3
ID081,34.0,55.0,72.0,26.0,2.0,3.0,1.4,13.0,1.9,4.8,44.9,22.1,48.8
ID081,55.0,63.0,72.0,26.0,2.0,3.1,1.1,13.5,2.1,4.6,52.5,27.8,33.0
ID082,0.0,14.0,64.0,23.0,13.0,18.2,0.9,20.7,1.4,6.3,45.1,19.5,40.9
ID082,14.0,32.0,60.0,34.0,6.0,18.2,0.8,17.3,1.7,6.7,44.6,18.8,26.2
ID082,32.0,51.0,62.0,23.0,15.0,18.2,1.2,24.0,2.1,6.4,45.4,25.8,20.2
ID082,51.0,101.0,59.0,28.0,13.0,18.2,1.0,20.3,1.8,6.6,45.3,20.3,48.5
ID082,101.0,123.0,64.0,32.0,4.0,18.2,1.4,20.9,2.2,6.1,46.8,14.5,35.0
ID082,123.0,129.0,64.0,34.0,2.0,18.2,1.1,20.8,1.7,6.6,45.9,20.3,42.6
ID082,129.0,160.0,59.0,27.0,14.0,18.2,1.5,20.1,2.1,6.3,45.2,20.2,30.7
ID083,0.0,16.0,3.0,57.0,40.0,18.2,0.8,14.6,1.7,6.2,41.1,16.5,32.6
ID083,16.0,33.0,3.0,62.0,35.0,18.2,1.0,26.1,2.0,2.4,46.6,18.8,39.8
ID083,33.0,46.0,3.0,59.0,38.0,18.2,0.7,12.7,2.0,6.9,57.2,18.6,39.6
ID083,46.0,81.0,4.0,61.0,35.0,18.2,1.2,12.2,1.9,5.5,46.7,21.2,45.1
ID083,81.0,120.0,4.0,56.0,40.0,18.2,0.4,15.0,1.9,8.1,41.7,19.1,39.4
ID084,0.0,9.0,60.0,22.0,18.0,18.2,0.9,21.1,1.8,8.0,44.5,5.9,27.9
ID084,9.0,18.0,68.0,18.0,14.0,18.2,1.0,20.5,1.7,9.6,43.8,8.2,28.3
ID084,18.0,30.0,70.0,22.0,8.0,18.2,1.2,29.6,1.9,8.7,43.7,8.8,28.2
ID084,30.0,65.0,72.0,22.0,6.0,18.2,1.2,21.2,1.7,7.3,44.4,5.6,28.6
ID084,65.0,150.0,77.0,19.0,4.0,18.2,1.4,12.1,1.9,8.0,44.1,13.8,28.4
ID085,0.0,9.0,18.0,47.0,35.0,18.2,0.8,29.4,1.9,8.2,31.5,15.6,29.8
ID085,9.0,24.0,6.0,54.0,40.0,18.2,0.8,10.0,1.7,11.7,59.7,15.7,39.3
ID085,24.0,45.0,5.0,19.0,76.0,18.2,0.5,19.6,1.7,8.2,26.8,15.4,43.8
ID085,45.0,72.0,5.0,9.0,86.0,18.2,0.9,19.6,1.8,3.8,37.4,16.0,47.7
ID085,72.0,132.0,4.0,11.0,85.0,18.2,0.9,19.5,1.4,7.8,33.2,16.0,36.9
ID086,0.0,7.0,14.0,37.0,49.0,18.2,0.9,26.9,1.5,10.0,40.5,7.2,28.7
ID086,7.0,19.0,15.0,40.0,45.0,18.2,0.9,24.8,2.0,4.4,40.5,12.2,37.9
ID086,19.0,52.0,16.0,39.0,45.0,18.2,0.9,29.3,2.5,7.1,40.5,9.9,43.2
ID086,52.0,84.0,23.0,37.0,40.0,18.2,1.2,26.7,2.0,7.0,40.5,9.8,40.8
ID087,0.0,12.0,33.0,26.0,41.0,18.2,1.2,26.8,2.0,2.5,40.5,18.8,36.0
ID087,12.0,52.0,22.0,20.0,58.0,18.2,1.2,26.3,2.1,10.6,40.5,26.0,36.3
ID087,52.0,67.0,23.0,22.0,55.0,18.2,1.2,26.1,2.2,11.4,40.5,22.0,35.8
ID087,67.0,107.0,28.0,26.0,46.0,18.2,0.8,26.5,2.4,8.5,40.5,22.6,35.9
ID088,0.0,3.0,62.0,26.0,12.0,18.2,1.2,16.6,1.9,6.2,55.1,8.3,46.0
ID088,3.0,18.0,61.0,26.0,13.0,18.2,1.6,17.0,1.9,5.7,31.5,10.8,31.7
ID088,18.0,40.0,57.0,27.0,16.0,18.2,1.5,22.4,1.6,5.1,29.1,20.7,36.1
ID088,40.0,70.0,49.0,26.0,25.0,18.2,1.6,16.7,2.0,5.9,20.9,11.3,37.0
ID088,70.0,115.0,45.0,25.0,30.0,18.2,1.6,11.3,1.8,5.4,21.3,9.3,40.5
ID088,115.0,145.0,43.0,24.0,33.0,18.2,1.6,16.6,2.0,6.7,31.1,6.2,25.3
ID089,0.0,3.0,63.0,25.0,12.0,18.2,1.2,25.2,1.6,9.5,42.5,10.1,41.3
ID089,3.0,12.0,58.0,27.0,15.0,18.2,1.3,21.6,2.1,14.3,51.3,27.2,41.4
ID089,12.0,38.0,56.0,27.0,17.0,18.2,1.7,19.1,1.7,4.6,42.0,23.5,41.3
ID089,38.0,60.0,54.0,25.0,21.0,18.2,1.6,10.1,1.5,5.8,41.8,27.7,41.4
ID089,60.0,105.0,46.0,26.0,28.0,18.2,1.6,19.2,1.7,14.4,20.5,23.3,44.8
ID089,105.0,155.0,42.0,25.0,33.0,18.2,1.7,19.2,1.9,9.7,54.7,27.6,38.4
ID090,0.0,23.0,43.0,49.0,8.0,18.2,0.8,26.7,2.0,2.5,51.6,21.4,38.5
ID090,23.0,42.0,78.0,21.0,1.0,18.2,0.8,26.4,1.9,2.3,43.9,20.7,38.7
ID090,42.0,66.0,60.0,38.0,2.0,18.2,1.5,26.8,2.1,2.8,55.8,15.6,39.5
ID090,66.0,92.0,76.0,22.0,2.0,18.2,0.8,26.5,2.0,2.5,56.6,28.5,41.3
ID090,92.0,125.0,83.0,15.0,2.0,18.2,1.1,27.4,2.1,2.8,51.6,10.7,38.8
ID090,125.0,136.0,87.0,10.0,3.0,18.2,1.5,25.7,2.0,3.1,56.8,23.3,34.8
ID090,136.0,169.0,89.0,8.0,3.0,18.2,1.7,26.2,1.9,2.6,51.6,20.5,38.8
ID090,169.0,198.0,88.0,11.0,1.0,18.2,0.9,27.1,2.5,3.4,47.6,26.8,38.5
ID091,0.0,12.0,14.0,16.0,70.0,18.2,1.3,25.2,1.6,10.8,28.6,21.5,30.2
ID091,12.0,32.0,9.0,10.0,81.0,18.2,1.4,19.6,2.1,11.5,31.9,16.5,49.1
ID091,32.0,51.0,7.0,10.0,83.0,18.2,1.3,25.6,2.0,8.9,31.5,28.0,29.0
ID091,51.0,86.0,7.0,12.0,81.0,18.2,1.3,25.0,1.5,5.2,28.9,16.7,43.0
ID091,86.0,111.0,5.0,10.0,85.0,18.2,1.3,26.6,1.4,10.4,31.9,21.1,27.7
ID091,111.0,128.0,5.0,14.0,81.0,18.2,1.3,24.7,1.7,9.7,37.9,16.6,37.8
ID091,128.0,162.0,6.0,17.0,77.0,18.2,1.3,25.1,1.6,9.7,31.8,21.6,47.7
ID091,162.0,192.0,8.0,18.0,74.0,18.2,1.3,29.2,1.6,13.6,32.2,29.6,37.7
ID092,0.0,12.0,14.0,20.0,66.0,18.2,1.3,27.0,1.9,10.1,38.4,20.8,30.7
ID092,12.0,27.0,10.0,14.0,76.0,18.2,1.4,25.1,2.0,10.6,37.8,15.0,28.1
ID092,27.0,44.0,7.0,10.0,83.0,18.2,1.4,27.2,2.1,10.3,41.2,26.0,30.7
ID092,44.0,76.0,6.0,12.0,82.0,18.2,1.3,26.9,1.5,10.3,54.7,20.5,30.3
ID092,76.0,102.0,5.0,19.0,76.0,18.2,1.3,27.3,2.1,6.9,29.9,20.5,33.2
ID092,102.0,133.0,9.0,24.0,67.0,18.2,1.3,26.7,2.2,11.8,37.9,21.0,31.0
ID092,133.0,159.0,11.0,26.0,63.0,18.2,1.3,28.2,1.6,12.5,40.5,20.2,30.5
ID092,159.0,191.0,12.0,27.0,61.0,18.2,1.3,27.4,1.8,10.7,25.0,20.7,31.1
ID093,0.0,13.0,7.0,22.0,71.0,18.2,1.2,19.0,1.5,12.4,34.3,27.8,37.9
ID093,13.0,37.0,6.0,19.0,75.0,18.2,1.4,22.7,2.1,7.5,31.0,16.3,38.3
ID093,37.0,68.0,6.0,22.0,72.0,18.2,1.4,19.4,1.6,4.8,27.4,6.7,38.8
ID093,68.0,100.0,6.0,26.0,68.0,18.2,1.4,19.4,1.8,3.8,54.3,7.2,38.4
ID093,100.0,127.0,8.0,33.0,59.0,18.2,1.2,19.4,2.5,7.5,37.4,21.7,38.3
ID093,127.0,170.0,9.0,38.0,53.0,18.2,1.4,15.4,2.2,7.5,22.3,15.4,38.1
ID094,0.0,5.0,22.0,15.0,63.0,18.2,1.3,19.3,1.7,8.1,60.0,11.5,43.6
ID094,5.0,20.0,17.0,13.0,70.0,18.2,1.4,19.0,1.8,7.6,47.2,11.9,38.5
ID094,20.0,48.0,14.0,11.0,75.0,18.2,1.3,19.4,1.7,9.9,49.4,11.8,48.6
ID094,48.0,102.0,13.0,11.0,76.0,18.2,1.2,20.3,2.2,10.0,32.5,10.5,39.6
ID094,102.0,157.0,10.0,12.0,78.0,18.2,1.3,20.1,2.0,2.2,46.9,12.8,40.0
ID094,157.0,194.0,10.0,13.0,77.0,18.2,1.3,19.4,1.6,9.6,46.8,11.5,39.6
ID094,194.0,210.0,10.0,15.0,75.0,18.2,1.3,20.1,1.6,8.1,47.7,11.6,28.0
ID095,0.0,11.0,5.0,7.0,88.0,18.2,0.9,23.4,2.1,9.4,55.8,15.6,23.9
ID095,11.0,40.0,5.0,6.0,89.0,18.2,1.3,21.7,2.0,4.9,36.0,16.3,24.6
ID095,40.0,73.0,4.0,5.0,91.0,18.2,1.2,23.4,2.4,15.0,44.6,19.6,24.7
ID095,73.0,102.0,4.0,7.0,89.0,18.2,1.1,21.7,1.8,10.7,44.0,21.8,23.8
ID095,102.0,154.0,5.0,7.0,88.0,18.2,1.1,22.7,1.9,6.4,37.6,17.2,28.1
ID095,154.0,200.0,4.0,11.0,85.0,18.2,1.2,26.3,2.3,5.9,43.1,27.3,20.9
ID096,0.0,4.0,43.0,11.0,46.0,18.2,1.2,23.9,1.9,8.1,36.4,15.6,42.4
ID096,4.0,34.0,37.0,11.0,52.0,18.2,1.4,28.0,1.7,8.2,26.8,15.0,43.8
ID096,34.0,62.0,29.0,10.0,61.0,18.2,1.4,17.6,2.0,8.6,29.8,22.3,42.9
ID096,62.0,106.0,28.0,10.0,62.0,18.2,1.4,25.3,1.7,7.9,30.5,29.0,43.0
ID096,106.0,142.0,26.0,11.0,63.0,18.2,1.4,23.9,1.7,8.6,30.2,7.4,46.5
ID096,142.0,180.0,23.0,13.0,64.0,18.2,1.4,23.9,2.1,8.0,26.9,21.2,38.4
ID097,0.0,17.0,41.0,11.0,48.0,18.2,1.0,28.9,1.8,6.7,48.8,20.5,35.0
ID097,17.0,46.0,38.0,10.0,52.0,18.2,1.4,10.6,1.7,6.8,48.7,16.1,35.0
ID097,46.0,86.0,36.0,10.0,54.0,18.2,1.4,20.6,1.8,7.1,48.1,5.6,35.0
ID097,86.0,125.0,31.0,9.0,60.0,18.2,1.4,14.6,2.2,10.0,55.4,16.6,35.0
ID097,125.0,168.0,31.0,10.0,59.0,18.2,1.4,20.3,2.0,6.3,48.5,16.4,35.0
ID097,168.0,200.0,29.0,13.0,58.0,18.2,1.4,24.9,2.0,3.4,41.6,23.5,35.0
ID098,0.0,5.0,62.0,9.0,29.0,18.2,1.2,28.9,2.0,8.7,37.7,11.9,32.1
ID098,5.0,19.0,55.0,9.0,36.0,18.2,1.5,28.5,1.7,11.8,32.3,6.0,30.3
ID098,19.0,38.0,54.0,8.0,38.0,18.2,1.4,26.2,1.9,8.9,37.4,17.1,30.3
ID098,38.0,64.0,52.0,8.0,40.0,18.2,1.4,28.2,2.0,8.6,37.7,14.2,30.7
ID098,64.0,92.0,50.0,9.0,41.0,18.2,1.4,28.4,2.0,7.9,26.5,12.0,28.6
ID098,92.0,125.0,52.0,8.0,40.0,18.2,1.4,28.5,1.7,6.1,38.2,10.1,30.0
ID098,125.0,180.0,47.0,10.0,43.0,18.2,1.5,29.8,1.6,7.9,54.6,11.9,30.7
ID099,0.0,8.0,53.0,11.0,36.0,18.2,1.0,12.2,1.9,11.1,37.3,21.2,45.1
ID099,8.0,32.0,52.0,12.0,36.0,18.2,1.3,12.5,1.9,11.6,36.1,16.1,36.0
ID099,32.0,64.0,50.0,10.0,40.0,18.2,1.3,12.9,1.7,9.1,33.9,14.6,41.8
ID099,64.0,90.0,50.0,9.0,41.0,18.2,1.4,12.8,1.9,9.8,33.9,16.2,27.7
ID099,90.0,121.0,47.0,9.0,44.0,18.2,1.5,12.5,1.6,9.1,34.7,13.2,40.3
ID099,121.0,156.0,50.0,8.0,42.0,18.2,1.5,12.4,1.4,9.3,35.6,15.7,30.4
ID099,156.0,180.0,49.0,8.0,43.0,18.2,1.5,13.6,1.6,6.1,28.2,14.4,33.9
ID100,0.0,10.0,10.0,35.0,55.0,18.2,1.5,22.4,1.6,7.1,29.1,20.7,29.8
ID100,10.0,41.0,7.0,30.0,63.0,18.2,1.4,27.2,2.1,6.7,39.5,8.2,29.3
ID100,41.0,86.0,8.0,27.0,65.0,18.2,1.4,10.2,1.6,2.6,39.9,14.9,38.8
ID100,86.0,105.0,7.0,27.0,66.0,18.2,1.4,22.9,1.7,7.4,48.0,14.4,28.2
ID100,105.0,147.0,8.0,27.0,65.0,18.2,1.4,23.3,1.9,11.8,52.6,22.0,31.2
ID100,147.0,160.0,15.0,33.0,52.0,18.2,1.5,29.9,2.1,8.2,40.1,12.3,33.1
ID100,160.0,180.0,13.0,36.0,51.0,18.2,1.5,26.6,2.1,6.9,29.4,14.8,25.8
ID100,180.0,210.0,16.0,33.0,51.0,18.2,1.6,23.7,1.6,7.5,39.8,10.1,30.7
ID101,0.0,10.0,6.0,38.0,56.0,18.2,1.3,27.1,1.9,7.0,39.2,10.3,29.4
ID101,10.0,23.0,7.0,39.0,54.0,18.2,1.5,19.4,2.1,6.4,21.9,20.4,29.5
ID101,23.0,48.0,9.0,39.0,52.0,18.2,1.3,19.0,1.7,6.9,32.0,18.9,23.3
ID101,48.0,70.0,6.0,29.0,65.0,18.2,1.4,19.5,1.6,6.7,48.3,18.2,35.2
ID101,70.0,83.0,7.0,26.0,67.0,18.2,1.4,12.7,2.0,6.9,57.2,25.4,29.6
ID101,83.0,120.0,4.0,12.0,84.0,18.2,1.2,16.8,1.8,6.9,37.1,18.2,29.3
ID101,120.0,160.0,3.0,13.0,84.0,18.2,1.2,19.5,1.6,6.6,39.8,17.9,28.8
ID101,160.0,210.0,3.0,13.0,84.0,18.2,1.2,20.2,1.7,6.7,39.5,18.3,29.4
ID102,0.0,12.0,11.0,28.0,61.0,18.2,1.5,22.2,1.6,4.3,38.4,11.2,34.8
ID102,12.0,25.0,8.0,25.0,67.0,18.2,1.4,22.6,1.9,3.8,39.2,11.8,32.6
ID102,25.0,54.0,5.0,18.0,77.0,18.2,1.4,22.5,1.3,4.2,30.9,7.5,34.4
ID102,54.0,94.0,3.0,11.0,86.0,18.2,1.4,24.8,1.7,4.7,56.0,11.0,39.8
ID102,94.0,160.0,2.0,9.0,89.0,18.2,1.4,21.0,2.1,5.0,38.6,18.4,32.1
ID102,160.0,200.0,2.0,9.0,89.0,18.2,1.4,21.4,1.8,4.3,29.6,7.9,20.5
IN064,0.0,16.0,54.0,22.0,24.0,18.2,0.9,15.2,1.8,11.5,30.0,12.5,24.5
IN064,16.0,61.0,51.0,23.0,26.0,18.2,0.9,25.7,1.7,11.3,29.7,6.7,24.3
IN064,61.0,92.0,50.0,24.0,26.0,18.2,0.9,21.2,1.7,12.1,29.6,12.3,24.9
IN064,92.0,150.0,61.0,18.0,21.0,18.2,0.9,21.1,1.9,11.6,29.5,18.7,24.7
IN065,0.0,7.0,66.0,15.0,19.0,18.2,0.9,15.5,1.7,11.9,45.0,28.0,28.8
IN065,7.0,26.0,67.0,14.0,19.0,18.2,0.9,19.3,1.9,14.2,51.1,26.4,35.0
IN065,26.0,54.0,61.0,14.0,25.0,18.2,0.9,19.2,2.2,11.8,59.7,27.2,40.0
IN065,54.0,89.0,68.0,13.0,19.0,18.2,0.9,19.0,2.1,11.5,35.3,17.0,36.0
IN065,89.0,110.0,86.0,4.0,10.0,18.2,0.9,18.6,2.0,11.8,32.3,22.9,34.9
IN065,110.0,150.0,69.4,11.5,18.2,18.2,0.9,21.6,2.5,7.5,44.3,18.4,35.1
IN066,0.0,20.0,37.0,45.0,18.0,18.2,1.5,29.9,1.7,7.7,42.9,19.6,20.3
IN066,20.0,27.0,35.0,48.0,17.0,18.2,1.6,17.9,1.5,13.1,40.5,9.0,45.9
IN066,27.0,43.0,37.0,45.0,18.0,18.2,1.5,18.2,1.7,10.5,42.7,19.2,35.7
IN066,43.0,67.0,37.0,44.0,19.0,18.2,1.5,30.0,1.7,4.6,40.5,23.7,35.9
IN066,67.0,80.0,35.0,49.0,16.0,18.2,1.5,10.1,2.2,8.0,40.2,20.1,34.4
IN066,80.0,106.0,35.0,48.0,17.0,18.2,1.5,13.7,1.7,10.0,40.4,12.7,35.7
IN066,106.0,119.0,60.0,28.0,12.0,18.2,1.6,24.2,2.2,8.7,35.5,19.9,45.6
IN066,119.0,128.0,57.0,32.0,11.0,18.2,1.7,24.5,1.9,4.8,40.8,29.4,35.8
IN067,0.0,9.0,83.0,8.0,9.0,18.2,1.5,24.6,2.0,2.2,57.3,12.7,49.0
IN067,9.0,36.0,80.0,9.0,11.0,18.2,1.5,28.4,1.6,7.6,48.3,13.7,35.9
IN067,36.0,76.0,76.0,12.0,12.0,18.2,1.4,24.5,1.8,8.0,34.5,18.5,32.5
IN067,76.0,90.0,74.0,16.0,10.0,18.2,1.4,25.5,1.8,13.0,39.3,9.7,25.1
IN067,90.0,140.0,72.0,15.0,13.0,18.2,1.4,26.0,1.9,8.0,26.8,7.1,31.8
IN067,140.0,160.0,76.9,12.0,11.0,18.2,1.7,17.6,1.6,7.8,27.4,11.9,39.8
IN068,0.0,10.0,46.0,36.0,18.0,18.2,1.5,22.3,2.2,7.8,55.1,18.2,38.1
IN068,10.0,22.0,44.0,36.0,20.0,18.2,1.4,22.0,1.9,11.6,39.4,18.7,45.4
IN068,23.0,34.0,43.1,35.2,21.5,18.2,1.8,28.0,2.0,8.7,45.0,26.3,46.7
IN068,34.0,44.0,38.0,34.0,28.0,18.2,1.4,11.8,2.3,5.0,45.3,18.0,22.9
IN068,44.0,100.0,43.1,35.7,22.0,18.2,1.4,25.5,2.5,7.9,40.0,9.7,38.3
IN069,0.0,38.0,84.0,10.0,6.0,18.2,1.5,21.6,2.0,5.3,25.2,28.8,29.0
IN069,38.0,92.0,83.0,10.0,7.0,18.2,1.5,17.3,1.8,7.4,25.2,29.0,30.2
IN069,92.0,108.0,86.0,8.0,6.0,18.2,1.5,25.6,1.8,12.1,25.4,19.9,29.9
IN069,108.0,138.0,87.0,6.0,7.0,18.2,1.5,28.9,2.0,6.0,25.6,11.9,30.5
IN069,138.0,160.0,92.0,3.0,5.0,18.2,1.6,27.1,2.2,7.3,25.5,10.3,30.1
IN070,0.0,15.0,72.0,17.0,11.0,18.2,1.6,11.8,2.5,5.0,35.9,15.5,22.9
IN070,15.0,29.0,66.0,16.0,18.0,18.2,1.6,16.2,2.1,6.2,32.0,16.2,32.8
IN070,29.0,45.0,62.0,22.0,16.0,18.2,1.6,17.2,2.2,8.2,36.0,15.5,33.1
IN070,45.0,84.0,60.0,21.0,19.0,18.2,1.6,17.9,2.0,6.3,40.6,20.3,42.5
IN070,84.0,124.0,71.0,16.0,13.0,18.2,1.5,24.7,2.0,4.5,21.2,13.9,24.4
IN070,124.0,150.0,71.0,19.0,10.0,18.2,1.6,17.7,2.4,5.8,50.9,10.0,31.5
IN071,0.0,11.0,89.0,6.0,5.0,18.2,1.6,18.3,1.6,3.6,42.6,15.2,34.3
IN071,11.0,26.0,87.0,6.0,7.0,18.2,1.5,13.5,1.9,8.2,38.6,16.4,34.4
IN071,26.0,55.0,87.0,6.0,7.0,18.2,1.4,18.8,1.8,8.0,42.7,25.1,20.8
IN071,55.0,87.0,87.0,5.0,8.0,18.2,1.4,16.8,1.8,7.6,37.1,16.3,36.4
IN071,87.0,119.0,87.0,5.0,8.0,18.2,1.4,18.6,2.1,8.1,42.8,8.6,36.1
IN071,119.0,155.0,86.0,6.0,8.0,18.2,1.4,21.9,2.0,9.1,51.8,16.7,34.4
IN071,155.0,170.0,87.0,6.0,7.0,18.2,1.4,21.1,1.7,11.6,42.3,16.4,45.4
IN072,0.0,10.0,9.0,29.0,62.0,18.2,1.8,14.3,1.5,11.4,32.7,11.0,32.2
IN072,10.0,21.0,8.0,26.0,66.0,18.2,1.8,13.6,1.5,8.7,33.1,9.7,23.2
IN072,21.0,38.0,6.0,29.0,65.0,18.2,1.9,18.9,1.5,3.2,36.4,11.4,26.1
IN072,38.0,45.0,11.0,27.0,62.0,18.2,1.9,25.5,1.5,10.6,29.6,12.3,24.2
IN072,45.0,65.0,8.6,27.6,64.1,18.2,2.1,21.3,1.5,11.4,33.2,10.6,24.4
IN073,0.0,20.0,59.0,11.0,30.0,18.2,0.9,14.4,2.1,7.0,40.2,18.9,37.9
IN073,20.0,32.0,47.0,18.0,35.0,18.2,0.9,12.1,1.5,8.7,40.1,13.8,36.5
IN073,32.0,63.0,45.0,18.0,37.0,18.2,0.9,14.6,1.9,4.6,39.7,16.3,40.8
IN073,63.0,96.0,43.0,18.0,39.0,18.2,0.9,14.2,1.9,6.8,40.1,21.2,37.1
IN073,96.0,116.0,46.0,16.0,38.0,18.2,0.9,15.0,2.0,6.6,39.5,11.9,37.1
IN073,116.0,155.0,51.0,15.0,34.0,18.2,0.9,20.6,1.8,6.7,40.1,18.2,28.5
IN073,155.0,190.0,51.0,20.0,29.0,18.2,0.9,10.9,2.0,7.2,39.9,28.8,44.2
IN074,0.0,15.0,14.0,23.0,63.0,18.2,1.7,29.6,2.1,3.6,56.1,13.4,43.8
IN074,15.0,37.0,16.0,22.0,62.0,18.2,2.0,29.4,1.6,5.4,43.7,19.5,20.1
IN074,37.0,60.0,16.0,20.0,64.0,18.2,2.0,29.6,2.1,7.0,41.3,23.6,46.3
IN074,60.0,84.0,17.0,19.0,64.0,18.2,2.0,29.7,2.1,4.4,23.3,16.9,35.7
IN074,84.0,129.0,15.0,21.0,64.0,18.2,1.9,29.9,1.7,5.8,41.0,10.0,33.4
IN074,129.0,150.0,14.0,20.0,66.0,18.2,2.1,29.4,1.4,5.7,41.2,16.9,35.5
IN075,0.0,20.0,14.0,26.0,60.0,18.2,1.7,23.5,1.9,7.7,33.7,18.6,46.7
IN075,20.0,45.0,15.0,14.0,71.0,18.2,1.9,13.6,1.9,7.9,34.1,9.7,23.2
IN075,45.0,65.0,13.0,22.0,65.0,18.2,2.0,26.4,2.1,14.3,34.3,26.1,42.3
IN075,65.0,105.0,8.0,26.0,66.0,18.2,2.0,21.1,2.1,7.9,41.5,5.6,38.3
IN075,105.0,145.0,9.0,18.0,73.0,18.2,2.0,20.9,2.1,3.5,26.9,21.2,38.4
IN075,145.0,190.0,13.0,29.0,58.0,18.2,1.9,26.3,2.0,5.9,33.7,27.3,37.4
IN075,190.0,240.0,7.0,29.0,64.0,18.2,1.9,15.4,1.8,7.9,33.6,18.1,38.0
IN076,0.0,16.0,5.0,21.0,74.0,18.2,0.9,19.4,1.7,11.4,31.0,16.1,43.6
IN076,16.0,47.0,5.0,21.0,74.0,18.2,0.9,15.0,2.1,11.3,31.0,29.1,37.9
IN076,47.0,84.0,10.0,16.0,74.0,18.2,0.9,18.5,1.6,10.6,24.6,6.8,24.7
IN076,84.0,117.0,10.0,15.0,75.0,18.2,0.9,29.5,2.0,10.7,31.3,11.4,37.9
IN076,117.0,140.0,10.0,19.0,71.0,18.2,0.9,12.2,1.9,10.8,37.3,16.2,45.1
IN077,0.0,12.0,9.0,25.0,66.0,18.2,1.6,19.0,2.1,6.8,26.5,23.0,22.5
IN077,12.0,36.0,7.0,29.0,64.0,18.2,1.5,19.7,1.5,6.8,31.8,25.1,29.4
IN077,36.0,69.0,7.0,24.0,69.0,18.2,1.7,19.8,1.8,8.9,29.3,27.6,26.5
IN077,69.0,114.0,3.0,21.0,76.0,18.2,1.9,19.8,2.1,5.2,29.5,9.9,30.7
IN077,114.0,147.0,10.0,19.0,71.0,18.2,1.8,25.0,2.2,6.7,28.7,22.5,23.3
IN077,147.0,167.0,18.0,24.0,58.0,18.2,1.7,13.8,2.5,6.8,29.0,28.1,26.9
IN078,0.0,8.0,75.0,3.0,22.0,18.2,0.9,25.6,2.2,5.5,29.7,24.9,33.8
IN078,8.0,38.0,56.0,8.0,36.0,18.2,0.9,24.1,1.8,5.6,52.0,17.7,32.0
IN078,38.0,75.0,48.0,12.0,40.0,18.2,0.9,24.8,1.6,5.7,44.8,17.4,43.3
IN078,75.0,127.0,39.0,22.0,39.0,18.2,0.9,21.7,1.8,5.5,49.0,21.8,33.1
IN078,127.0,146.0,54.3,11.4,34.6,18.2,0.9,29.0,2.0,5.3,44.1,6.4,25.3
IN079,0.0,4.0,23.0,22.0,55.0,18.2,0.9,22.2,1.7,11.7,42.5,15.7,36.2
IN079,4.0,22.0,22.0,19.0,59.0,18.2,0.9,30.0,1.5,10.7,35.4,17.7,41.5
IN079,22.0,54.0,13.0,19.0,68.0,18.2,0.9,25.9,1.7,11.1,41.9,17.4,35.9
IN079,54.0,87.0,10.0,21.0,69.0,18.2,0.9,10.6,1.4,11.1,37.1,29.3,41.1
IN079,87.0,152.0,10.0,20.0,70.0,18.2,0.9,21.5,2.0,8.9,42.1,9.4,40.5
IN079,152.0,170.0,10.0,20.0,70.0,18.2,0.9,22.3,2.2,11.8,53.8,14.5,49.4
IN080,0.0,9.0,27.0,38.0,35.0,18.2,0.9,22.7,1.4,8.5,35.8,16.4,35.4
IN080,9.0,28.0,23.0,18.0,59.0,18.2,0.9,22.8,1.7,11.9,49.2,24.7,27.8
IN080,28.0,44.0,19.0,18.0,63.0,18.2,0.9,15.4,2.0,8.2,36.1,16.5,41.8
IN080,44.0,70.0,18.0,17.0,65.0,18.2,0.9,21.2,1.6,2.2,36.6,16.6,35.8
IN080,70.0,81.0,18.0,18.0,64.0,18.2,0.9,26.6,2.3,14.4,21.7,16.9,35.9
IN080,81.0,133.0,39.0,31.0,30.0,18.2,0.9,28.6,2.1,5.6,37.6,8.6,36.1
IN081,0.0,10.0,9.0,39.0,52.0,18.2,0.9,12.9,1.6,3.2,36.7,28.3,35.2
IN081,10.0,50.0,8.0,34.0,58.0,18.2,0.9,16.8,1.7,7.7,56.6,16.8,33.4
IN081,50.0,75.0,9.0,23.0,68.0,18.2,0.9,12.7,1.9,7.2,33.7,18.6,34.0
IN081,75.0,131.0,9.0,24.0,67.0,18.2,0.9,10.1,2.0,13.9,20.3,18.7,40.8
IN081,131.0,172.0,9.0,22.0,69.0,18.2,0.9,12.6,1.5,6.3,37.4,18.5,33.7
IN081,172.0,200.0,9.0,19.0,72.0,18.2,0.9,13.5,2.3,3.6,36.8,9.4,25.3
IN082,0.0,11.0,63.0,8.0,29.0,18.2,1.9,29.4,2.1,10.7,37.7,19.2,24.5
IN082,11.0,34.0,60.0,12.0,28.0,18.2,1.7,19.9,1.8,10.7,37.7,28.3,21.9
IN082,34.0,49.0,62.0,10.0,28.0,18.2,1.4,23.0,1.6,14.2,38.0,19.7,23.7
IN082,49.0,71.0,60.0,9.0,31.0,18.2,1.7,23.7,2.1,11.0,37.8,26.2,23.5
IN082,71.0,104.0,47.0,11.0,42.0,18.2,1.5,20.6,2.0,7.3,38.3,5.6,23.2
IN082,104.0,143.0,47.0,11.0,42.0,18.2,1.7,23.5,1.7,10.6,29.6,19.6,24.2
IN082,143.0,159.0,51.0,15.0,34.0,18.2,1.9,23.5,2.1,12.0,38.2,18.0,23.8
IN082,159.0,172.0,57.0,8.0,35.0,18.2,1.8,22.9,1.8,10.7,46.5,19.6,23.8
IN083,0.0,16.0,74.0,6.0,20.0,18.2,1.5,24.5,1.9,4.0,55.0,29.4,34.9
IN083,16.0,40.0,65.0,6.0,29.0,18.2,1.6,22.0,1.5,4.2,43.6,11.4,40.7
IN083,40.0,61.0,47.0,15.0,38.0,18.2,1.7,20.7,1.8,4.0,52.9,15.5,42.1
IN083,61.0,89.0,45.0,10.0,45.0,18.2,1.7,21.4,1.5,4.8,40.0,9.7,41.3
IN083,89.0,123.0,43.0,16.0,41.0,18.2,1.4,25.3,1.6,4.8,29.0,11.4,40.9
IN083,123.0,152.0,52.0,9.0,39.0,18.2,1.4,12.3,1.4,4.4,43.4,15.5,43.3
IN083,152.0,176.0,60.0,10.0,30.0,18.2,1.3,25.2,1.9,4.4,41.3,15.8,44.6
IN084,0.0,13.0,79.0,8.0,13.0,18.2,1.2,16.2,1.9,3.5,33.7,18.6,46.7
IN084,13.0,34.0,51.0,9.0,40.0,18.2,1.6,16.6,2.5,2.3,39.9,25.5,29.0
IN084,34.0,80.0,47.0,10.0,43.0,18.2,2.0,17.0,2.2,6.0,40.3,27.2,29.2
IN084,80.0,110.0,42.0,10.0,48.0,18.2,1.5,16.9,2.3,6.5,43.7,14.6,20.8
IN084,110.0,160.0,38.0,12.0,50.0,18.2,1.5,16.6,1.7,13.0,43.7,21.8,20.1
IN085,0.0,7.0,73.0,11.0,16.0,18.2,1.6,18.3,2.4,10.2,57.4,22.7,33.4
IN085,7.0,21.0,70.0,12.0,18.0,18.2,1.2,14.1,1.9,9.2,47.5,25.8,32.8
IN085,21.0,46.0,58.0,13.0,29.0,18.2,1.5,18.2,2.2,8.5,47.1,17.9,33.1
IN085,46.0,87.0,52.0,10.0,38.0,18.2,1.5,13.4,2.2,9.7,47.4,23.3,23.6
IN085,87.0,104.0,50.0,12.0,38.0,18.2,1.8,26.7,2.0,9.0,57.4,22.7,40.4
IN085,104.0,135.0,58.0,12.0,30.0,18.2,1.4,17.8,1.7,7.4,47.7,27.0,32.8
IN085,135.0,152.0,45.0,17.0,38.0,18.2,1.2,18.0,2.2,6.3,28.0,22.9,35.8
IN086,0.0,17.0,78.0,14.0,8.0,18.2,1.8,12.7,2.0,6.9,36.7,25.4,37.2
IN086,17.0,52.0,41.0,9.0,50.0,18.2,1.7,15.5,1.4,9.1,51.8,24.9,44.6
IN086,52.0,87.0,51.0,10.0,39.0,18.2,1.6,16.3,2.2,5.9,25.7,25.0,39.6
IN086,87.0,106.0,41.0,18.0,41.0,18.2,1.6,17.2,1.7,6.3,30.5,24.3,37.5
IN086,106.0,146.0,58.0,22.0,20.0,18.2,1.3,14.9,1.8,2.9,35.9,24.8,38.5
IN086,146.0,163.0,53.7,14.2,31.6,18.2,1.6,15.4,1.6,6.1,37.5,24.2,27.9
IN087,0.0,2.0,18.0,27.0,55.0,18.2,1.6,9.8,1.6,9.9,47.1,16.2,25.6
IN087,2.0,13.0,19.0,26.0,55.0,18.2,1.6,9.7,2.0,4.2,47.3,22.5,49.8
IN087,13.0,47.0,22.0,23.0,55.0,18.2,1.6,10.1,2.0,13.9,47.6,27.8,40.8
IN087,47.0,65.0,19.6,25.5,55.1,18.2,2.1,10.3,2.1,11.5,47.6,22.4,49.1
IN088,0.0,20.0,23.0,23.0,54.0,18.2,0.9,22.4,1.8,11.9,51.6,21.9,46.3
IN088,20.0,40.0,22.0,22.0,56.0,18.2,0.9,12.5,2.0,9.2,52.4,5.4,45.8
IN088,40.0,60.0,19.0,23.0,58.0,18.2,0.9,29.8,2.1,5.9,51.6,27.9,46.2
IN088,60.0,90.0,16.0,24.0,60.0,18.2,0.9,23.2,2.1,5.6,52.3,21.2,46.6
IN088,90.0,130.0,12.0,21.0,67.0,18.2,0.9,26.4,1.8,9.1,52.4,26.1,45.8
IN088,130.0,180.0,13.0,20.0,67.0,18.2,0.9,22.8,2.2,12.3,51.9,26.9,46.8
IN089,0.0,10.0,73.0,9.0,18.0,18.2,0.9,21.6,1.8,9.5,25.2,19.5,38.1
IN089,10.0,20.0,73.0,9.0,18.0,18.2,0.9,17.4,1.7,9.5,58.4,26.3,38.4
IN089,20.0,30.0,58.0,10.0,32.0,18.2,0.9,26.2,1.6,4.7,20.9,6.3,37.0
IN089,30.0,49.0,57.0,9.0,34.0,18.2,0.9,11.3,1.5,9.6,38.9,19.9,40.5
IN089,49.0,102.0,54.0,7.0,39.0,18.2,0.9,17.2,1.4,14.2,53.6,19.8,38.2
IN089,102.0,145.0,62.0,14.0,24.0,18.2,0.9,10.1,2.1,9.2,39.1,19.2,38.0
IN089,145.0,160.0,62.3,9.8,27.5,18.2,0.9,16.8,1.7,8.7,37.1,26.0,36.4
IN090,0.0,9.0,38.0,10.0,52.0,18.2,0.9,15.0,1.1,13.5,40.4,26.0,27.2
IN090,9.0,25.0,40.0,9.0,51.0,18.2,0.9,14.1,1.6,14.0,40.0,26.0,27.1
IN090,25.0,52.0,38.0,9.0,53.0,18.2,0.9,14.0,1.7,14.3,26.5,26.3,27.4
IN090,52.0,84.0,34.0,13.0,53.0,18.2,0.9,12.0,1.6,14.8,53.8,26.4,27.3
IN091,0.0,13.0,63.0,9.0,28.0,18.2,0.9,23.8,1.6,9.1,37.2,27.2,44.6
IN091,13.0,43.0,45.0,9.0,46.0,18.2,0.9,26.8,1.9,12.3,40.1,27.7,29.6
IN091,43.0,84.0,43.0,11.0,46.0,18.2,0.9,28.2,1.9,11.3,23.0,25.8,39.9
IN091,84.0,116.0,42.0,14.0,44.0,18.2,0.9,20.8,1.8,12.1,20.5,27.3,44.8
IN091,116.0,154.0,39.0,16.0,45.0,18.2,0.9,23.7,2.0,12.0,55.7,29.5,39.6
IN091,154.0,172.0,36.0,21.0,43.0,18.2,0.9,17.3,1.7,15.0,44.6,27.2,39.8
IN092,0.0,12.0,76.0,11.0,13.0,18.2,0.9,10.2,1.9,13.8,40.2,26.6,35.0
IN092,12.0,39.0,67.0,12.0,21.0,18.2,0.9,19.9,1.8,10.1,32.6,22.2,35.0
IN092,39.0,57.0,64.0,13.0,23.0,18.2,0.9,20.6,2.1,9.2,40.7,18.5,35.0
IN092,57.0,68.0,64.0,15.0,21.0,18.2,0.9,25.7,1.7,7.6,48.0,22.6,35.0
IN092,68.0,136.0,67.3,13.0,19.6,18.2,0.9,28.3,2.0,5.8,39.9,22.5,35.0
IN093,0.0,15.0,41.0,16.0,43.0,18.2,0.9,26.9,1.8,8.5,36.1,20.0,47.3
IN093,15.0,42.0,33.0,16.0,51.0,18.2,0.9,21.1,1.6,8.5,39.4,18.7,45.4
IN093,42.0,75.0,24.0,21.0,55.0,18.2,0.9,21.6,1.6,8.5,36.0,21.3,49.1
IN093,75.0,124.0,23.0,22.0,55.0,18.2,0.9,16.2,2.1,8.5,32.0,20.0,46.9
IN094,0.0,9.0,52.0,28.0,20.0,18.2,1.8,18.2,1.9,7.2,38.6,19.0,21.9
IN094,9.0,30.0,44.0,29.0,27.0,18.2,1.6,22.3,2.2,6.9,43.4,18.9,31.4
IN094,30.0,48.0,40.0,28.0,32.0,18.2,1.7,22.4,1.7,8.5,42.7,19.4,36.8
IN094,48.0,73.0,41.0,27.0,32.0,18.2,1.5,29.3,1.6,9.8,50.9,7.0,33.4
IN094,73.0,91.0,40.0,26.0,34.0,18.2,1.6,17.2,1.6,5.6,43.6,28.8,27.7
IN094,91.0,114.0,42.0,24.0,34.0,18.2,2.0,22.4,1.7,7.8,43.2,16.1,31.6
IN094,114.0,141.0,37.0,25.0,38.0,18.2,1.5,25.7,1.8,7.7,40.0,25.5,37.1
IN094,141.0,186.0,34.0,25.0,41.0,18.2,1.4,22.4,1.5,5.3,42.9,19.5,31.5
IN095,0.0,13.0,32.0,52.0,16.0,18.2,1.7,16.6,1.8,6.9,48.7,13.8,32.8
IN095,13.0,24.0,28.0,53.0,19.0,18.2,1.9,13.6,1.7,2.3,59.9,29.1,32.4
IN095,24.0,41.0,24.4,49.0,27.0,18.2,1.4,17.2,2.1,6.8,26.5,19.9,22.5
IN095,47.0,71.0,19.0,41.0,40.0,18.2,1.7,17.6,2.3,7.7,52.8,20.0,32.9
IN095,71.0,101.0,25.0,44.0,31.0,18.2,1.7,17.0,2.0,12.8,48.4,17.3,31.0
IN095,101.0,127.0,16.0,55.0,29.0,18.2,1.7,20.2,1.6,6.8,54.1,19.7,44.3
IN096,0.0,15.0,70.0,16.0,14.0,18.2,1.6,25.4,1.7,9.8,53.6,9.5,27.7
IN096,15.0,33.0,68.0,15.0,17.0,18.2,1.4,25.1,2.2,8.9,41.0,7.1,42.4
IN096,33.0,59.0,65.0,15.0,20.0,18.2,1.6,25.5,1.4,9.4,21.8,5.8,39.4
IN096,59.0,87.0,60.0,17.0,23.0,18.2,1.5,26.0,1.7,9.4,48.0,6.3,36.8
IN096,87.0,114.0,63.0,14.0,23.0,18.2,1.7,25.6,2.2,10.9,41.6,9.0,46.0
IN096,114.0,141.0,61.0,16.0,23.0,18.2,1.7,25.3,1.7,12.5,40.8,5.8,34.2
IN096,141.0,165.0,57.0,18.0,25.0,18.2,1.8,25.6,2.1,6.2,40.8,21.4,49.3
IN097,0.0,13.0,77.0,14.0,9.0,18.2,1.6,17.8,2.1,6.8,34.5,13.4,48.0
IN097,13.0,27.0,56.0,28.0,16.0,18.2,1.6,18.3,2.4,2.9,29.9,13.7,44.6
IN097,27.0,50.0,60.0,20.0,20.0,18.2,1.6,10.1,1.6,13.7,25.2,13.9,27.1
IN097,50.0,78.0,54.0,25.0,21.0,18.2,1.6,22.5,2.0,4.7,29.9,5.8,30.2
IN097,78.0,88.0,43.0,42.0,15.0,18.2,2.0,22.7,2.1,6.3,29.7,21.7,37.1
IN097,88.0,165.0,58.2,26.2,16.3,18.2,1.9,17.6,1.7,4.4,29.8,13.4,37.3
IN098,0.0,14.0,11.0,51.0,38.0,18.2,1.4,19.9,1.6,6.0,40.2,23.3,36.4
IN098,14.0,28.0,8.0,53.0,39.0,18.2,2.0,20.7,1.9,7.5,36.7,28.0,43.4
IN098,28.0,54.0,6.0,51.0,43.0,18.2,1.6,19.9,1.6,7.1,31.5,6.4,29.8
IN098,54.0,73.0,7.0,47.0,46.0,18.2,1.5,20.3,1.9,11.4,20.8,15.8,35.4
IN098,73.0,98.0,7.0,54.0,39.0,18.2,1.5,20.3,2.0,4.7,37.8,5.8,35.4
IN098,98.0,129.0,9.0,65.0,26.0,18.2,2.0,20.5,2.1,7.0,57.2,16.2,33.2
IN099,0.0,14.0,43.0,18.0,39.0,18.2,0.9,14.9,1.7,12.5,37.9,18.9,21.7
IN099,14.0,49.0,39.0,16.0,45.0,18.2,0.9,27.7,2.2,7.6,35.3,28.6,21.5
IN099,49.0,87.0,27.0,17.0,56.0,18.2,0.9,27.2,2.1,6.7,58.5,19.6,21.6
IN099,87.0,104.0,23.0,18.0,59.0,18.2,0.9,12.8,1.6,5.1,36.4,11.1,21.8
IN099,104.0,120.0,24.0,18.0,58.0,18.2,0.9,20.2,2.1,12.1,22.5,21.2,21.3
IN100,0.0,2.0,28.0,31.0,41.0,18.2,1.7,21.0,2.2,9.0,33.2,23.3,42.1
IN100,2.0,17.0,21.0,28.0,51.0,18.2,1.9,20.9,2.2,8.3,41.3,19.3,41.6
IN100,17.0,53.0,24.0,29.0,47.0,18.2,2.0,20.6,1.8,7.3,41.4,18.6,41.9
IN100,53.0,75.0,29.0,22.0,49.0,18.2,2.0,20.8,1.9,7.9,36.4,15.6,42.3
IN100,75.0,96.0,28.0,25.0,47.0,18.2,1.8,20.7,1.8,7.7,40.9,18.2,42.1
IN100,96.0,155.0,24.0,33.0,43.0,18.2,2.0,21.0,1.8,7.7,54.3,19.3,42.1
IN101,0.0,10.0,41.0,17.0,42.0,18.2,0.9,10.7,1.9,7.0,24.1,17.1,24.1
IN101,10.0,45.0,33.0,15.0,52.0,18.2,0.9,10.5,1.6,6.3,25.0,25.4,26.3
IN101,45.0,83.0,37.0,14.0,49.0,18.2,0.9,11.4,1.7,9.2,24.7,14.6,26.7
IN101,83.0,117.0,36.0,17.0,47.0,18.2,0.9,11.0,2.2,2.3,28.0,16.6,30.2
IN101,117.0,150.0,32.0,26.0,42.0,18.2,0.9,10.8,2.1,7.4,24.7,13.7,25.9
IN101,150.0,170.0,35.5,17.9,46.1,18.2,0.9,11.3,2.1,4.5,21.2,13.9,24.4
IN102,0.0,2.0,22.0,25.0,53.0,18.2,0.9,20.0,2.1,6.9,46.6,18.6,39.6
IN102,2.0,23.0,30.0,18.0,52.0,18.2,0.9,18.3,1.8,9.1,49.6,20.7,40.3
IN102,23.0,69.0,36.0,14.0,50.0,18.2,0.9,18.4,1.9,6.7,41.3,19.9,42.7
IN102,69.0,91.0,31.0,19.0,50.0,18.2,0.9,12.8,2.2,6.3,39.0,21.9,38.9
IN102,91.0,132.0,64.0,20.0,16.0,18.2,0.9,22.5,1.9,6.9,33.8,22.4,49.6
IN102,132.0,152.0,36.7,19.5,44.0,18.2,0.9,18.7,2.0,4.5,21.2,21.0,24.4
IN113,0.0,15.0,8.0,40.0,52.0,18.2,1.8,26.4,1.7,5.4,45.7,10.7,38.7
IN113,15.0,30.0,8.0,38.0,54.0,18.2,1.8,25.2,1.9,6.3,41.3,27.1,44.6
IN113,30.0,55.0,8.0,38.0,54.0,18.2,1.8,25.7,1.8,5.9,35.4,17.4,41.5
IN113,55.0,80.0,6.0,37.0,57.0,18.2,1.8,24.6,1.8,6.4,41.9,8.4,38.9
IN113,80.0,98.0,9.0,35.0,56.0,18.2,1.9,25.4,2.2,9.1,43.4,26.4,38.6
IN113,98.0,116.0,10.0,34.0,56.0,18.2,1.9,25.4,2.0,3.7,39.0,24.6,39.1
IN113,116.0,144.0,9.0,34.0,57.0,18.2,2.1,25.4,1.9,6.6,59.1,8.9,30.0
IN114,0.0,15.0,7.0,41.0,52.0,18.2,1.9,18.5,1.4,9.4,38.6,9.7,25.1
IN114,15.0,36.0,7.0,39.0,54.0,18.2,1.9,26.6,2.0,14.4,21.7,16.5,27.9
IN114,36.0,54.0,6.0,40.0,54.0,18.2,1.9,16.6,1.8,9.8,38.1,16.4,28.3
IN114,54.0,86.0,6.0,40.0,54.0,18.2,1.9,18.3,1.8,9.6,43.7,19.5,28.4
IN114,86.0,119.0,6.0,40.0,54.0,18.2,1.9,20.8,2.3,10.2,39.3,7.6,28.1
IN114,119.0,152.0,6.0,40.0,54.0,18.2,1.9,12.2,1.9,9.7,52.7,16.7,24.1
IN114,152.0,189.0,6.0,41.0,53.0,18.2,1.9,19.0,1.9,5.3,38.6,16.1,38.5
IN114,189.0,220.0,10.0,43.0,47.0,18.2,1.9,13.6,1.6,10.0,38.9,29.1,24.7
IN115,0.0,20.0,22.0,28.0,50.0,18.2,1.6,24.8,1.9,6.7,56.0,12.2,39.8
IN115,20.0,42.0,22.0,27.0,51.0,18.2,1.8,15.7,1.9,7.4,46.1,12.5,41.2
IN115,42.0,65.0,18.0,28.0,54.0,18.2,1.9,15.7,1.9,6.1,25.2,13.1,31.3
IN115,65.0,95.0,17.0,28.0,55.0,18.2,1.9,12.2,2.0,6.9,38.3,21.2,45.1
IN115,95.0,132.0,12.0,27.0,61.0,18.2,2.0,17.1,1.9,9.2,38.3,6.4,49.4
IN115,132.0,190.0,11.0,27.0,62.0,18.2,2.0,19.0,1.9,5.3,37.8,11.9,41.6
IN115,190.0,210.0,15.0,26.0,59.0,18.2,2.0,18.0,1.5,7.2,27.5,13.0,41.6
IN116,0.0,12.0,72.0,12.0,16.0,20.9,1.7,27.1,1.6,4.7,48.3,28.3,34.8
IN116,12.0,29.0,50.0,10.0,40.0,12.0,1.7,27.4,1.4,5.0,33.6,13.4,48.0
IN116,29.0,56.0,50.0,9.0,41.0,12.0,1.5,20.3,1.8,2.1,25.6,6.3,34.2
IN116,56.0,81.0,53.0,10.0,37.0,40.0,1.6,15.1,1.9,5.6,33.8,6.6,24.6
IN116,81.0,118.0,53.0,16.0,31.0,20.0,1.6,22.5,2.0,4.9,28.0,23.4,30.2
IN116,118.0,167.0,70.0,15.0,15.0,21.2,1.7,21.5,1.8,8.1,33.5,16.0,34.5
IN117,0.0,2.0,6.0,47.0,47.0,18.2,1.4,23.4,2.1,7.5,34.1,14.8,34.2
IN117,2.0,22.0,6.0,43.0,51.0,18.2,1.9,17.6,1.7,7.1,34.2,6.1,34.6
IN117,22.0,43.0,6.0,41.0,53.0,18.2,1.8,20.0,1.8,6.9,29.9,17.3,33.2
IN117,43.0,71.0,5.0,41.0,54.0,18.2,1.8,14.5,1.4,7.3,33.9,27.6,29.3
IN117,71.0,120.0,5.0,39.0,56.0,18.2,1.9,20.7,1.6,2.2,34.0,19.8,33.9
IN117,120.0,147.0,6.0,38.0,56.0,18.2,1.9,20.0,1.8,11.6,37.5,16.9,27.9
IN117,147.0,178.0,7.0,38.0,55.0,18.2,1.9,25.4,2.1,7.3,35.3,17.0,36.0
IN117,178.0,190.0,7.0,40.0,53.0,18.2,2.0,20.4,2.3,7.4,34.3,17.5,45.4
IN118,0.0,11.0,14.0,29.0,57.0,18.2,1.9,21.2,1.9,9.8,41.7,19.8,36.5
IN118,11.0,38.0,16.0,27.0,57.0,18.2,1.8,22.6,1.7,10.4,41.8,13.4,43.8
IN118,38.0,81.0,15.0,27.0,58.0,18.2,2.0,17.9,1.6,9.5,54.8,16.6,36.7
IN118,81.0,108.0,7.0,32.0,61.0,18.2,1.8,10.2,1.9,10.4,37.0,16.3,46.3
IN118,108.0,130.0,6.0,33.0,61.0,18.2,1.8,17.6,2.2,10.0,32.5,16.2,20.1
IN119,0.0,8.0,70.0,23.0,7.0,18.2,1.5,25.5,2.3,8.9,35.8,10.6,33.7
IN119,8.0,23.0,62.0,28.0,10.0,18.2,1.4,18.4,2.1,7.5,32.6,10.1,37.8
IN119,23.0,43.0,57.0,32.0,11.0,18.2,1.5,18.6,2.2,11.0,41.6,10.3,35.0
IN119,43.0,66.0,58.0,32.0,10.0,18.2,1.5,11.7,1.7,9.6,34.9,13.0,38.8
IN119,66.0,102.0,58.0,32.0,10.0,18.2,1.6,18.2,2.1,6.8,35.6,5.5,33.0
IN119,102.0,135.0,52.0,36.0,12.0,18.2,1.6,18.8,2.1,8.2,22.9,12.3,32.9
IN119,135.0,188.0,62.0,32.0,6.0,18.2,1.6,18.3,2.5,13.1,41.4,10.4,33.0
IN119,188.0,203.0,56.0,40.0,4.0,18.2,1.5,18.5,1.9,5.0,38.6,10.0,21.6
IN120,0.0,5.0,77.0,10.0,13.0,5.0,1.7,21.3,2.0,10.8,38.1,12.1,49.9
IN120,5.0,18.0,59.0,10.0,31.0,10.0,1.6,24.2,1.6,10.1,40.1,14.5,41.5
IN120,18.0,46.0,49.0,8.0,43.0,15.0,1.4,27.7,1.9,11.1,21.6,13.0,38.9
IN120,46.0,66.0,55.0,7.0,38.0,30.0,1.5,21.3,1.6,13.8,38.8,25.9,38.8
IN120,66.0,91.0,58.0,10.0,32.0,20.0,1.7,25.6,1.6,8.3,43.4,13.8,38.6
IN120,91.0,137.0,60.0,15.0,25.0,20.0,1.6,20.6,2.2,11.0,57.7,14.2,25.3
IN120,137.0,193.0,78.0,11.0,11.0,16.2,1.7,10.4,2.2,11.8,32.3,6.0,38.4
IN121,0.0,13.0,91.0,4.0,5.0,5.0,1.7,25.5,2.0,7.0,53.3,10.9,28.3
IN121,13.0,38.0,65.0,6.0,29.0,26.1,1.7,25.7,2.1,5.8,51.1,18.0,30.7
IN121,38.0,66.0,58.0,9.0,33.0,20.0,1.6,29.3,2.2,6.1,53.1,11.7,37.0
IN121,66.0,91.0,70.0,6.0,24.0,45.0,1.5,25.2,2.0,5.0,54.7,8.1,22.9
IN121,91.0,130.0,82.0,3.0,15.0,50.0,1.5,21.2,1.9,6.3,53.3,11.8,43.7
IN121,130.0,160.0,63.0,8.0,29.0,20.0,1.6,24.9,2.4,6.5,52.7,8.2,29.3
IN121,160.0,201.0,59.0,9.0,32.0,15.0,1.6,25.1,1.8,5.9,53.0,11.1,24.6
IN122,0.0,10.0,73.0,8.0,19.0,5.0,1.9,12.6,1.6,9.3,43.5,9.6,25.1
IN122,10.0,23.0,72.0,9.0,19.0,10.0,1.8,21.0,1.6,9.8,43.7,6.5,37.6
IN122,23.0,33.0,64.0,12.0,24.0,20.0,1.8,19.3,2.1,10.7,40.9,16.1,36.8
IN122,33.0,53.0,66.0,8.0,26.0,33.6,1.8,18.0,1.8,8.8,43.9,29.0,36.6
IN122,53.0,91.0,49.0,9.0,42.0,50.0,1.5,18.1,1.8,9.7,55.9,16.1,36.3
IN122,91.0,112.0,41.0,8.0,51.0,55.0,1.6,18.0,1.9,9.6,34.0,16.5,46.4
IN122,112.0,150.0,53.0,6.0,41.0,60.0,1.4,17.3,1.8,9.4,43.8,20.4,36.8
IT039,0.0,25.0,69.0,17.0,14.0,18.2,0.9,20.7,2.0,7.7,30.5,12.7,35.0
IT039,25.0,35.0,71.0,17.0,12.0,18.2,0.9,14.1,1.6,4.1,44.6,9.2,35.0
IT039,35.0,60.0,74.0,19.0,7.0,18.2,0.9,18.2,1.5,3.5,30.8,6.2,35.0
IT039,60.0,70.0,45.0,16.0,39.0,18.2,0.9,19.3,2.3,3.8,40.9,9.4,35.0
IT039,70.0,130.0,34.0,18.0,48.0,18.2,0.9,17.9,1.8,3.4,54.7,8.1,35.0
IT039,130.0,150.0,47.0,15.0,38.0,18.2,0.9,19.1,2.0,2.2,57.3,9.3,35.0
IT039,150.0,180.0,49.0,13.0,38.0,18.2,0.9,20.7,1.8,2.4,52.9,9.0,35.0
IT039,180.0,220.0,63.0,8.0,29.0,18.2,0.9,13.6,1.8,2.5,44.8,9.5,35.0
JO030,0.0,20.0,40.0,35.0,25.0,20.0,1.6,16.1,1.8,13.3,27.5,12.4,37.4
JO030,20.0,35.0,25.0,38.0,37.0,38.5,1.4,16.2,2.0,14.4,27.1,12.8,28.6
JO030,35.0,69.0,33.0,36.0,31.0,65.0,1.3,16.2,1.6,14.9,34.6,12.7,26.4
JO030,69.0,96.0,36.0,40.0,24.0,45.0,1.4,16.6,2.0,13.4,36.9,15.2,30.5
JO030,96.0,124.0,35.0,38.0,27.0,40.0,1.4,16.1,2.2,13.0,34.8,12.8,31.1
JO030,124.0,150.0,33.0,40.0,27.0,25.0,1.5,15.9,2.0,10.8,46.5,9.2,31.1
JO031,0.0,5.0,33.0,46.0,21.0,50.0,1.6,20.3,2.1,9.1,37.1,21.4,49.4
JO031,5.0,16.0,24.0,50.0,26.0,23.4,1.4,19.9,1.8,9.2,34.4,13.3,34.6
JO031,16.0,25.0,18.0,46.0,36.0,23.1,1.4,18.5,2.1,9.6,34.3,21.4,33.1
JO031,25.0,48.0,18.0,38.0,44.0,22.9,1.5,28.8,2.4,9.2,34.3,28.0,43.4
JO031,48.0,75.0,17.0,37.0,46.0,23.6,1.5,13.4,2.2,9.7,34.0,23.3,23.6
JO031,75.0,110.0,45.0,25.0,30.0,10.0,1.2,20.2,2.0,6.7,30.8,21.2,25.3
JO031,110.0,150.0,60.0,17.0,23.0,10.0,1.2,20.2,2.4,11.9,33.9,21.6,34.7
JO032,0.0,34.0,26.0,47.0,27.0,1.0,1.4,23.1,2.0,6.0,42.5,16.5,42.0
JO032,34.0,70.0,27.0,42.0,31.0,0.8,1.6,16.3,1.8,6.9,44.1,21.1,41.9
JO032,70.0,100.0,17.0,50.0,33.0,1.5,1.4,17.9,1.9,6.7,46.7,16.4,49.4
JO032,100.0,125.0,16.0,48.0,36.0,0.9,1.5,16.8,1.7,6.0,44.3,16.4,34.0
JO032,125.0,150.0,22.0,46.0,32.0,1.3,1.5,15.4,1.8,6.8,44.4,12.2,42.1
JO033,0.0,23.0,16.0,47.0,37.0,1.0,1.5,18.6,1.8,12.9,48.7,8.9,37.1
JO033,23.0,40.0,13.0,48.0,39.0,1.0,1.5,15.4,2.2,13.1,41.4,10.6,46.2
JO033,40.0,59.0,12.0,47.0,41.0,0.8,1.7,17.3,1.8,8.8,58.4,11.3,37.5
JO033,59.0,79.0,12.0,46.0,42.0,1.5,1.7,25.6,1.9,14.5,49.2,13.6,39.0
JO033,79.0,102.0,11.0,47.0,42.0,0.5,1.8,21.0,1.4,12.9,38.6,18.4,36.7
JO033,102.0,133.0,9.0,49.0,42.0,1.1,1.8,14.5,1.9,12.7,57.3,12.1,26.5
JO033,133.0,350.0,13.0,47.0,40.0,0.9,1.8,18.5,1.7,14.7,49.0,6.3,36.9
JO034,0.0,12.0,8.0,38.0,54.0,18.2,1.6,13.2,2.1,10.4,39.0,22.0,35.3
JO034,12.0,37.0,8.0,37.0,55.0,18.2,1.3,14.8,1.8,3.9,59.0,29.9,31.7
JO034,37.0,60.0,8.0,37.0,55.0,18.2,1.7,29.9,1.9,8.0,22.8,23.0,37.2
JO034,60.0,93.0,7.0,38.0,55.0,18.2,1.7,18.5,1.8,12.4,39.2,15.6,42.1
JO034,93.0,125.0,8.0,35.0,57.0,18.2,1.8,14.9,1.6,6.2,40.1,18.1,40.1
JO034,125.0,150.0,9.0,37.0,54.0,18.2,1.8,18.0,1.8,6.8,40.3,26.3,37.1
JO035,0.0,12.0,8.0,55.0,37.0,18.2,1.3,23.5,2.6,10.0,36.7,7.2,26.3
JO035,12.0,32.0,7.0,54.0,39.0,18.2,1.4,17.3,2.2,4.7,55.1,19.0,25.7
JO035,32.0,58.0,8.0,40.0,52.0,18.2,1.7,28.9,2.0,9.1,36.7,26.4,23.1
JO035,58.0,89.0,8.0,39.0,53.0,18.2,1.7,19.1,2.1,6.3,34.8,23.8,25.7
JO035,89.0,116.0,8.0,37.0,55.0,18.2,1.7,28.9,2.2,6.0,36.6,20.5,26.3
JO035,116.0,150.0,7.0,37.0,56.0,18.2,1.6,23.4,2.6,7.2,20.5,26.7,29.0
JO036,0.0,10.0,5.0,37.0,58.0,10.0,1.6,18.7,2.0,4.1,38.5,12.8,44.2
JO036,10.0,27.0,4.0,34.0,62.0,10.0,1.6,21.0,1.9,5.0,38.6,11.9,35.3
JO036,27.0,49.0,4.0,34.0,62.0,10.0,1.8,13.7,2.0,5.0,38.7,12.3,35.6
JO036,49.0,78.0,4.0,33.0,63.0,10.0,1.8,21.6,2.1,4.5,38.7,12.8,33.5
JO036,78.0,105.0,5.0,32.0,63.0,5.0,1.7,19.6,1.9,4.6,38.2,12.5,39.7
JO036,105.0,115.0,4.8,34.1,61.6,9.4,1.2,19.3,2.0,4.2,38.1,11.9,25.3
JO037,0.0,20.0,42.0,42.0,16.0,10.0,1.4,17.8,2.5,6.5,40.1,26.8,38.9
JO037,20.0,27.0,63.8,21.7,14.2,9.9,1.2,18.0,2.0,5.8,40.3,26.6,34.8
JO037,27.0,62.0,64.0,22.3,14.7,9.9,1.4,17.9,2.1,10.4,41.0,26.7,35.3
JO037,62.0,84.0,63.6,22.3,14.1,9.8,1.5,10.6,2.2,7.8,40.2,26.7,21.6
JO037,84.0,100.0,81.0,9.0,10.0,9.6,0.5,17.2,1.7,3.8,54.3,27.1,32.6
JO037,100.0,144.0,68.0,15.0,17.0,9.9,0.6,26.0,1.9,6.7,26.8,26.9,32.9
JO037,144.0,170.0,63.3,22.3,13.9,10.0,0.6,18.4,1.8,2.9,40.6,26.9,32.5
JO038,0.0,22.0,6.0,73.0,21.0,18.2,1.3,10.7,1.7,8.2,52.1,22.9,36.9
JO038,22.0,41.0,16.0,67.0,17.0,18.2,1.2,11.0,2.0,2.3,46.4,23.4,37.4
JO038,41.0,71.0,19.0,61.0,20.0,18.2,1.5,10.5,2.0,14.0,53.4,22.1,37.1
JO038,71.0,111.0,40.0,37.0,23.0,18.2,1.4,11.0,2.0,7.7,54.4,29.3,31.9
JO038,111.0,134.0,71.0,12.0,17.0,18.2,1.5,11.2,2.1,9.1,46.3,22.7,36.5
JO038,134.0,154.0,94.0,2.0,4.0,18.2,1.4,11.5,2.0,8.1,25.5,14.5,41.9
JO039,-9.0,82.9,18.0,43.0,39.0,18.2,1.0,23.3,1.9,11.8,52.6,20.3,31.2
JO039,0.0,21.0,11.0,31.0,58.0,18.2,1.5,19.2,1.6,3.0,46.9,20.8,34.7
JO039,21.0,36.0,6.0,27.0,67.0,18.2,1.6,19.9,1.6,13.1,43.7,20.8,30.8
JO039,36.0,73.0,7.0,30.0,63.0,18.2,1.5,14.6,1.8,10.0,44.0,20.7,32.2
JO039,73.0,97.0,12.0,47.0,41.0,18.2,1.6,22.5,2.0,8.9,31.8,25.1,32.2
JO039,97.0,123.0,3.0,22.0,75.0,18.2,1.5,17.2,2.0,5.6,43.4,28.8,31.9
JO039,123.0,150.0,9.7,33.6,57.0,18.2,1.2,19.0,2.1,8.7,43.5,8.0,32.1
JO040,0.0,3.0,18.0,46.0,36.0,18.2,1.1,21.9,1.9,7.9,57.1,25.1,38.2
JO040,3.0,10.0,23.0,41.0,36.0,18.2,0.9,25.6,2.0,5.8,37.7,8.2,31.7
JO040,10.0,36.0,24.0,19.0,57.0,18.2,1.4,19.1,2.1,6.6,30.3,16.9,45.4
JO040,36.0,65.0,24.0,11.0,65.0,18.2,0.9,17.6,1.9,4.9,24.9,23.6,38.7
JO040,65.0,100.0,9.0,18.0,73.0,18.2,1.4,10.1,1.8,5.8,37.3,27.7,38.2
JO041,0.0,6.0,57.0,23.0,20.0,9.5,1.6,17.0,1.8,6.9,29.9,18.8,31.0
JO041,6.0,20.0,39.0,31.0,30.0,8.8,1.5,22.1,1.8,6.9,56.8,9.4,23.3
JO041,20.0,35.0,31.0,33.0,36.0,8.0,1.4,16.4,1.7,7.0,28.9,13.6,40.2
JO041,35.0,64.0,28.0,40.0,32.0,10.0,1.4,11.5,2.1,6.6,34.3,14.0,25.1
JO041,64.0,106.0,21.0,43.0,36.0,9.3,1.4,16.6,1.7,7.1,35.1,13.0,30.8
JO041,106.0,150.0,66.0,25.0,9.0,9.0,1.2,16.8,2.3,6.8,23.0,13.6,34.1
JO042,0.0,26.0,14.0,28.0,58.0,18.2,1.6,28.9,1.5,8.9,53.4,8.0,32.1
JO042,26.0,39.0,18.0,9.0,73.0,18.2,1.7,20.3,2.0,8.5,20.9,12.2,37.0
JO042,39.0,81.0,35.0,8.0,57.0,18.2,1.2,19.3,1.8,11.9,43.3,15.8,30.9
JO042,81.0,106.0,17.0,14.0,69.0,18.2,1.2,20.3,2.3,5.0,38.6,12.0,31.3
JO042,106.0,150.0,30.0,10.0,60.0,18.2,1.3,13.9,2.2,8.4,58.5,11.4,24.8
JO043,0.0,15.0,9.0,38.0,53.0,18.2,1.7,28.8,1.7,4.1,60.0,24.4,38.9
JO043,15.0,28.0,9.0,39.0,52.0,18.2,1.6,17.6,1.7,4.9,24.9,23.6,42.3
JO043,28.0,48.0,8.0,39.0,53.0,18.2,1.8,22.2,1.6,5.9,32.6,26.2,37.8
JO043,48.0,73.0,8.0,39.0,53.0,18.2,1.8,28.1,1.8,3.0,53.0,24.3,42.3
JO043,73.0,128.0,7.0,39.0,54.0,18.2,1.8,15.7,1.6,6.2,38.0,21.4,49.3
JO043,128.0,150.0,7.0,39.0,54.0,18.2,1.8,18.3,1.8,11.4,43.0,26.3,42.4
JP032,-3.0,101.2,58.0,32.0,10.0,29.6,1.8,19.9,2.4,5.6,53.6,13.9,21.9
JP032,0.0,17.0,16.0,62.0,22.0,30.0,1.2,18.0,2.2,4.9,53.5,14.4,25.3
JP032,17.0,38.0,10.0,50.0,40.0,29.7,1.7,15.6,2.0,5.5,52.9,13.8,26.5
JP032,38.0,57.0,6.0,33.0,61.0,29.8,1.7,18.7,1.8,5.8,53.5,13.3,26.8
JP032,57.0,93.0,3.0,31.0,66.0,30.0,2.0,18.2,1.9,3.6,53.2,14.2,27.2
JP032,93.0,125.0,1.0,18.0,81.0,30.2,1.9,17.8,1.8,2.3,52.9,7.3,26.7
JP032,125.0,178.0,39.0,27.0,34.0,30.0,1.7,18.1,2.1,3.5,53.0,21.2,26.4
JP032,178.0,200.0,18.6,36.4,45.1,30.3,1.8,17.8,2.1,12.4,52.5,13.5,33.0
JP033,-2.0,89.1,18.0,52.0,30.0,70.0,1.1,26.0,1.6,11.4,43.1,11.8,37.1
JP033,0.0,5.0,22.0,57.0,21.0,70.2,0.8,20.6,2.2,4.9,57.7,11.0,37.7
JP033,5.0,22.0,15.0,41.0,44.0,70.0,1.3,16.6,2.2,10.6,38.1,14.3,33.2
JP033,22.0,47.0,23.0,35.0,42.0,70.4,1.2,22.1,2.2,10.5,42.8,9.4,37.8
JP033,47.0,72.0,39.0,29.0,32.0,70.3,1.3,13.5,2.2,9.4,59.7,10.4,37.3
JP033,72.0,90.0,79.0,18.0,3.0,70.2,1.1,20.5,2.2,11.9,22.0,7.9,37.2
JP033,90.0,114.0,67.0,31.0,2.0,50.0,0.7,20.4,1.6,12.6,42.2,10.1,37.9
JP033,114.0,161.0,60.0,36.0,4.0,90.0,1.4,22.4,1.6,10.7,29.4,10.2,33.7
JP033,161.0,200.0,40.7,36.9,21.8,70.0,1.5,20.6,2.1,13.4,51.5,10.3,45.5
JP034,0.0,8.0,7.0,53.0,40.0,18.2,1.4,18.1,2.1,9.0,23.4,17.8,46.8
JP034,8.0,21.0,7.0,51.0,42.0,18.2,1.3,13.6,1.9,6.1,44.1,17.8,37.7
JP034,21.0,38.0,8.0,50.0,42.0,18.2,1.1,18.6,2.0,9.6,60.0,17.8,31.1
JP034,38.0,66.0,3.0,53.0,44.0,18.2,1.2,23.4,2.1,13.4,48.9,17.8,34.2
JP034,66.0,110.0,19.0,41.0,40.0,18.2,1.1,18.4,2.5,9.4,44.1,17.8,37.2
JP035,0.0,13.0,46.0,42.0,12.0,18.2,1.3,19.9,1.7,11.4,54.8,18.8,35.3
JP035,13.0,18.0,46.0,42.0,12.0,18.2,1.3,20.3,1.7,10.1,37.7,25.7,35.0
JP035,18.0,26.0,47.0,42.0,11.0,18.2,1.0,20.3,1.4,9.5,37.9,16.8,38.1
JP035,26.0,40.0,54.0,37.0,9.0,18.2,1.3,27.1,2.1,7.4,28.1,21.8,45.4
JP035,40.0,54.0,55.0,35.0,10.0,18.2,1.4,12.0,1.9,8.5,37.7,10.8,32.0
JP035,54.0,77.0,68.0,26.0,6.0,18.2,1.2,20.3,1.4,9.2,30.9,18.7,35.3
JP035,77.0,126.0,56.0,39.0,5.0,18.2,1.2,21.5,1.7,9.3,37.6,18.3,25.4
KE001,0.0,16.0,72.0,7.0,21.0,18.2,0.9,16.5,1.7,6.8,39.0,6.0,45.7
KE001,16.0,33.0,66.0,6.0,28.0,18.2,0.9,16.9,2.0,10.7,55.8,8.8,45.0
KE001,33.0,67.0,61.0,5.0,34.0,18.2,0.9,18.3,1.9,13.6,44.9,9.3,44.5
KE001,67.0,91.0,56.0,6.0,38.0,18.2,0.9,15.4,1.8,8.5,32.9,12.2,44.5
KE001,91.0,115.0,51.0,8.0,41.0,18.2,0.9,16.4,2.0,9.0,36.0,9.5,44.7
KE001,115.0,183.0,69.0,9.0,22.0,18.2,0.9,16.3,1.5,4.9,24.9,9.1,43.9
KE002,0.0,32.0,37.0,6.0,57.0,18.2,0.9,25.2,1.8,9.9,40.0,23.6,34.2
KE002,32.0,59.0,33.0,5.0,62.0,18.2,0.9,25.2,1.6,9.1,37.2,13.2,40.3
KE002,59.0,100.0,31.0,5.0,64.0,18.2,0.9,25.5,1.6,8.3,43.4,18.6,31.7
KE002,100.0,150.0,31.0,3.0,66.0,18.2,0.9,24.9,2.0,10.8,28.6,18.4,30.2
KE003,0.0,21.0,70.0,5.0,25.0,18.2,0.9,15.5,2.0,11.5,40.5,17.8,29.0
KE003,21.0,45.0,55.0,5.0,40.0,18.2,0.9,16.4,1.7,11.0,40.5,17.8,31.8
KE003,45.0,70.0,48.0,6.0,46.0,18.2,0.9,21.3,1.8,11.4,40.5,17.8,35.0
KE003,70.0,103.0,42.0,5.0,53.0,18.2,0.9,10.5,2.2,11.5,40.5,17.8,44.2
KE003,103.0,155.0,36.0,5.0,59.0,18.2,0.9,15.9,2.2,11.9,40.5,17.8,34.8
KE004,0.0,20.0,79.0,11.0,10.0,18.2,0.9,25.1,1.7,6.5,34.9,28.3,42.5
KE004,20.0,47.0,73.0,9.0,18.0,18.2,0.9,25.1,2.0,10.8,35.1,27.6,30.2
KE004,47.0,60.0,61.0,8.0,31.0,18.2,0.9,21.3,1.6,6.8,35.8,28.2,36.1
KE004,60.0,90.0,44.0,11.0,45.0,18.2,0.9,28.8,1.8,3.5,35.3,28.0,36.3
KE004,90.0,130.0,64.2,9.4,26.0,18.2,0.9,25.4,2.2,6.7,35.3,28.2,36.7
KE005,0.0,22.0,45.0,10.0,45.0,18.2,0.9,26.3,1.6,11.5,50.6,11.9,21.1
KE005,22.0,56.0,43.0,9.0,48.0,18.2,0.9,23.0,2.0,12.7,36.1,24.2,30.5
KE005,56.0,84.0,42.0,8.0,50.0,18.2,0.9,24.6,1.9,14.1,30.9,14.7,30.4
KE005,84.0,110.0,45.0,15.0,40.0,18.2,0.9,17.6,1.5,13.1,27.4,6.7,39.8
KE005,110.0,160.0,57.0,25.0,18.0,18.2,0.9,23.3,2.0,13.3,37.2,13.8,30.2
KE006,0.0,17.0,49.0,9.0,42.0,18.2,0.9,17.4,2.1,11.1,26.5,26.3,22.5
KE006,17.0,36.0,47.0,9.0,44.0,18.2,0.9,17.3,2.0,11.6,52.8,17.4,39.5
KE006,36.0,58.0,46.0,11.0,43.0,18.2,0.9,22.7,1.7,11.9,22.0,20.6,48.2
KE006,58.0,94.0,46.0,11.0,43.0,18.2,0.9,17.5,2.2,9.5,27.4,29.9,48.9
KE006,94.0,115.0,44.0,15.0,41.0,18.2,0.9,12.6,1.7,10.9,42.4,9.6,40.1
KE007,0.0,14.0,17.0,37.0,46.0,18.2,0.9,18.7,1.8,13.4,24.7,26.2,28.7
KE007,14.0,27.0,15.0,31.0,54.0,18.2,0.9,18.9,2.0,11.9,33.2,5.7,28.6
KE007,27.0,50.0,14.0,27.0,59.0,18.2,0.9,19.0,1.7,14.9,52.4,17.6,33.6
KE007,50.0,81.0,15.0,40.0,45.0,18.2,0.9,16.4,1.8,11.9,32.9,14.5,35.4
KE007,81.0,110.0,16.0,41.0,43.0,18.2,0.9,19.1,1.4,7.8,33.4,8.5,21.4
KE007,110.0,150.0,18.0,40.0,42.0,18.2,0.9,21.5,1.7,12.4,22.8,14.7,25.4
KE008,0.0,20.0,43.0,7.0,50.0,18.2,0.9,21.0,2.0,10.9,53.6,6.5,37.6
KE008,20.0,40.0,36.0,6.0,58.0,18.2,0.9,23.8,2.1,12.4,31.0,9.6,38.3
KE008,40.0,80.0,33.0,5.0,62.0,18.2,0.9,27.2,2.3,6.6,36.8,7.8,38.1
KE008,80.0,140.0,25.0,4.0,71.0,18.2,0.9,24.3,1.8,13.7,25.2,6.0,38.0
KE009,0.0,20.0,37.0,8.0,55.0,18.2,0.9,12.3,1.5,4.7,45.7,5.8,33.1
KE009,20.0,40.0,34.0,9.0,57.0,18.2,0.9,24.7,2.0,7.8,48.8,7.5,45.3
KE009,40.0,70.0,34.0,9.0,57.0,18.2,0.9,16.0,1.7,6.3,42.4,9.6,25.1
KE009,70.0,170.0,21.0,3.0,76.0,18.2,0.9,10.6,2.4,12.5,59.6,5.8,34.2
KE010,0.0,22.0,50.0,15.0,35.0,18.2,0.9,17.4,1.7,5.1,46.6,14.6,41.8
KE010,22.0,42.0,38.0,12.0,50.0,18.2,0.9,21.6,2.1,5.3,51.3,27.2,36.9
KE010,42.0,70.0,36.0,12.0,52.0,18.2,0.9,17.6,2.3,5.0,47.2,19.1,37.1
KE010,70.0,98.0,34.0,14.0,52.0,18.2,0.9,10.7,1.7,5.4,44.5,15.9,36.6
KE010,98.0,150.0,46.0,13.0,41.0,18.2,0.9,20.9,2.1,5.2,47.5,19.5,31.8
KE011,0.0,15.0,47.0,10.0,43.0,18.2,0.9,29.2,1.9,5.9,23.8,14.9,25.8
KE011,15.0,33.0,44.0,8.0,48.0,18.2,0.9,10.1,1.8,5.8,24.0,27.7,26.4
KE011,33.0,68.0,41.0,9.0,50.0,18.2,0.9,22.4,1.7,5.8,23.8,23.2,25.1
KE011,68.0,96.0,38.0,10.0,52.0,18.2,0.9,27.9,1.9,4.5,23.9,23.0,25.7
KE011,96.0,106.0,42.0,8.8,48.4,18.2,0.9,22.4,1.6,5.8,24.2,26.5,26.1
KE012,0.0,13.0,45.0,17.0,38.0,18.2,0.9,22.7,1.3,4.4,23.8,22.6,35.5
KE012,13.0,34.0,32.0,14.0,54.0,18.2,0.9,11.3,1.7,6.9,32.8,14.3,40.5
KE012,34.0,58.0,28.0,12.0,60.0,18.2,0.9,27.9,1.5,6.8,33.2,14.2,36.1
KE012,58.0,80.0,25.0,12.0,63.0,18.2,0.9,23.4,1.8,8.7,44.1,14.4,36.3
KE012,80.0,100.0,26.0,29.0,45.0,18.2,0.9,22.6,1.9,8.9,31.0,14.4,29.3
KE012,100.0,110.0,31.1,17.2,52.4,18.2,0.9,29.8,1.4,7.5,33.1,5.6,38.3
KE013,0.0,10.0,64.0,8.0,28.0,18.2,0.9,18.0,1.7,11.0,21.1,17.1,32.0
KE013,10.0,27.0,60.0,10.0,30.0,18.2,0.9,17.5,1.7,11.1,28.2,16.1,31.7
KE013,27.0,40.0,48.0,9.0,43.0,18.2,0.9,17.4,1.9,6.9,31.5,16.4,32.5
KE013,40.0,64.0,46.0,8.0,46.0,18.2,0.9,14.3,2.0,11.4,31.0,15.4,31.7
KE013,64.0,98.0,44.0,12.0,44.0,18.2,0.9,27.2,2.0,10.4,31.1,15.8,39.1
KE013,98.0,125.0,46.0,15.0,39.0,18.2,0.9,12.1,1.8,11.0,44.1,16.6,36.5
KE013,125.0,150.0,45.0,13.0,42.0,18.2,0.9,18.2,1.8,13.8,31.3,16.5,20.7
KE014,0.0,17.0,62.0,14.0,24.0,18.2,0.9,22.1,1.8,4.3,51.7,22.6,31.6
KE014,17.0,36.0,49.0,24.0,27.0,18.2,0.9,19.0,1.6,5.9,56.5,22.4,20.9
KE014,36.0,54.0,60.0,12.0,28.0,18.2,0.9,19.6,1.8,4.2,51.5,27.8,31.8
KE014,54.0,94.0,56.0,13.0,31.0,18.2,0.9,16.7,1.6,4.3,46.9,26.5,31.4
KE014,94.0,126.0,51.0,14.0,35.0,18.2,0.9,19.3,1.7,2.5,51.3,13.3,42.7
KE015,0.0,25.0,67.0,12.0,21.0,18.2,0.9,22.0,1.7,8.5,40.1,14.7,27.7
KE015,25.0,50.0,56.0,10.0,34.0,18.2,0.9,25.6,1.7,10.8,40.4,15.9,31.5
KE015,50.0,80.0,64.0,7.0,29.0,18.2,0.9,24.8,1.7,5.8,50.9,10.0,38.5
KE015,80.0,125.0,78.0,4.0,18.0,18.2,0.9,25.6,2.1,8.0,29.5,14.0,35.4
KE015,125.0,160.0,88.0,2.0,10.0,18.2,0.9,28.3,1.7,8.1,40.6,17.1,23.0
KE016,0.0,20.0,52.0,15.0,33.0,18.2,0.9,22.8,2.2,9.0,59.0,23.2,45.0
KE016,20.0,43.0,50.0,11.0,39.0,18.2,0.9,21.2,2.4,10.6,39.6,22.7,36.8
KE016,46.0,80.0,51.0,9.0,40.0,18.2,0.9,21.6,1.7,7.5,40.1,18.4,36.6
KE016,80.0,150.0,60.0,7.0,33.0,18.2,0.9,18.0,1.8,7.8,20.5,26.7,29.0
KE017,0.0,14.0,50.0,13.0,37.0,18.2,0.9,13.5,1.8,11.2,42.8,19.2,43.3
KE017,14.0,35.0,40.0,15.0,45.0,18.2,0.9,12.7,1.9,10.7,42.7,11.9,25.3
KE017,35.0,62.0,43.0,24.0,33.0,18.2,0.9,13.1,1.5,11.6,36.7,19.5,43.4
KE017,62.0,90.0,55.0,25.0,20.0,18.2,0.9,16.1,2.1,8.5,48.0,19.7,37.2
KE017,90.0,150.0,46.7,19.1,34.1,18.2,0.9,10.2,2.3,13.8,42.4,26.6,37.7
KE018,0.0,10.0,59.0,6.0,35.0,18.2,0.9,22.2,2.2,5.0,28.8,14.8,41.8
KE018,10.0,28.0,41.0,5.0,54.0,18.2,0.9,14.6,1.8,10.0,55.4,12.8,41.2
KE018,28.0,60.0,38.0,4.0,58.0,18.2,0.9,28.1,1.8,3.0,42.3,12.8,49.5
KE018,60.0,97.0,38.0,6.0,56.0,18.2,0.9,22.2,2.0,2.1,42.0,7.3,33.4
KE018,97.0,140.0,37.0,11.0,52.0,18.2,0.9,22.8,1.6,4.2,41.8,14.9,41.8
KE019,0.0,19.0,68.0,9.0,23.0,18.2,0.9,20.1,2.0,12.3,51.9,26.9,25.0
KE019,19.0,29.0,57.0,9.0,34.0,18.2,0.9,15.0,2.1,8.7,54.5,29.1,27.8
KE019,29.0,47.0,52.0,7.0,41.0,18.2,0.9,27.2,2.1,8.8,58.5,27.4,28.0
KE019,47.0,69.0,50.0,10.0,40.0,18.2,0.9,12.8,2.4,9.5,52.1,26.9,38.3
KE019,69.0,90.0,49.0,9.0,42.0,18.2,0.9,26.3,2.3,5.9,56.5,27.4,20.9
KE020,0.0,15.0,68.0,7.0,25.0,18.2,0.9,15.6,2.1,6.4,37.6,8.6,39.3
KE020,15.0,40.0,60.0,6.0,34.0,18.2,0.9,25.2,1.6,9.1,49.6,13.2,40.3
KE020,40.0,80.0,54.0,5.0,41.0,18.2,0.9,12.6,1.7,6.3,42.4,9.6,39.5
KE020,80.0,120.0,53.0,4.0,43.0,18.2,0.9,16.1,1.7,4.1,60.0,11.8,38.9
KE020,120.0,160.0,51.0,5.0,44.0,18.2,0.9,10.4,2.1,6.5,52.2,10.9,39.1
KE021,0.0,20.0,76.0,10.0,14.0,18.2,0.9,19.7,2.0,6.4,28.4,6.3,36.9
KE021,20.0,37.0,57.0,8.0,35.0,18.2,0.9,25.5,2.1,10.6,28.0,17.8,39.5
KE021,37.0,67.0,45.0,9.0,46.0,18.2,0.9,21.3,1.4,6.7,28.6,28.3,35.2
KE021,67.0,120.0,42.0,16.0,42.0,18.2,0.9,19.9,2.0,2.3,27.9,16.8,43.2
KE021,120.0,160.0,53.0,11.0,36.0,18.2,0.9,22.0,1.7,6.6,28.3,17.5,43.7
KE022,0.0,23.0,49.0,9.0,42.0,18.2,0.9,18.8,1.9,2.3,45.4,28.3,22.1
KE022,23.0,36.0,37.0,7.0,56.0,18.2,0.9,23.7,2.1,2.2,45.1,10.5,37.5
KE022,36.0,78.0,31.0,8.0,61.0,18.2,0.9,23.8,1.9,2.1,44.7,19.1,36.3
KE022,78.0,180.0,28.0,7.0,65.0,18.2,0.9,28.1,2.0,1.9,44.7,19.6,49.5
KE023,0.0,37.0,57.0,10.0,33.0,18.2,0.9,21.9,1.6,9.5,51.8,29.6,36.0
KE023,37.0,70.0,48.0,13.0,39.0,18.2,0.9,21.1,1.3,5.7,45.8,20.3,41.6
KE023,70.0,115.0,52.0,6.0,42.0,18.2,0.9,12.8,1.6,13.0,27.1,20.9,35.9
KE023,115.0,150.0,51.0,12.0,37.0,18.2,0.9,28.9,1.5,6.0,57.2,11.9,30.5
KE023,150.0,200.0,50.0,17.0,33.0,18.2,0.9,21.1,1.4,14.5,45.7,20.5,36.0
KE024,0.0,27.0,61.0,16.0,23.0,18.2,0.9,21.3,1.8,13.2,55.6,5.8,31.8
KE024,27.0,56.0,59.0,14.0,27.0,18.2,0.9,28.9,2.0,14.0,53.4,8.0,32.1
KE024,56.0,80.0,62.0,13.0,25.0,18.2,0.9,20.9,2.3,13.0,56.2,10.8,31.8
KE024,82.0,130.0,66.0,13.0,21.0,18.2,0.9,13.9,2.1,11.7,58.5,18.7,32.6
KE025,0.0,22.0,85.0,8.0,7.0,18.2,0.9,10.2,2.1,8.5,49.7,19.4,37.9
KE025,22.0,48.0,77.0,9.0,14.0,18.2,0.9,15.1,2.1,8.5,22.9,19.6,33.1
KE025,48.0,91.0,69.0,5.0,26.0,18.2,0.9,16.8,2.1,8.5,21.7,19.3,34.0
KE025,91.0,130.0,64.0,5.0,31.0,18.2,0.9,18.2,1.9,8.5,31.1,19.7,21.9
KE026,0.0,20.0,69.0,9.0,22.0,18.2,0.9,15.8,1.8,3.7,32.7,25.3,24.2
KE026,20.0,48.0,52.0,7.0,41.0,18.2,0.9,12.3,1.8,9.6,52.4,24.9,29.9
KE026,48.0,90.0,40.0,6.0,54.0,18.2,0.9,18.4,1.8,7.1,43.8,20.4,21.3
KE026,90.0,140.0,40.0,12.0,48.0,18.2,0.9,27.9,2.1,7.0,38.2,30.0,25.3
KE027,0.0,24.0,74.0,13.0,13.0,18.2,0.9,26.0,1.9,7.6,26.8,7.1,28.9
KE027,24.0,45.0,59.0,11.0,30.0,18.2,0.9,15.9,2.0,2.7,22.1,26.2,25.1
KE027,45.0,69.0,53.0,9.0,38.0,18.2,0.9,28.8,1.7,4.1,60.0,21.2,29.5
KE027,69.0,96.0,49.0,11.0,40.0,18.2,0.9,24.2,2.1,12.4,33.8,27.8,33.0
KE027,96.0,115.0,48.0,11.0,41.0,18.2,0.9,25.7,2.1,10.7,27.7,22.8,29.0
KE028,0.0,14.0,63.0,9.0,28.0,18.2,0.9,19.4,1.5,7.6,50.0,6.9,34.5
KE028,14.0,40.0,56.0,6.0,38.0,18.2,0.9,12.9,1.5,7.3,49.7,6.5,48.4
KE028,40.0,80.0,53.0,6.0,41.0,18.2,0.9,26.6,1.5,3.4,49.9,6.8,34.2
KE028,80.0,120.0,51.0,6.0,43.0,18.2,0.9,19.5,1.5,12.1,50.3,6.6,21.3
KE029,0.0,18.0,78.0,8.0,14.0,18.2,0.9,19.3,1.8,12.6,47.5,16.0,20.2
KE029,18.0,49.0,44.0,7.0,49.0,18.2,0.9,19.7,1.3,7.7,32.5,10.5,20.1
KE029,49.0,90.0,50.8,6.5,42.5,18.2,0.9,19.8,1.7,7.1,56.6,15.3,19.9
KE029,90.0,130.0,31.0,5.0,64.0,18.2,0.9,19.6,1.9,2.5,54.7,20.8,20.2
KE030,0.0,17.0,77.0,9.0,14.0,18.2,0.9,15.7,1.7,9.2,54.1,17.8,44.8
KE030,17.0,36.0,55.0,7.0,38.0,18.2,0.9,20.5,1.8,8.5,58.8,17.8,47.7
KE030,36.0,63.0,47.0,10.0,43.0,18.2,0.9,16.0,1.8,10.7,49.0,17.8,45.6
KE030,63.0,115.0,43.0,8.0,49.0,18.2,0.9,11.1,1.7,9.6,53.5,17.8,42.7
KE031,0.0,18.0,81.0,10.0,9.0,18.2,0.9,11.5,1.7,11.6,21.9,12.2,36.5
KE031,18.0,35.0,74.0,10.0,16.0,18.2,0.9,18.5,1.9,12.7,20.6,17.9,36.2
KE031,35.0,57.0,60.0,10.0,30.0,18.2,0.9,18.8,1.5,9.9,22.1,24.6,41.2
KE031,57.0,80.0,71.0,9.0,20.0,18.2,0.9,19.2,1.7,10.4,23.1,12.8,38.5
KE031,80.0,130.0,62.0,11.0,27.0,18.2,0.9,26.6,1.6,5.6,22.1,22.2,29.7
KE032,0.0,17.0,27.0,63.0,10.0,18.2,0.9,23.3,2.0,3.7,47.6,24.6,28.2
KE032,17.0,45.0,35.0,59.0,6.0,18.2,0.9,23.1,2.1,3.4,28.8,14.8,28.3
KE032,45.0,75.0,16.0,79.0,5.0,18.2,0.9,22.8,1.8,3.6,56.8,9.4,23.3
KE032,75.0,105.0,56.0,40.0,4.0,18.2,0.9,23.3,1.6,3.7,57.2,16.8,33.2
KE032,105.0,160.0,71.0,26.0,3.0,18.2,0.9,23.0,1.7,3.7,47.4,15.9,28.6
KR003,0.0,13.0,35.0,35.0,30.0,7.0,1.0,19.3,1.8,11.9,56.0,15.8,34.8
KR003,13.0,29.0,32.0,44.0,24.0,9.0,1.1,28.8,1.7,4.1,60.0,11.8,34.8
KR003,29.0,45.0,36.0,43.0,21.0,10.0,1.0,29.8,2.3,8.1,50.5,13.9,38.3
KR003,45.0,81.0,59.0,25.0,16.0,7.0,1.0,26.0,1.5,8.3,43.4,13.3,34.9
KR003,81.0,127.0,65.0,22.0,13.0,7.0,1.0,26.3,2.0,7.7,42.5,16.2,30.3
KR003,127.0,180.0,76.0,15.0,9.0,8.0,1.0,26.3,2.0,7.2,52.3,10.4,36.7
KR004,0.0,14.0,38.0,45.0,17.0,17.0,1.0,16.8,2.2,8.7,37.1,26.0,36.4
KR004,14.0,33.0,36.0,45.0,19.0,23.0,1.0,15.1,1.7,7.4,36.4,24.1,29.7
KR004,33.0,60.0,42.0,35.0,23.0,52.0,1.0,15.8,1.9,5.2,37.2,23.8,23.2
KR004,60.0,100.0,53.0,28.0,19.0,81.0,1.4,15.8,1.6,6.6,39.0,22.2,29.7
KR005,0.0,10.0,19.0,41.0,40.0,5.0,1.0,27.4,2.1,6.0,49.4,10.7,48.6
KR005,10.0,24.0,15.0,49.0,36.0,2.0,1.0,29.4,1.9,6.1,28.6,20.5,49.0
KR005,24.0,41.0,10.0,48.0,42.0,3.8,1.0,26.4,1.9,7.4,59.1,23.9,48.6
KR005,41.0,66.0,9.0,33.0,58.0,3.1,1.0,25.9,1.9,5.6,52.0,13.5,49.1
KR005,66.0,110.0,11.0,31.0,58.0,3.9,1.0,21.4,1.8,6.0,29.6,16.7,48.6
KR006,0.0,26.0,93.0,5.0,2.0,18.2,0.9,25.6,1.7,5.6,52.3,24.0,27.9
KR006,26.0,81.0,99.0,1.0,3.1,18.2,0.9,29.6,1.9,14.0,50.0,20.7,28.2
KR006,81.0,135.0,96.0,3.0,1.0,18.2,0.9,15.0,1.9,8.1,41.7,20.7,28.7
KR006,135.0,190.0,74.0,21.0,5.0,18.2,0.9,10.9,2.0,7.0,55.5,17.4,28.3
KR007,0.0,10.0,10.0,64.0,26.0,18.2,1.5,29.8,1.9,3.7,20.9,14.7,38.3
KR007,10.0,20.0,11.0,61.0,28.0,18.2,1.5,23.5,1.9,8.1,21.5,15.2,31.0
KR007,20.0,43.0,5.0,51.0,44.0,18.2,1.6,12.6,1.3,5.6,21.2,15.5,42.4
KR007,43.0,73.0,4.0,52.0,44.0,18.2,1.6,28.2,1.6,12.5,21.0,14.7,21.9
KR007,73.0,100.0,5.0,52.0,43.0,18.2,1.6,23.5,1.3,8.6,21.3,15.4,31.2
KR007,100.0,150.0,9.0,51.0,40.0,18.2,1.6,22.1,1.8,11.5,20.8,15.4,23.3
KR008,0.0,14.0,11.0,71.0,18.0,18.2,1.4,25.0,1.6,12.2,21.2,23.1,25.4
KR008,14.0,22.0,9.0,68.0,23.0,18.2,1.0,20.2,2.2,9.0,33.2,23.3,24.7
KR008,22.0,40.0,5.0,62.0,33.0,18.2,1.8,16.3,1.7,11.7,30.2,22.8,25.1
KR008,40.0,70.0,3.0,67.0,30.0,18.2,1.7,26.6,2.0,14.4,21.7,23.0,25.5
KR008,70.0,125.0,4.0,68.0,28.0,18.2,1.6,11.5,2.1,11.5,55.9,23.0,25.1
KR009,0.0,12.0,10.0,55.0,35.0,18.2,1.4,21.5,1.6,7.7,41.5,14.4,41.2
KR009,12.0,21.0,11.0,52.0,37.0,18.2,1.6,18.0,1.7,7.8,46.6,14.4,41.8
KR009,21.0,51.0,3.0,51.0,46.0,18.2,1.6,22.2,2.1,7.4,46.0,7.5,41.7
KR009,51.0,72.0,1.0,45.0,54.0,18.2,1.6,27.1,1.6,7.9,48.3,28.3,41.4
KR009,72.0,85.0,2.0,40.0,58.0,18.2,1.6,26.6,1.6,7.5,45.5,13.9,29.7
KR009,85.0,105.0,4.5,51.6,44.3,18.2,1.5,21.4,1.6,9.6,37.9,14.1,44.7
KR009,105.0,114.0,2.0,54.0,44.0,18.2,1.0,25.3,1.7,7.8,53.6,14.6,49.8
KR009,114.0,135.0,4.4,61.0,39.0,18.2,1.5,11.7,2.0,6.5,48.1,7.3,42.5
KR010,0.0,13.0,21.0,54.0,25.0,7.0,1.0,23.0,2.4,10.7,38.5,20.3,21.3
KR010,13.0,29.0,18.0,46.0,36.0,14.0,1.0,25.3,1.7,11.1,38.6,21.7,26.4
KR010,29.0,54.0,10.0,50.0,40.0,4.0,1.0,25.5,2.1,11.0,29.6,12.3,25.2
KR010,54.0,94.0,9.0,49.0,42.0,1.0,1.0,15.8,2.3,11.4,38.6,9.8,25.2
KR010,94.0,119.0,23.0,39.0,38.0,1.0,1.0,14.5,1.6,7.7,38.4,29.3,24.9
KR010,119.0,159.0,56.0,22.0,22.0,9.0,1.0,18.5,2.1,11.1,38.7,23.2,24.9
KR010,159.0,190.0,66.0,21.0,13.0,10.0,1.0,20.9,1.8,12.9,47.2,28.1,26.9
KR011,0.0,13.0,16.0,55.0,29.0,0.7,1.4,19.2,2.1,2.9,34.3,9.7,29.8
KR011,13.0,27.0,5.0,51.0,44.0,1.3,1.6,10.1,2.0,7.5,20.3,27.8,30.3
KR011,27.0,54.0,8.0,55.0,37.0,1.5,1.6,19.2,1.7,6.8,50.6,6.0,29.8
KR011,54.0,77.0,20.0,33.0,47.0,1.1,1.4,19.8,1.7,8.9,36.2,11.6,23.0
KR011,77.0,95.0,27.0,33.0,40.0,1.0,1.4,28.4,1.6,8.5,48.3,13.7,35.9
KR011,95.0,115.0,39.0,28.0,33.0,1.0,1.3,26.0,1.9,7.6,26.8,7.1,31.8
KR011,115.0,170.0,52.0,31.0,17.0,0.7,1.2,13.5,2.1,9.4,35.9,27.2,30.2
KR012,0.0,9.0,5.0,62.0,33.0,18.2,1.5,20.2,1.6,8.8,39.7,29.0,46.5
KR012,9.0,15.0,5.0,61.0,34.0,18.2,1.5,14.8,1.8,9.7,59.0,29.9,31.7
KR012,15.0,32.0,5.0,61.0,34.0,18.2,1.1,27.1,2.1,7.4,28.1,21.8,39.0
KR012,32.0,66.0,18.0,55.0,27.0,18.2,1.4,19.2,1.6,11.8,32.3,6.0,39.5
KR012,66.0,125.0,29.0,52.0,19.0,18.2,1.5,16.0,2.1,9.1,40.2,23.3,39.1
KR012,125.0,145.0,32.0,50.0,18.0,18.2,1.0,20.8,2.0,9.2,40.1,21.3,39.0
KR013,0.0,26.0,90.0,8.0,2.0,18.2,0.9,18.6,1.5,8.2,40.5,8.7,33.9
KR013,26.0,55.0,98.0,1.0,1.0,18.2,0.9,19.1,1.5,7.8,40.5,8.5,34.0
KR013,55.0,85.0,97.0,2.0,1.0,18.2,0.9,11.2,1.5,7.7,40.5,8.4,34.3
KR014,0.0,12.0,53.0,29.0,18.0,1.0,1.0,14.3,2.0,2.8,36.3,16.8,41.9
KR014,12.0,25.0,56.0,24.0,20.0,1.0,1.3,14.3,1.8,6.9,29.9,18.8,42.4
KR014,25.0,77.0,54.0,24.0,22.0,1.0,1.5,24.6,1.8,6.6,41.9,8.4,34.7
KR014,77.0,104.0,54.0,24.0,22.0,1.0,1.6,16.5,1.8,8.8,48.7,22.7,49.3
KR014,104.0,165.0,54.0,24.0,22.0,1.0,1.6,10.0,2.1,8.2,36.1,16.3,41.8
KR014,165.0,220.0,57.0,21.0,22.0,1.5,1.6,21.3,2.1,6.8,23.0,17.1,41.8
KR015,0.0,10.0,43.0,37.0,20.0,35.0,1.0,11.5,1.9,5.5,53.6,18.7,33.5
KR015,10.0,24.0,49.0,31.0,20.0,30.0,1.0,13.7,1.5,5.0,38.6,18.7,47.4
KR015,24.0,29.0,36.0,30.0,34.0,81.0,1.5,15.0,2.1,5.3,45.9,18.4,23.9
KR015,29.0,39.0,43.1,33.2,24.3,48.4,1.4,12.8,1.8,5.3,46.1,18.9,27.7
KR016,0.0,20.0,50.0,32.0,18.0,5.0,1.0,21.9,1.4,7.9,57.1,25.1,27.4
KR016,20.0,45.0,58.0,30.0,12.0,6.0,1.0,18.5,1.6,10.3,47.8,13.0,22.2
KR016,45.0,83.0,65.0,25.0,10.0,9.0,1.0,15.7,1.8,6.1,47.6,11.6,24.7
KR016,83.0,106.0,88.0,9.0,3.0,7.0,0.9,17.8,2.0,14.7,38.4,16.3,25.0
KR016,106.0,135.0,68.0,23.0,9.0,15.0,1.0,16.8,1.6,11.1,48.2,16.2,24.4
KR017,0.0,11.0,67.0,20.0,13.0,9.0,1.0,16.6,2.1,9.1,43.2,21.5,40.3
KR017,11.0,35.0,61.0,21.0,18.0,11.0,1.0,21.6,2.1,9.5,43.3,30.0,34.6
KR017,35.0,58.0,61.0,17.0,22.0,12.0,1.0,16.3,2.1,10.7,57.6,20.9,39.1
KR017,58.0,83.0,65.0,15.0,20.0,5.0,1.0,11.3,1.9,9.5,43.3,7.1,24.9
KR017,83.0,103.0,69.0,14.0,17.0,6.0,1.0,16.3,2.2,10.2,29.4,24.7,33.7
KR017,103.0,137.0,75.0,12.0,13.0,7.0,1.0,13.0,1.9,10.4,51.8,21.8,34.3
KR017,137.0,175.0,72.0,14.0,14.0,5.0,1.0,19.1,2.0,10.2,34.8,23.8,34.0
LB001,0.0,10.0,9.0,40.0,51.0,18.2,0.9,23.5,1.9,8.2,35.1,25.8,46.7
LB001,10.0,35.0,11.0,40.0,49.0,18.2,0.9,21.9,1.6,6.3,34.9,25.4,37.2
LB001,35.0,55.0,15.0,42.0,43.0,18.2,0.9,20.2,1.4,6.3,34.8,23.8,36.9
LB001,55.0,75.0,11.8,41.0,47.2,18.2,0.9,15.0,2.1,13.5,35.3,29.1,27.2
LB002,0.0,14.0,9.0,20.0,71.0,18.2,0.9,30.0,2.2,6.6,35.4,21.4,41.5
LB002,14.0,39.0,8.0,16.0,76.0,18.2,0.9,27.0,2.0,7.5,40.4,13.5,34.8
LB002,39.0,80.0,15.0,13.0,72.0,18.2,0.9,27.5,2.6,9.3,31.9,21.1,38.0
LB002,80.0,100.0,10.9,16.4,72.9,18.2,0.9,24.5,1.8,4.8,55.0,29.4,38.0
LS013,0.0,23.0,50.0,32.0,18.0,18.2,1.4,17.7,2.2,8.6,59.7,27.2,40.0
LS013,23.0,39.0,44.0,30.0,26.0,18.2,1.5,18.4,2.2,9.3,52.9,15.2,31.8
LS013,39.0,56.0,43.0,29.0,28.0,18.2,1.5,19.6,1.9,9.1,54.7,15.2,39.7
LS013,56.0,70.0,38.0,27.0,35.0,18.2,1.4,10.6,1.8,8.5,59.6,5.8,34.2
LS013,70.0,100.0,32.0,17.0,51.0,18.2,1.6,18.6,1.9,9.2,53.0,15.3,35.8
LS013,100.0,131.0,27.0,18.0,55.0,18.2,1.4,17.6,1.7,8.5,48.0,15.8,36.8
LS013,131.0,180.0,27.0,17.0,56.0,18.2,1.4,18.2,2.0,8.9,41.6,15.9,35.5
LS013,180.0,205.0,32.0,23.0,45.0,18.2,1.8,24.1,2.0,8.4,52.0,13.5,32.0
LS014,0.0,23.0,49.0,27.0,24.0,18.2,1.5,29.4,2.2,6.8,56.7,14.7,39.2
LS014,23.0,54.0,46.0,23.0,31.0,18.2,1.7,26.9,2.0,2.7,22.1,15.2,39.8
LS014,54.0,86.0,50.0,25.0,25.0,18.2,1.7,26.8,2.6,2.3,40.0,14.8,39.9
LS014,86.0,110.0,52.0,30.0,18.0,18.2,1.6,23.4,2.1,13.4,48.9,14.8,34.2
LS014,110.0,153.0,84.0,11.0,5.0,18.2,1.4,26.9,2.2,11.9,41.6,14.7,44.8
LS015,0.0,25.0,50.0,26.0,24.0,18.2,1.6,14.4,2.1,7.8,37.5,17.3,31.0
LS015,25.0,49.0,37.0,24.0,39.0,18.2,1.7,13.8,2.0,12.9,38.3,24.8,31.4
LS015,49.0,102.0,54.0,23.0,23.0,18.2,1.7,14.6,2.0,7.6,39.0,24.9,44.3
LS015,102.0,138.0,57.0,24.0,19.0,18.2,1.6,14.5,1.8,7.4,31.0,27.6,29.3
LS015,138.0,176.0,67.0,23.0,10.0,18.2,1.4,13.9,1.9,2.3,43.9,28.3,22.1
LS016,0.0,18.0,71.0,21.0,8.0,18.2,1.6,17.2,2.2,7.9,39.5,15.0,36.4
LS016,18.0,35.0,65.0,22.0,13.0,18.2,1.6,18.2,1.9,7.9,38.6,19.7,36.6
LS016,35.0,60.0,61.0,21.0,18.0,18.2,1.6,16.9,1.9,11.9,22.0,7.9,48.2
LS016,60.0,105.0,57.0,21.0,22.0,18.2,1.6,16.3,1.8,8.0,40.0,21.1,36.6
LS016,105.0,145.0,46.0,17.0,37.0,18.2,1.5,19.2,1.8,3.8,54.7,14.2,36.6
LS016,154.0,165.0,53.0,23.0,24.0,18.2,1.3,18.6,1.8,8.1,44.1,14.5,24.6
LS016,165.0,175.0,59.0,20.4,20.3,18.2,1.2,11.3,1.7,8.3,40.0,7.1,35.9
LS017,0.0,19.0,69.0,18.0,13.0,18.2,1.6,25.0,1.6,9.1,21.2,18.8,24.3
LS017,19.0,53.0,56.0,19.0,25.0,18.2,1.5,25.1,2.0,9.7,30.4,15.0,31.3
LS017,53.0,67.0,44.0,16.0,40.0,18.2,1.5,22.1,1.8,4.3,29.5,16.0,35.4
LS017,67.0,91.0,51.0,19.0,30.0,18.2,1.4,23.4,2.1,13.4,48.9,16.1,34.2
LS017,91.0,103.0,54.0,21.0,25.0,18.2,1.4,28.9,1.8,9.1,30.6,16.4,43.7
LS017,103.0,123.0,43.0,25.0,32.0,18.2,1.4,10.9,2.0,6.9,30.3,5.4,29.8
LS017,123.0,134.0,39.0,24.0,37.0,18.2,1.6,18.0,1.9,12.3,22.3,16.2,31.7
LS017,134.0,159.0,36.0,21.0,43.0,18.2,1.6,25.2,1.7,8.8,30.9,25.4,22.3
LS018,0.0,16.0,53.0,33.0,14.0,18.2,1.5,22.7,1.6,13.4,48.9,19.8,34.2
LS018,16.0,30.0,55.0,35.0,10.0,18.2,1.6,16.2,2.0,10.7,44.6,27.2,28.6
LS018,30.0,45.0,57.0,34.0,9.0,18.2,1.5,29.0,2.1,11.8,30.3,16.9,45.4
LS018,45.0,77.0,32.0,23.0,45.0,18.2,1.9,22.4,2.4,10.5,59.3,24.5,34.6
LS018,77.0,115.0,32.0,22.0,46.0,18.2,1.8,22.8,2.2,6.8,32.6,20.0,42.2
LS018,115.0,155.0,31.0,21.0,48.0,18.2,1.9,22.8,1.9,10.8,52.8,9.7,23.2
LS019,0.0,21.0,70.0,21.0,9.0,18.2,1.6,17.2,1.7,8.8,30.5,18.2,35.9
LS019,21.0,39.0,68.0,22.0,10.0,18.2,1.4,26.5,2.1,8.4,41.3,5.9,44.5
LS019,39.0,69.0,63.0,20.0,17.0,18.2,1.5,13.8,2.3,8.9,36.8,28.7,33.1
LS019,69.0,98.0,39.0,20.0,41.0,18.2,1.6,10.2,1.9,7.5,36.3,18.1,36.1
LS019,98.0,109.0,43.0,19.0,38.0,18.2,1.6,16.1,2.1,7.7,30.3,27.9,46.3
LS019,109.0,129.0,48.0,30.0,22.0,18.2,1.7,16.5,1.6,2.2,36.4,17.7,36.3
LS019,129.0,149.0,52.0,35.0,13.0,18.2,1.9,13.9,1.6,11.7,36.5,18.7,24.8
LS019,149.0,155.0,43.0,31.0,26.0,18.2,1.3,15.9,2.0,8.1,43.4,8.2,31.7
LS020,0.0,16.0,48.0,27.0,25.0,18.2,1.8,23.5,2.1,4.7,37.1,7.4,49.4
LS020,16.0,30.0,39.0,23.0,38.0,18.2,1.5,21.6,1.9,4.3,57.3,12.1,43.1
LS020,30.0,45.0,25.0,20.0,55.0,18.2,1.5,21.7,1.9,4.6,47.2,8.5,42.5
LS020,45.0,84.0,16.0,20.0,64.0,18.2,1.3,19.3,2.1,4.5,40.9,6.2,33.9
LS020,84.0,108.0,24.0,26.0,50.0,18.2,1.2,21.3,2.1,4.1,45.2,8.2,45.5
LS020,108.0,160.0,33.0,26.0,41.0,18.2,1.2,21.0,2.0,4.3,45.6,8.6,42.7
LS021,0.0,20.0,42.0,37.0,21.0,18.2,1.4,23.2,2.3,10.0,30.2,15.9,46.3
LS021,20.0,34.0,41.0,38.0,21.0,18.2,1.4,19.4,1.9,14.5,34.2,20.8,36.4
LS021,34.0,55.0,37.0,34.0,29.0,18.2,1.4,20.0,2.1,10.7,29.6,11.1,36.5
LS021,55.0,79.0,35.0,32.0,33.0,18.2,1.5,19.6,1.6,10.1,29.4,15.8,36.9
LS021,79.0,98.0,21.0,20.0,59.0,18.2,1.5,16.2,1.8,10.6,29.6,16.2,32.8
LS021,97.0,180.0,12.0,21.0,67.0,18.2,1.4,19.5,1.9,6.1,25.2,16.5,31.3
LS022,0.0,12.0,7.0,42.0,51.0,18.2,1.6,20.8,1.5,8.2,27.8,12.3,33.1
LS022,12.0,52.0,8.0,32.0,60.0,18.2,1.8,16.8,2.1,5.4,27.4,29.9,48.9
LS022,52.0,93.0,10.0,31.0,59.0,18.2,1.8,20.3,1.7,5.2,27.7,21.0,48.5
LS022,93.0,144.0,12.0,33.0,55.0,18.2,1.8,24.2,2.1,2.4,27.6,19.9,45.6
LS022,144.0,160.0,24.0,39.0,37.0,18.2,1.7,20.7,1.9,5.4,27.5,21.0,37.0
LS023,0.0,16.0,22.0,35.0,43.0,18.2,1.2,19.3,1.8,9.2,49.6,21.1,34.0
LS023,16.0,43.0,18.0,32.0,50.0,18.2,1.3,15.8,1.9,8.8,49.5,21.6,42.5
LS023,43.0,64.0,17.0,29.0,54.0,18.2,1.4,19.4,1.4,8.2,49.5,28.5,33.1
LS023,64.0,88.0,16.0,30.0,54.0,18.2,1.4,29.5,2.0,8.7,55.8,11.4,39.8
LS023,88.0,114.0,24.0,32.0,44.0,18.2,1.4,18.6,1.9,11.2,44.1,19.6,34.2
LS023,114.0,131.0,40.0,29.0,31.0,18.2,1.4,18.6,1.6,9.2,50.2,22.2,34.9
LS023,131.0,146.0,58.0,26.0,16.0,18.2,1.3,18.9,2.1,7.6,49.7,29.0,22.5
LS023,146.0,165.0,72.0,21.0,7.0,18.2,1.2,12.0,1.6,8.7,49.5,21.6,34.2
LS024,0.0,21.0,29.0,32.0,39.0,18.2,1.2,17.0,1.9,12.4,44.9,23.4,37.8
LS024,21.0,34.0,24.0,28.0,48.0,18.2,1.3,14.9,1.6,13.0,44.6,23.8,40.1
LS024,34.0,77.0,10.0,29.0,61.0,18.2,1.4,17.5,1.7,13.4,40.4,23.6,38.1
LS024,77.0,112.0,12.0,37.0,51.0,18.2,1.3,19.8,2.0,11.9,49.2,24.7,38.1
LS024,112.0,148.0,17.0,30.0,53.0,18.2,1.3,17.4,1.6,12.9,37.6,23.3,36.1
LS024,148.0,165.0,20.0,34.0,46.0,18.2,1.2,17.6,2.3,12.9,23.7,22.3,37.8
LS025,0.0,21.0,29.0,36.0,35.0,18.2,1.5,24.5,1.9,7.7,43.8,19.1,34.2
LS025,21.0,36.0,45.0,29.0,26.0,18.2,1.5,24.9,1.5,7.2,44.3,19.1,34.4
LS025,36.0,59.0,48.0,29.0,23.0,18.2,1.4,24.2,2.1,2.3,43.9,28.3,34.8
LS025,59.0,72.0,32.0,39.0,29.0,18.2,1.4,26.3,2.1,7.4,43.5,19.2,35.1
LS025,72.0,88.0,33.0,33.0,34.0,18.2,1.5,29.9,2.0,7.0,44.3,19.3,32.4
LS025,88.0,109.0,49.0,27.0,24.0,18.2,1.5,24.4,2.0,7.1,43.7,13.4,28.5
LS025,109.0,135.0,15.0,34.0,51.0,18.2,1.6,18.5,2.1,11.6,44.3,17.4,34.7
LS025,135.0,165.0,15.0,32.0,53.0,18.2,1.6,23.8,1.5,7.5,44.3,19.7,43.0
LS026,0.0,19.0,79.0,13.0,8.0,18.2,1.5,19.3,2.0,4.2,22.6,15.6,32.1
LS026,19.0,39.0,66.0,17.0,17.0,18.2,1.6,19.3,1.8,4.7,24.2,15.4,23.9
LS026,39.0,74.0,63.0,18.0,19.0,18.2,1.6,19.3,2.1,4.5,21.2,13.9,24.4
LS026,74.0,102.0,65.0,15.0,20.0,18.2,1.6,16.4,2.2,4.5,22.6,20.4,27.1
LS026,102.0,160.0,55.0,14.0,31.0,18.2,1.5,21.9,2.0,4.0,23.1,12.1,27.1
LS027,0.0,16.0,26.0,55.0,19.0,18.2,0.9,25.8,1.6,9.7,24.6,6.8,24.7
LS027,16.0,28.0,41.0,49.0,10.0,18.2,1.2,25.5,1.8,9.9,44.0,23.9,36.2
LS027,28.0,62.0,67.0,23.0,10.0,18.2,1.6,29.6,1.7,8.5,42.5,20.7,39.9
LS027,62.0,113.0,31.0,49.0,20.0,18.2,1.3,21.1,1.9,11.6,37.7,20.2,45.4
LS027,113.0,149.0,31.0,48.0,21.0,18.2,1.3,25.5,1.8,10.4,48.7,22.7,36.5
LS027,149.0,165.0,35.0,44.0,21.0,18.2,1.2,24.9,2.1,10.4,28.0,28.0,35.8
MA021,0.0,10.0,32.0,37.0,31.0,18.2,1.5,20.8,2.1,9.9,53.6,26.8,24.4
MA021,10.0,20.0,30.0,34.0,36.0,18.2,1.0,20.8,1.7,8.9,53.4,26.1,23.0
MA021,20.0,30.0,30.0,31.0,39.0,18.2,1.3,20.8,1.9,10.2,53.6,26.5,29.2
MA021,30.0,45.0,30.0,30.0,40.0,18.2,1.3,20.8,2.0,4.0,53.1,27.5,25.7
MA021,45.0,47.0,30.7,32.8,36.6,18.2,1.9,20.8,1.9,14.7,53.1,26.3,25.1
MA021,47.0,60.0,30.2,33.2,36.4,18.2,1.4,20.8,1.7,12.9,53.7,25.1,26.0
MA022,0.0,15.0,29.0,36.0,35.0,18.2,1.5,15.8,1.3,5.8,38.3,23.6,20.9
MA022,15.0,30.0,27.0,32.0,41.0,18.2,1.4,15.5,1.5,5.7,42.1,14.6,20.8
MA022,30.0,45.0,27.0,31.0,42.0,18.2,1.3,15.3,1.4,6.2,38.0,21.4,49.3
MA022,45.0,60.0,27.0,33.0,40.0,18.2,1.3,15.6,1.9,5.7,44.8,17.9,37.2
MA022,60.0,70.0,28.0,37.0,35.0,18.2,1.4,15.7,1.5,6.2,38.0,21.4,49.3
MA022,70.0,90.0,21.0,47.0,32.0,18.2,1.4,15.3,1.9,6.3,32.6,18.2,36.7
MA022,90.0,120.0,15.0,58.0,27.0,18.2,1.6,16.1,1.7,6.3,60.0,11.8,43.6
MA023,0.0,10.0,17.0,33.0,50.0,18.2,1.7,20.3,1.8,11.0,41.6,12.7,35.0
MA023,10.0,30.0,17.0,34.0,49.0,18.2,1.7,20.7,1.9,4.6,40.0,16.3,40.8
MA023,30.0,50.0,16.0,32.0,52.0,18.2,1.7,27.0,2.1,13.4,51.5,12.5,45.5
MA023,50.0,80.0,15.0,31.0,54.0,18.2,1.7,13.6,1.7,2.3,39.8,13.2,24.7
MA023,80.0,110.0,13.0,32.0,55.0,18.2,1.8,20.1,1.9,8.0,27.5,12.7,36.9
MA023,110.0,140.0,13.0,32.0,55.0,18.2,1.8,20.7,1.6,6.3,40.7,9.6,25.1
MA024,0.0,15.0,37.0,24.0,39.0,18.2,1.6,29.4,2.0,3.5,31.5,17.2,32.1
MA024,15.0,34.0,36.0,25.0,39.0,18.2,1.7,19.3,2.1,5.2,38.5,17.4,30.7
MA024,34.0,50.0,37.0,20.0,43.0,18.2,1.7,20.1,1.5,5.7,44.8,17.9,32.1
MA024,50.0,80.0,35.0,20.0,45.0,18.2,1.8,22.8,1.9,9.7,55.1,7.1,31.8
MA024,80.0,110.0,35.0,21.0,44.0,18.2,1.8,20.0,2.2,6.1,53.0,22.5,32.6
MA024,110.0,140.0,34.0,23.0,43.0,18.2,1.8,12.2,1.5,5.7,44.9,21.2,45.1
MA024,140.0,160.0,19.0,39.0,42.0,18.2,1.7,18.9,2.2,5.7,43.7,17.4,20.8
MA025,0.0,15.0,35.0,27.0,38.0,9.7,1.6,19.1,1.9,7.8,35.1,16.6,34.1
MA025,15.0,30.0,37.0,20.0,43.0,9.6,1.7,29.6,1.6,8.9,23.3,16.7,34.5
MA025,30.0,50.0,32.0,22.0,46.0,9.7,1.8,12.0,1.6,8.2,53.8,19.7,33.9
MA025,50.0,70.0,29.0,24.0,47.0,9.6,1.8,18.1,1.6,12.0,51.1,16.7,27.8
MA025,70.0,100.0,26.0,29.0,45.0,10.0,1.8,20.3,1.3,5.3,36.8,20.3,33.9
MA025,100.0,140.0,33.0,26.0,41.0,10.2,1.8,11.3,1.8,7.9,21.3,9.3,40.5
ML001,0.0,11.0,27.0,62.0,11.0,18.2,0.9,18.6,2.2,9.0,33.2,9.2,36.9
ML001,11.0,27.0,26.0,56.0,18.0,18.2,0.9,18.6,1.7,6.8,40.6,5.3,33.9
ML001,27.0,46.0,22.0,56.0,22.0,18.2,0.9,24.8,1.8,4.0,40.7,9.1,27.7
ML001,46.0,67.0,20.0,52.0,28.0,18.2,0.9,23.4,2.0,6.8,40.3,12.7,32.5
ML001,67.0,110.0,20.0,45.0,35.0,18.2,0.9,27.4,2.1,6.7,40.9,9.5,30.2
ML001,110.0,145.0,23.0,43.0,34.0,18.2,0.9,28.4,1.7,8.5,48.3,8.9,31.9
ML002,0.0,7.0,74.0,19.0,7.0,18.2,0.9,27.0,2.0,9.2,35.3,14.5,41.9
ML002,7.0,16.0,74.0,16.0,10.0,18.2,0.9,20.5,2.4,11.1,30.9,9.8,24.6
ML002,16.0,30.0,61.0,15.0,24.0,18.2,0.9,19.6,2.2,11.4,34.4,13.3,32.1
ML002,30.0,40.0,47.0,17.0,36.0,18.2,0.9,21.3,2.0,12.9,31.2,12.8,32.0
ML002,40.0,54.0,42.0,18.0,40.0,18.2,0.9,19.7,2.1,11.6,34.9,12.2,31.6
ML002,54.0,68.0,38.0,20.0,42.0,18.2,0.9,16.5,1.9,14.6,35.5,13.0,35.5
ML002,68.0,105.0,48.0,17.0,35.0,18.2,0.9,19.4,2.5,10.5,41.6,12.6,31.6
ML002,105.0,115.0,55.2,17.0,27.3,18.2,0.9,11.5,2.1,6.6,34.8,12.8,25.1
ML003,0.0,10.0,64.0,21.0,15.0,18.2,0.9,20.3,1.5,7.7,30.5,10.2,33.1
ML003,10.0,20.0,55.0,21.0,24.0,18.2,0.9,27.4,1.5,9.9,49.4,10.7,30.5
ML003,20.0,40.0,38.0,22.0,40.0,18.2,0.9,28.6,1.5,9.7,36.1,10.5,30.6
ML003,40.0,60.0,31.0,22.0,47.0,18.2,0.9,14.5,1.5,11.6,35.7,11.0,29.0
ML003,60.0,115.0,30.0,23.0,47.0,18.2,0.9,11.0,1.5,9.9,28.0,10.9,30.2
ML004,0.0,11.0,62.0,29.0,9.0,18.2,0.9,14.1,2.2,9.2,38.2,20.6,33.3
ML004,11.0,20.0,55.0,27.0,18.0,18.2,0.9,19.3,1.9,11.4,38.4,15.7,38.2
ML004,20.0,40.0,50.0,25.0,25.0,18.2,0.9,29.0,2.2,11.8,30.3,20.5,45.4
ML004,40.0,65.0,33.0,16.0,51.0,18.2,0.9,19.4,1.9,9.3,47.3,20.1,43.7
ML004,65.0,78.0,42.0,19.0,39.0,18.2,0.9,13.8,2.1,10.5,53.3,29.8,40.6
ML004,78.0,110.0,45.0,22.0,33.0,18.2,0.9,20.3,1.9,11.4,20.8,15.7,39.7
ML005,0.0,16.0,86.0,10.0,4.0,18.2,0.9,18.8,2.1,7.1,49.7,29.4,37.9
ML005,16.0,23.0,80.0,9.0,11.0,18.2,0.9,15.8,2.2,7.3,37.8,9.3,36.7
ML005,23.0,32.0,76.0,9.0,15.0,18.2,0.9,18.9,2.1,8.9,41.0,18.5,36.8
ML005,32.0,57.0,75.0,7.0,18.0,18.2,0.9,13.6,1.9,5.2,52.8,18.2,23.2
ML005,57.0,83.0,75.0,8.0,17.0,18.2,0.9,26.3,2.1,7.2,41.2,26.0,36.2
ML005,83.0,110.0,75.0,8.0,17.0,18.2,0.9,18.4,1.9,7.4,22.0,7.9,48.2
ML006,0.0,15.0,84.0,10.0,6.0,18.2,0.9,11.1,2.1,12.5,39.1,16.2,21.3
ML006,15.0,23.0,84.0,6.0,10.0,18.2,0.9,11.2,1.9,12.2,49.9,10.8,33.6
ML006,23.0,110.0,80.0,8.0,12.0,18.2,0.9,10.8,2.1,12.0,28.1,21.8,45.4
ML007,0.0,15.0,80.0,13.0,7.0,18.2,0.9,15.4,1.6,9.1,38.6,22.4,21.1
ML007,15.0,35.0,76.0,11.0,13.0,18.2,0.9,27.9,2.0,12.0,32.2,20.4,20.8
ML007,35.0,55.0,73.0,11.0,16.0,18.2,0.9,17.2,2.1,14.3,47.3,19.1,20.8
ML007,55.0,85.0,69.0,11.0,20.0,18.2,0.9,25.6,1.6,12.0,42.4,20.4,21.2
ML007,85.0,115.0,69.0,10.0,21.0,18.2,0.9,20.2,2.0,12.0,30.8,20.6,20.5
ML008,0.0,5.0,42.0,35.0,23.0,18.2,0.9,25.2,1.5,9.1,49.6,13.2,35.4
ML008,5.0,11.0,43.0,33.0,24.0,18.2,0.9,10.2,1.5,2.1,44.1,19.6,37.9
ML008,11.0,23.0,38.0,36.0,26.0,18.2,0.9,21.6,1.5,5.3,43.7,19.2,30.8
ML008,23.0,33.0,80.0,15.0,5.0,18.2,0.9,14.2,1.5,5.6,38.3,25.9,38.8
ML009,0.0,10.0,57.0,32.0,11.0,18.2,1.6,26.0,2.1,8.5,41.6,6.1,27.6
ML009,10.0,20.0,56.0,31.0,13.0,18.2,1.7,26.3,2.0,11.9,21.9,13.5,34.8
ML009,20.0,41.0,44.0,27.0,29.0,18.2,1.5,25.6,2.2,8.6,53.8,16.1,44.4
ML009,41.0,66.0,41.0,27.0,32.0,18.2,1.4,25.5,1.6,14.5,54.1,16.1,44.3
ML009,66.0,112.0,41.0,29.0,30.0,18.2,1.4,25.1,2.0,7.1,41.8,15.0,28.1
ML009,112.0,142.0,42.0,29.0,29.0,18.2,1.4,26.9,1.8,3.7,39.0,24.6,37.0
ML009,142.0,188.0,38.0,30.0,32.0,18.2,1.6,25.6,2.2,8.4,33.2,23.3,36.8
ML009,188.0,201.0,40.0,27.0,33.0,18.2,1.4,26.4,1.7,7.2,48.6,16.4,44.3
ML010,0.0,15.0,61.0,30.0,9.0,18.2,1.7,28.0,1.9,7.2,38.2,26.3,46.7
ML010,15.0,41.0,59.0,29.0,12.0,18.2,1.5,25.8,2.2,7.0,37.6,17.2,28.1
ML010,41.0,79.0,45.0,23.0,32.0,18.2,1.6,24.1,1.5,7.3,38.8,23.2,32.0
ML010,79.0,119.0,38.0,28.0,34.0,18.2,1.6,28.9,1.8,7.7,27.7,20.5,36.8
ML010,119.0,155.0,39.0,30.0,31.0,18.2,1.6,26.1,1.7,3.6,30.4,23.3,36.4
ML010,155.0,193.0,39.0,31.0,30.0,18.2,1.7,19.2,1.8,3.8,54.7,27.6,38.4
ML010,193.0,211.0,42.0,29.0,29.0,18.2,1.6,25.6,1.6,14.5,42.4,23.1,39.0
ML011,0.0,15.0,59.0,31.0,10.0,18.2,1.5,24.1,1.9,11.8,34.7,26.5,28.9
ML011,15.0,30.0,61.0,28.0,11.0,18.2,1.6,25.4,2.1,11.5,35.3,21.0,36.0
ML011,30.0,74.0,44.0,26.0,30.0,18.2,1.5,15.8,2.1,11.8,34.9,9.3,31.4
ML011,74.0,104.0,41.0,26.0,33.0,18.2,1.4,21.9,1.8,10.3,35.8,20.7,22.5
ML011,104.0,145.0,41.0,29.0,30.0,18.2,1.5,22.3,1.8,12.0,27.5,21.1,37.4
ML011,145.0,208.0,44.0,29.0,27.0,18.2,1.6,23.8,1.5,13.4,40.0,26.4,31.2
ML012,0.0,10.0,81.0,10.0,9.0,18.2,1.7,25.3,1.7,14.2,53.6,17.1,39.0
ML012,10.0,20.0,80.0,8.0,12.0,18.2,1.8,22.8,2.4,14.1,50.3,7.1,48.7
ML012,20.0,41.0,65.0,9.0,26.0,18.2,1.6,22.7,1.9,13.9,55.0,29.4,34.9
ML012,41.0,76.0,51.0,8.0,41.0,18.2,1.7,15.9,2.1,14.1,59.1,16.5,39.2
ML012,76.0,114.0,62.0,9.0,29.0,18.2,1.7,28.6,2.1,14.3,37.6,8.6,38.9
ML012,114.0,157.0,63.0,10.0,27.0,18.2,1.8,23.0,1.7,13.8,49.9,16.8,25.0
ML012,157.0,201.0,56.0,10.0,34.0,18.2,1.8,23.2,1.9,13.6,44.9,22.1,48.8
ML013,0.0,15.0,36.0,20.0,44.0,18.2,1.5,18.0,1.6,14.0,49.7,17.5,38.9
ML013,15.0,46.0,8.0,12.0,80.0,18.2,1.5,18.1,2.1,10.7,47.0,29.3,48.0
ML013,46.0,74.0,13.0,10.0,77.0,18.2,1.5,17.9,1.6,9.1,47.3,13.2,38.5
ML013,74.0,102.0,40.0,15.0,45.0,18.2,1.7,15.4,2.0,10.6,41.4,10.6,38.6
ML013,102.0,140.0,44.0,14.0,42.0,18.2,2.0,29.2,2.1,10.2,47.0,17.7,42.6
ML013,140.0,173.0,46.0,15.0,39.0,18.2,1.9,15.1,1.6,14.5,51.4,17.7,24.6
ML013,173.0,201.0,50.0,14.0,36.0,18.2,1.9,12.3,1.4,4.7,45.7,17.4,38.8
ML014,0.0,15.0,89.0,8.0,3.0,18.2,1.7,13.8,1.8,9.0,38.5,28.7,33.1
ML014,15.0,41.0,84.0,8.0,8.0,18.2,1.6,16.8,1.7,8.3,56.6,16.8,32.4
ML014,41.0,66.0,84.0,7.0,9.0,18.2,1.3,26.1,2.1,9.2,54.7,7.1,32.7
ML014,66.0,104.0,83.0,7.0,10.0,18.2,1.5,27.7,2.0,9.5,31.9,10.3,25.6
ML014,104.0,157.0,74.0,11.0,15.0,18.2,1.6,20.2,2.1,4.8,42.2,13.0,33.1
ML014,157.0,173.0,74.0,12.0,14.0,18.2,2.0,17.2,2.1,8.6,30.5,13.9,40.1
ML014,173.0,201.0,75.0,12.0,13.0,18.2,2.0,20.0,1.6,11.9,42.5,7.9,32.6
MX001,0.0,25.0,27.0,26.0,47.0,18.2,0.9,30.0,2.2,5.0,35.4,17.4,41.5
MX001,25.0,60.0,23.0,24.0,53.0,18.2,0.9,11.5,2.0,9.2,41.1,12.2,20.9
MX001,60.0,94.0,23.0,34.0,43.0,18.2,0.9,13.7,1.9,14.1,34.5,12.3,47.5
MX001,94.0,130.0,27.0,28.0,45.0,18.2,0.9,28.9,2.3,9.5,53.4,8.0,32.1
MX002,0.0,25.0,25.0,27.0,48.0,18.2,0.9,16.7,2.1,3.0,46.9,22.9,30.3
MX002,25.0,35.0,28.0,30.0,42.0,18.2,0.9,20.6,2.0,4.9,32.0,14.2,29.5
MX002,35.0,55.0,28.0,27.0,45.0,18.2,0.9,18.2,2.0,7.0,32.2,29.9,29.8
MX002,55.0,85.0,29.0,29.0,42.0,18.2,0.9,22.4,1.6,5.1,29.1,23.1,29.8
MX002,85.0,105.0,27.1,27.8,44.2,18.2,0.9,11.9,2.0,10.8,20.9,25.9,29.4
MX003,0.0,25.0,35.0,27.0,38.0,18.2,0.9,23.6,2.3,2.2,34.5,6.1,33.1
MX003,25.0,50.0,34.0,31.0,35.0,18.2,0.9,23.5,1.7,5.5,50.9,19.0,38.5
MX003,50.0,70.0,33.0,35.0,32.0,18.2,0.9,24.2,1.9,7.0,43.6,29.9,24.1
MX003,70.0,90.0,31.0,37.0,32.0,18.2,0.9,23.7,2.0,5.2,52.3,19.2,32.8
MX003,90.0,110.0,43.0,33.0,24.0,18.2,0.9,29.3,2.4,5.0,39.8,18.9,37.0
MX003,110.0,160.0,25.0,42.0,33.0,18.2,0.9,18.6,2.0,5.1,44.1,19.3,33.2
MX003,160.0,200.0,37.0,24.0,39.0,18.2,0.9,24.0,2.0,8.1,40.6,20.3,33.6
MX004,0.0,20.0,25.0,23.0,52.0,18.2,0.9,14.0,1.8,10.0,44.9,13.3,31.6
MX004,20.0,30.0,68.0,13.0,19.0,18.2,0.9,15.7,2.4,6.1,47.8,14.5,31.3
MX004,30.0,50.0,30.0,43.0,27.0,18.2,0.9,10.0,2.1,9.2,45.7,13.0,30.0
MX004,50.0,75.0,37.6,23.8,37.9,18.2,0.9,15.3,2.3,9.8,48.3,13.3,34.6
MX004,75.0,110.0,29.0,16.0,55.0,18.2,0.9,13.4,2.1,9.7,47.3,14.5,32.2
MX004,110.0,130.0,38.2,23.9,38.5,18.2,0.9,13.6,2.1,12.8,54.9,17.3,31.0
MY027,0.0,10.0,25.0,60.0,15.0,44.6,0.9,20.8,2.2,11.8,25.6,19.0,34.7
MY027,10.0,24.0,21.0,60.0,19.0,5.0,0.9,20.8,1.6,5.1,29.1,18.9,29.8
MY027,24.0,60.0,18.0,46.0,36.0,85.0,0.9,20.8,1.8,7.3,21.3,9.3,40.5
MY027,60.0,135.0,22.0,46.0,32.0,44.6,0.9,20.8,1.8,7.0,28.3,18.8,34.9
MY027,135.0,160.0,44.0,39.0,17.0,45.5,0.9,20.8,2.0,3.6,23.4,28.8,35.1
MY028,0.0,14.0,69.0,20.0,11.0,18.2,1.8,20.2,2.0,4.2,48.1,21.1,37.0
MY028,14.0,27.0,79.0,15.0,6.0,18.2,1.7,21.4,1.8,8.2,47.8,7.5,42.3
MY028,27.0,38.0,74.0,17.0,9.0,18.2,1.7,21.6,2.0,10.4,55.7,29.5,36.6
MY028,38.0,66.0,62.0,27.0,11.0,18.2,1.8,20.9,1.8,9.4,23.4,28.8,36.3
MY028,66.0,108.0,67.0,22.0,11.0,18.2,1.9,26.5,1.6,9.0,57.8,21.0,34.5
MY028,108.0,143.0,30.0,27.0,43.0,18.2,1.3,25.6,1.6,14.5,42.4,13.6,39.0
MY028,143.0,200.0,33.0,23.0,44.0,18.2,1.8,12.7,1.4,9.6,57.2,25.4,33.2
MZ011,0.0,18.0,61.0,14.0,25.0,18.2,1.4,17.3,2.2,11.5,56.8,21.4,39.3
MZ011,18.0,30.0,52.0,9.0,39.0,18.2,1.1,17.9,1.3,7.7,29.5,21.5,40.1
MZ011,30.0,60.0,40.0,5.0,55.0,18.2,1.4,17.1,1.7,5.8,45.5,20.8,38.5
MZ011,60.0,125.0,31.0,6.0,63.0,18.2,1.1,15.0,1.9,7.4,41.7,29.8,39.5
MZ011,125.0,175.0,34.0,7.0,59.0,18.2,1.2,17.1,1.7,7.4,59.7,15.7,36.2
MZ011,175.0,320.0,32.0,11.0,57.0,18.2,1.5,21.0,1.7,5.0,45.6,20.7,40.0
MZ011,320.0,400.0,42.0,8.7,49.8,18.2,1.5,13.3,2.1,7.1,48.6,19.0,44.3
MZ011,400.0,430.0,41.4,8.6,49.7,18.2,0.9,21.2,1.7,7.8,36.6,19.8,40.0
NC001,0.0,20.0,34.0,35.0,31.0,18.2,0.9,21.8,2.2,7.5,40.5,8.0,26.7
NC001,20.0,40.0,49.9,25.3,24.6,18.2,0.9,21.4,1.7,7.5,40.5,7.8,38.4
NC001,40.0,60.0,51.0,26.0,23.0,18.2,0.9,21.6,2.3,7.2,40.5,8.0,37.8
NC001,60.0,120.0,65.0,16.0,19.0,18.2,0.9,22.5,1.9,7.2,40.5,8.4,49.6
NE006,0.0,8.0,37.0,22.0,41.0,35.2,1.3,17.6,1.7,4.9,24.9,19.6,49.8
NE006,8.0,41.0,23.0,24.0,53.0,35.1,1.4,19.4,1.5,4.1,39.0,18.3,49.2
NE006,41.0,61.0,65.0,13.0,22.0,34.8,1.4,19.3,1.9,4.8,42.4,25.1,49.7
NE006,61.0,71.0,85.0,7.0,8.0,34.8,1.8,18.6,1.9,4.3,46.7,6.4,49.4
NE006,71.0,81.0,87.0,4.0,9.0,34.9,1.2,15.3,1.7,4.2,41.8,26.3,49.4
NE006,81.0,86.0,89.0,3.0,8.0,35.0,1.8,18.7,2.0,4.1,42.3,19.7,48.9
NE006,86.0,94.0,88.0,2.0,10.0,34.8,2.0,23.0,1.7,4.3,51.9,19.6,49.4
NE006,94.0,130.0,85.0,3.0,12.0,35.3,1.9,20.2,2.2,4.2,48.1,24.1,49.4
NE007,0.0,5.0,92.0,6.0,2.0,18.2,1.5,10.4,2.2,11.8,32.3,6.0,38.6
NE007,5.0,18.0,93.0,5.0,2.0,18.2,1.4,14.6,1.9,8.7,43.4,9.4,37.7
NE007,18.0,36.0,89.0,6.0,5.0,18.2,1.9,14.5,1.8,6.0,43.4,17.3,36.4
NE007,36.0,61.0,87.0,6.0,7.0,18.2,1.7,10.1,2.0,8.8,42.9,27.8,38.7
NE007,61.0,97.0,85.0,6.0,9.0,18.2,1.7,14.5,1.6,10.2,53.6,28.3,38.9
NE007,97.0,140.0,75.0,8.0,17.0,18.2,1.8,23.8,1.9,5.2,42.8,16.7,43.0
NE008,0.0,3.0,87.0,9.0,4.0,18.2,1.6,20.9,1.6,7.1,27.5,22.9,39.0
NE008,3.0,23.0,86.0,7.0,7.0,18.2,1.8,29.4,1.7,6.8,38.9,24.8,39.3
NE008,23.0,43.0,79.0,8.0,13.0,18.2,1.6,20.8,2.3,3.3,39.4,23.5,38.8
NE008,43.0,64.0,75.0,9.0,16.0,18.2,1.6,21.5,2.0,8.9,51.4,24.9,37.7
NE008,64.0,102.0,74.0,9.0,17.0,18.2,1.5,18.1,1.9,5.6,38.6,28.4,39.2
NE008,102.0,135.0,74.0,9.0,17.0,18.2,1.6,15.5,2.1,4.8,38.8,24.7,31.5
NE008,135.0,201.0,73.0,10.0,17.0,18.2,1.6,20.7,2.4,6.2,38.6,25.0,47.4
NE009,0.0,5.0,89.0,7.0,4.0,18.2,2.0,28.3,2.1,10.8,47.8,7.5,24.3
NE009,5.0,30.0,82.0,8.0,10.0,18.2,1.7,27.7,1.8,11.1,37.3,10.3,24.7
NE009,30.0,51.0,80.0,7.0,13.0,18.2,2.1,28.5,2.0,11.2,36.8,8.6,22.9
NE009,51.0,89.0,78.0,8.0,14.0,18.2,1.6,28.4,2.0,10.2,36.9,9.1,26.0
NE009,89.0,114.0,77.0,7.0,16.0,18.2,1.6,28.3,2.0,7.9,26.5,9.1,24.6
NE009,114.0,211.0,74.0,9.0,17.0,18.2,1.8,27.7,2.1,14.9,36.8,9.0,24.4
NE010,0.0,5.0,74.0,19.0,7.0,18.2,1.5,27.4,1.5,8.1,32.6,13.8,38.6
NE010,5.0,18.0,74.0,19.0,7.0,18.2,1.6,25.2,1.6,11.0,41.6,13.6,38.5
NE010,18.0,38.0,62.0,17.0,21.0,18.2,1.8,22.6,2.2,8.6,31.5,8.8,37.8
NE010,38.0,58.0,62.0,16.0,22.0,18.2,1.8,20.2,2.1,8.0,36.0,13.9,35.6
NE010,58.0,104.0,53.0,29.0,18.0,18.2,1.8,27.1,1.7,7.4,28.1,21.8,45.4
NE010,104.0,160.0,58.0,21.0,21.0,18.2,1.9,22.5,1.7,6.7,32.3,8.2,29.3
NE010,160.0,201.0,53.0,25.0,22.0,18.2,1.8,12.6,2.0,8.6,21.2,16.8,42.4
NE011,0.0,5.0,80.0,15.0,5.0,18.2,1.6,10.5,1.9,13.5,45.3,28.0,47.9
NE011,5.0,23.0,74.0,18.0,8.0,18.2,1.7,18.3,2.0,14.4,21.7,28.2,41.4
NE011,23.0,51.0,74.0,15.0,11.0,18.2,1.6,18.0,2.2,13.5,37.2,28.0,41.6
NE011,51.0,89.0,63.0,18.0,19.0,18.2,1.9,17.5,2.5,14.3,28.0,28.2,30.2
NE011,89.0,140.0,63.0,18.0,19.0,18.2,1.8,26.8,2.1,13.9,55.1,27.9,46.0
NE011,140.0,201.0,66.0,19.0,15.0,18.2,1.9,16.2,1.7,13.4,37.7,27.8,41.3
NE012,0.0,8.0,86.0,8.0,6.0,18.2,1.6,19.1,1.3,7.9,39.9,29.0,22.5
NE012,8.0,25.0,80.0,9.0,11.0,18.2,1.6,19.4,1.7,11.7,46.1,17.4,35.3
NE012,25.0,56.0,79.0,7.0,14.0,18.2,1.6,19.6,1.9,8.3,46.1,17.5,34.8
NE012,56.0,102.0,69.0,9.0,22.0,18.2,1.4,23.6,1.3,8.2,45.3,17.7,49.0
NE012,102.0,152.0,68.0,10.0,22.0,18.2,1.8,12.3,1.8,4.7,45.7,5.8,33.1
NE012,152.0,201.0,67.0,13.0,20.0,18.2,1.5,21.9,2.2,8.3,51.8,17.3,34.5
NE013,0.0,18.0,31.0,32.0,37.0,18.2,1.7,15.1,1.9,9.0,35.2,15.6,26.7
NE013,18.0,48.0,26.0,33.0,41.0,18.2,1.9,21.6,1.6,14.3,34.5,27.2,37.8
NE013,48.0,79.0,24.0,33.0,43.0,18.2,1.6,17.9,2.1,4.5,34.5,13.9,24.4
NE013,79.0,112.0,19.0,35.0,46.0,18.2,2.0,18.1,1.8,8.6,22.3,18.7,34.1
NE013,112.0,160.0,13.0,43.0,44.0,18.2,2.0,17.9,2.2,4.6,47.2,18.4,40.8
NE013,160.0,188.0,31.0,34.0,35.0,18.2,1.8,17.3,1.7,15.0,35.1,19.1,34.5
NE013,188.0,201.0,50.0,19.0,31.0,18.2,2.5,17.6,2.2,5.0,35.2,18.6,41.5
NE014,0.0,8.0,92.0,5.0,3.0,0.8,1.8,14.8,1.8,3.9,59.0,24.5,40.9
NE014,8.0,28.0,89.0,7.0,4.0,1.0,1.7,21.2,1.9,4.1,47.3,18.4,43.7
NE014,28.0,53.0,91.0,4.0,5.0,1.0,1.6,17.7,2.1,4.7,49.5,24.8,41.6
NE014,53.0,94.0,88.0,4.0,8.0,0.6,1.6,17.0,1.5,4.6,47.2,24.9,40.8
NE014,94.0,145.0,87.0,4.0,9.0,0.5,1.6,10.2,1.8,4.6,51.3,29.6,38.8
NE014,145.0,201.0,86.0,3.0,11.0,1.2,1.7,23.0,1.7,4.6,51.9,26.9,40.7
NE015,0.0,18.0,37.0,30.0,33.0,18.2,1.7,20.5,1.6,9.7,38.1,21.2,33.2
NE015,18.0,61.0,13.0,53.0,34.0,18.2,1.5,16.2,2.2,14.4,34.0,21.9,28.6
NE015,61.0,94.0,81.0,9.0,10.0,18.2,1.5,20.8,2.0,8.9,21.2,16.8,38.7
NE015,94.0,107.0,76.0,11.0,13.0,18.2,1.6,25.3,2.1,4.2,53.6,29.0,49.8
NE015,107.0,130.0,82.0,8.0,10.0,18.2,2.0,20.7,1.6,9.0,21.9,21.5,36.6
NE015,130.0,150.0,61.0,15.0,24.0,18.2,1.7,20.3,1.7,9.8,34.1,21.0,43.6
NE015,150.0,196.0,93.0,3.0,4.0,18.2,1.6,20.5,2.0,9.7,35.6,18.7,38.2
NE016,0.0,8.0,97.0,2.0,1.0,18.2,1.9,29.9,2.1,5.9,22.9,12.3,33.1
NE016,8.0,28.0,92.0,3.0,5.0,18.2,2.1,26.7,2.1,8.8,30.5,14.3,40.1
NE016,28.0,69.0,93.0,3.0,4.0,18.2,1.7,22.6,2.2,3.6,36.3,14.3,43.8
NE016,69.0,102.0,94.0,2.0,4.0,18.2,1.7,26.3,1.9,6.1,58.5,7.0,37.3
NE016,102.0,163.0,94.0,2.0,4.0,18.2,1.6,26.4,2.5,4.1,35.9,22.4,37.4
NE016,163.0,201.0,93.0,3.0,4.0,18.2,1.8,26.5,2.2,8.5,32.6,13.7,32.0
NG010,0.0,10.0,98.0,1.0,1.0,18.2,0.9,27.3,1.5,7.5,28.8,17.8,46.3
NG010,10.0,175.0,97.0,2.0,1.0,18.2,0.9,27.4,1.5,7.5,32.6,17.8,46.6
NI001,0.0,20.0,37.0,39.0,24.0,18.2,0.9,10.2,2.2,8.8,37.0,26.6,42.1
NI001,20.0,60.0,34.0,40.0,26.0,18.2,0.9,22.5,2.0,8.4,31.8,25.1,42.0
NI001,60.0,70.0,61.0,23.0,16.0,18.2,0.9,16.4,2.2,9.6,41.3,21.9,41.4
NI001,70.0,90.0,23.0,51.0,26.0,18.2,0.9,16.7,2.5,8.8,54.4,20.1,34.4
NI001,90.0,140.0,22.0,51.0,27.0,18.2,0.9,16.3,2.1,9.1,43.7,14.6,42.2
NI001,140.0,160.0,74.0,15.0,11.0,18.2,0.9,15.9,2.5,8.1,38.6,15.2,49.2
NI002,0.0,5.0,12.0,23.0,65.0,18.2,0.9,13.5,1.9,7.5,38.6,17.8,26.6
NI002,5.0,40.0,10.0,19.0,71.0,18.2,0.9,14.3,2.0,7.4,40.8,17.8,28.5
NI002,40.0,50.0,14.0,24.0,62.0,18.2,0.9,14.9,1.9,7.5,49.1,17.8,26.5
NI002,50.0,75.0,13.0,35.0,52.0,18.2,0.9,14.7,2.0,4.8,40.7,17.8,26.4
NI002,75.0,100.0,14.0,44.0,42.0,18.2,0.9,14.1,1.9,10.9,33.9,17.8,24.4
NI003,0.0,4.0,8.0,27.0,65.0,18.2,0.9,27.2,2.1,6.4,54.3,19.2,39.1
NI003,4.0,25.0,5.0,34.0,61.0,18.2,0.9,25.4,2.2,6.1,35.3,17.0,35.3
NI003,25.0,43.0,5.0,28.0,67.0,18.2,0.9,12.8,2.0,6.3,41.1,11.1,35.6
NI003,43.0,70.0,7.0,30.0,63.0,18.2,0.9,29.0,2.0,6.1,43.6,24.2,36.1
NI003,70.0,102.0,10.0,34.0,56.0,18.2,0.9,24.5,1.8,6.4,39.2,17.6,42.1
NI003,102.0,130.0,23.0,36.0,41.0,18.2,0.9,26.2,2.1,8.9,32.9,17.1,35.2
NI003,130.0,150.0,17.0,36.0,47.0,18.2,0.9,26.9,1.8,3.7,40.9,18.1,25.0
NI004,0.0,15.0,20.0,36.0,44.0,18.2,0.9,28.9,2.0,8.7,43.3,8.0,34.3
NI004,15.0,40.0,15.0,34.0,51.0,18.2,0.9,22.9,2.3,2.9,43.8,14.2,43.6
NI004,40.0,75.0,10.0,47.0,43.0,18.2,0.9,22.2,2.1,13.7,43.7,8.2,23.7
NI004,75.0,105.0,23.0,38.0,39.0,18.2,0.9,13.5,2.2,8.3,43.5,27.2,40.0
NI004,105.0,145.0,17.1,38.7,43.9,18.2,0.9,25.6,2.0,8.1,43.4,14.0,31.7
NI005,0.0,10.0,79.0,15.0,6.0,18.2,0.9,20.8,1.3,13.5,44.7,29.1,27.2
NI005,10.0,30.0,81.0,13.0,6.0,18.2,0.9,20.8,1.6,9.8,50.9,7.0,26.9
NI006,0.0,12.0,44.0,38.0,18.0,18.2,0.5,21.1,2.0,13.3,33.3,21.3,49.1
NI006,12.0,33.0,49.0,36.0,15.0,18.2,0.8,20.8,1.6,7.4,21.7,27.2,37.1
NI006,33.0,55.0,44.0,40.0,16.0,18.2,0.7,18.8,1.9,2.4,30.6,7.0,37.0
NI006,55.0,78.0,56.0,33.0,11.0,18.2,0.7,21.3,2.1,3.7,29.9,18.2,36.8
NI006,78.0,104.0,26.0,45.0,29.0,18.2,0.6,28.2,2.1,9.7,30.4,18.8,25.1
NI006,104.0,115.0,19.0,54.0,27.0,18.2,1.0,16.5,1.9,7.5,35.5,18.6,37.1
NI007,0.0,15.0,11.0,49.0,40.0,18.2,1.0,15.0,1.5,9.5,42.7,6.5,30.2
NI007,15.0,43.0,24.0,49.0,27.0,18.2,0.8,18.2,1.5,7.4,55.3,6.6,39.5
NI007,46.0,57.0,23.0,61.0,16.0,18.2,0.8,15.0,1.5,9.6,41.7,6.9,35.0
NI007,60.0,66.0,34.0,54.0,12.0,18.2,1.3,15.0,1.5,13.0,45.8,7.6,30.1
NI007,66.0,81.0,32.0,59.0,9.0,18.2,1.0,12.5,1.5,9.9,45.2,5.4,41.0
NI008,0.0,15.0,7.0,34.0,59.0,18.2,1.4,22.0,1.8,14.9,34.5,18.5,32.5
NI008,15.0,33.0,6.0,34.0,60.0,18.2,1.0,21.8,2.1,12.5,32.0,16.2,32.5
NI008,33.0,52.0,3.0,29.0,68.0,18.2,1.0,26.8,2.1,10.9,55.1,16.3,33.3
NI008,52.0,75.0,10.0,49.0,41.0,18.2,1.0,16.6,1.6,13.0,43.7,15.5,33.1
NI008,75.0,116.0,20.0,55.0,25.0,18.2,0.7,22.3,2.0,13.3,41.1,12.7,33.1
NI009,0.0,15.0,4.0,17.0,79.0,18.2,1.1,15.3,1.9,11.6,59.5,17.8,49.4
NI009,15.0,55.0,3.0,16.0,81.0,18.2,1.1,14.9,2.1,11.5,47.6,17.8,49.1
NI009,55.0,90.0,3.0,14.0,83.0,18.2,1.0,15.1,2.1,11.9,49.9,17.8,48.7
NI010,0.0,23.0,14.0,53.0,33.0,18.2,0.9,24.1,1.9,11.9,40.6,16.3,28.9
NI010,23.0,42.0,17.9,55.0,27.9,18.2,1.4,19.5,2.1,11.9,40.2,23.3,36.4
NI010,42.0,67.0,30.0,50.0,20.0,18.2,0.8,19.2,1.3,10.9,40.6,8.3,46.0
NI010,67.0,88.0,24.0,54.0,22.0,18.2,0.9,19.7,1.8,12.1,40.1,12.8,35.9
NI010,88.0,115.0,10.0,54.0,36.0,18.2,1.1,21.5,1.7,9.3,39.9,16.1,38.0
NI010,115.0,130.0,9.0,63.0,28.0,18.2,1.4,12.0,1.6,14.8,40.3,19.7,44.4
NI011,0.0,42.0,30.0,43.0,27.0,18.2,1.0,18.2,2.1,14.5,54.4,17.8,33.0
NI011,42.0,51.0,56.0,36.0,8.0,18.2,1.1,18.5,2.0,14.9,46.9,17.6,33.6
NI011,51.0,92.0,28.0,48.0,24.0,18.2,0.8,19.3,2.1,13.0,38.5,9.9,30.7
NI011,92.0,120.0,21.0,51.0,28.0,18.2,1.1,18.2,1.6,12.4,46.9,26.5,34.7
NI011,120.0,150.0,29.0,48.0,23.0,18.2,1.2,17.2,1.8,8.8,46.9,18.2,33.2
NI012,0.0,26.0,23.0,39.0,38.0,18.2,1.4,22.7,1.9,8.6,28.2,14.4,33.9
NI012,26.0,51.0,16.0,33.0,51.0,18.2,1.5,14.5,1.8,8.6,37.7,19.5,29.3
NI012,51.0,69.0,10.0,36.0,54.0,18.2,1.6,23.0,1.7,7.4,37.9,19.3,30.8
NI012,69.0,86.0,12.0,30.0,58.0,18.2,1.6,22.7,2.3,3.9,59.0,29.9,30.6
NI012,86.0,104.0,40.0,36.0,24.0,18.2,1.4,29.5,2.1,14.9,37.8,19.7,30.5
NI012,104.0,180.0,20.3,34.6,45.3,18.2,1.6,25.1,2.0,8.6,25.4,15.0,28.1
NI013,0.0,33.0,14.0,34.0,52.0,15.0,1.5,22.0,1.4,10.8,49.7,22.3,37.0
NI013,33.0,57.0,12.0,38.0,50.0,14.7,1.4,19.3,2.1,10.7,40.9,19.2,33.9
NI013,57.0,78.0,23.0,43.0,34.0,15.3,1.4,22.7,1.8,8.9,50.0,27.6,35.8
NI013,78.0,109.0,29.0,49.0,22.0,15.0,1.2,25.2,1.6,12.6,50.7,10.1,38.6
NI013,109.0,143.0,34.0,55.0,11.0,15.4,1.1,21.8,1.8,9.8,56.2,18.9,28.9
NI013,143.0,180.0,34.0,57.0,9.0,15.1,1.2,22.6,1.9,7.9,54.6,16.9,41.8
NI014,0.0,23.0,36.0,25.0,39.0,18.2,1.2,20.8,1.5,8.7,30.6,12.2,30.4
NI014,23.0,45.0,25.0,17.0,58.0,18.2,1.2,28.8,1.7,4.1,30.7,11.8,38.9
NI014,45.0,74.0,32.0,20.0,48.0,18.2,1.4,14.3,1.9,11.4,30.8,11.5,32.2
NI014,74.0,94.0,31.0,22.0,47.0,18.2,1.8,20.9,1.3,8.4,30.4,11.3,20.9
NI014,94.0,100.0,31.2,20.7,47.9,18.2,1.6,21.7,1.5,9.9,30.7,11.8,30.2
NI015,0.0,23.0,35.0,43.0,22.0,18.2,0.9,23.5,2.2,10.4,45.5,13.5,24.3
NI015,23.0,46.0,77.0,11.0,12.0,18.2,0.9,23.8,1.9,11.4,55.3,14.4,24.6
NI015,46.0,69.0,48.0,29.0,23.0,18.2,0.9,25.5,1.8,10.3,40.0,14.0,25.1
NI015,69.0,88.0,62.0,22.0,16.0,18.2,0.9,19.7,1.8,14.7,39.6,13.7,23.8
NI015,88.0,109.0,81.0,11.0,8.0,18.2,0.9,24.7,2.1,4.5,44.9,13.9,24.4
NI015,109.0,155.0,81.0,11.0,8.0,18.2,0.9,23.7,2.2,9.1,45.0,14.2,22.8
NI016,0.0,6.0,38.0,44.0,18.0,18.2,1.9,22.4,1.7,3.1,48.9,17.8,29.3
NI016,6.0,28.0,40.0,43.0,17.0,18.2,1.8,25.3,2.0,5.8,49.7,17.8,29.4
NI016,28.0,54.0,46.0,37.0,17.0,18.2,2.1,29.0,2.1,5.5,43.9,17.8,25.3
NI016,54.0,150.0,45.0,32.0,23.0,18.2,1.4,13.0,1.7,8.2,51.8,17.8,33.1
NI017,0.0,18.0,33.0,29.0,38.0,18.2,0.9,13.3,2.0,7.2,46.3,29.5,44.3
NI017,18.0,30.0,38.0,23.0,39.0,18.2,0.9,18.6,1.8,8.7,51.6,29.6,38.8
NI017,30.0,55.0,16.0,23.0,61.0,18.2,0.9,14.9,1.9,12.5,49.1,29.4,46.1
NI017,55.0,100.0,16.0,24.0,60.0,18.2,0.9,27.7,2.2,7.6,39.0,29.8,44.3
NI018,0.0,20.0,19.0,33.0,48.0,18.2,1.4,28.9,1.6,10.7,40.9,6.2,33.9
NI018,20.0,36.0,8.0,25.0,67.0,18.2,1.5,30.0,2.3,10.9,40.3,17.4,39.9
NI018,36.0,51.0,2.0,12.0,86.0,18.2,1.8,28.3,1.9,11.6,39.4,12.2,45.4
NI018,51.0,102.0,43.0,30.0,27.0,18.2,1.1,27.0,2.0,9.2,39.8,14.5,40.1
NI019,0.0,37.0,33.0,40.0,27.0,18.2,1.4,21.2,1.5,9.3,47.3,18.4,39.5
NI019,37.0,55.0,60.0,24.0,16.0,18.2,1.5,21.8,1.5,5.6,55.8,11.4,39.8
NI019,55.0,76.0,58.0,24.0,18.0,18.2,1.5,15.3,1.5,3.3,27.2,13.3,39.4
NI019,76.0,114.0,57.0,22.0,21.0,18.2,1.5,28.1,1.5,2.9,34.3,9.7,40.2
NI020,0.0,33.0,10.0,47.0,43.0,18.2,1.5,12.4,2.1,7.4,52.3,17.3,35.5
NI020,33.0,58.0,14.0,37.0,49.0,18.2,1.7,25.7,2.0,7.5,56.8,17.3,34.8
NI020,58.0,93.0,13.0,28.0,59.0,18.2,1.7,18.8,1.9,3.2,36.4,16.4,26.7
NI020,93.0,127.0,15.0,29.0,56.0,18.2,1.7,18.8,2.2,11.8,48.5,16.9,45.4
NI021,0.0,11.0,33.0,36.0,31.0,18.2,1.4,15.1,2.0,8.8,50.5,15.6,35.6
NI021,11.0,29.0,18.0,38.0,44.0,18.2,1.2,19.6,1.9,2.5,54.7,20.8,39.7
NI021,29.0,43.0,15.0,37.0,48.0,18.2,1.2,21.5,1.9,14.1,50.6,12.3,35.8
NI021,43.0,72.0,9.0,38.0,53.0,18.2,1.4,22.8,2.2,6.3,50.5,23.2,35.5
NI021,72.0,90.0,11.0,28.0,61.0,18.2,1.6,21.1,1.8,12.6,39.5,24.0,31.7
NI021,90.0,100.0,17.3,35.1,47.0,18.2,1.3,26.7,1.6,9.3,57.4,18.8,35.4
NP007,0.0,20.0,42.0,43.0,15.0,12.7,2.1,19.1,2.2,4.4,44.9,24.7,49.8
NP007,20.0,53.0,41.0,42.0,17.0,12.8,1.4,12.9,2.3,2.5,45.1,10.5,37.5
NP007,53.0,74.0,41.0,42.0,17.0,12.3,1.4,18.8,2.1,6.8,38.7,21.0,34.1
NP007,74.0,104.0,43.0,41.0,16.0,2.0,1.5,14.3,2.0,4.6,31.8,13.4,41.4
NP007,104.0,119.0,44.0,42.0,14.0,2.0,2.0,27.1,2.0,5.0,38.8,10.4,36.7
NP007,119.0,137.0,46.0,40.0,14.0,10.0,1.5,18.3,2.3,4.5,38.6,22.1,48.8
NP007,137.0,170.0,54.0,35.0,11.0,40.0,1.5,18.2,2.0,4.2,39.0,15.2,41.7
NP007,170.0,201.0,60.0,27.0,13.0,10.0,1.1,20.8,2.3,4.3,33.1,7.6,41.8
NP008,0.0,10.0,37.0,50.0,13.0,18.2,1.7,23.4,1.8,6.8,42.4,16.5,43.2
NP008,10.0,23.0,36.0,50.0,14.0,18.2,1.7,23.0,2.1,6.6,33.3,16.2,49.1
NP008,23.0,38.0,29.0,50.0,21.0,18.2,1.6,28.3,1.7,6.1,21.1,16.6,23.0
NP008,38.0,56.0,27.0,47.0,26.0,18.2,1.6,16.8,1.7,7.7,56.6,16.8,33.1
NP008,56.0,76.0,40.0,41.0,19.0,18.2,1.6,23.5,1.8,6.8,42.3,15.9,24.6
NP008,76.0,99.0,54.0,32.0,14.0,18.2,1.6,23.4,1.5,6.6,54.3,19.2,32.6
NP008,99.0,130.0,61.0,28.0,11.0,18.2,1.7,24.7,2.0,4.2,50.3,15.4,25.3
NP008,130.0,152.0,47.0,39.0,14.0,18.2,1.8,23.6,1.8,7.3,38.1,14.3,33.2
NP008,152.0,201.0,39.0,47.0,14.0,18.2,1.7,23.4,2.0,6.1,42.3,15.0,33.6
NP009,0.0,5.0,23.0,62.0,15.0,18.2,1.3,25.1,1.6,7.1,25.4,16.4,28.1
NP009,5.0,20.0,24.0,55.0,21.0,18.2,1.7,21.4,1.6,2.5,45.1,16.0,37.5
NP009,20.0,43.0,14.0,56.0,30.0,18.2,1.7,11.1,2.1,11.9,21.9,13.5,34.8
NP009,43.0,66.0,14.0,58.0,28.0,18.2,1.6,21.6,2.0,7.3,28.0,23.4,34.3
NP009,66.0,94.0,43.0,42.0,15.0,18.2,1.7,21.5,1.6,9.1,30.0,15.5,34.1
NP009,94.0,122.0,47.0,41.0,12.0,18.2,2.1,21.0,1.3,7.7,29.8,9.9,46.9
NP009,122.0,160.0,42.0,45.0,13.0,18.2,2.1,28.3,2.2,7.6,30.1,17.1,23.0
NP009,160.0,191.0,31.0,55.0,14.0,18.2,1.8,21.2,1.3,8.1,30.2,16.4,34.6
NP010,0.0,15.0,60.0,28.0,12.0,6.1,1.4,12.0,2.2,11.5,45.9,17.8,44.4
NP010,15.0,25.0,59.0,30.0,11.0,6.2,1.3,26.2,1.8,10.3,46.3,17.8,43.0
NP010,25.0,53.0,68.0,24.0,8.0,2.0,1.3,16.6,2.1,13.4,48.9,17.8,43.3
NP010,53.0,66.0,73.0,19.0,8.0,1.0,1.3,12.3,1.8,9.6,52.4,17.8,42.7
NP010,66.0,104.0,78.0,16.0,6.0,10.0,1.0,16.8,1.9,13.8,37.0,17.8,46.3
NP010,104.0,137.0,91.0,7.0,2.0,10.0,1.6,16.4,2.1,11.7,46.6,17.8,37.9
NP011,0.0,3.0,59.0,37.0,4.0,18.2,1.2,12.3,1.8,4.4,23.5,22.6,43.3
NP011,3.0,13.0,55.0,41.0,4.0,18.2,1.4,18.0,1.8,6.3,28.0,28.0,30.6
NP011,13.0,36.0,90.0,8.0,2.0,18.2,1.0,12.6,1.7,6.3,42.4,9.6,30.1
NP011,36.0,64.0,92.0,6.0,2.0,18.2,1.9,18.5,2.0,6.6,52.8,17.4,20.6
NP011,64.0,86.0,94.0,5.0,1.0,18.2,1.1,18.2,2.1,3.6,38.6,19.7,21.9
NP011,86.0,122.0,94.0,4.0,2.0,18.2,1.8,13.8,2.0,12.9,47.2,17.0,30.3
NP011,122.0,165.0,95.0,4.0,1.0,18.2,1.2,16.5,1.7,6.8,50.6,6.0,30.6
NP011,165.0,188.0,93.0,5.0,2.0,18.2,1.0,27.1,1.8,3.2,48.3,16.9,35.2
NZ011,0.0,20.0,35.0,36.0,29.0,18.2,1.0,26.1,1.8,3.6,30.4,9.4,25.3
NZ011,20.0,28.0,37.8,39.5,21.6,18.2,1.4,22.8,2.0,10.8,28.6,11.2,25.5
NZ011,28.0,43.0,39.0,43.0,18.0,18.2,1.2,22.3,1.7,5.7,29.6,12.0,30.8
NZ011,43.0,51.0,40.0,41.0,19.0,18.2,1.4,29.3,1.5,2.5,30.3,13.3,25.9
NZ011,51.0,71.0,38.0,39.5,21.9,18.2,1.2,11.5,1.9,5.9,29.5,12.2,20.9
NZ012,0.0,23.0,43.0,31.0,26.0,18.2,1.0,21.8,1.8,8.8,48.7,22.7,36.5
NZ012,23.0,33.0,38.0,32.0,30.0,18.2,1.3,21.1,1.6,10.6,45.4,6.5,36.6
NZ012,33.0,46.0,31.0,32.0,37.0,18.2,1.1,18.5,2.0,11.6,45.3,12.1,36.3
NZ012,46.0,51.0,37.1,32.1,30.7,18.2,1.5,16.9,2.2,4.4,45.9,6.8,31.8
NZ012,51.0,76.0,35.0,34.0,31.0,18.2,1.5,28.8,1.9,8.7,37.6,12.3,36.5
NZ012,76.0,96.0,36.5,32.0,31.2,18.2,0.9,21.4,1.9,8.8,47.6,11.8,40.8
NZ013,0.0,20.0,38.1,29.1,33.7,18.2,0.0,21.6,1.9,7.5,49.8,23.3,30.8
NZ013,20.0,46.0,38.1,29.1,33.7,18.2,0.0,22.3,2.0,7.1,44.1,23.0,37.1
NZ013,46.0,89.0,38.1,29.1,33.7,18.2,0.2,29.2,2.1,7.0,49.7,29.6,36.8
NZ013,89.0,110.0,38.1,29.1,33.7,18.2,0.4,24.4,1.9,7.4,55.3,22.9,37.0
NZ013,110.0,130.0,38.1,29.1,33.7,18.2,0.3,24.6,1.9,7.5,49.4,16.7,43.0
NZ014,-50.0,30.1,3.0,64.0,33.0,18.2,0.2,25.7,2.1,2.1,35.6,13.2,27.3
NZ014,0.0,5.0,13.0,50.0,37.0,18.2,0.2,29.4,2.2,5.5,28.6,20.5,30.2
NZ014,5.0,18.0,3.0,64.0,33.0,18.2,0.2,25.5,1.7,5.0,38.6,18.4,21.6
NZ014,18.0,28.0,3.0,64.0,33.0,18.2,0.2,25.1,2.2,10.4,43.4,6.1,27.4
NZ014,28.0,30.0,3.0,64.0,33.0,18.2,0.2,21.1,1.7,5.6,24.6,6.8,24.7
NZ014,30.0,41.0,17.0,52.0,31.0,18.2,0.7,25.4,1.9,5.8,59.0,13.0,31.7
NZ014,41.0,60.0,3.0,64.0,33.0,18.2,0.2,25.2,1.6,5.6,21.2,12.9,26.8
NZ015,0.0,20.0,37.0,23.0,40.0,18.2,0.9,14.5,2.5,7.9,29.1,21.3,29.0
NZ015,20.0,60.0,30.0,13.0,57.0,18.2,0.9,19.5,2.0,8.1,29.3,15.2,49.2
NZ015,60.0,80.0,33.9,17.7,49.0,18.2,0.9,16.9,2.4,7.5,29.6,18.0,20.5
PA001,0.0,12.0,6.0,29.0,65.0,18.2,1.5,29.1,1.9,5.4,41.5,22.7,33.8
PA001,12.0,42.0,5.0,25.0,70.0,18.2,1.7,14.3,2.2,5.0,31.8,13.4,41.3
PA001,42.0,78.0,16.0,30.0,54.0,18.2,1.3,23.5,2.0,3.5,33.7,18.5,46.7
PA001,78.0,112.0,16.0,41.0,43.0,18.2,1.4,26.0,1.9,5.4,26.8,19.2,40.8
PA001,112.0,154.0,16.0,43.0,41.0,18.2,1.1,21.7,1.9,5.7,41.9,30.0,40.7
PA001,154.0,165.0,16.0,46.0,38.0,18.2,1.0,15.8,2.1,7.3,37.8,9.3,42.5
PA002,0.0,16.0,8.0,52.0,40.0,18.2,1.6,19.5,1.9,11.4,39.4,9.8,35.9
PA002,16.0,30.0,8.0,49.0,43.0,18.2,1.7,20.1,1.6,8.6,49.7,17.8,31.7
PA002,30.0,43.0,8.0,53.0,39.0,18.2,1.6,20.3,1.8,7.2,43.7,15.4,20.8
PA002,43.0,63.0,21.0,46.0,33.0,18.2,1.6,19.9,1.9,8.7,39.8,7.9,28.3
PA002,63.0,84.0,31.0,41.0,28.0,18.2,1.7,17.2,2.0,5.6,27.8,28.8,27.7
PA002,84.0,123.0,19.0,38.0,43.0,18.2,1.7,20.0,1.7,10.6,39.5,12.3,24.2
PA002,123.0,136.0,10.0,45.0,45.0,18.2,1.8,22.5,2.0,8.9,37.2,14.9,28.3
PA003,0.0,22.0,19.0,50.0,31.0,18.2,1.7,14.6,1.9,10.4,35.6,22.7,41.1
PA003,22.0,40.0,18.0,51.0,31.0,18.2,1.6,14.3,1.7,9.6,35.7,22.0,41.5
PA003,40.0,67.0,23.0,49.0,28.0,18.2,1.6,14.3,1.8,6.2,35.6,21.4,49.3
PA003,67.0,91.0,24.0,49.0,27.0,18.2,1.6,14.6,1.8,12.5,40.5,21.7,41.5
PA003,91.0,103.0,24.0,50.0,26.0,18.2,1.6,14.3,1.8,9.6,29.9,22.0,33.2
PA004,0.0,17.0,60.0,24.0,16.0,18.2,1.6,12.0,1.9,11.9,56.2,26.5,28.9
PA004,17.0,29.0,46.0,21.0,33.0,18.2,1.1,11.6,1.8,6.8,56.6,27.3,30.3
PA004,29.0,50.0,17.0,22.0,61.0,18.2,1.4,12.0,1.6,7.3,55.8,13.6,30.5
PA004,50.0,94.0,20.0,26.0,54.0,18.2,1.5,11.6,2.0,7.2,55.7,13.2,30.4
PA004,94.0,138.0,27.0,28.0,45.0,18.2,1.5,11.5,1.4,4.2,56.0,23.6,20.9
PA004,138.0,180.0,35.0,28.0,37.0,18.2,1.5,11.9,1.6,7.2,56.7,20.4,40.3
PA005,0.0,10.0,65.0,21.0,14.0,18.2,1.9,12.9,2.2,10.0,36.8,9.9,46.9
PA005,10.0,23.0,55.0,22.0,23.0,18.2,1.8,17.9,2.1,10.3,36.1,17.9,45.9
PA005,23.0,36.0,41.0,20.0,39.0,18.2,1.7,21.5,1.9,8.1,40.6,20.3,42.5
PA005,36.0,71.0,41.0,20.0,39.0,18.2,2.0,17.3,1.8,10.4,20.5,26.7,29.0
PA005,71.0,98.0,44.0,21.0,35.0,18.2,2.0,17.5,2.2,10.3,36.4,15.2,49.2
PA005,98.0,127.0,36.0,23.0,41.0,18.2,1.9,17.2,2.3,12.6,47.8,17.8,39.7
PA005,127.0,164.0,51.0,24.0,25.0,18.2,1.6,16.9,1.7,10.2,35.9,16.8,42.2
PA006,0.0,20.0,44.0,35.0,21.0,18.2,1.6,11.8,2.0,5.0,45.7,8.1,28.9
PA006,20.0,50.0,32.0,44.0,24.0,18.2,1.6,19.2,1.5,13.4,45.9,17.8,29.0
PA006,50.0,88.0,27.0,47.0,26.0,18.2,1.5,19.7,1.7,7.1,45.8,29.0,29.1
PA006,88.0,109.0,33.0,43.0,24.0,18.2,1.4,19.8,1.9,7.6,41.9,17.6,28.8
PA006,109.0,147.0,10.0,56.0,34.0,18.2,1.4,29.8,2.2,7.2,43.5,27.9,28.4
PA006,147.0,161.0,13.0,57.0,30.0,18.2,1.4,17.6,1.7,4.4,52.8,6.1,28.8
PA006,161.0,182.0,6.0,62.0,32.0,18.2,1.4,19.9,2.2,7.4,45.9,17.9,28.9
PA007,0.0,16.0,17.0,28.0,55.0,4.3,1.6,18.4,2.1,7.4,59.1,8.9,30.0
PA007,16.0,41.0,12.0,34.0,54.0,4.3,1.6,18.7,2.0,7.3,30.8,6.2,36.1
PA007,41.0,76.0,18.0,41.0,41.0,3.8,1.6,18.6,1.8,9.0,44.0,17.0,36.9
PA007,76.0,121.0,30.0,47.0,23.0,4.0,1.5,18.7,2.0,7.2,44.5,25.4,36.4
PA007,121.0,153.0,36.0,49.0,15.0,3.5,1.5,18.9,2.1,7.1,44.2,29.6,35.9
PA007,153.0,180.0,31.0,57.0,12.0,3.9,1.4,18.3,2.2,5.9,43.5,17.3,41.1
PA008,0.0,36.0,67.0,28.0,5.0,18.2,0.8,21.6,1.5,6.0,39.7,16.9,33.5
PA008,36.0,62.0,50.0,46.0,4.0,18.2,1.0,15.8,1.9,10.1,40.1,17.7,41.5
PA008,62.0,89.0,50.0,47.0,3.0,18.2,0.9,13.3,1.7,7.2,48.6,19.0,35.8
PA008,89.0,110.0,64.0,33.0,3.0,18.2,0.9,11.1,1.4,8.8,40.1,17.0,35.5
PA008,110.0,144.0,79.0,18.0,3.0,18.2,0.9,15.5,2.1,14.9,22.8,15.6,35.9
PA008,144.0,180.0,66.0,31.0,3.0,18.2,1.1,15.4,2.0,4.2,48.1,17.1,32.1
PA009,0.0,13.0,33.0,56.0,11.0,18.2,1.0,25.7,2.1,10.7,33.9,22.8,36.8
PA009,13.0,27.0,39.0,57.0,4.0,18.2,0.9,21.3,1.9,9.6,34.2,28.4,37.1
PA009,27.0,45.0,48.0,50.0,2.0,18.2,0.8,21.3,1.8,9.9,39.6,23.3,36.9
PA009,45.0,68.0,60.0,38.0,2.0,18.2,0.5,21.4,1.4,9.3,33.7,18.6,37.3
PA009,68.0,90.0,83.0,12.0,5.0,18.2,1.1,21.4,2.1,4.2,28.3,23.5,37.5
PA009,90.0,115.0,87.0,9.0,4.0,18.2,1.1,16.2,1.8,14.2,34.2,22.7,37.2
PA010,0.0,10.0,11.0,31.0,58.0,7.6,1.3,16.5,1.8,6.5,53.5,12.1,35.6
PA010,10.0,25.0,15.0,36.0,49.0,7.3,1.4,21.0,1.6,6.2,53.6,6.5,37.6
PA010,25.0,60.0,16.0,36.0,48.0,5.0,1.4,29.2,1.9,5.8,53.7,29.6,28.6
PA010,60.0,108.0,32.0,35.0,33.0,10.0,1.4,20.5,2.0,6.0,53.1,15.7,41.3
PA011,0.0,16.0,19.0,24.0,57.0,5.0,0.9,20.8,1.8,11.3,40.2,19.9,30.5
PA011,16.0,38.0,20.0,22.0,58.0,20.0,0.9,20.8,2.0,7.4,45.6,20.1,35.3
PA011,38.0,80.0,21.0,22.0,57.0,15.0,0.9,20.8,1.3,11.2,25.6,20.2,31.1
PA011,80.0,97.0,30.0,26.0,44.0,20.0,0.9,20.8,1.9,14.9,36.7,20.3,26.4
PA012,0.0,15.0,16.0,39.0,45.0,18.2,1.6,20.2,2.1,12.4,52.5,27.8,29.0
PA012,15.0,26.0,11.0,28.0,61.0,18.2,1.4,23.8,1.9,10.6,28.9,16.7,28.7
PA012,26.0,43.0,11.0,32.0,57.0,18.2,1.4,20.9,2.1,10.7,36.3,21.3,29.0
PA012,43.0,60.0,16.0,38.0,46.0,18.2,1.4,19.9,1.9,6.7,27.5,21.3,36.9
PA012,60.0,85.0,22.0,37.0,41.0,18.2,1.5,20.2,2.4,11.0,35.8,21.3,21.3
PA012,85.0,114.0,24.0,35.0,41.0,18.2,1.5,16.6,1.9,13.0,36.5,19.5,29.0
PA013,0.0,15.0,17.0,47.0,36.0,29.9,1.4,20.9,2.0,11.5,25.4,17.6,33.5
PA013,15.0,30.0,18.0,44.0,38.0,29.8,1.4,20.6,2.2,11.8,32.3,6.0,30.4
PA013,30.0,51.0,18.0,42.0,40.0,30.4,1.5,28.2,2.1,11.3,47.3,16.9,33.3
PA013,51.0,91.0,46.0,28.0,26.0,30.0,1.2,18.0,1.9,11.5,32.3,24.4,29.6
PA013,91.0,110.0,31.0,42.0,27.0,29.5,1.4,16.3,1.8,12.3,25.7,21.1,39.6
PA014,0.0,13.0,60.0,20.0,20.0,18.2,1.7,17.3,2.2,13.8,55.1,19.0,36.7
PA014,13.0,31.0,38.0,28.0,34.0,18.2,1.7,22.6,2.1,13.9,56.1,18.1,36.4
PA014,31.0,68.0,25.0,43.0,32.0,18.2,1.5,23.8,1.6,13.6,31.0,18.1,36.8
PA014,68.0,115.0,34.0,41.0,25.0,18.2,1.5,25.4,1.6,14.0,49.7,17.0,36.0
PA014,115.0,138.0,36.0,41.0,23.0,18.2,1.4,27.9,1.9,13.7,55.9,19.4,36.7
PG001,0.0,30.0,32.0,52.0,16.0,18.2,0.9,11.7,1.5,10.4,40.5,17.8,42.5
PG001,30.0,50.0,32.4,51.9,16.4,18.2,0.9,11.9,1.5,10.8,40.5,17.8,43.0
PG002,0.0,15.0,2.0,62.0,36.0,18.2,0.9,20.0,1.7,6.3,37.7,19.6,38.3
PG002,15.0,30.0,1.8,63.6,35.4,18.2,0.9,15.1,1.7,11.9,49.9,19.6,44.8
PG002,30.0,60.0,1.0,65.0,34.0,18.2,0.9,20.5,1.9,9.3,41.6,13.6,35.0
PG002,60.0,94.0,1.7,63.3,34.9,18.2,0.9,20.1,2.1,9.4,55.3,19.1,39.5
PG002,94.0,104.0,1.0,63.2,35.1,18.2,0.9,25.7,2.0,10.7,27.7,19.0,39.1
PG002,104.0,117.0,1.7,63.3,34.8,18.2,0.9,20.2,1.6,10.2,29.4,24.7,33.7
PG002,117.0,122.0,1.7,63.6,35.0,18.2,0.9,20.0,2.1,8.2,22.9,19.3,38.3
PG003,0.0,10.0,13.0,18.0,69.0,18.2,0.9,21.9,2.0,10.9,38.1,16.4,49.9
PG003,10.0,20.0,14.0,13.0,73.0,18.2,0.9,25.4,1.3,8.5,31.0,27.6,29.3
PG003,20.0,30.0,12.0,11.0,77.0,18.2,0.9,25.0,1.7,5.9,30.2,16.4,35.4
PG003,30.0,75.0,4.0,3.0,93.0,18.2,0.9,29.1,1.8,8.7,33.3,16.6,21.3
PG003,75.0,95.0,11.1,11.1,77.8,18.2,0.9,25.3,2.0,8.5,32.9,6.0,34.1
PG019,0.0,30.0,7.0,44.0,49.0,49.7,1.6,25.0,2.2,11.6,50.5,22.5,23.3
PG019,30.0,70.0,16.0,23.0,61.0,49.9,1.7,24.5,1.6,10.7,50.7,11.4,30.4
PG019,70.0,104.0,20.0,17.0,63.0,50.1,1.9,24.8,2.1,11.2,50.6,6.0,45.7
PG019,104.0,140.0,24.0,13.0,63.0,50.2,1.9,24.4,1.8,11.3,50.5,26.3,30.8
PG019,140.0,190.0,46.0,12.0,42.0,50.0,1.6,24.3,2.1,10.7,50.6,23.5,22.7
PG020,0.0,20.0,12.0,30.0,58.0,18.2,1.2,21.8,1.7,4.2,44.6,11.7,32.1
PG020,20.0,46.0,2.0,23.0,75.0,18.2,1.4,20.8,1.8,14.4,20.5,12.3,44.8
PG020,46.0,80.0,3.5,32.0,68.0,18.2,1.5,26.2,1.6,8.9,44.7,11.7,49.2
PG020,80.0,96.0,1.0,20.0,79.0,18.2,1.5,17.8,2.4,8.4,44.7,11.9,40.8
PG020,96.0,132.0,1.0,12.0,87.0,18.2,1.6,21.8,2.0,6.9,57.2,11.6,33.2
PG020,132.0,165.0,1.0,21.0,78.0,18.2,1.6,21.2,1.5,6.0,57.2,11.9,30.5
PG021,0.0,32.0,30.0,29.0,41.0,50.4,1.0,23.2,1.5,9.9,28.9,18.8,40.2
PG021,32.0,50.0,50.0,21.0,29.0,50.3,1.2,23.1,1.8,10.7,29.2,13.7,37.4
PG021,50.0,92.0,20.0,51.0,29.0,49.8,1.4,22.4,1.3,9.4,55.8,15.6,39.5
PG021,92.0,131.0,16.0,51.0,33.0,49.8,1.4,22.9,1.8,9.8,38.0,18.0,37.8
PG021,131.0,142.0,37.0,22.0,41.0,50.0,0.8,23.3,1.6,9.8,37.8,18.9,46.1
PG021,142.0,157.0,33.0,20.0,47.0,50.0,0.9,22.9,2.2,10.5,38.4,18.3,22.2
PG021,157.0,193.0,13.0,30.0,57.0,49.7,1.3,23.0,2.0,10.2,38.2,25.2,38.5
PG021,193.0,285.0,17.0,37.0,46.0,50.2,1.4,22.9,1.6,10.0,38.4,18.1,43.3
PG022,0.0,24.0,24.0,30.0,46.0,18.2,1.1,12.5,2.2,9.8,53.9,20.8,23.1
PG022,24.0,48.0,28.0,18.0,54.0,18.2,1.3,18.2,2.4,8.3,55.6,21.3,30.5
PG022,48.0,88.0,19.0,20.0,61.0,18.2,1.3,14.5,2.0,11.6,57.8,21.3,29.9
PG022,88.0,128.0,10.0,16.0,74.0,18.2,1.4,17.3,2.5,9.3,55.6,20.7,30.4
PG022,128.0,164.0,3.0,11.0,86.0,18.2,1.4,26.3,1.8,10.4,55.7,21.2,25.2
PG022,164.0,200.0,1.0,7.0,92.0,18.2,1.4,21.5,2.0,8.1,55.9,20.3,42.5
PG023,0.0,40.0,32.0,57.0,11.0,18.2,0.9,23.0,1.6,7.4,28.3,12.6,39.9
PG023,40.0,52.0,89.0,8.0,3.0,18.2,1.1,26.6,2.0,14.4,35.4,13.2,40.6
PG023,52.0,63.0,93.0,5.0,2.0,18.2,1.4,23.5,2.1,7.3,35.5,20.4,36.6
PG023,63.0,90.0,44.0,18.0,38.0,18.2,1.3,23.0,1.8,6.0,40.2,12.9,36.4
PG023,90.0,105.0,5.0,8.0,87.0,18.2,0.8,14.6,2.3,2.9,35.8,5.1,43.6
PG023,105.0,130.0,2.0,5.0,93.0,18.2,1.2,27.7,1.7,7.6,39.0,12.5,44.3
PG024,0.0,22.0,16.0,35.0,49.0,18.2,1.0,21.5,1.6,10.6,53.6,17.8,40.9
PG024,22.0,42.0,16.0,38.0,46.0,18.2,1.0,23.8,1.8,10.7,48.9,17.8,37.4
PG024,42.0,75.0,16.0,13.0,71.0,18.2,1.2,21.1,1.8,2.9,48.8,17.8,43.6
PG024,75.0,102.0,13.0,14.0,73.0,18.2,1.2,21.5,1.8,8.7,49.0,17.8,40.2
PG024,102.0,145.0,10.0,16.0,74.0,18.2,1.2,18.5,2.1,10.3,43.5,17.8,40.5
PG025,0.0,20.0,33.0,58.0,9.0,18.2,0.8,25.4,2.1,14.0,38.7,17.0,36.0
PG025,20.0,54.0,46.0,38.0,16.0,18.2,1.2,27.0,1.7,9.9,24.0,21.5,29.7
PG025,54.0,82.0,59.0,20.0,21.0,18.2,1.3,29.3,1.6,10.9,50.9,7.0,32.2
PG025,82.0,85.0,46.0,51.0,3.0,18.2,0.8,27.2,2.2,13.4,38.4,15.6,31.3
PG025,85.0,140.0,15.0,84.0,1.0,18.2,0.6,26.8,2.1,7.4,40.1,15.3,29.6
PG026,0.0,21.0,27.0,46.0,27.0,5.0,2.4,12.5,1.9,12.5,49.1,18.9,46.1
PG026,21.0,48.0,11.0,20.0,69.0,4.9,1.9,12.5,1.6,12.8,45.2,16.0,41.0
PG026,48.0,90.0,10.0,26.0,64.0,5.0,2.0,12.0,1.8,12.1,47.6,12.2,39.8
PG026,90.0,130.0,9.0,36.0,55.0,5.3,2.0,12.5,2.1,12.2,47.3,15.5,42.0
PG027,0.0,9.0,22.0,32.0,46.0,35.0,0.5,10.5,2.2,5.9,33.3,20.6,39.7
PG027,9.0,32.0,31.0,27.0,42.0,65.0,1.0,14.9,1.6,6.2,44.6,18.1,40.1
PG027,32.0,70.0,26.6,29.6,43.8,49.9,0.4,18.0,1.7,6.0,22.3,18.9,40.2
PG028,0.0,25.0,5.0,19.0,76.0,5.1,1.2,25.5,2.0,7.0,55.8,11.4,39.2
PG028,25.0,56.0,4.0,18.0,78.0,5.1,1.3,25.4,2.1,7.8,23.3,20.2,46.6
PG028,56.0,95.0,6.0,28.0,66.0,4.6,1.3,25.4,1.6,7.1,28.0,25.0,23.1
PG028,95.0,128.0,9.0,33.0,58.0,4.8,1.3,29.1,2.1,7.0,40.9,21.3,49.1
PG028,128.0,170.0,14.0,34.0,52.0,5.0,1.3,21.9,1.9,7.4,40.9,23.9,39.6
PG028,170.0,200.0,28.0,36.0,36.0,5.0,1.2,24.5,1.9,7.8,55.0,20.9,40.0
PG029,0.0,28.0,6.0,20.0,74.0,18.2,1.4,10.5,1.7,7.1,48.8,11.4,38.3
PG029,28.0,66.0,4.0,19.0,77.0,18.2,1.3,15.9,2.0,3.4,41.6,13.4,40.5
PG029,66.0,108.0,5.0,29.0,66.0,18.2,1.3,16.9,2.2,7.4,48.8,6.8,38.3
PG029,108.0,142.0,9.0,38.0,53.0,18.2,1.4,19.2,1.8,7.3,48.6,27.6,38.4
PG029,142.0,220.0,11.0,44.0,45.0,18.2,1.2,15.8,2.3,11.4,55.3,9.8,35.9
PG030,0.0,15.0,31.0,44.0,25.0,18.2,0.9,24.1,2.4,7.7,36.4,27.7,24.1
PG030,15.0,25.0,55.0,26.0,19.0,18.2,0.9,23.8,2.5,6.9,36.5,8.5,22.8
PG030,25.0,53.0,17.0,15.0,68.0,18.2,0.9,27.1,2.0,7.2,36.6,10.4,24.4
PG030,53.0,101.0,17.0,15.0,68.0,18.2,0.9,24.1,1.7,6.9,36.6,15.4,29.7
PG030,101.0,135.0,21.0,18.0,61.0,18.2,0.9,20.3,2.2,7.6,36.6,15.4,20.1
PG031,0.0,28.0,24.0,29.0,47.0,18.2,0.9,20.5,2.2,9.2,30.9,26.9,34.3
PG031,28.0,44.0,39.0,18.0,43.0,18.2,0.9,17.8,1.6,7.1,40.0,26.9,37.1
PG031,44.0,94.0,16.0,25.0,59.0,18.2,0.9,13.5,2.2,9.4,35.0,27.2,34.6
PG031,94.0,140.0,23.0,20.0,57.0,18.2,0.9,15.1,1.8,3.2,35.6,27.5,26.7
PG031,140.0,170.0,1.0,7.0,92.0,18.2,0.9,24.2,2.4,2.4,35.5,26.9,34.6
PG031,170.0,210.0,1.0,7.0,92.0,18.2,0.9,17.2,1.9,8.8,35.5,27.1,40.1
PH026,0.0,12.0,15.0,16.0,69.0,4.1,1.4,21.6,2.4,9.5,48.8,14.3,49.0
PH026,12.0,30.0,12.0,16.0,72.0,3.9,1.3,20.5,1.7,9.2,40.1,9.8,24.6
PH026,30.0,55.0,12.0,15.0,73.0,4.0,1.3,29.9,1.8,7.7,40.1,25.9,20.3
PH026,55.0,75.0,25.0,8.0,67.0,4.5,1.3,21.6,1.9,8.9,40.4,20.1,28.7
PH026,75.0,100.0,19.0,13.0,68.0,4.3,1.4,10.6,2.1,12.5,40.3,20.2,29.5
PH026,100.0,160.0,16.0,14.0,70.0,4.0,1.4,18.9,2.1,8.8,40.6,29.0,22.5
PH026,160.0,195.0,16.0,14.0,70.0,4.1,1.3,29.4,1.9,3.5,31.5,19.5,28.9
PH027,0.0,15.0,10.0,37.0,53.0,18.7,1.0,24.2,1.8,8.9,34.6,7.1,35.0
PH027,15.0,29.0,11.0,38.0,51.0,18.5,1.4,18.4,1.8,10.2,45.2,6.1,35.0
PH027,29.0,47.0,20.0,30.0,50.0,20.0,1.2,23.4,2.0,11.5,41.3,6.3,35.0
PH027,47.0,69.0,26.0,29.0,45.0,20.0,0.9,29.0,2.1,10.4,41.9,6.4,35.0
PH027,69.0,123.0,35.0,28.0,37.0,15.0,1.1,24.0,2.3,9.2,46.7,6.2,35.0
PH027,123.0,135.0,45.0,38.0,17.0,17.9,1.1,23.3,1.8,12.6,39.5,6.8,35.0
PH028,0.0,8.0,11.0,41.0,48.0,18.2,0.7,21.3,1.7,5.4,45.7,17.8,28.3
PH028,8.0,20.0,17.0,38.0,45.0,18.2,1.5,11.7,1.8,6.3,50.6,17.8,30.6
PH028,20.0,40.0,33.0,42.0,25.0,18.2,1.1,26.1,2.1,9.8,54.7,17.8,30.5
PH028,40.0,70.0,38.0,42.0,20.0,18.2,1.0,21.8,1.9,5.7,50.2,17.8,32.2
PH028,70.0,107.0,46.0,39.0,15.0,18.2,1.0,24.0,2.0,4.0,50.4,17.8,20.2
PH028,107.0,118.0,35.0,44.0,21.0,18.2,1.1,24.8,2.3,4.4,50.4,17.8,39.8
PH029,0.0,18.0,9.0,41.0,50.0,18.2,1.4,14.3,2.2,13.8,38.3,25.9,38.8
PH029,18.0,26.0,9.0,40.0,51.0,18.2,1.6,14.3,1.9,11.8,32.5,20.2,40.4
PH029,26.0,48.0,14.0,37.0,49.0,18.2,1.6,13.7,2.0,8.7,30.5,20.3,41.0
PH029,48.0,64.0,23.0,36.0,41.0,18.2,1.4,14.1,2.0,9.0,23.4,24.6,46.8
PH029,64.0,87.0,47.0,27.0,26.0,18.2,1.2,14.6,1.6,5.1,36.4,11.1,27.6
PH029,87.0,97.0,20.1,36.7,43.1,18.2,1.5,14.2,2.0,2.2,32.5,20.3,49.0
PH030,0.0,15.0,4.0,47.0,49.0,2.1,1.0,10.6,2.1,12.0,31.4,18.0,27.8
PH030,15.0,31.0,4.0,45.0,51.0,1.5,1.6,22.7,2.2,11.9,31.0,7.9,36.8
PH030,31.0,45.0,3.0,42.0,55.0,2.4,1.4,22.5,1.8,9.1,37.1,26.4,36.5
PH030,45.0,64.0,3.0,41.0,56.0,1.8,1.4,27.0,2.0,9.2,25.5,14.5,41.9
PH030,64.0,94.0,1.0,41.0,58.0,2.0,1.4,22.6,1.6,10.3,30.5,17.2,48.0
PH030,94.0,130.0,3.0,41.0,56.0,2.0,1.4,29.4,2.0,10.8,31.5,20.5,30.2
PH031,0.0,10.0,6.0,38.0,56.0,18.2,1.7,21.5,2.2,8.1,40.6,20.3,42.5
PH031,10.0,29.0,6.0,34.0,60.0,18.2,1.8,24.7,2.0,7.4,38.4,19.3,31.1
PH031,29.0,51.0,21.0,31.0,48.0,18.2,1.7,18.6,2.2,7.7,45.3,19.6,24.6
PH031,51.0,82.0,22.0,37.0,41.0,18.2,1.2,21.8,2.2,6.7,44.1,16.7,25.9
PH031,82.0,122.0,9.0,26.0,65.0,18.2,1.8,21.5,1.9,7.4,59.1,19.0,31.5
PH032,0.0,8.0,11.0,42.0,47.0,18.2,2.1,14.9,1.9,12.5,49.1,18.9,28.6
PH032,8.0,19.0,14.0,47.0,39.0,18.2,1.8,24.1,1.8,5.6,44.1,16.8,32.0
PH032,19.0,38.0,14.0,39.0,47.0,18.2,2.0,14.0,2.0,2.9,44.0,17.1,28.3
PH032,38.0,64.0,20.0,39.0,41.0,18.2,1.7,17.8,2.1,4.2,38.3,23.6,28.2
PH032,64.0,86.0,29.0,37.0,34.0,18.2,2.1,18.8,1.9,2.4,43.9,7.0,28.1
PH032,86.0,132.0,33.0,36.0,31.0,18.2,1.6,17.5,1.7,5.3,45.5,16.7,25.1
PH033,0.0,8.0,6.0,50.0,44.0,18.2,2.1,20.4,1.9,10.9,33.9,19.6,24.4
PH033,8.0,27.0,6.0,52.0,42.0,18.2,1.8,19.9,2.1,2.2,34.5,6.1,48.0
PH033,27.0,53.0,4.0,49.0,47.0,18.2,1.7,20.2,2.1,2.1,53.3,14.3,32.5
PH033,53.0,101.0,4.0,47.0,49.0,18.2,1.9,19.9,1.7,5.1,48.1,14.2,24.4
PH033,101.0,140.0,5.0,60.0,35.0,18.2,1.7,20.3,2.1,4.7,47.6,13.6,32.2
PH034,0.0,10.0,23.0,52.0,25.0,18.2,1.6,17.5,1.5,3.9,51.3,24.9,37.8
PH034,10.0,16.0,18.0,53.0,29.0,18.2,1.7,17.5,1.7,3.8,41.0,25.0,29.3
PH034,16.0,41.0,14.0,47.0,39.0,18.2,1.6,17.7,1.9,3.4,41.6,25.5,25.5
PH034,41.0,58.0,15.0,42.0,43.0,18.2,1.9,22.5,1.5,3.7,33.8,25.5,29.1
PH034,58.0,83.0,22.0,39.0,39.0,18.2,1.8,12.7,2.2,3.8,41.4,25.4,29.9
PH034,83.0,122.0,27.0,37.0,36.0,18.2,1.8,17.6,1.8,3.7,39.0,24.6,25.0
PH035,0.0,10.0,15.0,47.0,38.0,18.2,1.6,26.8,1.8,7.7,50.6,23.3,22.6
PH035,10.0,23.0,14.0,52.0,34.0,18.2,1.9,27.6,2.0,10.7,49.0,21.8,22.5
PH035,23.0,38.0,17.0,61.0,22.0,18.2,2.1,27.1,1.5,7.2,52.3,19.0,22.0
PH035,38.0,78.0,14.0,78.0,8.0,18.2,1.3,27.4,2.1,4.8,50.2,19.3,22.2
PH035,78.0,132.0,5.0,81.0,14.0,18.2,1.7,27.3,1.9,7.7,50.9,11.6,21.8
PH036,0.0,10.0,5.0,48.0,47.0,18.2,1.7,12.5,1.8,13.2,27.7,11.8,43.7
PH036,10.0,23.0,6.0,47.0,47.0,18.2,1.8,11.2,2.0,9.6,49.9,10.8,20.0
PH036,23.0,50.0,4.0,49.0,47.0,18.2,1.8,13.0,1.7,11.9,56.2,12.2,31.4
PH036,50.0,70.0,5.0,43.0,52.0,18.2,1.8,14.3,1.8,9.1,49.5,12.4,20.8
PH036,70.0,93.0,5.0,47.0,48.0,18.2,1.8,12.6,1.7,3.6,56.1,13.4,31.3
PH036,93.0,148.0,4.0,61.0,35.0,18.2,1.6,12.7,1.4,9.2,47.6,12.3,41.8
PH037,0.0,10.0,14.0,56.0,30.0,10.0,1.9,11.2,1.6,8.5,42.4,20.6,47.7
PH037,10.0,23.0,17.0,52.0,31.0,10.5,1.8,17.3,2.1,8.5,42.9,23.7,39.1
PH037,23.0,49.0,32.0,44.0,24.0,10.4,1.7,21.7,1.9,8.5,42.5,30.0,28.8
PH037,49.0,72.0,56.0,31.0,13.0,10.3,1.5,14.2,2.2,8.5,38.3,25.9,38.8
PH037,72.0,105.0,29.4,45.7,24.8,10.0,2.0,21.2,2.2,8.5,47.3,18.4,43.7
PH038,0.0,10.0,38.0,34.0,28.0,18.2,1.3,21.3,2.5,11.9,47.1,7.9,34.4
PH038,10.0,31.0,37.0,31.0,32.0,18.2,1.9,25.3,2.2,3.9,49.7,11.1,33.8
PH038,31.0,55.0,37.0,32.0,31.0,18.2,1.7,18.1,2.1,8.6,33.5,15.7,23.8
PH038,55.0,85.0,36.0,37.0,27.0,18.2,1.6,21.6,1.9,10.8,46.9,16.0,37.0
PH038,85.0,117.0,48.0,29.0,23.0,18.2,1.4,20.5,1.7,6.0,56.6,28.5,41.3
PH039,0.0,12.0,10.0,61.0,29.0,18.2,1.9,25.6,2.1,6.6,35.6,21.7,30.4
PH039,12.0,23.0,9.0,63.0,28.0,18.2,1.6,16.8,1.6,6.8,39.0,21.7,37.1
PH039,23.0,40.0,7.0,60.0,33.0,18.2,2.0,16.6,1.6,2.0,46.2,20.0,32.4
PH039,40.0,57.0,2.0,47.0,51.0,18.2,1.8,11.3,1.6,7.2,20.4,21.3,36.5
PH039,57.0,81.0,3.0,41.0,56.0,18.2,2.2,16.7,2.2,6.7,39.3,29.3,48.0
PH039,81.0,119.0,4.0,44.0,52.0,18.2,1.8,12.6,2.2,11.8,53.8,14.5,36.8
PH040,0.0,10.0,39.0,43.0,18.0,1.7,1.5,10.6,2.2,7.7,46.7,20.7,36.0
PH040,10.0,17.0,45.0,37.0,18.0,2.5,1.7,18.4,2.0,3.6,38.1,21.0,36.3
PH040,17.0,56.0,58.0,23.0,19.0,1.6,1.8,21.0,2.1,12.7,30.0,20.5,36.2
PH040,56.0,86.0,61.0,22.0,17.0,2.1,1.4,15.9,1.8,7.9,37.9,21.1,36.6
PH040,86.0,106.0,73.0,16.0,11.0,2.0,2.0,12.7,1.9,8.5,38.1,20.8,35.9
PH041,0.0,9.0,8.0,39.0,53.0,2.3,1.6,10.4,1.7,5.8,40.3,10.0,38.5
PH041,9.0,13.0,11.0,41.0,48.0,1.7,1.7,26.2,2.4,3.4,40.3,14.1,31.1
PH041,13.0,26.0,12.0,42.0,46.0,1.5,1.6,19.9,2.0,8.1,40.6,20.3,42.5
PH041,26.0,48.0,6.0,38.0,56.0,1.8,1.6,25.4,2.0,5.8,41.6,14.1,24.9
PH041,48.0,68.0,4.0,33.0,63.0,1.8,1.2,19.4,2.4,5.7,49.9,10.8,20.0
PH041,68.0,93.0,4.0,32.0,64.0,1.6,1.7,21.0,1.7,6.1,39.9,13.7,31.8
PH041,93.0,105.0,11.0,30.0,59.0,2.2,1.7,19.2,1.6,9.2,39.7,13.8,31.2
PH041,105.0,125.0,28.0,32.0,40.0,2.0,1.2,15.3,2.2,3.3,27.2,13.3,31.9
PH042,0.0,12.0,52.0,35.0,13.0,1.9,1.1,17.3,1.6,10.2,53.6,12.1,33.9
PH042,12.0,21.0,58.0,31.0,11.0,1.0,1.0,12.0,1.6,14.8,53.8,19.7,44.4
PH042,21.0,36.0,82.0,16.0,2.0,3.0,1.1,17.3,2.0,9.4,53.0,16.2,35.6
PH042,36.0,55.0,49.0,33.0,18.0,2.0,1.0,12.2,1.9,7.0,52.7,15.8,34.2
PH042,55.0,87.0,30.0,36.0,34.0,1.4,1.0,17.3,2.2,8.1,53.0,15.8,27.7
PH042,87.0,106.0,46.0,28.0,26.0,1.0,0.6,17.2,1.8,11.4,53.0,15.7,38.2
PH042,106.0,136.0,41.0,29.0,30.0,2.0,1.3,28.8,2.1,7.5,53.2,16.2,22.9
PH043,0.0,10.0,11.0,34.0,55.0,2.7,1.7,18.6,2.1,9.0,23.4,18.8,33.3
PH043,10.0,21.0,12.0,37.0,51.0,3.1,2.1,17.8,2.3,9.2,33.5,22.3,37.0
PH043,21.0,37.0,13.0,36.0,51.0,3.2,1.6,18.6,1.7,8.6,20.6,28.9,34.1
PH043,37.0,75.0,7.0,23.0,70.0,3.2,1.3,18.6,2.1,9.0,38.5,9.9,30.7
PH043,75.0,100.0,9.0,27.0,64.0,2.6,1.8,18.6,2.0,7.6,39.9,17.9,33.6
PH043,100.0,130.0,10.0,28.0,62.0,3.3,1.5,18.2,2.1,9.2,38.8,8.8,31.5
PH043,130.0,147.0,26.0,33.0,41.0,3.0,1.6,18.2,1.6,10.5,42.7,21.8,35.7
PH044,0.0,12.0,18.0,31.0,51.0,2.0,2.2,23.0,1.6,6.5,49.0,16.4,25.0
PH044,12.0,27.0,8.0,36.0,56.0,2.2,1.9,16.0,1.6,6.3,48.7,16.2,28.6
PH044,27.0,42.0,7.0,39.0,54.0,1.6,2.0,19.1,1.4,2.5,35.9,29.2,30.1
PH044,42.0,66.0,9.0,45.0,46.0,2.0,1.8,19.7,2.3,6.2,48.7,7.1,30.1
PH044,66.0,91.0,14.0,50.0,36.0,2.0,1.7,19.5,1.9,4.5,55.9,19.4,36.7
PH044,91.0,146.0,20.0,51.0,29.0,2.0,1.6,19.7,1.7,11.4,54.8,8.8,30.2
PH044,146.0,193.0,13.0,43.0,44.0,1.0,1.5,19.0,1.7,5.8,48.9,16.6,30.6
PH045,0.0,16.0,13.0,32.0,55.0,1.0,1.1,12.7,1.9,14.5,34.9,20.8,35.0
PH045,16.0,29.0,33.0,40.0,27.0,1.4,1.2,19.4,1.9,13.7,46.7,16.7,35.0
PH045,29.0,50.0,35.0,35.0,30.0,1.2,1.0,23.8,1.8,13.7,29.2,16.1,35.0
PH045,50.0,89.0,18.0,38.0,44.0,0.6,1.4,17.3,1.9,13.4,44.6,18.8,35.0
PH045,89.0,123.0,13.0,44.0,43.0,1.4,1.6,22.7,1.7,12.4,34.8,9.6,35.0
PH045,123.0,165.0,14.0,49.0,37.0,1.0,1.6,19.6,1.5,13.9,20.3,15.9,35.0
PH046,0.0,20.0,34.0,40.0,26.0,0.8,1.2,25.5,2.2,6.3,28.0,18.5,35.8
PH046,20.0,63.0,15.0,61.0,24.0,1.5,1.4,29.1,2.1,13.3,44.9,21.3,49.1
PH046,63.0,91.0,33.0,49.0,18.0,1.0,1.2,22.3,2.0,6.7,44.1,16.7,25.9
PH046,91.0,119.0,31.0,43.0,26.0,0.7,1.8,26.3,1.8,8.6,56.5,18.8,20.9
PH046,119.0,142.0,28.0,44.0,28.0,1.0,1.4,26.2,1.9,8.4,49.1,19.0,32.7
PH047,0.0,13.0,25.0,46.0,29.0,18.2,1.2,25.0,2.2,7.5,50.4,11.5,29.6
PH047,13.0,25.0,29.0,45.0,26.0,18.2,1.7,25.7,1.9,9.5,41.6,17.8,34.0
PH047,25.0,45.0,22.0,49.0,29.0,18.2,1.6,25.3,2.1,7.2,48.3,18.7,28.6
PH047,45.0,65.0,19.0,53.0,28.0,18.2,1.6,23.8,1.7,6.9,42.0,26.4,20.5
PH047,65.0,125.0,42.0,40.0,18.0,18.2,1.5,24.9,1.9,7.7,22.8,16.7,32.4
PH047,125.0,144.0,42.0,42.0,16.0,18.2,1.5,26.9,2.2,2.0,46.2,18.2,29.2
PH048,0.0,13.0,60.0,35.0,5.0,8.2,0.8,27.4,2.2,5.8,41.4,18.2,48.0
PH048,13.0,22.0,61.0,34.0,5.0,8.0,1.4,23.6,1.9,6.6,41.7,18.5,23.1
PH048,22.0,33.0,63.0,33.0,4.0,8.2,1.4,24.0,2.3,4.2,41.8,18.8,37.4
PH048,33.0,40.0,61.0,36.0,3.0,8.3,1.2,23.8,1.6,6.3,34.9,25.4,31.9
PH048,40.0,57.0,82.0,16.0,2.0,8.0,1.3,14.0,1.5,2.9,39.2,17.1,38.5
PH048,57.0,71.0,76.0,21.0,3.0,8.5,1.3,25.2,1.9,6.6,41.3,18.3,44.6
PH048,71.0,124.0,81.0,18.0,1.0,8.4,1.3,29.3,1.8,7.8,40.4,18.4,43.2
PH048,124.0,154.0,53.0,40.0,7.0,8.2,1.3,23.7,1.7,10.0,52.0,12.7,35.7
PH049,0.0,15.0,48.0,40.0,12.0,18.2,1.4,23.2,1.8,7.0,47.9,20.7,31.6
PH049,15.0,52.0,51.0,32.0,17.0,18.2,1.8,18.6,2.1,3.3,48.4,20.6,28.2
PH049,52.0,66.0,60.0,26.0,14.0,18.2,1.8,10.0,2.1,8.0,48.3,19.9,31.6
PH049,66.0,102.0,73.0,15.0,12.0,18.2,1.9,11.2,2.2,9.0,48.2,10.8,31.8
PH049,102.0,131.0,40.0,42.0,18.0,18.2,1.7,29.2,2.1,13.6,48.3,29.6,32.1
PH049,131.0,141.0,38.0,43.0,19.0,18.2,1.7,18.3,1.8,8.3,47.8,19.9,35.4
PH050,0.0,20.0,25.0,31.0,44.0,18.2,1.5,24.3,1.8,7.9,31.5,6.4,33.7
PH050,20.0,36.0,23.0,24.0,53.0,18.2,1.8,17.2,2.2,8.4,28.1,15.0,35.0
PH050,36.0,83.0,25.0,22.0,53.0,18.2,1.9,24.9,2.1,8.2,28.0,25.0,23.1
PH050,83.0,111.0,24.0,25.0,51.0,18.2,2.0,24.0,2.0,8.9,25.7,25.8,33.7
PH050,111.0,152.0,17.0,30.0,53.0,18.2,1.4,29.3,2.0,8.2,28.2,17.6,42.7
PH051,0.0,10.0,1.0,35.0,64.0,18.2,1.3,25.0,1.6,11.6,50.4,10.4,30.5
PH051,10.0,34.0,2.0,34.0,64.0,18.2,1.7,26.8,1.7,11.4,55.1,8.3,46.0
PH051,34.0,69.0,3.0,37.0,60.0,18.2,1.8,21.8,2.0,11.6,36.1,12.2,20.9
PH051,69.0,104.0,5.0,43.0,52.0,18.2,1.8,12.4,2.1,11.9,50.3,10.7,23.7
PH051,104.0,151.0,4.0,44.0,52.0,18.2,1.7,21.1,1.7,12.1,58.5,9.9,30.3
PH051,151.0,172.0,2.0,39.0,59.0,18.2,1.4,21.3,2.0,11.3,49.5,10.7,30.5
PH052,0.0,21.0,65.0,31.0,4.0,18.2,1.1,20.2,1.6,6.0,36.0,17.9,35.6
PH052,21.0,29.0,58.0,38.0,4.0,18.2,1.3,20.8,1.9,8.4,54.9,17.0,40.7
PH052,29.0,56.0,91.0,10.0,2.6,18.2,1.6,13.7,2.0,6.1,34.5,12.3,47.5
PH052,56.0,72.0,78.0,21.0,1.0,18.2,1.1,18.7,1.6,6.2,21.7,17.0,40.5
PH052,72.0,102.0,81.0,18.0,1.0,18.2,1.3,18.6,1.8,4.3,25.7,21.1,39.6
PH052,102.0,144.0,77.0,22.0,1.0,18.2,1.3,20.2,1.7,6.7,30.8,17.3,41.0
PH053,0.0,20.0,63.0,26.0,11.0,18.2,1.8,18.8,2.4,4.2,42.4,14.9,43.7
PH053,20.0,38.0,51.0,23.0,26.0,18.2,1.5,20.2,2.1,11.6,36.0,17.9,35.6
PH053,38.0,58.0,63.0,19.0,18.0,18.2,1.9,28.8,1.7,8.7,60.0,11.8,38.9
PH053,58.0,89.0,67.0,20.0,13.0,18.2,1.7,13.2,2.3,9.3,42.6,18.3,35.3
PH053,89.0,150.0,73.0,20.0,7.0,18.2,1.6,14.3,1.9,11.4,30.8,15.7,38.8
PH054,0.0,18.0,64.0,30.0,6.0,18.2,1.0,26.4,1.9,14.3,47.3,24.8,26.1
PH054,18.0,36.0,63.0,32.0,5.0,18.2,1.2,19.9,1.9,7.3,47.0,24.7,25.9
PH054,36.0,54.0,73.0,23.0,4.0,18.2,1.3,19.9,1.8,6.6,47.4,25.4,30.3
PH054,54.0,75.0,89.0,10.0,1.0,18.2,0.9,20.7,1.9,9.5,59.5,25.1,25.5
PH054,75.0,107.0,93.0,8.0,2.3,18.2,1.1,19.3,1.9,9.2,47.2,26.4,29.4
PH054,107.0,119.0,89.0,10.0,1.0,18.2,1.1,18.9,2.1,9.4,47.2,29.0,26.1
PH054,119.0,143.0,87.0,12.0,1.0,18.2,1.0,19.9,1.7,6.2,38.0,25.2,26.2
PH054,143.0,158.0,95.0,4.0,1.0,18.2,1.1,16.6,1.6,13.0,43.7,19.5,20.1
PH055,0.0,17.0,53.0,25.0,22.0,18.2,1.8,19.6,2.1,11.5,47.6,24.9,41.2
PH055,17.0,31.0,54.0,24.0,22.0,18.2,1.7,14.4,1.6,8.8,46.6,25.4,43.7
PH055,31.0,61.0,35.0,13.0,52.0,18.2,1.9,13.0,1.9,8.2,51.8,28.5,41.4
PH055,61.0,93.0,28.0,20.0,52.0,18.2,1.0,14.1,2.0,9.1,56.8,21.8,49.7
PH055,93.0,121.0,26.0,26.0,48.0,18.2,1.1,10.5,2.0,10.9,39.2,25.2,31.2
PH055,121.0,146.0,59.0,18.0,23.0,18.2,1.4,14.7,1.9,6.4,37.6,25.3,41.4
PH056,0.0,23.0,22.0,45.0,33.0,18.2,1.7,12.7,2.1,14.2,40.5,30.3,34.0
PH056,23.0,63.0,30.0,37.0,33.0,18.2,1.9,12.2,1.6,14.0,40.5,29.5,45.4
PH056,63.0,94.0,52.0,24.0,24.0,18.2,1.6,10.4,2.1,14.0,40.5,29.5,28.2
PH056,94.0,140.0,47.0,31.0,22.0,18.2,1.6,12.8,2.5,14.1,40.5,30.0,33.6
PH056,140.0,179.0,23.0,41.0,36.0,18.2,1.7,15.0,1.9,14.4,40.5,29.8,27.7
PH057,0.0,24.0,13.0,30.0,57.0,18.2,1.8,21.9,1.8,6.8,55.3,27.8,30.2
PH057,24.0,43.0,10.0,20.0,70.0,18.2,2.1,21.8,1.7,4.4,56.0,12.2,39.8
PH057,43.0,73.0,37.0,25.0,38.0,18.2,1.9,19.3,2.4,14.2,51.1,26.4,29.4
PH057,73.0,121.0,54.0,22.0,24.0,18.2,1.3,21.9,2.2,9.4,59.7,22.6,30.7
PH057,121.0,139.0,59.0,20.0,21.0,18.2,2.2,25.2,2.2,10.8,55.7,25.4,22.3
PH058,0.0,16.0,55.0,33.0,12.0,18.2,1.5,26.3,1.8,10.7,41.2,13.4,36.5
PH058,16.0,34.0,32.0,48.0,20.0,18.2,1.6,10.6,1.7,10.8,59.6,5.8,34.2
PH058,34.0,42.0,42.0,41.0,17.0,18.2,1.2,15.4,2.0,13.1,41.4,10.6,46.2
PH058,42.0,66.0,25.0,52.0,23.0,18.2,1.5,21.5,1.7,10.7,31.9,29.4,38.0
PH058,66.0,97.0,17.0,50.0,33.0,18.2,1.6,18.4,1.6,6.6,43.9,6.1,30.7
PH058,97.0,150.0,19.0,44.0,37.0,18.2,1.7,26.5,1.9,13.6,43.7,13.1,34.5
PH059,0.0,12.0,11.0,41.0,48.0,18.2,1.5,22.2,2.0,4.7,20.9,14.8,37.0
PH059,12.0,29.0,13.0,43.0,44.0,18.2,1.7,22.1,1.9,9.4,34.8,14.5,23.3
PH059,29.0,52.0,12.0,46.0,42.0,18.2,1.7,22.0,2.2,13.8,35.0,15.0,30.7
PH059,52.0,80.0,11.0,46.0,43.0,18.2,1.8,26.6,1.6,9.5,34.8,13.2,30.5
PH059,80.0,103.0,15.0,46.0,39.0,18.2,1.7,24.1,2.1,9.7,52.0,13.5,32.0
PH059,103.0,134.0,13.0,49.0,38.0,18.2,1.6,14.3,2.0,9.2,31.8,13.4,30.4
PH059,134.0,150.0,9.0,50.0,41.0,18.2,2.1,21.5,1.9,8.8,34.8,18.4,31.0
PH060,0.0,18.0,16.0,46.0,38.0,18.2,1.7,24.5,1.9,10.8,48.9,9.2,41.9
PH060,18.0,34.0,15.0,46.0,39.0,18.2,1.8,24.9,1.7,11.4,54.8,15.8,47.3
PH060,34.0,49.0,12.0,44.0,44.0,18.2,1.8,26.6,1.7,8.8,49.5,15.9,49.3
PH060,49.0,78.0,15.0,45.0,40.0,18.2,1.8,24.1,2.0,3.4,49.3,16.3,40.5
PH060,78.0,133.0,20.0,42.0,38.0,18.2,1.8,24.1,1.5,8.4,43.9,16.3,22.1
PH060,133.0,150.0,28.0,39.0,33.0,18.2,1.7,22.5,1.9,6.9,49.2,22.4,49.6
PH061,0.0,10.0,18.0,50.0,32.0,18.2,1.4,16.6,1.5,5.1,35.1,6.7,23.5
PH061,10.0,28.0,23.0,50.0,27.0,18.2,1.4,10.4,1.5,3.3,35.2,6.8,28.2
PH061,28.0,48.0,28.0,52.0,20.0,18.2,1.5,19.1,1.5,7.8,35.1,6.3,21.4
PH061,48.0,67.0,24.0,60.0,16.0,18.2,1.7,16.5,1.5,5.4,35.3,7.0,21.5
PH061,67.0,110.0,32.0,57.0,11.0,18.2,1.9,19.3,1.5,5.9,35.3,6.6,23.8
PH062,0.0,11.0,37.0,23.0,40.0,18.2,1.5,27.2,1.9,8.2,58.5,8.2,39.5
PH062,11.0,28.0,27.0,18.0,55.0,18.2,1.4,26.9,1.9,5.6,38.6,28.4,39.2
PH062,28.0,58.0,13.0,9.0,78.0,18.2,1.4,27.4,1.9,8.5,39.9,16.3,40.1
PH062,58.0,83.0,10.0,9.0,81.0,18.2,1.4,27.0,1.8,7.0,40.0,20.4,46.3
PH062,83.0,125.0,9.0,10.0,81.0,18.2,1.3,27.4,1.8,12.4,23.2,25.1,40.2
PH062,125.0,200.0,6.0,11.0,83.0,18.2,1.4,27.3,1.9,8.6,41.5,22.7,33.8
PH063,0.0,7.0,22.0,61.0,17.0,18.2,1.5,11.9,1.9,7.0,52.7,29.9,34.6
PH063,7.0,18.0,24.0,61.0,15.0,18.2,1.4,12.1,2.5,8.7,44.1,17.9,34.5
PH063,18.0,33.0,6.0,65.0,29.0,18.2,1.6,12.6,2.2,11.5,51.8,17.5,44.2
PH063,33.0,56.0,3.0,61.0,36.0,18.2,1.5,12.4,1.9,9.2,57.1,18.3,34.4
PH063,56.0,88.0,5.0,61.0,34.0,18.2,1.5,12.4,2.4,6.6,52.4,6.0,25.1
PH063,88.0,108.0,6.0,59.0,35.0,18.2,1.5,12.4,2.4,14.5,54.4,18.1,34.4
PH064,0.0,12.0,24.0,34.0,42.0,18.2,1.4,10.2,2.2,2.1,49.7,23.4,35.8
PH064,12.0,32.0,28.0,36.0,36.0,18.2,1.4,17.6,1.5,3.3,27.2,23.2,34.6
PH064,32.0,53.0,26.0,26.0,48.0,18.2,1.3,18.3,1.9,3.0,44.9,22.1,35.3
PH064,53.0,91.0,27.0,24.0,49.0,18.2,1.2,17.0,2.0,2.8,59.4,23.3,35.6
PH064,91.0,118.0,45.0,22.0,33.0,18.2,1.2,26.9,2.2,2.9,39.0,24.6,25.0
PH064,118.0,136.0,44.0,23.0,33.0,18.2,1.1,13.7,2.1,3.0,34.5,23.4,47.5
PH065,0.0,7.0,20.0,29.0,51.0,18.2,1.3,19.7,2.0,8.3,49.9,8.2,31.7
PH065,7.0,26.0,19.8,28.7,51.2,18.2,1.1,19.3,2.1,6.7,47.3,19.1,33.9
PH065,26.0,38.0,20.3,29.1,50.5,18.2,0.8,24.1,2.2,5.6,49.9,19.0,32.0
PH065,38.0,56.0,20.0,28.7,51.4,18.2,1.0,19.2,1.8,3.8,54.7,19.1,38.4
PH065,56.0,90.0,20.2,28.6,51.2,18.2,0.7,19.5,1.6,7.2,50.7,25.5,33.6
PH065,90.0,112.0,20.1,29.1,50.8,18.2,0.7,19.9,1.6,7.1,50.0,18.5,34.2
PH065,112.0,131.0,19.7,29.2,51.3,18.2,0.6,14.1,2.2,9.2,48.7,25.8,33.3
PH066,0.0,14.0,34.0,26.0,40.0,5.0,1.4,26.2,1.5,9.7,36.7,19.5,31.7
PH066,14.0,30.0,19.0,32.0,49.0,10.0,1.3,28.3,2.0,12.6,47.8,7.5,35.0
PH066,30.0,70.0,20.0,33.0,47.0,1.0,1.3,25.9,2.0,9.6,25.7,25.8,35.1
PH066,70.0,90.0,19.0,37.0,44.0,5.3,1.3,18.6,1.8,9.8,44.1,19.4,24.6
PH066,90.0,107.0,14.0,41.0,45.0,5.7,1.4,27.2,1.4,6.6,54.3,19.2,39.1
PH066,107.0,137.0,18.0,42.0,40.0,5.4,1.4,28.9,1.8,13.2,27.7,19.9,43.7
PH066,137.0,190.0,2.0,21.0,77.0,5.6,1.8,25.6,1.8,7.8,20.5,26.7,34.4
PH067,0.0,5.0,27.0,33.0,40.0,18.2,1.4,14.8,1.5,5.4,37.1,18.3,31.2
PH067,5.0,20.0,30.0,33.0,37.0,18.2,1.4,23.0,1.7,4.9,51.9,26.9,25.0
PH067,20.0,33.0,25.0,31.0,44.0,18.2,1.4,10.9,2.0,4.7,39.9,18.3,44.2
PH067,33.0,87.0,29.0,27.0,44.0,18.2,1.3,14.7,1.8,4.5,43.2,10.3,25.6
PH067,87.0,120.0,25.0,28.0,47.0,18.2,1.3,14.6,1.8,7.2,42.9,18.6,31.6
PH067,120.0,150.0,28.0,26.0,46.0,18.2,1.1,10.2,1.8,2.6,42.7,18.8,31.9
PK001,0.0,15.0,20.0,49.0,31.0,18.2,0.9,16.8,1.7,3.1,53.2,24.8,28.8
PK001,15.0,35.0,18.0,40.0,42.0,18.2,0.9,16.8,1.8,5.9,54.0,27.2,28.4
PK001,35.0,97.0,15.0,50.0,35.0,18.2,0.9,21.9,1.6,6.3,53.8,27.1,31.9
PK001,97.0,137.0,11.0,52.0,37.0,18.2,0.9,11.3,1.6,9.7,53.7,27.3,24.9
PK001,137.0,152.0,15.6,48.1,36.0,18.2,0.9,16.4,1.7,6.0,53.6,30.0,28.3
PK002,0.0,15.0,47.0,35.0,18.0,18.2,0.9,14.9,1.9,12.5,49.1,17.0,37.4
PK002,15.0,46.0,7.0,67.0,26.0,18.2,0.9,28.2,1.4,12.5,40.5,23.2,21.9
PK002,46.0,69.0,2.0,71.0,27.0,18.2,0.9,21.1,1.8,2.1,43.0,16.1,46.2
PK002,69.0,80.0,4.0,69.0,27.0,18.2,0.9,20.8,2.0,10.9,38.1,12.1,49.9
PK002,80.0,94.0,3.0,66.0,31.0,18.2,0.9,29.1,1.8,9.1,43.8,16.3,21.3
PK002,94.0,137.0,9.0,62.0,29.0,18.2,0.9,19.7,1.8,9.4,43.2,6.3,36.9
PK002,137.0,140.0,12.4,62.0,26.7,18.2,0.9,12.2,1.8,9.7,43.2,24.5,46.1
PK003,0.0,10.0,13.0,67.0,20.0,18.2,1.4,24.2,1.8,4.0,58.0,16.5,43.5
PK003,10.0,29.0,11.0,68.0,21.0,18.2,1.5,23.3,1.9,14.8,37.7,15.2,44.4
PK003,29.0,66.0,7.0,70.0,23.0,18.2,0.9,23.8,2.2,6.9,37.7,25.9,38.8
PK003,66.0,84.0,39.0,55.0,6.0,18.2,1.8,26.2,2.0,4.7,20.9,15.8,43.0
PK003,84.0,110.0,14.0,80.0,6.0,18.2,1.4,21.6,2.2,5.3,25.2,15.5,43.1
PK003,110.0,118.0,5.0,74.0,21.0,18.2,1.2,24.0,1.8,6.0,37.5,13.9,43.0
PK003,118.0,133.0,19.0,76.0,5.0,18.2,1.1,23.5,1.9,6.1,33.7,15.2,46.7
PK003,133.0,141.0,3.0,85.0,12.0,18.2,1.8,20.6,2.2,6.3,37.6,14.2,43.2
PK003,141.0,160.0,29.0,67.0,4.0,18.2,1.8,26.6,2.2,3.4,49.9,6.8,43.1
PK004,0.0,10.0,6.0,49.0,45.0,18.2,1.5,19.5,1.9,2.3,37.2,28.3,34.1
PK004,10.0,21.0,2.0,42.0,56.0,18.2,1.4,19.8,1.6,7.1,36.4,6.7,39.8
PK004,21.0,47.0,3.0,50.0,47.0,18.2,1.5,20.1,1.7,4.9,36.5,24.2,43.9
PK004,47.0,67.0,2.0,57.0,41.0,18.2,1.5,21.9,1.6,7.2,51.8,29.6,44.6
PK004,67.0,82.0,2.0,58.0,40.0,18.2,1.6,20.0,2.0,10.8,36.3,24.0,30.2
PK004,82.0,94.0,11.0,68.0,21.0,18.2,1.7,19.4,1.8,6.9,36.9,23.8,24.6
PK004,94.0,118.0,9.0,73.0,18.0,18.2,1.5,28.6,1.4,5.8,36.3,27.9,21.5
PK004,118.0,147.0,5.0,83.0,12.0,18.2,1.5,16.8,1.7,11.1,21.7,27.2,34.6
PK004,147.0,165.0,20.0,68.0,12.0,18.2,1.5,11.7,1.8,6.6,36.8,25.2,33.7
PK005,0.0,10.0,10.0,71.0,19.0,18.2,2.0,19.7,1.5,11.7,41.0,18.7,24.8
PK005,10.0,19.0,5.1,64.0,36.0,18.2,1.6,11.7,1.6,9.6,39.8,14.1,38.8
PK005,19.0,50.0,5.8,65.0,36.0,18.2,1.8,26.4,2.3,6.5,41.4,22.4,32.5
PK005,50.0,80.0,6.0,57.0,44.0,18.2,1.6,13.5,1.7,6.8,41.0,14.4,40.0
PK005,80.0,110.0,5.8,57.0,44.0,18.2,1.9,19.2,2.1,3.7,39.0,14.5,25.0
PK005,110.0,125.0,5.7,70.0,31.0,18.2,1.4,28.1,1.8,2.9,41.3,9.7,32.2
PK005,125.0,175.0,1.0,84.0,15.0,18.2,1.4,18.4,2.1,7.3,45.2,6.1,31.8
PK006,0.0,17.0,9.0,76.0,15.0,18.2,1.5,16.0,1.8,6.5,40.2,18.1,36.4
PK006,17.0,26.0,33.0,63.0,4.0,18.2,1.2,17.3,1.7,4.0,25.7,27.5,33.2
PK006,26.0,60.0,27.0,70.0,3.0,18.2,1.4,10.4,2.3,7.5,50.4,18.2,33.4
PK006,60.0,67.0,3.0,84.0,13.0,18.2,1.1,25.7,2.1,10.7,39.7,22.8,39.1
PK006,67.0,92.0,33.0,63.0,4.0,18.2,1.3,24.7,2.0,4.2,50.3,17.4,25.3
PK006,92.0,102.0,1.0,82.0,17.0,18.2,1.4,11.9,1.4,10.8,20.9,18.2,33.1
PK006,102.0,132.0,1.0,87.0,12.0,18.2,1.4,11.1,2.0,6.4,21.9,13.5,33.3
PK006,132.0,163.0,15.4,74.0,26.0,18.2,1.0,20.7,1.8,2.4,52.9,18.3,33.6
PK006,163.0,184.0,15.7,67.0,34.0,18.2,1.5,16.7,1.6,6.8,59.1,7.3,33.4
PK007,0.0,17.0,20.0,64.0,16.0,18.2,2.0,25.8,2.0,6.7,41.8,27.1,25.3
PK007,17.0,40.0,20.0,60.0,20.0,18.2,1.6,26.5,1.9,7.7,57.8,27.0,39.7
PK007,40.0,65.0,22.0,55.0,23.0,18.2,1.6,26.3,2.0,13.6,44.9,27.2,39.9
PK007,65.0,94.0,21.0,56.0,23.0,18.2,1.7,28.8,1.8,8.2,36.7,27.4,43.4
PK007,94.0,122.0,20.0,59.0,21.0,18.2,1.6,27.4,2.1,7.5,32.6,27.8,37.8
PK007,122.0,150.0,9.0,67.0,24.0,18.2,1.7,25.3,2.4,4.2,53.6,29.0,49.8
PK007,150.0,170.0,14.0,62.0,24.0,18.2,1.8,18.3,1.7,8.2,41.6,26.3,41.1
PK007,170.0,185.0,28.0,60.0,12.0,18.2,1.8,29.6,1.4,7.8,23.2,25.1,39.8
PK007,185.0,202.0,46.0,48.0,6.0,18.2,1.5,25.6,1.8,8.8,41.9,29.0,39.0
PK008,0.0,12.0,8.0,46.0,46.0,18.2,2.1,12.3,1.7,8.2,41.7,15.0,31.8
PK008,12.0,26.0,4.0,41.0,55.0,18.2,1.5,13.2,2.0,4.1,27.4,20.9,21.7
PK008,26.0,76.0,4.0,41.0,55.0,18.2,1.8,10.9,1.5,7.0,42.2,20.5,31.2
PK008,76.0,112.0,6.0,47.0,47.0,18.2,1.7,12.5,1.7,8.7,59.4,20.3,39.8
PK008,112.0,134.0,12.0,53.0,35.0,18.2,1.8,10.9,1.8,6.9,24.3,20.5,32.1
PK008,134.0,152.0,30.0,48.0,22.0,18.2,2.0,15.0,2.1,13.5,44.7,29.1,27.2
PK008,152.0,170.0,43.0,33.0,24.0,18.2,1.4,11.5,1.8,11.6,36.1,12.2,20.9
PK008,170.0,184.0,24.0,49.0,27.0,18.2,1.7,15.3,1.7,8.6,58.4,26.3,48.6
PK009,0.0,12.0,38.0,50.0,12.0,18.2,1.6,30.0,2.2,12.0,35.4,14.3,41.5
PK009,12.0,26.0,35.0,50.0,15.0,18.2,1.6,11.3,2.5,11.9,20.4,7.9,34.9
PK009,26.0,50.0,33.0,50.0,17.0,18.2,1.3,13.7,1.7,12.5,27.7,12.7,35.7
PK009,50.0,100.0,26.0,55.0,19.0,18.2,1.6,20.2,2.2,12.1,28.0,17.9,33.8
PK009,100.0,140.0,21.0,60.0,19.0,18.2,1.2,15.0,2.2,12.0,24.2,18.4,23.9
PK009,140.0,185.0,21.0,67.0,12.0,18.2,1.5,18.3,2.2,12.9,31.2,16.8,34.1
PK010,0.0,12.0,65.0,28.0,7.0,18.2,1.1,24.3,1.8,11.5,56.8,11.5,38.1
PK010,12.0,24.0,63.0,28.0,9.0,18.2,1.5,21.1,1.6,13.7,44.3,6.8,38.2
PK010,24.0,52.0,61.0,28.0,11.0,18.2,1.5,26.6,2.1,7.2,29.4,11.5,25.8
PK010,52.0,92.0,59.0,30.0,11.0,18.2,1.5,24.8,1.6,9.4,44.4,18.6,38.3
PK010,92.0,132.0,55.0,34.0,11.0,18.2,1.6,26.6,1.3,8.8,45.0,12.0,49.3
PK010,132.0,160.0,47.0,43.0,10.0,18.2,1.4,24.6,1.7,6.4,41.9,8.4,34.7
PK010,160.0,195.0,45.0,48.0,7.0,18.2,1.1,24.2,1.8,14.7,39.6,6.3,36.9
PK010,195.0,215.0,76.0,20.0,4.0,18.2,1.6,24.5,1.6,4.7,55.1,19.0,45.7
PK011,0.0,13.0,20.0,66.0,14.0,18.2,1.3,28.4,1.4,11.1,38.3,13.7,35.9
PK011,13.0,28.0,18.0,66.0,16.0,18.2,1.5,12.1,1.7,8.7,38.3,13.7,37.9
PK011,28.0,58.0,13.0,68.0,19.0,18.2,1.4,26.6,1.6,14.4,38.5,13.2,35.9
PK011,58.0,90.0,13.0,70.0,17.0,18.2,1.4,18.5,1.7,12.7,37.6,13.9,38.6
PK011,90.0,110.0,11.0,75.0,14.0,18.2,1.4,22.4,1.5,3.4,38.2,14.5,41.1
PK011,110.0,145.0,9.0,80.0,11.0,18.2,1.0,19.9,1.4,11.0,32.6,13.8,30.4
PK011,145.0,188.0,7.0,84.0,9.0,18.2,1.4,29.5,1.9,14.9,22.8,14.3,38.1
PK011,188.0,205.0,12.0,74.0,14.0,18.2,1.1,20.5,1.3,10.9,58.8,13.7,47.7
PK012,0.0,16.0,12.0,72.0,16.0,18.2,1.5,19.7,1.7,15.0,41.4,26.3,48.6
PK012,16.0,35.0,14.0,69.0,17.0,18.2,1.6,19.9,1.8,2.2,41.4,6.1,48.0
PK012,35.0,56.0,17.0,62.0,21.0,18.2,1.7,21.0,1.7,8.5,38.6,18.4,21.6
PK012,56.0,94.0,15.0,64.0,21.0,18.2,1.6,22.3,2.2,8.2,44.1,16.7,40.0
PK012,94.0,130.0,16.0,65.0,19.0,18.2,1.5,19.2,1.9,12.5,41.2,16.3,39.2
PK012,130.0,177.0,15.0,68.0,17.0,18.2,1.4,19.0,1.6,9.1,40.9,13.2,40.3
PK012,177.0,195.0,4.0,73.0,23.0,18.2,1.9,14.6,1.8,2.9,41.0,16.5,39.8
PK013,0.0,10.0,80.0,12.0,8.0,18.2,1.3,29.9,2.3,8.2,22.9,12.3,33.1
PK013,10.0,33.0,74.0,15.0,11.0,18.2,1.7,21.0,1.7,11.4,37.2,11.8,43.6
PK013,33.0,63.0,73.0,18.0,9.0,18.2,1.6,10.6,1.5,10.1,50.0,25.7,33.0
PK013,63.0,91.0,73.0,18.0,9.0,18.2,1.6,26.6,1.8,8.8,48.7,22.7,32.9
PK013,91.0,120.0,73.0,19.0,8.0,18.2,1.5,21.6,2.2,13.0,27.1,21.9,32.9
PK013,120.0,146.0,72.0,21.0,7.0,18.2,1.6,25.4,2.3,10.7,37.5,18.9,24.9
PK013,146.0,173.0,78.0,17.0,5.0,18.2,2.0,14.1,2.2,10.5,38.1,25.8,33.3
PK013,173.0,195.0,85.0,13.0,2.0,18.2,1.9,21.5,2.0,10.0,39.2,11.6,31.2
PK014,0.0,10.0,27.0,55.0,18.0,18.2,1.6,19.7,2.1,6.6,58.4,26.3,48.6
PK014,10.0,34.0,23.0,54.0,23.0,18.2,1.5,19.6,2.1,6.4,44.1,15.6,39.5
PK014,34.0,66.0,20.0,50.0,30.0,18.2,1.7,20.2,2.2,6.4,44.2,16.6,39.8
PK014,66.0,96.0,16.0,52.0,32.0,18.2,1.5,19.7,2.0,6.4,44.0,16.4,38.8
PK014,96.0,130.0,21.0,52.0,27.0,18.2,1.7,18.7,1.8,6.5,44.9,16.9,38.3
PK014,130.0,156.0,22.0,55.0,23.0,18.2,1.8,21.0,1.7,5.0,38.6,18.4,21.6
PK014,156.0,280.0,25.0,57.0,18.0,18.2,1.6,19.9,2.2,8.9,34.6,7.1,42.4
PK015,0.0,13.0,55.0,34.0,11.0,18.2,1.9,23.0,1.9,8.2,36.7,22.2,27.5
PK015,13.0,25.0,56.0,33.0,11.0,18.2,1.7,22.3,1.7,7.5,37.4,17.3,28.2
PK015,25.0,45.0,45.0,38.0,17.0,18.2,1.6,22.3,1.8,11.4,48.1,14.2,27.5
PK015,45.0,85.0,41.0,41.0,18.0,18.2,1.3,25.3,2.1,3.9,36.9,17.1,28.1
PK015,85.0,123.0,37.0,44.0,19.0,18.2,1.6,22.3,1.8,8.2,39.2,7.5,27.6
PK015,123.0,148.0,38.0,44.0,18.0,18.2,1.3,22.4,2.0,9.2,36.4,17.5,28.3
PK015,148.0,166.0,38.0,45.0,17.0,18.2,1.3,19.8,2.0,8.1,36.4,24.7,27.8
PK015,166.0,180.0,38.0,48.0,14.0,18.2,1.8,22.6,1.6,9.1,21.2,17.3,28.2
PK016,0.0,1.0,37.0,53.0,10.0,18.2,2.1,22.1,1.8,8.9,27.5,22.4,37.4
PK016,1.0,9.0,34.0,52.0,14.0,18.2,1.9,25.2,2.2,8.6,39.2,15.6,42.1
PK016,9.0,30.0,35.0,48.0,17.0,18.2,1.8,29.9,1.7,5.8,23.5,21.4,34.3
PK016,30.0,60.0,29.0,53.0,18.0,18.2,1.7,28.9,1.8,8.9,37.1,26.4,23.1
PK016,60.0,100.0,46.0,40.0,14.0,18.2,1.6,22.6,1.9,9.5,48.8,14.3,34.4
PK016,100.0,154.0,54.0,33.0,13.0,18.2,1.5,13.3,2.0,7.4,45.6,21.0,33.9
PK016,154.0,178.0,64.0,28.0,8.0,18.2,1.6,14.8,1.8,8.4,36.8,29.9,34.7
PK016,178.0,200.0,74.0,21.0,5.0,18.2,1.7,22.4,2.0,11.1,36.5,17.1,34.7
PK017,0.0,12.0,3.0,48.0,49.0,18.2,1.7,17.2,2.1,7.7,47.3,19.1,20.8
PK017,12.0,42.0,3.0,43.0,54.0,18.2,1.8,14.3,1.8,6.9,29.9,18.8,27.6
PK017,42.0,75.0,3.0,43.0,54.0,18.2,1.4,14.5,1.7,6.3,36.9,9.6,25.1
PK017,75.0,132.0,5.0,44.0,51.0,18.2,1.8,14.8,2.0,12.9,36.4,19.4,29.4
PK017,132.0,150.0,10.0,52.0,38.0,18.2,1.8,14.6,1.6,7.5,32.6,18.6,27.0
PK017,150.0,178.0,22.0,53.0,25.0,18.2,2.1,13.0,1.7,8.1,37.1,28.5,33.1
PK017,178.0,190.0,15.0,63.0,22.0,18.2,1.9,14.7,1.8,7.3,37.8,19.0,27.2
PK018,0.0,12.0,16.0,65.0,19.0,18.2,2.1,20.6,1.9,8.2,51.8,28.5,33.6
PK018,12.0,19.0,14.0,63.0,23.0,18.2,1.8,21.4,1.8,10.0,27.5,22.4,37.4
PK018,19.0,39.0,4.0,58.0,38.0,18.2,1.8,18.8,1.9,2.3,43.9,18.1,34.4
PK018,39.0,55.0,3.0,55.0,42.0,18.2,1.4,26.0,2.0,11.4,42.8,11.8,34.5
PK018,55.0,80.0,2.0,53.0,45.0,18.2,1.6,29.0,2.0,9.6,42.7,24.2,34.2
PK018,80.0,108.0,3.0,52.0,45.0,18.2,1.2,21.3,1.8,9.9,43.5,18.3,33.9
PK018,108.0,128.0,7.0,58.0,35.0,18.2,1.3,20.8,2.2,10.1,32.3,6.0,30.4
PK018,128.0,145.0,7.0,72.0,21.0,18.2,1.6,21.3,1.9,14.7,42.6,19.0,34.2
PK018,145.0,158.0,8.0,75.0,17.0,18.2,1.9,10.6,1.7,12.5,59.6,19.1,34.2
PK019,0.0,12.0,7.0,74.0,19.0,18.2,1.5,25.9,1.7,12.3,42.4,5.6,25.0
PK019,12.0,25.0,6.0,74.0,20.0,18.2,1.6,28.6,1.8,5.8,37.2,6.3,21.5
PK019,25.0,56.0,3.0,67.0,30.0,18.2,1.5,26.2,1.9,11.4,58.2,6.5,26.4
PK019,56.0,83.0,3.0,67.0,30.0,18.2,1.5,26.6,2.1,6.6,41.9,6.1,27.5
PK019,83.0,117.0,3.0,71.0,26.0,18.2,1.6,25.5,1.8,13.0,42.6,5.6,25.1
PK019,117.0,140.0,4.0,73.0,23.0,18.2,1.9,24.6,1.5,14.1,30.9,6.2,34.4
PK019,140.0,190.0,8.0,77.0,15.0,18.2,1.5,26.0,1.7,14.0,41.8,6.2,31.7
PK020,0.0,12.0,5.0,84.0,11.0,18.2,1.5,20.3,1.5,11.4,20.8,15.7,35.0
PK020,12.0,40.0,3.0,82.0,15.0,18.2,1.6,18.2,1.5,11.6,46.8,14.5,35.0
PK020,40.0,104.0,3.0,82.0,15.0,18.2,1.5,18.3,1.5,11.8,50.6,11.9,35.0
PK020,104.0,190.0,3.0,81.0,16.0,18.2,2.0,17.5,1.5,11.6,52.6,15.6,35.0
PK020,190.0,200.0,3.0,85.0,12.0,18.2,1.3,15.7,1.5,11.2,38.0,21.4,35.0
PK021,-2.0,78.3,11.0,59.0,30.0,18.2,1.2,15.3,2.2,7.6,27.2,13.3,34.6
PK021,0.0,11.0,5.0,56.0,39.0,18.2,1.7,18.0,1.5,9.2,26.8,14.6,41.8
PK021,11.0,30.0,8.0,54.0,38.0,18.2,1.8,29.9,1.9,7.7,27.2,16.9,34.6
PK021,30.0,52.0,37.0,40.0,23.0,18.2,1.6,16.8,1.9,7.4,27.4,29.9,33.7
PK021,52.0,58.0,6.0,67.0,27.0,18.2,1.8,14.0,2.1,7.4,26.5,16.3,22.5
PK021,58.0,87.0,7.0,73.0,20.0,18.2,1.9,16.3,1.9,7.3,25.7,16.7,39.6
PK021,87.0,115.0,7.0,65.0,28.0,18.2,1.5,18.0,1.6,7.6,27.2,17.1,33.6
PK021,115.0,127.0,7.0,76.0,17.0,18.2,2.3,18.4,1.8,5.2,26.7,16.9,30.7
PK021,127.0,150.0,10.9,61.7,27.8,18.2,1.8,16.4,1.8,7.8,26.8,9.5,35.4
PK022,0.0,11.0,70.0,18.0,12.0,18.2,1.6,23.6,1.6,9.5,48.8,14.3,37.5
PK022,11.0,37.0,65.0,20.0,15.0,18.2,1.5,23.2,1.8,7.0,44.7,23.6,46.3
PK022,37.0,70.0,67.0,20.0,13.0,18.2,1.5,10.2,1.9,8.7,51.6,18.7,38.8
PK022,70.0,100.0,73.0,18.0,9.0,18.2,1.8,14.0,1.8,7.9,45.3,17.1,38.5
PK022,100.0,120.0,78.0,16.0,6.0,18.2,1.7,28.9,2.0,6.0,57.2,11.9,30.5
PK022,120.0,143.0,84.0,13.0,3.0,18.2,1.6,16.8,2.0,11.1,21.7,27.2,34.0
PK022,143.0,170.0,92.0,8.0,10.1,18.2,1.5,27.4,2.2,8.7,44.9,18.3,37.6
PK023,0.0,11.0,13.0,75.0,12.0,18.2,1.7,26.3,1.9,11.5,40.6,14.8,44.5
PK023,11.0,26.0,9.0,78.0,13.0,18.2,1.3,27.9,2.1,12.0,40.8,14.9,44.5
PK023,26.0,60.0,4.0,82.0,14.0,18.2,1.5,29.9,2.2,11.8,42.9,25.9,44.2
PK023,60.0,96.0,4.0,79.0,17.0,18.2,1.9,26.2,2.0,11.3,40.9,6.3,44.7
PK023,96.0,160.0,3.0,80.0,17.0,18.2,1.6,27.9,1.9,11.0,40.8,14.5,44.6
PK023,160.0,200.0,2.0,78.0,20.0,18.2,1.6,27.2,1.8,10.9,38.1,12.1,44.7
PK024,0.0,11.0,2.0,70.0,28.0,18.2,1.5,19.0,1.9,5.9,50.4,11.0,47.4
PK024,11.0,43.0,2.0,70.0,28.0,18.2,1.5,18.6,1.9,3.5,51.2,18.6,37.9
PK024,43.0,66.0,3.0,71.0,26.0,18.2,1.5,18.5,2.2,6.1,51.1,10.5,20.1
PK024,66.0,98.0,6.0,65.0,29.0,18.2,1.5,18.6,2.1,6.5,49.7,29.4,37.9
PK024,98.0,138.0,5.0,64.0,31.0,18.2,1.5,23.0,2.0,6.6,51.9,19.0,37.6
PK024,138.0,180.0,8.0,62.0,30.0,18.2,1.9,18.5,2.3,6.7,50.4,19.3,38.3
PK024,180.0,200.0,15.0,64.0,21.0,18.2,1.5,14.1,2.1,9.0,51.2,24.6,46.8
PK025,0.0,16.0,17.0,66.0,17.0,18.2,1.4,24.9,2.0,4.9,41.6,23.5,31.6
PK025,16.0,46.0,14.0,71.0,15.0,18.2,1.4,11.0,1.7,5.4,28.0,23.4,31.6
PK025,46.0,80.0,20.0,65.0,15.0,18.2,1.5,22.7,1.7,5.0,40.8,22.2,31.8
PK025,80.0,115.0,32.0,54.0,14.0,18.2,1.5,19.8,2.2,5.3,49.2,22.0,31.5
PK025,115.0,143.0,66.0,30.0,4.0,18.2,1.5,17.1,1.4,7.4,46.1,13.7,31.5
PK025,143.0,162.0,39.0,55.0,6.0,18.2,1.4,10.4,1.4,3.3,41.0,22.2,28.2
PK025,162.0,177.0,13.0,77.0,10.0,18.2,1.8,16.7,1.8,5.7,41.7,26.3,32.4
PK025,177.0,200.0,4.0,85.0,11.0,18.2,1.4,13.7,1.5,5.1,41.6,21.7,35.7
PK026,0.0,8.0,66.0,26.0,8.0,1.0,1.7,19.3,2.0,6.1,21.3,17.5,40.5
PK026,8.0,23.0,62.0,27.0,11.0,1.0,1.7,19.5,1.8,8.7,44.1,17.0,43.3
PK026,23.0,53.0,68.0,22.0,10.0,3.0,1.6,21.7,2.2,4.9,36.0,16.8,44.0
PK026,53.0,81.0,74.0,18.0,8.0,50.0,1.5,17.3,1.7,8.8,33.5,29.0,46.5
PK026,81.0,114.0,43.0,47.0,10.0,1.0,1.6,19.0,1.4,4.6,33.2,16.9,43.3
PK026,114.0,150.0,54.0,36.0,10.0,11.2,1.7,14.6,2.2,2.9,40.1,5.1,43.7
PK026,150.0,185.0,66.0,26.0,8.0,11.3,1.8,24.0,1.5,4.0,25.7,17.4,43.9
PK027,0.0,13.0,28.0,56.0,16.0,18.2,1.5,23.3,1.6,9.6,37.9,16.6,31.5
PK027,13.0,36.0,20.0,61.0,19.0,18.2,1.6,24.0,1.5,3.9,46.1,12.6,43.8
PK027,36.0,64.0,2.0,68.0,30.0,18.2,1.5,24.7,1.7,8.9,45.5,11.6,31.2
PK027,64.0,81.0,14.0,61.0,25.0,18.2,1.6,24.2,2.4,8.1,45.5,12.4,25.1
PK027,81.0,104.0,14.0,68.0,18.0,18.2,1.6,25.6,2.0,7.7,43.4,8.2,31.7
PK027,104.0,127.0,5.0,70.0,25.0,18.2,1.6,24.9,1.4,8.1,43.9,6.4,25.3
PK027,127.0,157.0,37.0,56.0,7.0,18.2,1.5,24.0,1.4,10.0,45.8,13.1,31.3
PK027,157.0,180.0,12.0,77.0,11.0,18.2,1.6,24.7,2.1,8.0,57.6,20.9,31.2
PK028,0.0,3.0,20.0,66.0,14.0,18.2,1.6,14.5,1.6,7.7,54.4,10.9,31.9
PK028,3.0,23.0,12.0,61.0,27.0,18.2,1.5,24.7,1.9,4.0,37.1,10.9,40.8
PK028,23.0,41.0,15.0,69.0,16.0,18.2,1.4,14.3,1.9,7.6,30.8,15.4,32.2
PK028,41.0,56.0,12.0,76.0,12.0,18.2,1.4,13.4,1.9,4.2,38.3,11.2,33.1
PK028,56.0,71.0,5.0,81.0,14.0,18.2,1.4,17.2,1.6,12.9,37.2,10.7,33.8
PK028,71.0,81.0,4.0,72.0,24.0,18.2,1.5,16.6,2.1,7.5,43.9,6.4,25.3
PK028,81.0,84.0,41.0,52.0,7.0,18.2,1.8,23.8,1.8,10.7,29.2,10.6,37.4
PK028,84.0,112.0,3.0,79.0,18.0,18.2,1.5,14.6,1.8,7.7,40.1,10.5,33.4
PK028,112.0,145.0,1.0,78.0,21.0,18.2,1.5,13.0,1.7,8.2,20.2,10.5,33.2
PK029,0.0,15.0,11.0,68.0,21.0,18.2,1.5,17.1,1.7,6.2,28.3,14.9,34.9
PK029,15.0,36.0,8.0,72.0,20.0,18.2,1.5,16.7,1.8,5.8,36.4,27.7,26.4
PK029,36.0,76.0,4.0,90.0,6.0,18.2,1.4,17.1,2.1,7.4,55.3,9.9,39.5
PK029,76.0,102.0,16.4,83.0,17.0,18.2,1.4,15.1,1.9,3.2,36.4,18.6,26.7
PK029,102.0,117.0,12.0,51.0,37.0,18.2,1.6,20.3,2.2,6.1,21.6,15.3,34.7
PK029,117.0,150.0,13.0,76.0,11.0,18.2,1.5,15.2,2.1,12.8,54.9,17.3,31.0
PK029,150.0,173.0,49.0,46.0,5.0,18.2,1.5,17.2,1.8,6.7,38.5,19.2,49.8
PK029,173.0,198.0,27.0,67.0,6.0,18.2,1.5,17.1,1.9,3.5,33.7,19.4,35.0
PK029,198.0,231.0,4.0,59.0,37.0,18.2,1.6,16.5,2.3,5.6,38.6,28.4,34.8
PK030,0.0,8.0,57.0,34.0,9.0,18.2,1.4,27.7,1.3,7.5,29.9,18.5,43.7
PK030,8.0,23.0,53.0,37.0,10.0,18.2,1.8,22.1,1.7,6.0,20.2,15.4,41.9
PK030,23.0,48.0,36.0,49.0,15.0,18.2,1.6,22.0,2.1,2.4,29.6,19.9,45.6
PK030,48.0,81.0,33.0,52.0,15.0,18.2,1.5,14.5,1.9,6.1,28.8,14.8,46.3
PK030,81.0,107.0,31.0,54.0,15.0,18.2,1.5,22.1,1.6,6.0,40.2,17.6,43.5
PK030,107.0,140.0,29.0,58.0,13.0,18.2,1.5,29.8,1.9,7.9,30.0,17.5,43.7
PK030,140.0,168.0,32.0,56.0,12.0,18.2,1.6,21.1,1.8,11.6,29.4,18.7,45.4
PK030,168.0,196.0,33.0,57.0,10.0,18.2,1.5,20.3,1.7,9.1,29.7,24.4,37.5
PK030,196.0,211.0,24.0,66.0,10.0,18.2,1.5,20.8,1.8,7.2,29.4,9.5,43.2
PK031,0.0,15.0,39.0,48.0,13.0,18.2,1.7,26.6,1.9,7.4,49.7,17.0,37.0
PK031,15.0,33.0,40.0,45.0,15.0,18.2,1.7,22.7,2.1,8.6,36.0,11.5,37.8
PK031,33.0,58.0,36.0,46.0,18.0,18.2,1.8,25.7,1.6,6.9,35.2,17.5,28.2
PK031,58.0,81.0,30.0,50.0,20.0,18.2,1.6,20.3,1.7,9.1,22.8,24.4,37.5
PK031,81.0,104.0,26.0,53.0,21.0,18.2,1.6,23.0,1.5,7.7,29.8,17.0,36.1
PK031,104.0,124.0,13.0,62.0,25.0,18.2,1.6,26.0,1.8,3.5,35.9,27.4,47.3
PK031,124.0,157.0,12.0,58.0,30.0,18.2,1.6,16.0,2.0,7.9,36.0,5.7,28.6
PK031,157.0,191.0,8.0,56.0,36.0,18.2,1.7,23.2,1.6,7.6,39.9,17.6,36.3
PK032,0.0,5.0,60.0,28.0,12.0,1.0,1.7,19.1,2.6,5.2,47.8,10.1,25.6
PK032,5.0,20.0,53.0,29.0,18.0,18.6,1.7,18.8,2.0,8.1,34.2,10.1,27.7
PK032,20.0,43.0,37.0,39.0,24.0,3.0,1.6,19.1,2.3,3.8,34.0,9.4,25.1
PK032,43.0,58.0,18.0,54.0,28.0,10.0,1.6,19.3,2.1,5.2,34.4,9.9,25.2
PK032,58.0,84.0,8.0,55.0,37.0,60.0,1.6,19.1,2.1,4.5,21.2,9.5,25.6
PK032,84.0,114.0,8.0,56.0,36.0,18.2,2.0,18.9,2.4,5.2,34.1,9.7,23.2
PK032,114.0,175.0,10.0,55.0,35.0,18.0,2.0,19.6,2.0,5.7,34.0,9.4,25.4
PK033,0.0,10.0,31.0,50.0,19.0,18.2,1.6,24.5,1.7,12.5,59.6,5.8,34.2
PK033,10.0,28.0,30.0,51.0,19.0,18.2,1.7,15.7,1.5,6.2,38.0,12.4,40.2
PK033,28.0,53.0,28.0,48.0,24.0,18.2,1.6,14.1,2.1,9.2,48.7,25.8,40.8
PK033,53.0,89.0,28.0,50.0,22.0,18.2,1.6,26.0,1.7,11.4,45.3,12.0,40.2
PK033,89.0,112.0,31.0,50.0,19.0,18.2,1.6,28.8,2.1,7.5,37.6,11.1,40.4
PK033,112.0,140.0,30.0,52.0,18.0,18.2,1.5,29.8,2.1,3.7,41.5,5.6,38.3
PK033,140.0,180.0,34.0,47.0,19.0,18.2,1.6,28.1,1.8,3.0,44.7,12.3,49.5
PK033,180.0,216.0,40.0,43.0,17.0,18.2,1.5,28.2,2.1,7.4,44.6,12.0,40.7
PK034,0.0,10.0,19.0,61.0,20.0,18.2,1.6,17.5,2.1,5.7,32.6,17.0,32.8
PK034,10.0,23.0,19.0,63.0,18.0,18.2,1.5,17.6,1.9,5.0,23.7,17.3,31.9
PK034,23.0,41.0,20.0,63.0,17.0,18.2,1.5,17.7,1.8,5.1,32.6,13.7,37.4
PK034,41.0,58.0,32.0,51.0,17.0,18.2,1.5,17.9,2.1,6.3,33.0,17.5,32.4
PK034,58.0,81.0,82.0,13.0,5.0,18.2,1.5,17.6,2.2,3.6,23.4,28.8,36.3
PK034,81.0,104.0,38.0,48.0,14.0,18.2,1.4,18.0,2.0,5.0,27.8,28.8,27.7
PK034,104.0,114.0,81.0,16.0,3.0,18.2,1.3,17.8,1.7,4.4,32.7,6.1,32.6
PK034,114.0,127.0,7.0,70.0,23.0,18.2,1.4,18.0,2.3,4.9,32.4,17.5,27.7
PK034,127.0,140.0,12.0,77.0,11.0,18.2,1.4,17.2,2.1,7.4,55.3,9.9,32.4
PK035,0.0,13.0,24.0,62.0,14.0,5.0,1.4,25.7,1.6,13.7,24.6,15.8,36.0
PK035,13.0,38.0,24.0,62.0,14.0,5.0,1.5,26.3,1.7,5.9,24.6,16.4,35.5
PK035,38.0,61.0,13.0,71.0,16.0,5.0,1.4,26.0,2.0,10.4,24.4,5.8,30.2
PK035,61.0,71.0,44.0,41.0,15.0,20.0,1.3,26.2,1.8,10.0,25.1,22.7,49.3
PK035,71.0,81.0,66.0,23.0,11.0,1.0,1.3,26.4,2.1,14.5,24.5,20.1,34.4
PK035,81.0,119.0,81.0,14.0,5.0,85.0,1.7,25.6,1.5,14.5,24.6,16.1,35.5
PK035,119.0,140.0,73.0,19.0,8.0,2.0,1.0,26.1,1.9,3.5,24.9,15.8,29.8
PK036,0.0,15.0,50.0,44.0,6.0,1.0,1.7,22.8,2.0,8.9,37.4,28.0,29.0
PK036,15.0,41.0,51.0,44.0,5.0,1.0,1.5,15.4,2.0,9.1,37.3,20.5,36.3
PK036,41.0,71.0,50.0,45.0,5.0,1.0,1.3,22.7,1.9,3.5,31.5,6.4,29.8
PK036,71.0,109.0,78.0,20.0,2.0,1.0,1.4,23.2,1.5,6.4,22.0,7.9,48.2
PK036,109.0,135.0,52.0,45.0,3.0,1.0,1.5,27.4,2.1,7.5,37.2,26.2,37.8
PK036,135.0,150.0,54.0,45.0,1.0,1.0,1.3,22.3,2.5,4.7,44.9,24.7,36.4
PK036,150.0,165.0,73.0,25.0,2.0,1.0,1.6,26.6,2.1,6.4,37.0,22.7,36.7
PK036,165.0,191.0,56.0,40.0,4.0,5.0,1.8,21.6,2.1,7.0,51.3,27.2,37.8
PK037,0.0,13.0,45.0,46.0,9.0,1.0,1.3,24.7,1.8,4.0,58.0,16.5,40.8
PK037,13.0,41.0,49.0,40.0,11.0,1.0,1.3,19.3,2.1,5.8,44.9,22.1,33.9
PK037,41.0,74.0,65.0,29.0,6.0,1.0,1.1,21.1,1.8,12.6,39.5,24.0,31.7
PK037,74.0,114.0,73.0,24.0,3.0,1.0,1.4,21.7,2.3,6.2,44.7,25.8,33.3
PK037,114.0,147.0,63.0,32.0,5.0,1.0,1.3,21.0,2.3,4.0,25.7,22.6,39.0
PK037,147.0,175.0,71.0,26.0,3.0,1.0,1.4,19.6,1.9,2.5,54.7,21.7,39.7
PR001,0.0,25.0,16.0,28.0,56.0,18.2,1.2,16.4,1.8,4.3,44.9,9.5,40.7
PR001,25.0,33.0,8.0,16.0,76.0,18.2,1.2,22.4,2.1,6.8,39.0,15.8,40.6
PR001,33.0,58.0,8.0,16.0,76.0,18.2,1.3,22.8,2.2,7.4,54.6,9.0,40.7
PR001,58.0,91.0,11.0,19.0,70.0,18.2,1.5,22.3,1.9,6.8,27.5,9.2,40.9
PR001,91.0,120.0,13.0,22.0,65.0,18.2,1.5,26.4,1.8,7.4,59.0,26.1,42.3
PR001,120.0,140.0,14.0,23.0,63.0,18.2,1.6,18.5,1.6,10.3,44.9,15.1,41.0
PR001,140.0,180.0,10.0,25.0,65.0,18.2,1.4,28.4,1.6,7.1,44.7,22.9,39.4
RO016,0.0,25.0,51.0,22.0,27.0,18.2,0.9,17.2,1.8,3.3,27.2,17.4,34.6
RO016,25.0,42.0,50.0,20.0,30.0,18.2,0.9,17.6,2.1,14.3,47.3,19.1,20.8
RO016,42.0,58.0,51.0,20.0,29.0,18.2,0.9,13.7,2.5,9.2,33.7,17.9,33.1
RO016,58.0,80.0,62.0,14.0,24.0,18.2,0.9,21.7,2.0,9.0,36.0,16.3,44.0
RO016,80.0,120.0,70.0,15.0,15.0,18.2,0.9,17.5,2.2,8.9,24.2,17.8,32.8
RW007,0.0,10.0,44.0,24.0,32.0,18.2,0.9,28.3,2.0,2.6,59.1,7.3,35.1
RW007,10.0,24.0,54.0,6.0,40.0,18.2,0.9,14.9,1.9,2.9,42.1,11.3,34.6
RW007,24.0,34.0,47.0,7.0,46.0,18.2,0.9,24.7,2.1,2.5,21.2,13.9,34.7
RW007,65.0,95.0,42.0,9.0,49.0,18.2,0.9,16.7,2.2,3.0,46.9,11.4,34.7
RW007,93.0,170.0,31.0,16.0,53.0,18.2,0.9,21.0,1.9,3.4,42.3,13.6,34.5
RW008,0.0,10.0,48.0,9.0,43.0,18.2,0.9,10.2,1.9,14.6,35.5,12.1,35.5
RW008,10.0,34.0,38.0,8.0,54.0,18.2,0.9,10.6,1.8,8.0,46.1,9.5,24.4
RW008,34.0,58.0,38.0,8.0,54.0,18.2,0.9,10.4,2.1,3.3,45.5,9.4,28.7
RW008,58.0,106.0,36.0,8.0,56.0,18.2,0.9,10.7,1.8,10.7,49.0,10.0,23.8
RW008,106.0,176.0,26.0,14.0,60.0,18.2,0.9,10.2,2.0,8.7,53.4,8.0,32.1
RW009,0.0,34.0,50.0,22.0,28.0,18.2,0.9,11.6,2.2,5.0,35.4,17.4,41.5
RW009,34.0,50.0,53.0,15.0,32.0,18.2,0.9,11.8,1.8,13.1,37.4,9.0,35.3
RW009,50.0,84.0,40.0,11.0,49.0,18.2,0.9,12.0,2.0,6.1,43.6,16.7,35.3
RW009,84.0,120.0,36.0,15.0,49.0,18.2,0.9,11.6,2.1,9.4,34.8,23.8,40.9
RW009,120.0,148.0,41.0,16.0,43.0,18.2,0.9,10.5,2.6,10.9,39.2,11.6,35.5
RW009,148.0,198.0,43.0,23.0,34.0,18.2,0.9,13.4,2.2,9.7,34.1,23.3,23.6
RW010,0.0,15.0,58.0,9.0,33.0,10.7,1.1,26.6,2.1,8.1,33.9,19.6,24.4
RW010,15.0,40.0,57.0,9.0,34.0,10.4,1.5,10.5,2.0,3.8,37.7,11.4,47.9
RW010,40.0,66.0,52.0,9.0,39.0,10.6,1.4,17.6,1.8,7.3,48.1,14.5,32.6
RW010,66.0,91.0,43.0,8.0,49.0,10.7,1.4,16.6,1.8,7.3,38.1,14.3,33.2
RW010,91.0,121.0,43.0,7.0,50.0,1.0,1.4,26.8,2.1,7.4,40.1,7.5,29.6
RW010,121.0,150.0,43.0,7.0,50.0,10.8,1.4,14.3,1.8,7.3,37.3,18.8,33.2
RW010,150.0,190.0,41.0,7.0,52.0,10.1,1.5,17.9,2.2,7.4,37.9,13.7,32.3
RW010,190.0,215.0,28.0,9.0,63.0,20.0,1.7,12.8,1.6,13.0,27.1,14.2,28.2
RW011,0.0,20.0,43.0,7.0,50.0,18.2,1.5,20.8,2.0,6.5,54.9,11.3,35.1
RW011,20.0,39.0,35.0,7.0,58.0,18.2,1.5,15.8,2.0,6.5,48.1,11.7,35.4
RW011,39.0,68.0,36.0,7.0,57.0,18.2,1.4,16.0,2.0,7.3,26.5,5.7,28.6
RW011,68.0,84.0,38.0,7.0,55.0,18.2,1.4,11.3,1.8,9.7,53.7,7.1,35.1
RW011,84.0,120.0,32.0,8.0,60.0,18.2,1.4,15.9,1.9,4.5,42.7,21.8,35.1
RW011,120.0,140.0,31.0,6.0,63.0,18.2,1.6,17.3,1.7,6.7,39.2,11.4,42.3
RW011,140.0,165.0,21.0,5.0,74.0,18.2,1.5,15.7,1.6,3.6,34.4,11.2,35.9
RW011,165.0,210.0,19.0,6.0,75.0,18.2,1.5,13.2,2.1,10.4,42.7,11.8,35.5
RW012,0.0,29.0,24.0,10.0,66.0,1.5,1.3,21.5,1.7,9.3,31.9,9.5,38.3
RW012,29.0,65.0,20.0,9.0,71.0,1.5,1.4,23.2,2.1,7.3,35.3,9.3,42.5
RW012,65.0,90.0,16.0,10.0,74.0,1.0,1.5,28.1,1.6,4.0,35.0,9.0,39.8
RW012,90.0,135.0,14.0,7.0,79.0,0.6,1.5,25.6,2.1,6.7,35.6,9.4,30.4
RW012,135.0,170.0,13.0,9.0,78.0,1.4,1.5,15.8,1.8,7.1,37.8,9.1,42.5
SB001,0.0,5.0,22.0,27.0,51.0,18.2,0.7,10.1,1.5,9.3,25.2,6.0,34.2
SB001,5.0,38.0,14.4,34.0,67.0,18.2,0.7,19.3,2.0,10.7,40.9,6.2,33.9
SB001,38.0,76.0,14.9,32.0,69.0,18.2,0.7,15.0,1.9,7.9,57.1,25.1,34.4
SB001,76.0,122.0,7.0,27.0,66.0,18.2,0.7,14.4,2.0,8.8,40.8,12.1,34.2
SD026,0.0,40.0,11.0,28.0,61.0,18.2,0.9,26.5,1.6,2.0,46.2,11.8,32.4
SD026,40.0,70.0,11.0,27.0,62.0,18.2,0.9,24.5,1.9,5.7,55.0,12.1,34.9
SD026,70.0,90.0,13.0,25.0,62.0,18.2,0.9,28.4,1.6,6.1,46.4,13.7,32.4
SD026,90.0,130.0,7.0,25.0,68.0,18.2,0.9,25.2,1.6,11.0,46.4,11.6,35.0
SD026,130.0,155.0,6.0,27.0,67.0,18.2,0.9,26.6,1.8,5.6,39.0,11.7,32.7
SD026,155.0,175.0,6.0,31.0,63.0,18.2,0.9,26.1,1.3,3.2,36.4,15.6,26.7
SD026,175.0,200.0,5.0,31.0,64.0,18.2,0.9,25.8,1.7,2.4,58.5,7.0,32.9
SD026,200.0,240.0,6.0,41.0,53.0,18.2,0.9,26.0,1.6,11.0,41.6,12.2,35.0
SD027,0.0,35.0,6.0,36.0,58.0,18.2,0.9,14.1,1.8,6.8,59.0,16.5,31.7
SD027,35.0,55.0,5.0,32.0,63.0,18.2,0.9,12.0,1.7,6.9,53.8,19.7,44.4
SD027,55.0,85.0,4.0,31.0,65.0,18.2,0.9,14.3,1.6,4.8,41.7,6.7,39.8
SD027,85.0,120.0,4.9,37.1,58.0,18.2,0.9,15.0,2.1,6.6,43.9,17.0,25.3
SD027,120.0,140.0,4.9,37.2,57.5,18.2,0.9,15.8,2.2,7.3,41.5,16.9,35.5
SD027,140.0,170.0,6.0,48.0,46.0,18.2,0.9,14.3,1.9,11.4,41.2,15.7,35.2
SD027,170.0,190.0,5.3,36.8,57.6,18.2,0.9,15.0,1.4,6.1,28.2,14.4,35.2
SD027,220.0,245.0,5.4,37.2,58.0,18.2,0.9,15.9,2.0,2.7,22.1,26.2,35.6
SD028,0.0,30.0,6.0,27.0,67.0,18.2,0.9,14.9,1.8,8.5,48.3,21.9,35.9
SD028,30.0,65.0,6.0,26.0,68.0,18.2,0.9,16.3,1.7,5.9,30.2,19.5,39.0
SD028,65.0,115.0,5.0,25.0,70.0,18.2,0.9,14.9,1.9,11.4,55.3,22.6,38.7
SD028,115.0,140.0,4.0,24.0,72.0,18.2,0.9,15.5,1.7,14.3,43.7,22.1,38.5
SD028,140.0,175.0,5.0,24.0,71.0,18.2,0.9,15.2,2.1,14.3,51.3,22.6,38.1
SD028,175.0,205.0,5.0,23.0,72.0,18.2,0.9,13.8,2.1,9.9,53.3,22.2,33.4
SD028,205.0,235.0,5.0,21.0,74.0,18.2,0.9,14.9,1.8,12.4,23.2,25.1,38.1
SD028,235.0,310.0,4.8,24.7,70.3,18.2,0.9,15.4,2.0,10.7,41.4,22.4,46.2
SD029,0.0,25.0,5.0,30.0,65.0,18.2,0.9,25.6,2.1,5.9,38.1,18.6,41.8
SD029,25.0,50.0,11.0,27.0,62.0,18.2,0.9,19.5,1.9,6.7,27.5,18.8,41.8
SD029,50.0,75.0,18.0,31.0,51.0,18.2,0.9,12.2,2.4,5.5,37.3,21.2,42.3
SD029,75.0,100.0,16.0,23.0,61.0,18.2,0.9,27.0,2.1,5.5,51.5,10.4,45.5
SD029,100.0,140.0,14.0,25.0,61.0,18.2,0.9,19.0,1.6,5.8,23.4,24.6,46.8
SD029,140.0,180.0,11.0,24.0,65.0,18.2,0.9,19.2,2.2,5.9,41.3,18.4,42.7
SD029,180.0,200.0,12.0,23.0,65.0,18.2,0.9,12.3,1.8,4.7,45.7,18.9,33.1
SD030,0.0,35.0,1.0,20.0,79.0,18.2,0.9,22.8,1.5,5.8,51.1,10.0,35.0
SD030,35.0,75.0,1.0,21.0,78.0,18.2,0.9,19.9,2.0,8.5,51.2,18.5,35.0
SD030,75.0,120.0,1.0,20.0,79.0,18.2,0.9,22.2,1.7,8.4,48.3,16.6,35.0
SD030,120.0,140.0,1.0,20.0,79.0,18.2,0.9,28.1,1.8,9.0,53.0,22.5,35.0
SD030,140.0,160.0,1.1,20.2,78.5,18.2,0.9,19.3,1.9,11.9,51.0,15.8,35.0
SD031,0.0,2.0,15.0,23.0,62.0,18.2,0.9,10.5,1.9,10.0,31.6,20.6,44.2
SD031,2.0,15.0,9.3,23.1,66.5,18.2,0.9,20.2,1.8,8.4,32.1,24.5,46.1
SD031,15.0,40.0,9.8,23.4,67.1,18.2,0.9,15.7,2.4,7.4,31.2,13.7,34.5
SD031,40.0,60.0,12.0,23.0,65.0,18.2,0.9,19.6,2.0,9.6,27.8,28.8,27.7
SD031,60.0,90.0,9.0,24.0,67.0,18.2,0.9,28.1,2.5,9.4,34.3,19.3,41.8
SD031,90.0,130.0,9.0,23.0,68.0,18.2,0.9,20.5,1.6,9.2,30.9,9.8,24.6
SD031,130.0,165.0,7.0,24.0,69.0,18.2,0.9,25.4,2.1,14.0,35.3,17.0,36.0
SD031,165.0,185.0,6.0,23.0,71.0,18.2,0.9,20.1,2.4,10.2,30.2,18.8,21.3
SD032,0.0,3.0,12.0,21.0,67.0,18.2,0.9,12.8,2.1,13.0,44.5,16.3,32.4
SD032,3.0,55.0,10.0,19.0,71.0,18.2,0.9,10.6,1.7,12.5,44.3,5.8,34.2
SD032,55.0,85.0,8.8,20.9,70.0,18.2,0.9,12.2,1.7,11.1,37.3,21.2,45.1
SD032,85.0,130.0,7.0,23.0,70.0,18.2,0.9,17.3,1.7,15.0,44.4,18.8,26.2
SD032,130.0,160.0,6.0,20.0,74.0,18.2,0.9,12.3,2.5,12.3,44.7,14.0,25.0
SD032,160.0,190.0,9.1,20.8,70.4,18.2,0.9,10.4,2.0,12.5,52.2,6.8,28.2
SD032,190.0,260.0,8.9,20.4,70.4,18.2,0.9,13.1,2.1,12.2,44.3,13.7,35.6
SD033,0.0,15.0,14.0,18.0,68.0,18.2,0.9,18.1,2.0,5.6,42.0,28.4,41.5
SD033,15.0,30.0,11.0,20.0,69.0,18.2,0.9,18.5,2.2,5.9,43.5,27.9,41.1
SD033,30.0,60.0,9.5,17.0,73.5,18.2,0.9,15.8,2.1,11.1,41.8,17.1,44.2
SD033,90.0,110.0,9.0,16.0,75.0,18.2,0.9,18.6,2.6,6.5,59.1,22.1,39.6
SD033,110.0,150.0,8.0,11.0,81.0,18.2,0.9,13.0,2.3,6.0,20.2,15.4,41.9
SD033,150.0,190.0,7.0,18.0,75.0,18.2,0.9,25.6,2.0,6.1,43.4,21.9,41.5
SD033,150.0,190.0,7.0,18.0,75.0,18.2,0.9,17.8,2.0,4.4,42.0,21.9,39.8
SD034,0.0,30.0,20.0,23.0,57.0,18.2,0.9,23.2,1.8,6.8,40.0,23.6,46.3
SD034,30.0,60.0,15.0,24.0,61.5,18.2,0.9,20.5,1.7,8.9,33.0,15.0,39.9
SD034,60.0,90.0,15.0,22.0,63.0,18.2,0.9,19.0,1.3,5.3,33.2,11.9,40.5
SD034,90.0,120.0,16.0,24.0,60.0,18.2,0.9,20.2,1.8,4.3,25.7,15.5,39.6
SD034,120.0,150.0,13.0,23.0,64.0,18.2,0.9,18.0,1.8,7.8,32.4,15.7,40.5
SD034,150.0,170.0,13.0,26.0,61.0,18.2,0.9,19.6,2.1,6.2,32.5,10.1,35.1
SD035,0.0,15.0,29.0,13.0,58.0,18.2,0.9,22.7,2.0,8.5,27.2,18.5,39.9
SD035,15.0,30.0,29.0,13.0,58.0,18.2,0.9,26.3,2.1,10.6,26.6,17.4,48.3
SD035,30.0,60.0,29.0,12.0,59.0,18.2,0.9,29.9,1.9,7.7,26.6,16.7,32.4
SD035,60.0,90.0,29.0,12.0,59.0,18.2,0.9,13.6,1.8,2.5,26.4,17.5,35.8
SD035,90.0,120.0,26.0,12.7,75.0,18.2,0.9,21.7,2.0,11.4,26.7,16.2,25.6
SD035,120.0,150.0,25.0,12.7,76.0,18.2,0.9,25.6,2.1,8.3,26.4,18.0,31.7
SD035,150.0,180.0,25.0,12.3,76.0,18.2,0.9,15.6,2.0,8.6,26.5,18.6,35.6
SD036,0.0,30.0,8.0,18.0,74.0,18.2,0.9,15.7,1.7,11.8,30.3,16.9,45.4
SD036,30.0,60.0,7.0,22.0,71.0,18.2,0.9,16.2,2.0,9.5,29.6,18.9,38.1
SD036,60.0,100.0,8.0,19.0,73.0,18.2,0.9,14.2,2.2,10.6,38.3,25.9,38.8
SD036,100.0,140.0,6.0,18.0,76.0,18.2,0.9,11.9,2.0,10.1,20.9,25.9,38.3
SD036,140.0,170.0,5.0,17.0,78.0,18.2,0.9,26.1,1.8,10.6,29.8,19.0,25.3
SD036,170.0,200.0,5.0,18.0,77.0,18.2,0.9,12.5,2.0,10.2,29.5,5.4,41.0
SD037,0.0,30.0,11.0,28.0,61.0,18.2,0.9,22.5,2.2,13.8,44.8,25.9,35.0
SD037,30.0,70.0,9.0,31.0,60.0,18.2,0.9,22.4,1.8,12.7,40.1,21.9,35.0
SD037,70.0,110.0,10.0,23.0,67.0,18.2,0.9,20.0,1.8,10.2,46.6,18.6,35.0
SD037,110.0,150.0,10.0,28.0,62.0,18.2,0.9,28.9,2.0,14.0,44.3,22.7,35.0
SD037,150.0,190.0,22.0,23.0,55.0,18.2,0.9,18.0,1.7,12.5,46.6,22.5,35.0
SD038,0.0,20.0,25.0,20.0,55.0,18.2,0.9,20.5,2.1,8.5,58.8,15.7,42.3
SD038,20.0,40.0,22.0,21.0,57.0,18.2,0.9,20.6,1.6,7.0,38.8,20.6,42.5
SD038,40.0,60.0,24.0,25.0,51.0,18.2,0.9,20.7,2.0,6.5,50.3,7.3,42.5
SD038,50.0,90.0,46.0,27.0,27.0,18.2,0.9,20.0,2.0,7.8,54.3,19.2,39.1
SD038,70.0,90.0,29.6,23.4,47.9,18.2,0.9,20.1,2.3,7.2,48.6,15.6,44.3
SD039,0.0,15.0,14.0,6.0,80.0,18.2,0.9,25.7,2.0,6.5,50.8,23.3,34.8
SD039,15.0,30.0,13.0,7.0,80.0,18.2,0.9,22.0,1.8,5.3,50.3,20.3,48.5
SD039,30.0,90.0,13.0,11.0,76.0,18.2,0.9,14.0,1.8,6.7,51.0,22.6,35.0
SD039,90.0,125.0,13.7,8.5,78.3,18.2,0.9,21.7,1.5,5.2,50.2,20.7,30.7
SD039,125.0,180.0,13.1,8.2,78.5,18.2,0.9,22.8,2.1,6.4,44.9,24.7,38.0
SD039,180.0,240.0,13.6,7.7,78.8,18.2,0.9,21.7,2.2,6.8,59.0,26.1,42.3
SD039,240.0,270.0,13.1,7.9,79.0,18.2,0.9,20.5,2.1,8.5,58.8,20.8,37.8
SD039,270.0,290.0,13.1,7.7,78.2,18.2,0.9,26.8,2.1,6.8,40.1,7.5,38.4
SD040,0.0,30.0,30.0,28.0,42.0,18.2,0.9,21.1,1.5,11.6,39.4,18.7,45.4
SD040,30.0,150.0,26.0,30.0,44.0,18.2,0.9,19.0,2.0,11.4,54.4,29.3,37.6
SD040,150.0,200.0,24.0,27.0,49.0,18.2,0.9,17.6,1.8,11.6,23.7,22.3,30.8
SD041,0.0,15.0,53.0,27.0,20.0,18.2,0.9,16.7,1.9,8.5,43.6,26.5,34.7
SD041,15.0,25.0,43.0,32.0,25.0,18.2,0.9,19.5,2.0,8.5,38.6,15.2,49.2
SD041,25.0,55.0,53.0,26.0,21.0,18.2,0.9,28.2,1.7,8.5,48.1,11.6,23.0
SD041,55.0,75.0,49.7,28.2,21.7,18.2,0.9,21.9,2.3,8.5,42.9,23.3,23.6
SD042,0.0,40.0,42.0,13.0,45.0,18.2,0.9,28.6,2.1,9.3,31.5,20.4,34.4
SD042,20.0,115.0,39.0,16.0,45.0,18.2,0.9,14.1,2.4,9.0,23.4,24.6,46.8
SD042,115.0,170.0,26.0,18.0,56.0,18.2,0.9,24.6,2.1,9.0,38.8,20.5,31.5
SD042,170.0,175.0,20.0,20.0,60.0,18.2,0.9,26.2,2.1,8.9,32.9,17.1,35.0
SD042,175.0,195.0,31.7,16.6,51.4,18.2,0.9,27.7,1.8,9.5,31.9,21.1,25.6
SD043,0.0,10.0,82.0,14.0,4.0,18.2,0.9,17.9,1.9,7.9,36.7,9.0,45.9
SD043,10.0,30.0,80.0,5.0,15.0,18.2,0.9,22.7,1.8,7.6,36.0,15.8,24.7
SD043,30.0,60.0,72.0,5.0,23.0,18.2,0.9,25.6,1.7,5.6,52.3,24.0,46.1
SD043,60.0,85.0,58.0,9.0,33.0,18.2,0.9,22.7,2.0,10.8,20.9,25.9,38.3
SD043,85.0,105.0,52.0,3.0,45.0,18.2,0.9,24.6,1.9,7.4,30.9,7.5,34.4
SD043,105.0,135.0,53.0,8.0,39.0,18.2,0.9,19.2,1.6,7.2,23.3,15.5,36.5
SD043,135.0,160.0,52.0,9.0,39.0,18.2,0.9,27.2,2.1,6.7,36.2,8.2,29.3
SD043,160.0,180.0,64.0,7.7,28.2,18.2,0.9,19.6,1.9,8.1,54.7,20.8,36.9
SD044,0.0,30.0,7.0,17.0,76.0,18.2,0.9,22.9,2.2,13.6,48.3,23.6,28.6
SD044,30.0,90.0,6.0,19.0,75.0,18.2,0.9,20.4,2.0,9.1,52.4,23.5,34.2
SD044,90.0,130.0,5.0,18.0,77.0,18.2,0.9,27.0,1.7,9.3,47.5,21.5,34.8
SD044,130.0,200.0,4.0,19.0,77.0,18.2,0.9,22.5,1.8,8.9,38.5,23.6,33.1
SD044,200.0,250.0,4.0,19.0,77.0,18.2,0.9,27.4,1.6,7.5,48.4,26.2,37.8
SD044,250.0,350.0,5.2,18.0,76.7,18.2,0.9,22.8,1.7,6.6,48.2,24.3,25.1
SD044,350.0,375.0,4.9,18.0,76.0,18.2,0.9,22.5,1.7,8.5,52.3,24.0,46.1
SD044,375.0,470.0,5.2,18.8,76.4,18.2,0.9,15.4,2.2,7.5,47.4,23.4,35.6
SD045,0.0,30.0,2.0,20.0,78.0,18.2,0.9,15.5,1.4,4.8,55.4,17.8,30.9
SD045,30.0,90.0,2.0,20.0,78.0,18.2,0.9,26.3,1.4,5.9,56.5,17.8,20.9
SD045,90.0,150.0,1.0,18.0,81.0,18.2,0.9,17.2,1.5,9.1,55.2,17.8,22.8
SD045,150.0,180.0,1.0,20.0,79.0,18.2,0.9,11.2,1.6,6.6,53.6,17.8,47.7
SD046,0.0,1.0,39.0,11.0,50.0,18.2,1.6,21.6,1.4,5.3,25.2,28.8,29.0
SD046,1.0,18.0,38.0,8.0,54.0,18.2,1.8,19.6,2.1,7.3,44.5,16.5,49.1
SD046,18.0,60.0,37.0,9.0,54.0,18.2,1.8,20.2,1.6,7.9,54.6,16.9,35.4
SD046,60.0,150.0,33.0,10.0,57.0,18.2,1.8,20.7,1.9,10.2,53.6,26.5,29.2
SD046,150.0,200.0,29.0,13.0,58.0,18.2,1.9,20.6,2.0,5.9,56.5,27.3,20.9
SD046,200.0,275.0,26.0,11.0,63.0,18.2,1.5,20.8,2.1,7.6,34.5,6.1,48.0
SD047,0.0,5.0,17.0,33.0,50.0,18.2,2.1,23.0,1.8,9.7,56.4,28.1,33.9
SD047,5.0,23.0,14.0,30.0,56.0,18.2,1.7,23.8,1.9,10.4,56.1,18.3,33.7
SD047,23.0,45.0,14.0,30.0,56.0,18.2,1.3,19.3,2.2,9.5,55.8,21.6,33.4
SD047,45.0,70.0,17.0,27.0,56.0,18.2,1.8,27.9,1.9,4.5,55.9,19.4,36.7
SD047,70.0,90.0,13.0,29.0,58.0,18.2,1.7,23.6,1.7,10.4,55.7,22.7,33.7
SD047,90.0,122.0,11.0,31.0,58.0,18.2,1.8,23.1,1.7,13.4,55.5,26.4,20.5
SD047,122.0,165.0,9.0,35.0,56.0,18.2,1.8,22.6,2.1,10.1,56.1,13.4,43.8
SD048,0.0,5.0,17.0,29.0,54.0,18.2,1.6,24.2,2.2,10.1,40.1,20.5,41.5
SD048,5.0,23.0,16.0,29.0,55.0,18.2,2.0,22.2,2.1,4.5,41.9,13.9,40.6
SD048,23.0,45.0,15.0,28.0,57.0,18.2,1.9,16.9,2.2,6.9,42.3,20.3,31.8
SD048,45.0,70.0,15.0,27.0,58.0,18.2,2.2,29.3,1.9,7.8,42.3,20.1,43.2
SD048,70.0,90.0,15.0,27.0,58.0,18.2,1.9,22.4,2.1,3.4,47.6,26.8,40.8
SD048,90.0,122.0,12.0,30.0,58.0,18.2,1.6,22.4,2.0,6.8,38.4,19.9,45.3
SD048,122.0,165.0,12.0,32.0,56.0,18.2,1.9,18.3,1.8,6.2,43.0,20.6,40.7
SD049,0.0,6.0,53.0,10.0,37.0,18.2,1.8,24.7,1.8,12.0,37.1,16.5,40.8
SD049,6.0,19.0,44.0,10.0,46.0,18.2,1.8,10.1,2.0,14.5,54.4,23.8,35.0
SD049,19.0,50.0,43.0,10.0,47.0,18.2,1.5,18.8,1.8,11.4,38.5,28.7,35.4
SD049,50.0,80.0,40.0,10.0,50.0,18.2,1.8,22.4,2.1,11.5,37.0,22.7,35.4
SD049,80.0,115.0,39.0,11.0,50.0,18.2,1.9,10.9,1.7,11.2,24.3,23.5,29.8
SD049,115.0,165.0,35.0,13.0,52.0,18.2,1.8,27.9,1.8,8.9,32.2,26.7,35.5
SD050,0.0,10.0,19.0,23.0,58.0,18.2,1.7,22.5,1.7,9.5,56.1,13.4,43.8
SD050,10.0,25.0,19.0,22.0,59.0,18.2,1.7,22.5,2.1,10.2,34.3,9.7,41.8
SD050,25.0,40.0,19.0,22.0,59.0,18.2,1.9,29.1,1.9,10.4,41.5,22.7,43.8
SD050,40.0,65.0,18.0,23.0,59.0,18.2,1.8,13.1,2.4,11.8,48.1,16.9,41.1
SD050,65.0,90.0,18.0,21.0,61.0,18.2,2.2,29.0,2.2,11.8,30.3,16.9,45.4
SD050,90.0,135.0,15.0,22.0,63.0,18.2,1.8,12.9,2.0,10.0,36.6,17.1,48.4
SD050,135.0,175.0,13.0,24.0,63.0,18.2,2.2,26.6,1.8,5.3,40.7,21.1,44.0
SD051,0.0,5.0,3.0,30.0,67.0,18.2,1.7,17.0,2.0,11.2,43.3,22.9,39.4
SD051,5.0,17.0,3.0,31.0,66.0,18.2,1.8,16.9,1.8,10.8,43.9,20.1,36.1
SD051,17.0,35.0,4.0,31.0,65.0,18.2,1.8,17.2,1.4,11.2,34.5,6.1,48.0
SD051,35.0,60.0,4.0,30.0,66.0,18.2,1.8,17.4,1.9,10.2,43.5,26.5,29.2
SD051,60.0,100.0,4.0,28.0,68.0,18.2,2.1,20.2,2.3,11.6,36.0,20.0,35.6
SD051,100.0,145.0,3.0,27.0,70.0,18.2,1.7,20.9,1.9,11.3,43.2,28.0,29.0
SD051,145.0,180.0,2.0,28.0,70.0,18.2,1.9,10.0,1.9,10.8,59.7,15.7,36.6
SD052,0.0,5.0,15.0,24.0,61.0,18.2,1.5,17.9,2.3,2.5,41.2,18.2,31.1
SD052,5.0,15.0,10.0,23.0,67.0,18.2,1.8,20.5,2.1,5.0,58.8,16.3,35.6
SD052,15.0,42.0,9.0,25.0,66.0,18.2,1.8,18.4,2.4,7.7,54.4,18.1,31.9
SD052,42.0,60.0,19.0,23.0,58.0,18.2,1.5,18.5,1.9,5.0,23.7,22.3,30.8
SD052,60.0,86.0,50.0,21.0,29.0,18.2,1.6,17.9,2.1,6.3,34.8,23.8,35.7
SD052,86.0,125.0,50.0,21.0,29.0,18.2,2.1,15.4,1.6,5.0,22.3,17.9,35.5
SD052,125.0,140.0,83.0,11.0,6.0,18.2,1.7,22.8,1.9,5.5,55.1,17.8,48.7
SD052,140.0,142.0,33.8,20.8,45.1,18.2,1.7,13.8,1.6,3.6,41.8,10.1,35.5
SD053,0.0,7.0,8.0,28.0,64.0,18.2,1.8,24.7,2.1,4.5,21.2,21.1,24.4
SD053,7.0,32.0,9.0,25.0,66.0,18.2,1.6,25.0,1.9,3.5,31.0,20.8,29.8
SD053,32.0,60.0,8.0,24.0,68.0,18.2,1.9,28.2,2.0,4.5,31.1,11.6,23.0
SD053,60.0,100.0,8.0,22.0,70.0,18.2,1.6,28.2,1.7,3.7,48.1,21.0,27.3
SD053,100.0,140.0,7.0,22.0,71.0,18.2,2.4,25.2,1.9,4.6,30.8,30.0,33.5
SD053,140.0,170.0,6.0,24.0,70.0,18.2,2.0,19.2,2.1,4.4,23.3,21.1,27.5
SD054,0.0,13.0,15.0,23.0,62.0,18.2,1.8,17.9,2.2,8.8,34.6,7.1,35.0
SD054,13.0,27.0,14.0,24.0,62.0,18.2,1.9,25.6,1.6,14.5,42.4,13.6,34.3
SD054,27.0,47.0,14.0,24.0,62.0,18.2,1.8,22.4,2.0,13.0,43.7,12.7,20.1
SD054,47.0,75.0,14.0,24.0,62.0,18.2,1.9,22.3,2.0,6.7,44.1,16.7,34.6
SD054,75.0,107.0,12.0,24.0,64.0,18.2,1.7,22.5,1.9,4.5,39.9,12.5,49.7
SD054,107.0,147.0,11.0,24.0,65.0,18.2,2.0,24.5,2.0,4.3,33.9,12.6,33.9
SD055,0.0,5.0,3.0,33.0,64.0,18.2,1.9,19.4,1.8,7.3,38.1,14.3,33.2
SD055,5.0,25.0,4.0,39.0,57.0,18.2,1.8,20.1,2.1,10.8,51.4,14.8,46.3
SD055,25.0,55.0,4.0,28.0,68.0,18.2,2.0,26.4,2.0,11.2,59.0,26.1,42.3
SD055,55.0,90.0,5.0,24.0,71.0,18.2,2.0,21.2,1.9,10.6,51.4,18.1,43.7
SD055,90.0,125.0,4.0,21.0,75.0,18.2,1.6,11.2,1.9,10.5,49.9,10.8,20.0
SD055,125.0,150.0,4.0,19.0,77.0,18.2,2.0,19.8,1.9,14.6,59.5,25.5,25.5
SD056,0.0,5.0,2.0,23.0,75.0,18.2,1.9,11.5,1.9,4.3,33.4,26.5,29.2
SD056,5.0,20.0,2.0,21.0,77.0,18.2,2.0,16.3,1.8,4.3,25.7,21.1,27.6
SD056,20.0,38.0,2.0,22.0,76.0,18.2,1.8,14.8,1.6,3.6,32.9,22.8,22.8
SD056,38.0,63.0,2.0,23.0,75.0,18.2,2.0,17.4,2.1,5.2,32.5,23.4,31.8
SD056,63.0,95.0,3.0,23.0,74.0,18.2,1.5,17.0,2.0,4.3,32.5,21.4,28.3
SD056,95.0,150.0,3.0,24.0,73.0,18.2,2.0,25.7,1.6,2.3,40.0,22.9,27.7
SD057,0.0,3.0,60.0,14.0,26.0,18.2,1.7,20.6,1.8,9.1,31.1,8.5,33.0
SD057,3.0,9.0,55.0,13.0,32.0,18.2,1.7,20.1,1.8,9.5,31.0,9.5,30.2
SD057,9.0,15.0,48.0,10.0,42.0,18.2,1.9,20.6,2.3,8.9,30.4,26.3,32.8
SD057,15.0,25.0,44.0,8.0,48.0,18.2,1.6,15.0,2.1,13.5,30.2,29.1,33.3
SD057,25.0,38.0,45.0,7.0,48.0,18.2,2.2,20.8,2.1,5.1,36.4,19.6,27.6
SD057,38.0,50.0,55.0,6.0,39.0,18.2,1.5,20.3,1.7,9.1,30.4,24.4,32.9
SD057,50.0,65.0,58.0,5.0,37.0,18.2,1.7,20.6,1.8,9.3,20.3,19.4,40.8
SD057,65.0,80.0,45.0,6.0,49.0,18.2,2.4,25.9,1.6,9.7,35.4,19.4,33.0
SD058,0.0,10.0,34.0,18.0,48.0,18.2,0.9,9.6,2.0,2.9,40.1,11.9,43.6
SD058,10.0,30.0,36.0,17.0,47.0,18.2,0.9,10.1,1.8,8.5,36.4,11.9,26.4
SD058,30.0,50.0,34.0,17.0,49.0,18.2,0.9,9.6,1.9,14.6,38.1,12.1,34.9
SD059,0.0,12.0,27.0,24.0,49.0,18.2,0.9,20.9,2.1,5.3,33.5,14.6,23.8
SD059,12.0,30.0,29.0,21.0,50.0,18.2,0.9,21.7,1.7,11.3,38.0,14.0,41.2
SD059,30.0,45.0,34.0,18.0,48.0,18.2,0.9,21.3,2.1,8.6,48.1,14.2,32.8
SD060,0.0,1.0,5.0,22.0,73.0,18.2,1.5,21.9,2.1,10.7,45.6,22.8,39.1
SD060,1.0,45.0,5.0,20.0,75.0,18.2,2.0,26.3,2.2,10.4,55.7,14.7,25.2
SD060,45.0,60.0,5.0,20.0,75.0,18.2,2.3,14.5,2.1,11.0,45.8,14.8,46.3
SD060,60.0,90.0,5.0,19.0,76.0,18.2,2.1,25.2,2.4,12.4,39.2,15.6,38.4
SD060,90.0,120.0,6.0,18.0,76.0,18.2,2.0,22.1,1.6,12.6,47.8,7.5,37.8
SD060,120.0,160.0,7.0,20.0,73.0,18.2,2.0,22.1,1.8,8.2,39.2,15.4,42.3
SD061,0.0,5.0,66.0,10.0,24.0,18.2,1.8,19.9,1.9,2.2,51.1,6.1,48.0
SD061,5.0,22.0,55.0,12.0,33.0,18.2,1.3,27.0,1.7,13.4,51.5,13.0,37.4
SD061,22.0,45.0,60.0,12.0,28.0,18.2,1.8,26.0,2.1,11.4,60.0,13.4,37.5
SD061,45.0,70.0,63.0,11.0,26.0,18.2,2.2,26.6,2.2,7.6,39.0,22.2,29.7
SD061,70.0,105.0,65.0,11.0,24.0,18.2,1.8,17.8,1.8,2.3,50.7,13.5,37.0
SD061,105.0,140.0,72.0,11.0,17.0,18.2,1.4,17.6,1.6,7.4,50.3,12.7,37.4
SD061,140.0,170.0,81.0,8.0,11.0,18.2,1.8,22.9,1.9,7.3,50.7,11.4,37.1
SD061,170.0,200.0,88.0,5.0,7.0,18.2,1.8,22.9,2.0,7.8,52.4,13.6,33.6
SD062,0.0,2.0,77.0,6.0,17.0,18.2,2.2,20.3,1.9,11.4,48.6,22.6,38.2
SD062,2.0,8.0,63.0,10.0,27.0,18.2,2.1,21.3,1.9,10.1,35.5,22.8,35.5
SD062,8.0,12.0,53.0,13.0,34.0,18.2,2.3,17.3,1.7,15.0,44.6,23.1,36.9
SD062,12.0,30.0,51.0,11.0,38.0,18.2,1.8,20.7,2.2,9.4,59.7,27.2,40.0
SD062,30.0,50.0,38.0,15.0,47.0,18.2,2.2,21.5,1.5,13.8,48.6,26.6,46.3
SD062,50.0,80.0,22.0,21.0,57.0,18.2,2.1,20.6,1.9,10.4,57.7,22.9,37.3
SD062,80.0,130.0,26.0,27.0,47.0,18.2,2.0,21.3,1.7,3.1,45.5,22.4,36.7
SD062,130.0,160.0,37.0,35.0,28.0,18.2,2.1,17.6,1.6,11.0,48.9,16.2,25.6
SD062,160.0,185.0,42.0,35.0,23.0,18.2,2.2,29.3,1.7,10.3,48.9,21.0,37.3
SD063,0.0,5.0,33.0,20.0,47.0,18.2,1.6,21.3,1.6,6.2,32.8,14.2,36.8
SD063,5.0,25.0,30.0,19.0,51.0,18.2,1.8,23.8,1.6,10.7,29.2,13.7,37.4
SD063,25.0,40.0,24.0,22.0,54.0,18.2,1.8,22.5,1.9,5.9,28.8,17.2,37.7
SD063,40.0,60.0,14.0,27.0,59.0,18.2,1.6,18.1,2.2,6.5,32.8,16.6,37.2
SD063,60.0,105.0,7.0,49.0,44.0,18.2,1.4,21.9,2.0,4.3,33.9,22.2,36.9
SD063,105.0,135.0,5.0,51.0,44.0,18.2,2.2,25.7,1.6,5.8,40.0,16.4,37.1
SD063,135.0,185.0,4.0,39.0,57.0,18.2,1.8,22.0,2.3,3.6,30.4,17.1,36.8
SD064,0.0,5.0,68.0,14.0,18.0,18.2,1.5,20.9,1.4,7.1,40.3,28.0,37.9
SD064,5.0,10.0,54.0,19.0,27.0,18.2,1.9,18.1,2.2,7.6,43.4,8.2,37.9
SD064,10.0,17.0,48.0,20.0,32.0,18.2,1.7,27.2,2.1,6.7,58.5,20.8,37.8
SD064,17.0,30.0,49.0,19.0,32.0,18.2,1.5,10.6,1.9,7.7,41.0,25.7,37.7
SD064,30.0,50.0,46.0,17.0,37.0,18.2,1.3,15.1,1.6,7.2,40.5,21.5,26.7
SD064,50.0,70.0,44.0,17.0,39.0,18.2,1.7,24.8,1.6,12.0,33.0,21.3,38.6
SD064,70.0,100.0,43.0,17.0,40.0,18.2,2.1,10.5,1.7,3.8,40.8,21.7,47.9
SD064,100.0,113.0,37.0,21.0,42.0,18.2,1.7,22.8,1.5,8.0,28.3,14.9,37.3
SD064,113.0,135.0,46.0,32.0,22.0,18.2,1.8,10.2,1.3,7.3,40.8,29.6,37.8
SD065,0.0,1.0,95.0,4.0,1.0,18.2,2.3,15.2,1.5,11.1,39.5,22.2,24.5
SD065,1.0,5.0,83.0,8.0,9.0,18.2,1.7,13.7,1.6,12.7,24.9,22.6,33.2
SD065,5.0,12.0,81.0,9.0,10.0,18.2,1.8,13.5,1.8,12.5,58.6,22.3,34.8
SD065,12.0,22.0,69.0,8.0,23.0,18.2,1.9,13.9,1.7,12.7,39.2,22.4,49.8
SD065,22.0,33.0,62.0,9.0,29.0,18.2,1.9,13.7,1.9,12.4,52.7,29.9,24.1
SD065,33.0,47.0,68.0,10.0,22.0,18.2,2.0,14.4,1.6,11.9,39.0,15.4,33.3
SD065,47.0,75.0,69.0,12.0,19.0,18.2,2.1,15.2,2.1,12.8,39.6,22.4,33.2
SD065,75.0,105.0,68.0,13.0,19.0,18.2,1.7,13.6,1.7,12.7,38.9,22.6,33.3
SD065,105.0,125.0,54.0,16.0,30.0,18.2,2.1,11.3,1.4,12.3,21.3,22.6,33.4
SD066,0.0,3.0,3.0,28.0,69.0,18.2,2.3,18.0,2.2,6.3,28.0,28.0,35.8
SD066,3.0,10.0,3.0,26.0,71.0,18.2,2.0,17.1,2.0,5.6,27.8,22.8,27.7
SD066,10.0,28.0,3.0,27.0,70.0,18.2,1.9,16.3,1.8,3.7,39.0,22.7,36.8
SD066,28.0,75.0,3.0,27.0,70.0,18.2,1.9,16.8,1.7,7.6,35.0,29.4,36.7
SD066,75.0,100.0,2.0,26.0,72.0,18.2,2.0,16.6,2.1,15.0,34.8,23.1,48.6
SD066,100.0,123.0,2.0,27.0,71.0,18.2,1.6,18.6,2.1,9.7,44.8,5.3,33.9
SD066,123.0,160.0,2.0,34.0,64.0,18.2,1.9,13.6,1.8,2.5,35.9,29.2,36.4
SD067,0.0,4.0,8.0,30.0,62.0,5.0,1.8,24.1,1.8,5.6,35.2,13.5,32.0
SD067,4.0,12.0,6.0,28.0,66.0,5.0,1.8,21.2,1.9,13.6,34.7,22.1,35.3
SD067,12.0,40.0,6.0,27.0,67.0,5.0,1.6,26.8,1.6,9.8,34.3,15.6,39.5
SD067,40.0,88.0,5.0,28.0,67.0,5.0,1.9,20.7,1.4,9.4,34.4,22.4,40.4
SD067,88.0,120.0,5.0,28.0,67.0,5.0,2.4,15.0,1.6,9.4,41.7,29.8,35.7
SD067,120.0,150.0,5.0,28.0,67.0,5.0,1.7,20.6,2.1,9.1,34.4,22.3,37.0
SD067,150.0,175.0,6.0,30.0,64.0,5.0,1.8,17.2,2.3,9.9,27.8,28.8,27.7
SD068,0.0,4.0,3.0,19.0,78.0,5.0,2.4,22.1,2.2,9.4,41.8,24.7,35.3
SD068,4.0,10.0,2.0,18.0,80.0,5.0,1.9,22.4,2.2,9.0,50.9,10.0,38.5
SD068,10.0,20.0,2.0,19.0,79.0,5.0,1.9,22.2,1.7,7.9,57.1,16.1,27.4
SD068,20.0,60.0,2.0,19.0,79.0,5.0,1.9,29.6,2.3,12.4,23.2,25.1,35.0
SD068,60.0,90.0,2.0,20.0,78.0,5.0,1.6,15.3,1.7,3.3,27.2,13.3,34.6
SD068,90.0,115.0,2.0,20.0,78.0,5.0,1.6,22.8,1.8,11.6,41.3,9.3,40.5
SD068,115.0,150.0,2.0,20.0,78.0,5.0,1.7,22.8,1.8,6.9,41.5,16.1,33.2
SD068,150.0,175.0,2.0,20.0,78.0,5.0,1.9,22.3,2.1,13.4,48.9,14.8,34.9
SD069,0.0,4.0,3.0,26.0,71.0,18.2,2.1,28.0,1.9,11.8,23.1,20.1,33.1
SD069,4.0,12.0,3.0,25.0,72.0,18.2,2.0,20.5,1.7,9.9,36.3,9.8,24.6
SD069,12.0,25.0,3.0,24.0,73.0,18.2,2.2,23.4,2.1,13.4,48.9,20.0,34.2
SD069,25.0,42.0,3.0,25.0,72.0,18.2,2.0,21.7,2.1,3.9,36.4,20.4,33.9
SD069,42.0,84.0,3.0,25.0,72.0,18.2,1.5,10.1,2.0,9.9,36.3,27.8,33.4
SD069,84.0,117.0,3.0,23.0,74.0,18.2,2.2,25.6,1.8,9.7,43.4,20.1,31.7
SD069,117.0,136.0,6.0,21.0,73.0,18.2,1.9,18.6,2.2,9.6,33.2,23.3,33.7
SD069,136.0,152.0,50.0,21.0,29.0,18.2,1.9,25.9,1.7,10.1,35.4,20.7,43.7
SD070,0.0,2.0,36.0,26.0,38.0,18.2,1.9,17.6,1.7,5.5,46.2,12.1,31.6
SD070,2.0,70.0,32.0,25.0,43.0,18.2,1.8,24.9,2.1,5.2,58.8,10.3,31.8
SD070,70.0,120.0,19.0,29.0,52.0,18.2,1.8,27.0,1.9,6.4,46.1,12.1,31.7
SD070,120.0,170.0,25.0,25.0,50.0,18.2,1.8,25.3,1.8,5.9,44.9,13.3,32.2
SD070,170.0,260.0,20.0,25.0,55.0,18.2,1.8,30.0,2.2,5.9,35.4,12.1,31.9
SD071,0.0,2.0,24.0,27.0,49.0,18.2,2.0,24.3,2.0,7.6,37.9,13.2,35.9
SD071,2.0,60.0,23.0,28.0,49.0,18.2,1.6,24.9,1.7,7.5,38.3,5.1,41.6
SD071,60.0,100.0,19.0,26.0,55.0,18.2,1.3,24.5,1.5,7.7,38.0,11.8,43.0
SD071,100.0,160.0,15.0,30.0,55.0,18.2,2.2,24.5,2.1,11.5,47.6,16.5,49.1
SD071,160.0,200.0,14.0,35.0,51.0,18.2,1.8,24.0,1.7,4.2,28.3,11.2,43.7
SL011,0.0,10.0,63.0,26.0,11.0,18.2,0.9,14.7,1.8,8.5,40.5,24.0,31.7
SL011,10.0,20.0,17.0,32.0,51.0,18.2,0.9,14.7,2.1,8.5,40.5,24.3,32.6
SL011,20.0,80.0,29.4,32.8,38.4,18.2,0.9,14.4,1.7,8.5,40.5,23.7,33.9
SL011,80.0,120.0,7.0,40.0,53.0,18.2,0.9,14.3,1.8,8.5,40.5,24.1,32.6
SN013,0.0,25.0,93.0,2.0,5.0,18.2,0.9,19.6,1.9,8.6,54.7,20.8,39.7
SN013,25.0,70.0,93.0,3.0,4.0,18.2,0.9,18.7,1.7,9.2,46.6,20.5,41.8
SN013,70.0,160.0,92.0,4.0,4.0,18.2,0.9,17.9,1.5,8.9,34.6,20.7,42.4
SN013,160.0,200.0,92.8,3.1,4.1,18.2,0.9,18.5,1.3,6.2,38.0,20.7,40.9
SN014,0.0,28.0,93.0,2.0,5.0,18.2,0.9,20.0,1.9,11.8,46.6,19.2,26.0
SN014,28.0,58.0,89.0,4.0,7.0,18.2,0.9,19.5,2.3,12.0,49.7,11.1,43.8
SN014,58.0,110.0,90.9,3.5,6.3,18.2,0.9,19.5,1.9,11.2,47.9,28.3,22.1
SN014,110.0,150.0,90.5,3.4,5.8,18.2,0.9,18.5,2.0,11.6,48.1,19.6,20.6
SV001,0.0,16.0,23.0,26.0,51.0,18.2,0.9,28.0,1.6,8.2,26.8,15.0,43.8
SV001,16.0,41.0,20.0,26.0,54.0,18.2,0.9,19.9,2.0,10.1,30.1,17.9,42.0
SV001,41.0,63.0,16.0,22.0,62.0,18.2,0.9,21.9,2.1,13.3,33.3,21.3,49.1
SV001,63.0,106.0,15.0,21.0,64.0,18.2,0.9,26.8,2.2,7.4,30.0,18.4,41.9
SV001,106.0,150.0,25.0,23.0,52.0,18.2,0.9,14.5,2.0,9.7,30.0,18.5,31.9
SV002,0.0,18.0,37.0,26.0,37.0,18.2,0.9,28.6,2.2,7.2,37.6,16.0,32.8
SV002,18.0,32.0,15.0,15.0,70.0,18.2,0.9,22.2,1.6,11.8,23.1,12.8,32.6
SV002,32.0,54.0,15.0,22.0,63.0,18.2,0.9,25.8,1.7,3.6,34.9,15.3,41.3
SV002,45.0,71.0,32.0,18.0,50.0,18.2,0.9,22.6,1.9,2.3,43.9,15.6,32.8
SV002,71.0,103.0,46.0,11.0,43.0,18.2,0.9,25.0,1.6,9.1,21.2,18.8,24.3
SV002,103.0,150.0,28.7,18.5,52.9,18.2,0.9,11.2,1.7,9.0,49.9,16.3,32.8
SV003,0.0,26.0,17.0,28.0,55.0,18.2,0.9,19.9,2.5,12.7,32.0,16.2,45.2
SV003,26.0,40.0,4.0,12.0,84.0,18.2,0.9,24.2,2.2,12.8,35.5,17.6,45.6
SV003,40.0,63.0,6.0,17.0,77.0,18.2,0.9,16.5,2.4,14.6,35.5,12.1,45.3
SV003,63.0,80.0,11.0,20.0,69.0,18.2,0.9,19.6,2.1,13.3,33.5,21.3,49.1
SV003,80.0,90.0,67.0,29.0,4.0,18.2,0.9,25.7,2.2,10.7,27.7,22.8,39.1
SV003,90.0,100.0,21.2,21.6,57.5,18.2,0.9,13.7,1.9,14.1,34.5,18.2,47.5
SV004,0.0,25.0,29.0,31.0,40.0,18.2,0.9,25.1,1.6,7.9,53.6,20.6,47.7
SV004,25.0,60.0,13.0,30.0,57.0,18.2,0.9,25.4,2.0,3.8,54.1,25.0,24.9
SV004,60.0,78.0,29.0,34.0,37.0,18.2,0.9,25.9,1.6,7.7,53.4,27.7,39.6
SV004,78.0,120.0,45.0,39.0,16.0,18.2,0.9,25.6,1.6,12.1,53.5,7.4,46.5
SV005,0.0,8.0,40.0,42.0,18.0,18.2,0.9,18.1,1.8,5.9,29.8,23.8,45.7
SV005,8.0,28.0,30.0,45.0,25.0,18.2,0.9,17.2,2.3,5.6,27.8,23.9,40.4
SV005,28.0,50.0,48.0,41.0,11.0,18.2,0.9,18.1,2.1,6.3,30.2,23.8,40.1
SV005,50.0,66.0,6.0,22.0,72.0,18.2,0.9,19.1,2.1,6.3,34.8,23.8,40.9
SV005,66.0,75.0,31.0,37.6,31.4,18.2,0.9,18.6,1.9,6.1,28.2,23.9,33.9
SY005,0.0,10.0,34.0,49.0,17.0,18.2,0.9,24.6,1.3,7.3,32.6,8.4,34.7
SY005,10.0,24.0,29.0,52.0,19.0,18.2,0.9,21.2,2.0,4.8,38.8,8.8,33.1
SY005,24.0,50.0,24.0,52.0,24.0,18.2,0.9,20.9,1.9,4.9,33.3,16.3,44.0
SY005,50.0,85.0,15.0,60.0,25.0,18.2,0.9,21.5,1.8,7.7,27.4,12.1,21.7
SY005,80.0,110.0,22.0,51.0,27.0,18.2,0.9,17.9,2.0,13.1,33.0,11.9,33.0
SY005,110.0,140.0,31.0,37.0,32.0,18.2,0.9,21.4,1.7,7.2,33.2,14.3,30.4
SY006,-5.0,69.5,38.0,51.0,11.0,18.2,0.9,17.2,1.6,13.7,34.6,6.0,27.1
SY006,0.0,18.0,39.0,45.0,16.0,18.2,0.9,17.5,1.7,8.6,20.2,15.4,34.0
SY006,18.0,42.0,27.0,58.0,15.0,18.2,0.9,17.7,2.0,6.9,34.5,15.4,34.3
SY006,42.0,64.0,21.0,48.0,31.0,18.2,0.9,17.6,1.8,8.4,24.9,23.6,43.9
SY006,64.0,95.0,22.0,54.0,24.0,18.2,0.9,17.7,2.2,5.9,34.3,14.8,33.8
SY006,95.0,130.0,28.0,38.0,34.0,18.2,0.9,17.2,1.8,8.5,59.0,15.5,31.7
SY007,0.0,10.0,49.0,40.0,11.0,18.2,0.9,25.5,1.9,4.9,21.8,5.8,31.8
SY007,10.0,38.0,29.0,42.0,29.0,18.2,0.9,27.4,2.0,5.2,25.0,12.7,48.0
SY007,38.0,70.0,38.9,41.5,19.9,18.2,0.9,21.7,2.1,4.9,23.5,20.9,42.1
SY007,70.0,120.0,39.3,40.6,19.5,18.2,0.9,13.5,1.8,4.8,23.4,11.0,47.4
SY008,0.0,12.0,41.0,43.0,16.0,18.2,0.9,29.4,2.0,6.8,56.7,5.5,24.5
SY008,12.0,40.0,27.0,47.0,26.0,18.2,0.9,16.9,2.2,4.4,44.1,8.1,31.8
SY008,40.0,62.0,27.0,38.0,35.0,18.2,0.9,22.8,2.4,5.8,31.8,8.8,28.1
SY008,62.0,72.0,31.3,42.6,25.9,18.2,0.9,23.6,1.9,6.1,44.7,11.6,28.2
SY009,0.0,12.0,32.0,45.0,23.0,18.2,0.9,14.1,2.1,7.5,23.4,24.6,26.9
SY009,12.0,25.0,30.0,45.0,25.0,18.2,0.9,22.0,1.8,7.5,21.1,17.1,23.0
SY009,25.0,40.0,31.5,44.8,23.6,18.2,0.9,22.0,1.7,7.4,47.8,16.2,26.9
SY009,40.0,50.0,31.3,44.7,23.9,18.2,0.9,29.4,1.9,7.4,31.1,6.4,29.8
SY010,0.0,5.0,44.0,40.0,16.0,18.2,0.9,15.8,1.5,3.8,37.5,29.3,48.0
SY010,5.0,17.0,41.0,44.0,15.0,18.2,0.9,15.7,2.0,4.1,38.0,24.2,36.1
SY010,17.0,35.0,52.0,36.0,12.0,18.2,0.9,15.5,1.8,3.8,37.4,21.8,23.8
SY010,35.0,54.0,52.0,34.0,14.0,18.2,0.9,15.3,1.9,3.6,37.6,17.2,33.4
SY010,54.0,79.0,74.0,16.0,10.0,18.2,0.9,15.7,1.4,3.9,38.0,23.3,33.4
SY010,79.0,155.0,52.7,34.2,13.2,18.2,0.9,15.8,2.4,3.7,37.5,22.9,24.2
TH039,0.0,27.0,2.0,31.0,67.0,18.2,0.9,24.8,1.9,5.1,48.1,18.5,41.1
TH039,27.0,48.0,8.0,31.0,61.0,18.2,0.9,24.1,1.8,4.4,37.1,18.1,36.4
TH039,48.0,93.0,5.0,31.0,64.0,18.2,0.9,26.3,2.0,4.6,56.5,18.8,20.9
TH039,93.0,120.0,4.8,30.0,70.0,18.2,0.9,22.8,2.0,4.7,47.3,18.5,33.1
TH040,0.0,10.0,14.0,37.0,49.0,29.0,0.9,29.3,1.3,8.0,51.4,22.7,33.4
TH040,10.0,145.0,15.0,32.0,53.0,19.0,0.9,13.0,1.9,8.2,51.8,28.5,33.1
TH040,145.0,170.0,14.3,34.5,51.4,38.0,0.9,21.1,1.6,8.3,51.7,17.9,43.3
TH041,0.0,15.0,1.0,26.0,73.0,18.2,0.9,22.4,2.1,9.3,42.6,23.6,35.8
TH041,15.0,115.0,3.0,27.0,70.0,18.2,0.9,22.1,1.9,7.6,26.8,24.2,31.8
TH041,115.0,125.0,40.0,29.0,31.0,18.2,0.9,21.9,1.4,8.3,59.1,23.9,39.6
TH042,0.0,35.0,62.0,29.0,9.0,1.3,0.9,24.8,1.5,4.4,24.5,25.7,39.8
TH042,35.0,48.0,55.0,28.0,17.0,1.0,0.9,18.5,1.5,5.7,24.2,25.1,33.0
TH042,48.0,80.0,55.0,28.0,17.0,1.0,0.9,11.7,1.5,6.6,24.1,25.2,30.3
TH043,0.0,8.0,29.0,53.0,18.0,1.1,0.9,10.0,2.4,3.9,30.2,16.8,36.2
TH043,8.0,15.0,25.0,55.0,20.0,1.0,0.9,11.1,2.0,3.8,21.9,13.5,34.8
TH043,15.0,70.0,12.0,49.0,39.0,1.1,0.9,10.5,1.9,3.6,38.6,19.7,21.9
TH044,0.0,9.0,18.0,25.0,57.0,19.3,0.9,11.0,2.0,12.9,28.0,23.4,38.0
TH044,9.0,27.0,13.0,19.0,68.0,2.0,0.9,19.8,2.2,12.5,21.9,20.4,37.7
TH044,27.0,75.0,14.0,18.0,68.0,1.0,0.9,27.0,1.7,13.2,27.2,20.3,38.0
TH044,75.0,85.0,43.0,13.0,44.0,54.0,0.9,21.3,2.1,12.9,31.2,16.8,38.1
TH045,0.0,15.0,29.0,24.0,47.0,18.2,0.9,15.8,1.9,11.4,55.3,9.8,47.9
TH045,15.0,22.0,27.0,24.0,49.0,18.2,0.9,16.4,2.1,7.1,21.9,13.6,48.1
TH045,22.0,36.0,26.0,23.0,51.0,18.2,0.9,14.4,1.7,6.0,39.7,20.4,47.7
TH045,36.0,100.0,20.0,26.0,54.0,18.2,0.9,10.5,1.7,7.0,45.3,11.4,47.9
TH045,100.0,115.0,24.0,32.0,44.0,18.2,0.9,13.9,2.1,2.9,34.3,14.3,47.6
TH046,0.0,6.0,4.0,23.0,73.0,18.2,0.9,26.6,2.2,13.6,49.7,22.3,37.0
TH046,6.0,30.0,3.0,18.0,79.0,18.2,0.9,25.9,2.0,13.9,35.4,27.3,31.7
TH046,30.0,70.0,3.0,17.0,80.0,18.2,0.9,26.5,2.1,13.5,44.7,24.6,27.2
TH046,70.0,150.0,3.0,18.0,79.0,18.2,0.9,26.6,1.6,14.2,39.0,25.2,32.4
TH047,0.0,7.0,17.0,25.0,58.0,18.2,0.9,11.4,1.9,8.5,33.6,10.8,32.0
TH047,7.0,29.0,14.0,21.0,65.0,18.2,0.9,10.9,1.8,6.9,24.3,5.4,31.9
TH047,30.0,70.0,10.0,19.0,71.0,18.2,0.9,10.8,2.1,8.3,43.4,8.2,31.7
TH048,0.0,22.0,58.0,26.0,16.0,18.2,0.9,19.1,1.7,5.7,37.4,8.5,26.9
TH048,22.0,39.0,57.0,26.0,17.0,18.2,0.9,17.2,2.0,5.6,27.8,28.8,27.7
TH048,39.0,85.0,53.0,24.0,23.0,18.2,0.9,18.0,1.8,5.7,47.2,28.1,26.9
TH049,0.0,15.0,76.0,19.0,5.0,18.2,0.9,22.7,1.7,8.5,22.0,7.9,48.2
TH049,15.0,40.0,75.0,19.0,6.0,18.2,0.9,21.3,2.2,8.5,31.4,8.4,40.7
TH049,40.0,90.0,67.0,16.0,17.0,18.2,0.9,26.5,2.0,8.5,41.3,7.5,44.5
TH049,90.0,150.0,65.0,17.0,18.0,18.2,0.9,15.9,2.1,8.5,31.8,8.2,30.0
TH050,0.0,13.0,64.0,32.0,4.0,18.2,0.9,20.9,2.2,11.2,43.4,19.7,27.6
TH050,13.0,25.0,60.0,32.0,8.0,18.2,0.9,29.8,2.3,7.9,39.1,19.1,41.8
TH050,25.0,98.0,57.0,28.0,15.0,18.2,0.9,12.7,2.3,14.5,39.0,20.0,32.2
TH050,98.0,135.0,53.0,29.0,18.0,18.2,0.9,21.6,1.9,10.9,33.9,19.6,24.4
TH051,0.0,17.0,96.0,2.0,2.0,18.2,1.6,19.1,1.7,7.8,35.1,8.5,29.3
TH051,17.0,37.0,98.0,2.1,2.0,18.2,1.5,10.9,2.1,2.5,60.0,18.8,31.1
TH051,37.0,80.0,98.0,1.0,1.0,18.2,1.6,19.5,1.6,3.2,38.5,28.3,35.2
TH051,80.0,90.0,89.0,5.0,6.0,18.2,1.4,19.1,1.6,4.7,37.5,24.2,30.2
TH051,90.0,130.0,98.0,1.0,1.0,18.2,1.6,28.3,1.4,4.1,21.1,17.1,23.0
TH051,130.0,147.0,96.0,1.0,3.0,18.2,1.6,19.6,1.7,5.0,40.0,26.4,29.7
TH052,0.0,18.0,4.0,72.0,24.0,18.2,1.4,22.4,1.7,7.0,28.9,16.5,40.1
TH052,18.0,37.0,3.0,70.0,27.0,18.2,1.4,22.4,1.7,7.2,48.6,19.0,44.3
TH052,37.0,51.0,3.0,62.0,35.0,18.2,1.5,24.8,1.7,4.4,56.0,16.9,39.8
TH052,51.0,66.0,6.0,52.0,42.0,18.2,1.5,22.1,2.1,7.8,38.7,12.6,43.2
TH052,66.0,96.0,13.0,32.0,55.0,18.2,1.5,22.0,1.9,6.5,39.3,18.5,32.5
TH052,96.0,120.0,40.0,20.0,40.0,18.2,1.6,21.9,1.7,6.3,22.8,17.2,40.0
TH052,120.0,161.0,37.0,31.0,32.0,18.2,1.8,19.3,2.1,6.4,38.5,16.6,40.4
TH053,0.0,10.0,41.0,23.0,36.0,18.2,1.1,27.5,1.9,5.3,37.0,11.9,38.5
TH053,10.0,35.0,44.0,31.0,25.0,18.2,1.2,27.3,1.7,6.7,31.0,18.9,38.3
TH053,35.0,72.0,36.0,36.0,28.0,18.2,0.9,27.5,1.9,6.5,48.1,18.5,38.3
TH053,72.0,120.0,29.0,37.0,34.0,18.2,1.1,27.4,1.5,7.5,32.6,26.2,37.8
TH054,0.0,4.0,43.0,33.0,24.0,10.0,1.3,18.3,2.2,9.9,59.7,27.2,40.0
TH054,4.0,14.0,41.0,32.0,27.0,10.4,1.4,17.9,2.4,9.8,21.3,9.3,38.1
TH054,14.0,26.0,42.0,31.0,27.0,9.7,1.4,19.7,1.8,14.7,37.7,6.3,37.9
TH054,26.0,43.0,42.0,31.0,27.0,10.0,1.4,18.6,2.5,9.0,33.2,23.3,37.3
TH054,43.0,68.0,72.0,20.0,8.0,10.1,2.0,16.3,2.5,5.9,38.1,19.5,35.4
TH055,0.0,8.0,92.0,4.0,4.0,18.2,1.2,12.1,1.9,8.7,44.1,13.8,30.6
TH055,8.0,18.0,93.0,7.0,4.9,18.2,1.1,12.1,1.9,11.4,30.8,15.4,32.2
TH055,18.0,53.0,92.0,6.0,2.0,18.2,0.8,12.2,2.1,14.1,37.8,8.9,30.0
TH055,53.0,110.0,74.0,17.0,9.0,18.2,0.6,11.6,2.0,8.9,38.5,28.7,30.9
TH056,0.0,15.0,36.0,37.0,27.0,18.2,1.5,28.8,1.5,7.9,60.0,15.3,36.5
TH056,15.0,23.0,30.0,35.0,35.0,18.2,1.8,27.4,2.1,14.1,59.1,8.9,35.7
TH056,23.0,69.0,27.0,36.0,37.0,18.2,1.9,27.4,1.5,8.5,46.9,13.4,36.2
TH056,69.0,93.0,25.0,40.0,35.0,18.2,1.9,26.4,1.7,5.4,46.6,14.6,28.3
TH056,93.0,123.0,22.0,38.0,40.0,18.2,1.8,27.4,1.6,4.2,21.6,13.0,35.8
TH056,123.0,170.0,44.0,30.0,26.0,18.2,1.8,25.6,2.2,8.0,46.5,24.9,43.7
TH057,0.0,13.0,78.0,19.0,3.0,18.2,1.7,21.5,1.7,10.7,38.4,24.6,25.4
TH057,13.0,30.0,77.0,14.0,9.0,18.2,1.7,21.9,1.9,14.3,38.3,11.9,25.3
TH057,30.0,62.0,73.0,16.0,11.0,18.2,1.6,21.1,1.8,9.1,41.9,8.4,29.9
TH057,62.0,84.0,73.0,18.0,9.0,18.2,1.6,21.0,2.0,11.6,37.8,22.5,29.9
TH057,84.0,100.0,70.0,17.0,13.0,18.2,1.9,21.5,1.7,3.8,20.9,16.5,46.9
TH057,100.0,140.0,68.0,19.0,13.0,18.2,1.7,21.6,1.7,9.2,42.9,25.9,20.3
TH057,140.0,180.0,69.0,16.0,15.0,18.2,1.7,21.6,2.2,4.4,45.9,6.8,29.0
TH058,0.0,21.0,78.0,15.0,7.0,18.2,1.7,22.8,1.4,4.2,28.3,17.8,43.7
TH058,21.0,35.0,75.0,15.0,10.0,18.2,1.8,25.0,1.4,3.9,41.3,17.8,44.6
TH058,35.0,70.0,67.0,19.0,14.0,18.2,1.7,25.2,1.3,3.9,41.6,17.8,35.0
TH058,70.0,88.0,66.0,20.0,14.0,18.2,1.8,28.1,1.6,4.0,37.1,17.8,41.5
TH058,88.0,113.0,64.0,21.0,15.0,18.2,1.9,26.6,1.8,4.4,48.7,17.8,41.1
TH058,113.0,180.0,60.0,22.0,18.0,18.2,1.9,21.6,2.0,4.0,25.2,17.8,40.6
TH059,0.0,12.0,6.0,33.0,61.0,18.2,1.7,26.8,2.6,4.3,39.0,7.5,29.6
TH059,12.0,34.0,8.0,32.0,60.0,18.2,1.9,10.2,2.2,4.6,38.9,19.1,37.9
TH059,34.0,51.0,14.0,25.0,61.0,18.2,1.9,22.2,1.9,4.7,39.2,27.8,33.0
TH059,51.0,100.0,17.0,25.0,58.0,18.2,2.0,28.1,1.7,2.9,39.7,9.7,41.8
TH059,100.0,170.0,19.0,23.0,58.0,18.2,2.0,21.4,2.1,6.0,39.2,30.0,33.5
TH060,0.0,25.0,14.0,54.0,32.0,76.8,1.5,14.9,2.5,4.5,43.0,18.9,46.1
TH060,25.0,39.0,18.0,52.0,30.0,76.3,1.6,26.4,2.1,4.1,43.8,19.1,37.4
TH060,39.0,56.0,22.0,54.0,24.0,60.0,1.7,20.4,2.0,4.4,43.4,18.8,31.7
TH060,56.0,87.0,24.0,57.0,19.0,80.0,1.6,20.3,2.1,4.3,43.5,19.2,38.8
TH060,87.0,130.0,23.0,62.0,15.0,90.0,1.3,20.9,2.3,4.1,43.8,18.6,38.9
TH061,0.0,11.0,6.0,85.0,9.0,18.2,1.3,17.8,2.0,12.0,25.8,30.0,33.5
TH061,11.0,29.0,5.0,78.0,17.0,18.2,1.6,24.9,2.0,11.5,26.5,23.5,34.0
TH061,29.0,58.0,4.0,84.0,12.0,18.2,1.6,18.2,2.1,12.1,26.4,21.2,33.5
TH061,58.0,120.0,2.0,76.0,22.0,18.2,1.6,18.5,2.1,12.2,31.0,9.6,33.9
TH061,120.0,180.0,3.0,75.0,22.0,18.2,1.7,11.3,2.5,11.6,21.3,9.3,33.6
TH062,0.0,13.0,11.0,66.0,23.0,18.2,1.4,24.6,2.1,7.5,32.6,26.2,35.3
TH062,13.0,32.0,13.0,65.0,22.0,18.2,1.5,20.3,2.2,2.1,25.6,6.3,46.2
TH062,32.0,57.0,16.0,58.0,26.0,18.2,1.6,25.5,1.6,4.3,40.0,9.7,35.6
TH062,57.0,94.0,7.0,45.0,48.0,18.2,1.8,24.7,1.8,4.0,58.0,16.5,35.8
TH062,94.0,115.0,7.0,46.0,47.0,18.2,1.8,24.3,2.2,4.0,38.5,28.7,35.8
TH062,115.0,170.0,5.0,45.0,50.0,18.2,1.9,26.9,1.8,3.7,39.0,17.6,25.0
TH063,0.0,28.0,53.0,35.0,12.0,18.2,1.4,26.2,1.9,14.3,36.3,24.7,35.7
TH063,28.0,53.0,68.0,23.0,9.0,18.2,1.4,26.4,1.6,13.2,53.8,19.7,44.4
TH063,53.0,73.0,77.0,16.0,7.0,18.2,1.4,26.9,1.6,14.1,23.4,28.8,36.2
TH063,73.0,84.0,22.0,62.0,16.0,18.2,1.4,26.1,2.0,13.0,43.7,24.0,35.9
TH063,84.0,155.0,72.0,20.0,8.0,18.2,1.4,29.6,1.9,14.0,23.3,24.5,36.4
TH063,155.0,200.0,77.0,16.0,7.0,18.2,1.4,23.3,1.8,13.2,37.5,24.5,27.9
TH064,0.0,17.0,39.0,35.0,26.0,18.2,1.6,29.0,2.0,7.5,45.1,13.3,40.2
TH064,17.0,32.0,39.0,34.0,27.0,18.2,1.6,25.6,1.8,7.7,44.8,5.3,33.9
TH064,32.0,65.0,38.0,35.0,27.0,18.2,1.6,25.7,1.8,2.3,49.5,25.1,39.9
TH064,65.0,90.0,41.0,33.0,26.0,18.2,1.5,27.1,2.2,8.1,34.0,10.3,46.4
TH064,90.0,122.0,47.0,32.0,21.0,18.2,1.4,21.2,1.9,7.8,45.4,18.4,43.7
TH064,122.0,138.0,58.0,26.0,16.0,18.2,1.6,25.4,1.6,10.7,45.9,13.2,37.4
TH064,138.0,160.0,55.0,28.0,17.0,18.2,1.6,26.1,2.2,10.6,53.6,6.5,37.6
TH065,0.0,15.0,81.0,18.0,1.0,18.2,1.7,13.7,1.5,8.8,44.9,21.7,32.6
TH065,15.0,28.0,81.0,17.0,2.0,18.2,1.7,12.6,1.7,11.3,44.0,24.6,32.4
TH065,28.0,53.0,81.0,17.0,2.0,18.2,1.7,13.1,2.0,5.3,44.9,20.3,33.0
TH065,53.0,87.0,77.0,20.0,3.0,18.2,1.8,11.5,1.9,10.2,53.6,26.5,29.2
TH065,87.0,130.0,78.0,18.0,4.0,18.2,1.9,12.4,2.1,8.8,35.3,17.0,36.0
TH066,0.0,20.0,43.0,35.0,22.0,18.2,1.4,14.3,1.7,6.9,29.9,22.5,33.2
TH066,20.0,42.0,42.0,33.0,25.0,18.2,1.4,10.2,2.1,2.1,30.9,22.7,27.9
TH066,42.0,66.0,34.0,36.0,30.0,18.2,1.4,11.7,2.0,6.5,30.8,22.7,27.4
TH066,66.0,96.0,28.0,35.0,37.0,18.2,1.5,25.0,1.7,11.6,32.0,22.5,23.3
TH066,96.0,127.0,29.0,26.0,45.0,18.2,1.3,14.9,1.9,7.2,31.0,22.8,26.7
TH067,0.0,24.0,59.0,25.0,16.0,18.2,0.9,17.6,2.0,11.9,49.6,16.2,25.6
TH067,24.0,46.0,51.0,28.0,21.0,18.2,0.9,17.9,2.0,14.5,49.3,6.4,32.9
TH067,46.0,75.0,39.0,31.0,30.0,18.2,0.9,17.6,2.2,11.8,49.1,8.0,25.8
TH067,75.0,120.0,26.0,28.0,46.0,18.2,0.9,17.3,2.1,9.9,49.4,10.7,48.6
TH068,0.0,10.0,2.0,46.0,52.0,18.2,2.0,20.8,2.1,10.7,35.5,20.1,34.4
TH068,10.0,28.0,2.0,43.0,55.0,18.2,2.0,20.8,1.7,10.5,52.0,13.8,35.4
TH068,28.0,46.0,2.0,41.0,57.0,18.2,2.0,20.8,1.8,11.8,32.3,6.0,30.4
TH068,46.0,74.0,2.0,38.0,60.0,18.2,2.0,20.8,1.9,7.3,35.3,10.3,46.4
TH068,74.0,116.0,5.0,43.0,52.0,18.2,1.9,20.8,2.2,10.2,34.6,12.9,49.4
TH068,116.0,136.0,38.0,37.0,25.0,18.2,1.5,20.8,1.7,10.6,21.1,17.1,23.0
TH068,136.0,160.0,28.0,43.0,29.0,18.2,1.6,20.8,2.1,12.0,35.4,13.1,27.8
TH069,0.0,8.0,61.0,21.0,18.0,79.7,1.5,29.1,2.2,13.3,32.3,21.3,30.1
TH069,8.0,24.0,59.0,21.0,20.0,80.0,1.5,16.2,2.3,13.4,32.0,12.4,30.4
TH069,24.0,41.0,55.0,21.0,24.0,79.8,1.3,22.3,1.9,6.7,32.9,9.2,30.4
TH069,41.0,86.0,54.0,25.0,21.0,80.0,1.6,22.9,2.0,13.0,33.1,7.6,30.1
TH070,0.0,18.0,98.0,1.0,1.0,18.2,0.9,25.8,1.9,11.4,37.7,20.4,35.9
TH070,18.0,30.0,97.0,2.0,1.0,18.2,0.9,22.1,2.0,7.9,37.3,19.8,23.3
TH070,30.0,60.0,98.0,1.0,1.0,18.2,0.9,26.6,2.2,8.0,33.9,19.6,24.4
TH070,60.0,105.0,97.3,1.4,0.7,18.2,0.9,28.1,1.5,4.0,43.0,20.9,28.0
TH070,105.0,200.0,97.6,1.0,0.9,18.2,0.9,26.1,2.1,8.0,36.0,20.1,27.7
TH071,0.0,16.0,29.0,40.0,31.0,18.2,1.3,20.3,2.1,9.4,22.8,24.4,29.2
TH071,16.0,29.0,30.0,39.0,31.0,18.2,1.4,22.1,1.8,10.1,31.2,9.4,23.3
TH071,29.0,47.0,28.0,38.0,34.0,18.2,1.5,21.0,1.8,12.5,31.5,11.9,29.0
TH071,47.0,70.0,27.0,39.0,34.0,18.2,1.5,21.3,2.1,9.1,31.2,13.5,28.6
TH071,70.0,115.0,25.0,34.0,41.0,18.2,1.4,20.7,1.7,7.6,48.0,6.7,28.2
TH071,115.0,200.0,22.0,30.0,48.0,18.2,1.6,21.1,1.4,10.2,23.8,13.2,35.0
TH072,0.0,10.0,49.0,27.0,24.0,18.2,1.3,26.3,2.0,5.9,56.5,27.3,33.0
TH072,10.0,20.0,47.0,25.0,28.0,18.2,1.6,14.5,1.7,9.1,56.0,29.3,31.9
TH072,20.0,76.0,38.0,21.0,41.0,18.2,1.4,10.4,1.7,11.8,56.5,20.9,30.4
TH072,76.0,98.0,31.0,17.0,52.0,18.2,1.3,17.0,2.3,8.7,56.1,20.6,32.8
TH072,98.0,130.0,29.0,20.0,51.0,18.2,1.3,18.6,1.9,9.7,56.9,5.3,32.8
TH072,130.0,180.0,32.0,22.0,46.0,18.2,1.4,17.8,1.9,9.0,56.1,22.3,37.0
TH073,0.0,20.0,75.0,18.0,7.0,18.2,1.6,12.8,1.6,13.8,36.4,8.2,30.1
TH073,20.0,76.0,76.0,17.0,7.0,18.2,1.6,13.9,2.1,13.2,58.5,7.9,30.7
TH073,76.0,123.0,75.0,16.0,9.0,18.2,1.6,28.2,1.4,12.5,40.5,7.9,21.9
TH073,123.0,160.0,75.0,15.0,10.0,18.2,1.6,24.7,1.9,14.7,40.1,7.9,45.3
TH073,160.0,180.0,74.0,16.0,10.0,18.2,1.6,19.9,1.8,13.2,24.2,7.8,23.9
TN001,0.0,6.0,25.0,7.0,68.0,10.0,1.8,16.8,1.7,9.5,43.4,17.8,48.9
TN001,6.0,17.0,25.0,7.0,68.0,5.0,1.7,24.5,1.9,7.9,57.1,17.8,27.4
TN001,17.0,40.0,10.0,4.0,86.0,2.0,1.6,23.8,1.7,9.9,43.5,17.8,29.7
TN001,40.0,70.0,10.0,5.0,85.0,5.0,1.6,24.2,1.5,7.0,43.3,17.8,28.3
TN001,70.0,91.0,22.0,7.0,71.0,10.0,1.7,29.4,1.9,3.5,31.5,17.8,29.8
TN001,91.0,127.0,49.0,22.0,29.0,10.0,1.6,26.3,1.6,10.6,41.2,17.8,32.7
TN002,0.0,11.0,27.0,13.0,60.0,1.0,1.4,19.5,1.6,6.7,35.9,10.0,33.8
TN002,11.0,27.0,26.0,13.0,61.0,1.0,1.7,23.6,1.9,6.3,32.7,11.9,25.3
TN002,27.0,56.0,26.0,14.0,60.0,1.0,1.7,13.0,1.7,7.1,35.2,15.4,41.9
TN002,56.0,87.0,25.0,13.0,62.0,1.0,1.7,18.9,1.9,6.5,41.7,14.4,27.7
TN002,87.0,125.0,26.0,12.0,62.0,1.0,1.7,21.7,1.9,6.8,32.6,21.6,42.2
TN003,0.0,18.0,75.0,9.0,16.0,5.0,1.6,18.2,2.2,8.4,54.9,23.6,36.5
TN003,18.0,28.0,73.0,7.0,20.0,50.0,1.6,18.3,1.8,11.5,44.1,13.8,37.2
TN003,28.0,47.0,77.0,13.0,10.0,25.0,1.2,16.8,1.6,11.1,49.8,23.7,34.0
TN003,47.0,77.0,83.0,12.0,5.0,25.2,2.0,21.5,1.7,12.1,49.7,29.4,38.0
TN003,77.0,102.0,94.0,4.0,2.0,20.0,1.2,17.9,2.1,13.8,49.6,25.9,38.8
TN003,102.0,112.0,80.8,8.9,10.3,25.0,1.4,16.2,2.0,14.4,49.5,27.2,36.5
TN004,0.0,20.0,19.0,31.0,50.0,18.2,1.8,21.8,1.6,6.5,45.7,13.0,43.3
TN004,20.0,51.0,19.0,29.0,52.0,18.2,1.8,16.8,1.9,7.7,45.7,16.8,38.1
TN004,51.0,79.0,14.0,29.0,57.0,18.2,1.8,22.4,2.1,6.4,41.9,8.4,38.2
TN004,79.0,95.0,10.0,29.0,61.0,18.2,1.8,21.9,2.2,7.8,45.8,12.7,37.5
TN004,95.0,125.0,10.0,34.0,56.0,18.2,1.8,22.3,1.9,4.8,38.6,13.0,38.4
TN004,125.0,155.0,14.0,36.0,50.0,18.2,2.0,27.2,1.6,7.0,46.2,12.9,29.3
TN004,155.0,185.0,14.0,35.0,51.0,18.2,2.0,22.1,2.0,6.0,56.6,12.8,41.3
TN005,0.0,3.0,1.0,34.0,65.0,18.2,2.1,19.5,2.0,8.1,44.4,20.2,49.2
TN005,3.0,17.0,1.0,30.0,69.0,18.2,1.8,27.0,1.7,9.9,24.0,21.5,43.1
TN005,17.0,33.0,1.0,29.0,70.0,18.2,1.8,15.4,1.9,13.1,41.4,10.6,46.2
TN005,33.0,64.0,1.0,29.0,70.0,18.2,1.8,23.0,1.4,10.1,51.9,20.2,43.0
TN005,64.0,91.0,2.0,31.0,67.0,18.2,1.8,19.9,1.7,10.4,51.2,18.5,43.2
TN005,91.0,120.0,3.0,32.0,65.0,18.2,1.9,20.6,1.9,10.8,51.8,28.5,33.1
TN006,0.0,9.0,24.0,33.0,43.0,18.2,1.4,17.6,1.4,7.7,34.4,20.4,36.6
TN006,9.0,22.0,25.0,32.0,43.0,18.2,1.4,17.4,1.9,7.9,34.2,11.0,35.5
TN006,22.0,48.0,24.0,28.0,48.0,18.2,1.5,18.3,1.8,11.4,34.5,26.3,35.1
TN006,48.0,73.0,34.0,29.0,37.0,18.2,1.4,14.1,1.7,7.7,34.7,9.2,35.5
TN006,73.0,90.0,27.5,32.2,40.1,18.2,1.6,15.6,2.3,7.3,30.5,16.9,48.0
TN006,90.0,109.0,27.3,32.7,40.3,18.2,1.7,18.2,1.9,3.6,38.6,16.6,21.9
TN006,109.0,125.0,28.0,41.0,31.0,18.2,1.2,20.4,1.5,7.5,34.8,17.1,33.6
TN007,0.0,11.0,7.0,22.0,71.0,18.2,1.9,16.6,1.4,7.3,44.5,24.8,34.6
TN007,11.0,30.0,7.0,23.0,70.0,18.2,1.9,25.0,1.9,7.3,32.6,25.3,32.0
TN007,30.0,58.0,7.0,24.0,69.0,18.2,1.9,24.4,1.5,7.3,44.7,26.8,31.6
TN007,58.0,81.0,6.0,24.0,70.0,18.2,1.9,29.4,1.5,7.7,56.7,24.4,34.1
TN007,81.0,127.0,6.0,25.0,69.0,18.2,1.9,28.4,1.5,7.1,44.2,22.9,39.4
TN008,0.0,10.0,47.0,28.0,25.0,10.0,1.3,23.6,1.6,14.3,32.7,11.9,25.3
TN008,10.0,23.0,52.0,28.0,20.0,10.0,1.4,27.0,1.9,11.4,27.6,21.5,24.5
TN008,23.0,39.0,58.0,27.0,15.0,5.0,1.3,22.3,2.1,7.7,26.8,25.9,24.5
TN008,39.0,61.0,62.0,25.0,13.0,12.0,1.4,13.4,1.7,9.7,26.9,23.3,23.6
TN008,61.0,117.0,49.0,34.0,17.0,9.1,1.3,22.8,1.9,12.0,27.6,21.1,24.6
TN008,117.0,155.0,55.0,34.0,11.0,9.7,1.5,26.6,2.0,14.4,21.7,21.0,24.3
TN009,0.0,8.0,31.0,24.0,45.0,18.2,1.6,27.9,2.4,8.0,26.2,12.9,21.5
TN009,8.0,74.0,23.0,23.0,54.0,18.2,1.8,27.4,2.1,12.5,30.2,12.7,21.3
TN009,74.0,145.0,31.0,23.0,46.0,18.2,2.0,27.7,2.3,4.2,21.6,13.0,21.2
TN010,0.0,7.0,35.0,25.0,40.0,18.2,1.6,25.4,1.5,14.0,35.3,17.0,36.0
TN010,7.0,27.0,34.0,24.0,42.0,18.2,1.7,25.3,1.6,7.8,50.1,13.9,40.9
TN010,27.0,49.0,28.0,23.0,49.0,18.2,1.8,21.7,1.6,7.8,50.2,10.1,38.6
TN010,49.0,70.0,27.0,24.0,49.0,18.2,1.8,10.9,1.4,2.5,60.0,14.1,40.8
TN010,70.0,108.0,24.0,26.0,50.0,18.2,1.8,22.4,1.7,7.9,55.1,7.1,48.7
TN010,108.0,174.0,23.0,28.0,49.0,18.2,1.8,21.5,1.2,8.1,50.5,20.3,42.5
TN010,174.0,200.0,36.0,29.0,35.0,18.2,1.7,26.4,1.2,8.2,50.6,13.9,37.4
TN011,0.0,14.0,89.0,5.0,6.0,50.0,0.9,16.9,1.7,6.7,54.8,8.8,47.3
TN011,14.0,30.0,62.0,19.0,19.0,50.0,0.9,10.4,1.8,6.6,48.2,9.0,29.6
TN011,30.0,66.0,72.4,16.4,12.0,41.4,0.9,21.2,1.9,9.3,47.3,8.3,39.0
TN011,66.0,100.0,65.0,24.0,11.0,25.0,0.9,24.9,2.0,3.4,41.6,9.0,40.5
TN012,0.0,17.0,68.0,15.0,17.0,18.2,1.5,18.8,1.7,5.6,43.2,29.6,35.2
TN012,17.0,37.0,67.0,16.0,17.0,18.2,1.6,18.1,1.6,5.6,38.6,28.4,34.9
TN012,37.0,67.0,74.0,12.0,14.0,18.2,1.5,19.4,2.1,5.9,43.3,27.9,41.1
TN012,67.0,84.0,75.0,11.0,14.0,18.2,1.4,10.5,2.0,5.8,43.1,11.6,35.2
TN012,84.0,117.0,80.0,9.0,11.0,18.2,1.4,29.2,2.1,5.6,48.3,29.6,28.6
TN013,0.0,15.0,93.0,2.0,5.0,18.2,1.7,21.5,2.0,11.0,51.4,9.4,37.7
TN013,15.0,33.0,90.0,3.0,7.0,18.2,1.8,17.1,2.3,10.6,48.1,12.3,24.2
TN013,33.0,65.0,80.0,6.0,14.0,18.2,1.8,17.2,2.0,14.9,48.7,17.6,33.6
TN013,65.0,86.0,70.0,12.0,18.0,18.2,1.7,13.2,2.1,10.4,47.9,11.7,35.3
TN013,86.0,120.0,66.0,14.0,20.0,18.2,1.8,13.6,1.9,10.5,48.2,10.9,33.9
TN013,120.0,145.0,67.0,14.0,19.0,18.2,1.3,18.4,2.5,6.6,45.2,6.1,32.5
TN014,0.0,9.0,59.0,19.0,22.0,18.2,1.5,27.0,1.9,6.4,37.6,17.2,28.1
TN014,9.0,23.0,76.0,12.0,12.0,18.2,1.6,11.9,2.0,10.8,20.9,20.3,38.3
TN014,23.0,82.0,62.0,21.0,17.0,18.2,1.6,23.9,2.0,11.6,57.8,20.0,29.0
TN014,82.0,112.0,82.0,7.0,11.0,18.2,1.6,30.0,1.7,4.6,33.2,23.7,33.6
TN014,112.0,142.0,79.0,10.0,11.0,18.2,1.6,24.1,1.8,5.6,52.0,13.5,32.0
TN014,142.0,180.0,76.0,8.0,16.0,18.2,1.8,23.8,1.7,2.9,52.1,26.9,38.3
TN014,180.0,229.0,84.0,6.0,10.0,18.2,1.3,24.5,2.0,4.3,42.0,20.5,32.9
TN015,0.0,13.0,63.0,15.0,22.0,18.2,1.6,25.5,1.3,6.5,21.8,5.8,36.6
TN015,13.0,35.0,63.0,15.0,22.0,18.2,1.6,17.8,1.9,7.3,54.9,7.3,40.8
TN015,35.0,46.0,62.0,15.0,23.0,18.2,1.6,21.4,1.8,3.7,39.0,24.6,36.3
TN015,46.0,67.0,59.0,15.0,26.0,18.2,1.7,18.9,1.8,7.2,43.7,14.6,20.8
TN015,67.0,79.0,53.0,16.0,31.0,18.2,1.7,21.8,1.7,9.9,24.0,21.5,35.7
TN015,79.0,150.0,48.0,21.0,31.0,18.2,1.8,23.5,1.6,7.2,36.6,18.6,46.7
TO001,0.0,27.0,19.0,33.0,48.0,18.2,0.9,21.5,1.7,10.7,22.8,24.6,25.4
TO001,27.0,43.0,25.1,34.6,40.4,18.2,0.9,24.6,1.8,10.3,35.8,12.1,22.5
TO001,43.0,85.0,28.0,33.0,39.0,18.2,0.9,21.0,1.7,5.0,38.6,14.5,21.6
TO001,85.0,150.0,27.0,38.0,35.0,18.2,0.9,25.2,2.2,8.1,49.6,13.2,40.3
TO001,150.0,170.0,24.6,34.6,40.6,18.2,0.9,28.6,1.5,5.6,36.8,8.6,36.1
TO002,0.0,8.0,5.0,46.0,49.0,18.2,0.9,20.6,1.9,11.8,36.0,22.0,31.2
TO002,8.0,45.0,8.0,46.0,46.0,18.2,0.9,21.2,1.7,12.3,36.0,14.8,25.0
TO002,45.0,100.0,6.4,47.2,46.7,18.2,0.9,20.9,1.4,11.2,32.7,11.9,26.5
TO002,100.0,140.0,6.0,49.0,45.0,18.2,0.9,20.8,1.8,8.0,39.0,9.5,24.4
TW001,0.0,10.0,20.0,46.0,34.0,18.2,1.5,25.4,2.1,14.0,38.5,18.2,36.0
TW001,10.0,22.0,18.0,46.0,36.0,18.2,1.5,15.7,2.0,6.2,38.0,21.4,49.3
TW001,22.0,42.0,11.0,40.0,49.0,18.2,1.7,21.2,2.1,11.0,47.3,18.5,43.7
TW001,42.0,73.0,10.0,38.0,52.0,18.2,1.7,27.0,1.8,13.4,38.4,10.4,40.1
TW001,73.0,108.0,9.0,37.0,54.0,18.2,1.7,19.2,2.0,10.9,23.3,23.0,46.6
TW001,108.0,128.0,10.0,35.0,55.0,18.2,1.6,22.2,1.7,10.5,42.7,17.7,39.4
TW001,128.0,146.0,10.0,35.0,55.0,18.2,1.6,22.0,1.7,11.0,41.9,8.4,34.7
TW001,146.0,178.0,11.0,34.0,55.0,18.2,1.7,22.0,2.3,10.9,38.8,17.9,28.5
TW001,178.0,217.0,11.0,36.0,53.0,18.2,1.6,26.3,2.0,11.4,38.4,27.3,39.8
UG001,0.0,13.0,45.0,14.0,41.0,5.0,1.6,18.1,1.4,5.6,43.2,28.4,39.2
UG001,13.0,24.0,46.0,14.0,40.0,10.0,1.6,19.9,2.0,5.3,42.5,20.7,28.1
UG001,24.0,47.0,28.0,7.0,65.0,50.0,1.4,16.8,1.7,5.2,56.6,20.7,27.5
UG001,47.0,80.0,31.0,7.0,62.0,50.0,1.4,15.9,1.4,2.7,22.1,20.9,25.1
UG001,80.0,122.0,29.0,7.0,64.0,35.0,1.8,27.7,1.7,7.6,43.0,28.6,22.6
UG001,122.0,150.0,25.0,12.0,63.0,15.0,1.4,19.7,2.0,5.8,50.9,10.0,28.2
UG001,150.0,175.0,31.0,15.0,54.0,70.0,1.5,19.5,2.0,3.7,43.3,16.1,24.2
UG002,0.0,13.0,38.0,12.0,50.0,18.2,1.2,29.1,1.8,10.4,37.4,9.9,28.1
UG002,13.0,25.0,27.0,8.0,65.0,18.2,1.5,17.2,1.8,9.1,36.9,9.5,28.1
UG002,25.0,54.0,26.0,8.0,66.0,18.2,1.5,26.6,1.5,10.9,33.9,9.3,28.1
UG002,54.0,86.0,24.0,7.0,69.0,18.2,1.5,18.8,1.9,9.6,43.9,9.2,22.1
UG002,86.0,112.0,23.0,7.0,70.0,18.2,1.4,11.2,2.0,9.0,49.9,10.8,28.2
UG002,112.0,150.0,24.0,6.0,70.0,18.2,1.4,19.6,2.1,6.7,37.3,8.2,29.3
UG002,150.0,195.0,21.0,8.0,71.0,18.2,1.2,16.8,1.6,8.8,21.7,9.8,34.0
UG003,0.0,10.0,52.0,16.0,32.0,25.0,1.3,19.3,2.0,9.0,40.5,24.4,37.5
UG003,10.0,18.0,52.0,15.0,33.0,25.0,1.3,25.0,2.1,9.1,41.2,26.7,24.3
UG003,18.0,30.0,55.0,13.0,32.0,40.0,1.6,19.1,2.0,6.0,40.6,26.8,29.3
UG003,30.0,64.0,40.0,8.0,52.0,70.0,1.4,19.2,1.7,9.7,40.9,26.8,24.9
UG003,64.0,97.0,35.0,12.0,53.0,80.0,2.1,13.0,1.9,8.2,51.8,28.5,33.1
UG003,97.0,102.0,47.2,12.8,40.7,48.2,1.4,19.3,1.6,12.7,30.0,26.4,27.5
UG004,0.0,10.0,34.0,12.0,54.0,60.0,1.4,15.1,2.4,7.0,25.7,27.5,39.0
UG004,10.0,23.0,36.0,12.0,52.0,10.0,1.6,18.4,2.1,6.8,59.1,8.9,30.0
UG004,23.0,47.0,24.0,5.0,71.0,15.0,1.6,25.1,2.0,7.1,25.4,22.6,28.1
UG004,47.0,66.0,23.0,6.0,71.0,10.0,1.5,23.8,1.6,6.8,46.7,22.7,34.7
UG004,66.0,89.0,24.0,5.0,71.0,10.0,1.4,10.2,2.1,2.1,49.7,29.4,37.9
UG004,89.0,124.0,25.0,6.0,69.0,10.0,1.3,18.3,1.6,2.3,40.8,25.5,37.1
UG004,124.0,160.0,25.0,12.0,63.0,60.0,1.5,18.5,2.4,15.0,41.4,22.4,34.0
UG005,0.0,17.0,53.0,15.0,32.0,5.0,1.7,27.7,2.1,10.5,39.0,27.6,34.1
UG005,17.0,35.0,33.0,10.0,57.0,5.0,1.6,21.1,1.6,10.8,24.6,27.6,24.7
UG005,35.0,56.0,31.0,10.0,59.0,5.0,1.6,29.2,2.1,13.6,48.3,29.6,28.6
UG005,56.0,90.0,29.0,10.0,61.0,5.0,1.6,11.2,1.8,13.8,53.6,20.6,34.3
UG005,90.0,110.0,28.0,11.0,61.0,10.0,1.6,13.8,2.1,9.9,41.2,29.8,33.4
UG005,110.0,132.0,27.0,10.0,63.0,30.0,1.4,21.9,2.0,10.8,28.7,27.1,33.6
UG005,132.0,142.0,28.0,14.0,58.0,10.3,1.5,25.3,1.7,4.2,53.6,29.0,49.8
UG006,0.0,18.0,51.0,17.0,32.0,18.2,1.4,16.0,2.1,9.2,35.4,17.3,33.2
UG006,18.0,38.0,43.0,17.0,40.0,18.2,1.4,16.2,1.9,9.2,50.0,25.7,20.7
UG006,38.0,61.0,49.0,20.0,31.0,18.2,1.8,15.8,1.8,11.4,35.8,9.8,35.9
UG006,61.0,80.0,56.0,18.0,26.0,18.2,1.8,16.3,1.4,13.3,36.0,19.6,49.1
UG006,80.0,109.0,51.0,16.0,33.0,18.2,1.8,15.8,2.0,9.0,35.7,19.6,35.3
UG006,109.0,155.0,44.0,13.0,43.0,18.2,1.9,16.3,1.7,5.9,30.2,19.5,32.8
UG006,155.0,205.0,47.0,15.0,38.0,18.2,1.8,16.2,2.2,6.8,26.5,26.3,22.5
UG007,0.0,15.0,52.0,19.0,29.0,12.9,1.5,26.2,2.1,8.9,54.8,17.1,49.2
UG007,15.0,36.0,50.0,18.0,32.0,13.5,1.8,18.3,2.0,12.0,54.7,17.1,42.8
UG007,36.0,56.0,38.0,15.0,47.0,5.0,1.7,25.2,1.6,11.9,54.8,10.1,38.6
UG007,56.0,79.0,35.0,14.0,51.0,5.0,1.6,18.7,2.3,14.8,54.5,19.7,41.5
UG007,79.0,100.0,33.0,12.0,55.0,15.0,1.6,10.5,2.4,11.5,54.7,16.8,44.2
UG007,100.0,130.0,31.0,13.0,56.0,20.0,1.6,10.4,2.4,11.8,54.5,17.4,30.4
UG007,113.0,200.0,27.0,18.0,55.0,20.0,1.6,20.8,2.0,11.7,54.9,21.3,41.4
UG008,0.0,15.0,38.0,16.0,46.0,7.8,1.6,18.0,1.9,7.3,28.2,17.4,41.8
UG008,15.0,38.0,38.0,14.0,48.0,8.2,1.6,15.0,1.9,8.1,33.9,29.8,41.8
UG008,38.0,63.0,25.0,13.0,62.0,7.0,1.6,17.4,1.8,7.2,34.6,17.1,38.5
UG008,63.0,86.0,23.0,12.0,65.0,8.3,1.2,15.7,2.0,6.2,34.7,21.4,49.3
UG008,86.0,120.0,22.0,12.0,66.0,10.0,1.5,23.8,2.0,9.2,34.6,6.4,41.5
UG008,120.0,160.0,22.0,13.0,65.0,10.0,1.2,17.3,1.9,6.1,34.6,11.6,41.6
UG008,160.0,200.0,22.0,12.0,66.0,5.0,1.4,16.0,1.8,6.0,40.2,16.8,36.4
UG009,0.0,15.0,55.0,16.0,29.0,25.0,1.2,28.9,1.8,9.1,37.1,14.7,23.1
UG009,15.0,30.0,52.0,12.0,36.0,70.0,1.2,20.8,1.7,8.0,47.5,14.5,31.9
UG009,30.0,53.0,38.0,11.0,51.0,50.0,1.5,24.0,1.5,2.3,47.4,14.4,30.2
UG009,53.0,81.0,32.0,10.0,58.0,35.0,1.5,18.3,1.9,13.6,47.8,22.1,48.8
UG009,81.0,137.0,27.0,11.0,62.0,25.0,1.5,23.2,2.0,11.6,57.8,15.1,29.0
UG009,137.0,163.0,26.0,20.0,54.0,15.0,1.5,26.8,1.5,9.1,47.4,7.5,29.6
UG010,0.0,20.0,71.0,14.0,15.0,18.2,1.3,21.4,1.7,9.3,41.5,18.4,40.0
UG010,20.0,37.0,73.0,13.0,14.0,18.2,1.2,21.3,1.9,6.0,57.2,17.6,40.3
UG010,37.0,51.0,73.0,13.0,14.0,18.2,1.6,26.0,1.8,7.9,28.3,17.7,47.3
UG010,51.0,76.0,61.0,12.0,27.0,18.2,1.7,21.4,2.1,12.4,31.0,18.5,40.4
UG010,76.0,98.0,57.0,12.0,31.0,18.2,1.7,21.9,1.7,9.1,51.8,18.5,44.6
UG010,98.0,119.0,53.0,12.0,35.0,18.2,1.7,21.7,2.1,8.4,41.4,18.0,40.7
UG010,119.0,136.0,53.0,12.0,35.0,18.2,1.7,21.4,1.9,8.7,41.2,17.9,40.1
UG010,136.0,150.0,55.0,12.0,33.0,18.2,1.7,17.2,1.8,8.8,54.3,7.2,40.4
UG010,150.0,160.0,56.0,11.0,33.0,18.2,1.7,21.6,2.0,5.3,25.2,28.8,29.0
UG011,0.0,30.0,33.0,20.0,47.0,10.0,1.4,14.0,2.1,2.6,57.6,20.9,39.1
UG011,30.0,61.0,17.0,11.0,72.0,5.0,1.4,13.6,2.0,2.8,49.1,16.6,28.6
UG011,61.0,102.0,19.0,11.0,70.0,5.0,1.4,14.0,2.0,2.6,48.6,17.1,35.3
UG011,102.0,150.0,21.0,9.0,70.0,5.0,1.4,13.9,2.3,3.1,49.9,10.8,35.3
UG011,150.0,185.0,18.0,8.0,74.0,5.0,1.4,13.5,2.3,2.9,39.2,16.2,38.5
UG012,0.0,20.0,32.0,18.0,50.0,5.0,1.2,27.0,2.1,13.4,51.5,10.4,31.7
UG012,20.0,51.0,24.0,12.0,64.0,5.0,1.4,27.2,1.5,11.0,43.6,10.3,29.3
UG012,51.0,79.0,23.0,11.0,66.0,5.0,1.4,10.4,1.7,11.8,32.3,6.0,30.4
UG012,79.0,99.0,24.0,12.0,64.0,5.0,1.4,26.6,1.8,11.1,44.2,11.1,49.3
UG012,99.0,119.0,25.0,12.0,63.0,5.0,1.4,25.5,1.8,10.5,40.0,9.7,25.1
UG012,119.0,160.0,25.0,12.0,63.0,5.0,1.4,16.0,2.4,7.9,44.2,5.7,28.6
UG012,160.0,191.0,21.0,19.0,60.0,10.0,1.5,12.3,1.8,9.6,52.4,21.9,29.9
US001,0.0,30.0,38.1,29.1,33.7,18.2,1.0,21.6,1.9,9.6,39.8,13.0,34.2
US001,30.0,53.0,38.1,29.1,33.7,18.2,1.1,21.6,2.0,7.5,46.1,17.4,30.8
US001,53.0,69.0,38.1,29.1,33.7,18.2,1.2,21.4,2.1,9.9,39.6,17.7,33.4
US001,69.0,122.0,38.1,29.1,33.7,18.2,1.2,21.9,2.4,10.7,40.3,18.1,39.8
US001,122.0,150.0,38.1,29.1,33.7,18.2,1.2,22.0,2.2,9.2,33.9,22.2,33.9
US002,0.0,25.0,38.1,29.1,33.7,18.2,1.1,17.6,1.9,9.5,23.7,22.3,30.8
US002,25.0,38.0,38.1,29.1,33.7,18.2,1.2,17.8,2.2,10.6,21.1,19.7,23.0
US002,38.0,84.0,38.1,29.1,33.7,18.2,1.3,17.9,1.9,7.6,39.9,29.0,22.5
US002,84.0,178.0,38.1,29.1,33.7,18.2,1.3,17.9,1.8,9.5,28.1,8.8,47.3
US003,0.0,25.0,38.1,29.1,33.7,18.2,0.9,19.5,2.2,11.4,30.3,16.9,45.4
US003,25.0,43.0,38.1,29.1,33.7,18.2,0.7,19.3,2.0,11.5,41.3,5.9,44.5
US003,43.0,64.0,38.1,29.1,33.7,18.2,0.5,28.0,1.9,11.3,46.4,26.3,41.5
US003,64.0,77.0,38.1,29.1,33.7,18.2,0.8,11.5,2.0,11.1,36.1,12.2,41.6
US003,77.0,100.0,38.1,29.1,33.7,18.2,0.6,19.8,1.9,11.1,21.7,13.2,35.9
US004,0.0,20.0,38.1,29.1,33.7,18.2,0.7,26.8,2.1,9.4,55.8,23.2,39.5
US004,20.0,41.0,38.1,29.1,33.7,18.2,0.7,18.6,1.8,8.7,52.9,23.3,46.3
US004,41.0,74.0,38.1,29.1,33.7,18.2,0.8,14.8,1.8,3.9,59.0,29.9,44.3
US004,74.0,99.0,38.1,29.1,33.7,18.2,0.9,12.6,2.0,9.6,52.9,22.4,44.2
US004,99.0,145.0,38.1,29.1,33.7,18.2,1.2,19.3,1.8,11.9,56.0,15.8,46.3
US004,145.0,165.0,38.1,29.1,33.7,18.2,1.2,18.8,1.9,11.6,39.4,23.3,45.4
US005,0.0,23.0,27.0,49.0,24.0,18.2,0.9,20.8,2.0,7.8,54.9,21.3,42.8
US005,23.0,41.0,22.0,62.0,16.0,18.2,0.8,19.7,1.7,9.5,27.4,29.9,48.9
US005,41.0,63.0,24.0,62.0,14.0,18.2,0.8,29.9,2.0,5.8,39.1,24.8,33.4
US005,63.0,76.0,88.0,10.0,2.0,18.2,0.8,14.0,2.0,2.9,39.2,24.3,44.1
US005,76.0,99.0,27.0,54.0,19.0,18.2,0.8,15.7,1.7,6.2,38.0,21.4,49.3
US005,99.0,119.0,37.5,47.3,14.5,18.2,1.1,19.7,2.4,13.8,37.0,26.6,46.3
US006,0.0,10.0,38.1,29.1,33.7,18.2,0.8,16.7,1.6,10.2,51.8,25.8,44.6
US006,10.0,20.0,38.1,29.1,33.7,18.2,0.8,17.5,1.9,10.8,47.5,25.4,22.3
US006,20.0,41.0,38.1,29.1,33.7,18.2,1.0,17.3,2.0,10.3,30.8,25.1,36.9
US006,41.0,66.0,38.1,29.1,33.7,18.2,0.7,21.9,1.6,9.1,51.8,25.6,44.6
US006,66.0,88.0,38.1,29.1,33.7,18.2,0.8,12.5,2.2,10.2,53.9,25.2,37.2
US007,-25.0,-8.0,46.5,44.9,8.9,18.2,0.2,18.8,1.9,2.4,45.1,7.0,35.0
US007,-8.0,20.9,46.1,44.8,8.9,18.2,0.9,18.2,2.1,9.9,49.4,10.7,35.1
US007,0.0,5.0,41.0,51.0,8.0,18.2,0.9,12.4,2.0,8.0,52.3,8.2,35.1
US007,5.0,8.0,45.9,44.7,8.8,18.2,0.5,24.9,2.1,10.5,45.1,9.4,34.4
US007,8.0,20.0,51.0,39.0,10.0,18.2,0.5,13.4,1.6,7.7,34.1,9.1,23.6
US007,20.0,30.0,46.5,45.4,9.4,18.2,0.2,18.1,2.3,8.1,45.2,9.5,34.3
US007,30.0,33.0,46.4,44.9,8.9,18.2,0.4,18.5,2.4,8.1,45.9,9.4,30.4
US007,33.0,56.0,45.7,44.7,9.1,18.2,0.2,21.9,2.0,8.1,45.3,12.1,49.9
US008,-10.0,30.3,51.1,43.3,4.5,18.2,0.8,25.3,1.7,11.4,43.7,8.8,33.2
US008,0.0,5.0,36.0,58.0,6.0,18.2,0.6,24.6,2.1,9.0,31.0,7.6,38.3
US008,5.0,13.0,51.0,42.0,7.0,18.2,0.6,29.3,2.0,9.8,50.9,8.3,33.4
US008,13.0,23.0,51.8,43.8,4.8,18.2,0.8,24.9,1.5,9.7,53.7,7.1,33.8
US008,23.0,33.0,51.4,44.1,5.1,18.2,1.3,20.6,1.8,7.3,40.1,7.8,28.5
US008,33.0,76.0,67.0,31.0,2.0,18.2,1.0,24.8,1.9,8.1,41.7,7.5,33.7
US009,0.0,10.0,94.0,1.0,5.0,18.2,1.9,21.8,1.6,9.8,57.7,27.7,35.4
US009,10.0,17.0,93.0,2.0,5.0,18.2,2.1,22.0,1.8,14.9,34.5,18.5,35.4
US009,17.0,39.0,90.0,2.0,8.0,18.2,1.6,21.5,1.6,10.1,58.4,17.4,48.6
US009,39.0,75.0,90.0,3.0,7.0,18.2,1.6,21.9,1.7,9.2,49.3,6.4,49.4
US009,75.0,98.0,89.0,4.0,7.0,18.2,1.6,18.5,1.5,10.8,52.8,17.6,35.1
US009,98.0,102.0,79.0,15.0,6.0,18.2,1.8,21.8,1.7,10.6,50.1,17.7,23.5
US009,102.0,133.0,89.0,7.0,4.0,18.2,1.7,24.5,1.9,4.8,55.0,17.4,34.9
US009,133.0,150.0,14.0,70.0,16.0,18.2,1.2,21.9,2.0,13.4,40.0,17.2,20.5
US010,0.0,23.0,47.0,35.0,18.0,18.2,1.4,15.9,2.0,11.9,49.2,24.7,27.8
US010,23.0,43.0,34.0,54.0,12.0,18.2,2.0,12.3,1.8,4.7,42.1,5.8,33.1
US010,43.0,58.0,34.0,50.0,16.0,18.2,2.2,19.6,2.0,6.3,54.7,20.8,39.7
US010,58.0,69.0,46.0,40.0,14.0,18.2,1.4,16.0,1.6,6.6,36.4,13.5,36.3
US010,69.0,78.0,61.0,30.0,9.0,18.2,2.2,15.7,1.8,4.1,27.4,10.0,36.5
US010,78.0,135.0,74.0,17.0,9.0,18.2,1.6,16.3,1.7,6.9,40.4,12.6,43.2
US010,135.0,153.0,49.6,37.8,12.6,18.2,1.8,15.5,2.1,5.6,41.6,8.6,36.1
US011,0.0,36.0,95.0,6.0,23.6,5.0,0.9,20.3,2.3,10.0,39.6,10.5,20.1
US011,36.0,40.0,88.0,11.0,1.0,5.0,0.9,20.2,1.7,4.1,40.1,10.0,33.4
US011,48.0,76.0,79.0,18.0,3.0,2.0,0.9,20.4,2.0,9.9,26.5,5.7,33.9
US011,76.0,107.0,46.0,16.0,38.0,2.0,0.9,20.5,2.0,9.6,60.0,10.6,31.1
US011,107.0,137.0,45.0,14.0,41.0,5.0,0.9,21.9,2.5,6.3,34.9,10.3,33.7
US011,137.0,150.0,42.0,25.0,33.0,3.8,0.9,27.0,1.6,13.4,51.5,10.4,45.5
US011,150.0,163.0,49.0,24.0,27.0,3.3,0.9,20.2,2.0,13.0,33.1,10.6,33.5
US011,163.0,180.0,32.0,37.0,31.0,4.3,0.9,20.9,1.8,11.6,32.0,10.4,23.3
US011,180.0,193.0,60.0,23.0,17.0,3.6,0.9,12.6,2.2,10.2,39.7,14.5,49.4
US012,0.0,18.0,7.0,36.0,57.0,18.2,1.8,13.7,1.9,14.1,34.5,12.3,47.5
US012,18.0,71.0,5.0,39.0,56.0,18.2,1.4,15.3,1.3,3.3,27.2,13.3,41.5
US012,71.0,112.0,5.0,37.0,58.0,18.2,2.0,21.1,1.6,13.7,24.6,18.0,41.5
US012,112.0,160.0,4.0,37.0,59.0,18.2,2.2,18.4,1.8,3.5,36.7,28.0,43.4
US012,160.0,188.0,6.0,35.0,59.0,18.2,1.9,25.4,1.6,14.0,31.2,17.0,41.6
US012,188.0,213.0,6.0,38.0,56.0,18.2,2.2,18.7,1.7,9.0,30.9,23.3,36.9
US012,213.0,284.0,6.0,40.0,54.0,18.2,1.8,19.0,1.7,4.4,30.9,12.2,39.8
US013,0.0,20.0,67.0,23.0,10.0,3.3,1.6,25.7,1.8,10.1,41.9,15.9,31.7
US013,20.0,41.0,59.0,23.0,18.0,3.8,1.5,29.9,2.0,9.9,41.4,15.4,36.1
US013,41.0,81.0,58.0,20.0,22.0,3.8,1.8,25.8,2.0,10.8,41.6,15.6,24.9
US013,81.0,122.0,63.0,17.0,20.0,2.0,1.7,25.7,2.2,10.8,32.5,10.5,36.4
US013,122.0,164.0,70.0,15.0,15.0,5.0,1.7,21.2,1.9,9.3,47.3,18.4,43.7
US013,164.0,275.0,76.0,6.0,18.0,3.7,1.7,25.7,1.8,11.4,48.1,14.2,36.8
US013,275.0,375.0,85.0,5.0,10.0,3.5,1.7,25.1,2.3,10.5,39.4,18.7,45.4
US014,0.0,17.0,64.0,23.0,13.0,5.1,1.6,23.6,1.8,8.0,31.6,9.5,41.8
US014,17.0,44.0,55.0,24.0,21.0,5.1,1.6,25.6,1.7,5.6,32.4,24.0,46.1
US014,44.0,77.0,49.0,23.0,28.0,5.1,1.8,15.9,2.1,14.1,31.9,18.5,41.7
US014,77.0,123.0,58.0,20.0,22.0,5.2,2.0,28.0,1.7,8.2,32.0,15.0,43.8
US014,123.0,153.0,66.0,17.0,17.0,5.2,1.8,23.7,1.6,8.9,32.9,17.1,49.2
US014,153.0,207.0,67.0,15.0,18.0,5.0,1.8,23.5,1.5,7.8,31.9,26.0,48.3
US014,207.0,247.0,83.0,3.0,14.0,4.9,1.8,24.2,2.2,2.4,35.5,18.3,41.6
US014,247.0,283.0,80.0,1.0,19.0,5.0,1.6,23.0,2.0,7.9,27.4,18.3,21.7
US015,0.0,28.0,43.0,49.0,8.0,18.2,1.6,12.6,1.3,9.1,53.8,14.5,42.2
US015,28.0,36.0,60.0,33.0,7.0,18.2,1.7,27.0,1.7,9.8,24.0,17.1,42.6
US015,36.0,53.0,61.0,28.0,11.0,18.2,1.8,25.3,2.0,9.3,53.6,29.0,43.1
US015,53.0,69.0,66.0,20.0,14.0,18.2,1.8,16.9,1.5,11.4,54.8,8.8,42.3
US015,69.0,77.0,75.0,12.0,13.0,18.2,1.8,22.4,1.8,14.5,44.1,18.1,42.5
US015,77.0,99.0,84.0,7.0,9.0,18.2,1.8,22.2,1.6,9.0,34.2,17.2,42.7
US015,99.0,112.0,84.0,8.0,8.0,18.2,2.2,22.5,2.2,9.9,43.7,18.1,43.0
US015,112.0,150.0,88.0,7.0,5.0,18.2,1.4,29.3,1.8,2.5,44.4,17.3,42.7
US016,-5.0,-3.0,70.0,29.0,1.0,27.2,0.7,26.1,1.7,2.4,29.8,13.7,39.8
US016,-3.0,57.6,51.0,41.0,8.0,27.1,0.8,29.0,2.2,7.6,30.3,13.9,45.4
US016,0.0,10.0,55.0,41.0,4.0,10.0,0.8,21.3,1.7,3.7,30.0,13.9,38.3
US016,10.0,28.0,75.0,22.0,3.0,10.0,1.1,12.8,1.7,13.0,27.1,21.9,28.2
US016,28.0,46.0,79.0,18.0,3.0,16.0,1.1,11.3,2.2,11.6,21.3,9.3,35.1
US016,46.0,63.0,90.0,8.0,2.0,29.0,1.2,26.3,2.2,7.7,50.6,11.9,21.1
US016,63.0,109.0,79.0,19.0,2.0,48.0,0.4,20.7,2.3,5.6,30.3,8.6,36.1
US016,109.0,152.0,71.2,25.5,3.6,48.0,0.8,21.4,1.7,7.6,21.1,17.1,35.2
US017,0.0,3.0,52.0,37.0,11.0,30.0,1.8,25.2,1.4,7.9,50.1,16.7,41.2
US017,3.0,8.0,51.0,34.0,15.0,30.0,1.1,25.4,2.1,8.6,47.6,17.0,49.1
US017,8.0,20.0,50.0,34.0,16.0,30.0,1.3,26.0,2.0,8.6,60.0,17.2,43.6
US017,20.0,38.0,45.0,33.0,22.0,40.0,1.5,25.5,1.9,12.6,39.5,24.0,42.8
US017,38.0,46.0,49.0,28.0,23.0,20.0,1.6,24.8,2.0,4.0,53.6,16.7,43.1
US017,46.0,51.0,49.4,32.7,17.8,30.0,1.5,25.2,1.6,8.7,50.0,10.1,38.6
US018,0.0,8.0,11.0,79.0,10.0,40.0,1.8,26.1,2.1,9.8,43.8,7.1,26.9
US018,8.0,30.0,13.0,75.0,12.0,40.0,1.0,16.8,2.2,6.7,44.0,29.9,48.9
US018,30.0,48.0,5.0,55.0,40.0,40.0,1.7,20.1,1.9,4.8,43.8,11.0,47.4
US018,48.0,66.0,6.0,24.0,70.0,40.0,1.4,17.8,1.8,2.3,44.3,19.3,40.8
US018,66.0,94.0,10.0,22.0,68.0,50.0,1.5,19.1,2.1,6.8,34.8,18.7,40.9
US018,91.0,203.0,18.0,19.0,63.0,70.0,1.5,19.9,2.3,10.2,53.6,28.3,21.9
US019,0.0,7.0,61.0,30.0,9.0,1.5,1.4,27.7,1.8,2.4,52.9,18.2,42.1
US019,7.0,16.0,59.0,24.0,17.0,2.0,1.6,27.4,2.1,8.2,42.7,17.8,30.2
US019,16.0,27.0,33.0,14.0,53.0,1.9,1.8,28.1,2.1,8.1,43.2,17.1,49.2
US019,27.0,60.0,28.0,16.0,56.0,1.9,1.8,28.2,2.1,9.7,43.2,18.3,34.9
US019,60.0,70.0,35.0,17.0,48.0,2.2,1.8,27.6,2.0,7.9,53.4,18.5,32.1
US019,70.0,85.0,57.0,14.0,29.0,1.8,1.9,27.9,1.7,13.0,43.7,19.5,20.1
US019,85.0,101.0,84.0,11.0,5.0,2.1,2.1,28.2,2.1,8.2,24.9,18.7,34.7
US020,-8.0,-3.0,44.0,47.0,9.0,18.7,1.3,17.2,1.7,13.4,38.0,26.4,39.1
US020,-3.0,37.4,21.0,62.0,17.0,19.4,1.2,16.9,2.0,11.8,38.0,21.1,38.9
US020,0.0,5.0,15.0,63.0,22.0,19.1,1.1,19.5,2.0,11.1,38.0,21.4,39.4
US020,5.0,10.0,15.0,58.0,27.0,18.7,1.4,17.3,2.1,10.8,47.7,21.4,31.6
US020,10.0,20.0,25.0,50.0,25.0,5.0,1.7,17.5,2.0,11.3,37.3,21.8,39.1
US020,20.0,41.0,34.0,42.0,24.0,10.0,1.6,10.5,1.7,12.0,45.3,11.4,47.9
US020,41.0,64.0,21.0,47.0,32.0,10.0,1.6,21.3,2.2,12.9,31.2,21.5,38.1
US020,64.0,71.0,25.2,53.1,22.3,20.0,1.4,17.5,1.8,9.1,37.1,21.0,39.3
US020,71.0,94.0,25.4,52.2,22.0,50.0,1.1,17.1,1.9,11.8,26.5,26.3,39.0
US021,0.0,10.0,24.0,58.0,18.0,10.0,1.4,16.4,1.3,6.0,33.2,11.5,37.6
US021,10.0,25.0,21.0,56.0,23.0,5.0,1.6,16.4,1.6,3.5,26.9,21.2,38.0
US021,25.0,43.0,19.0,32.0,49.0,5.0,1.8,16.2,1.7,4.9,24.9,23.6,37.5
US021,43.0,58.0,17.0,30.0,53.0,9.7,1.8,16.3,1.6,6.5,46.5,9.2,37.7
US021,58.0,76.0,23.0,33.0,44.0,20.0,1.3,16.3,1.7,5.9,32.9,19.5,37.7
US021,76.0,122.0,70.0,17.0,13.0,9.9,1.7,16.2,1.7,9.9,33.2,29.8,37.9
US022,0.0,10.0,76.0,15.0,9.0,9.9,0.9,15.0,1.8,10.1,44.4,16.1,34.2
US022,10.0,38.0,72.0,14.0,14.0,9.5,0.9,15.0,2.0,6.7,44.1,16.0,25.9
US022,38.0,56.0,67.0,15.0,18.0,10.3,0.9,12.2,1.9,9.0,52.7,29.9,34.4
US022,56.0,91.0,65.0,14.0,21.0,9.8,0.9,15.0,2.0,11.5,44.1,15.7,44.5
US022,91.0,114.0,64.0,17.0,19.0,5.0,0.9,10.4,1.8,9.2,50.9,10.0,38.5
US022,114.0,137.0,60.0,25.0,15.0,15.0,0.9,21.4,2.5,9.9,29.6,7.9,34.0
US022,137.0,203.0,50.0,35.0,15.0,10.1,0.9,15.1,1.7,9.4,44.0,16.1,27.8
US023,0.0,5.0,81.0,14.0,5.0,18.2,1.5,13.3,2.0,11.9,21.9,13.5,33.2
US023,5.0,10.0,76.0,15.0,9.0,18.2,1.6,10.9,2.0,7.0,39.9,28.8,44.2
US023,10.0,28.0,70.0,16.0,14.0,18.2,1.4,15.0,2.3,2.9,24.2,18.4,23.9
US023,28.0,51.0,42.0,30.0,28.0,18.2,2.0,14.0,2.1,6.8,32.9,18.2,32.6
US023,51.0,60.0,67.4,19.2,13.7,18.2,1.7,13.2,2.2,8.2,45.7,13.0,30.0
US024,-13.0,46.8,39.4,53.1,7.1,18.2,0.8,25.5,2.1,13.0,40.9,24.2,25.1
US024,0.0,8.0,35.0,58.0,7.0,18.2,0.7,20.6,1.7,13.8,40.5,19.9,42.7
US024,8.0,10.0,44.0,48.0,8.0,18.2,0.7,20.3,1.9,3.4,41.2,26.8,40.8
US024,10.0,15.0,36.0,58.0,6.0,18.2,1.1,20.2,1.6,9.1,41.1,29.6,36.3
US024,15.0,36.0,26.0,68.0,6.0,18.2,1.0,20.6,1.7,8.5,44.6,18.1,36.3
US024,36.0,41.0,69.0,27.0,4.0,18.2,1.3,21.6,2.1,8.6,41.4,28.8,36.6
US024,41.0,64.0,33.0,54.0,13.0,18.2,0.8,14.0,1.8,2.9,39.2,24.2,36.5
US024,64.0,152.0,31.0,60.0,9.0,18.2,1.0,20.4,1.8,8.6,39.2,25.0,36.7
US025,0.0,5.0,24.0,60.0,16.0,5.0,1.4,24.7,2.0,14.7,37.1,17.2,45.3
US025,5.0,15.0,22.0,64.0,14.0,5.0,1.4,16.0,1.8,10.5,37.0,23.3,35.9
US025,15.0,25.0,18.0,61.0,21.0,6.6,1.4,28.4,2.2,7.1,37.2,17.4,36.5
US025,25.0,56.0,13.0,37.0,50.0,5.0,1.7,21.2,2.1,11.1,41.4,10.6,46.2
US025,56.0,71.0,15.0,40.0,45.0,5.0,1.3,20.7,2.2,10.4,37.4,16.5,28.7
US025,71.0,124.0,50.0,33.0,17.0,10.0,1.2,15.8,1.7,11.0,32.7,16.8,24.2
US025,124.0,152.0,63.0,27.0,10.0,10.0,1.2,19.5,1.4,11.2,37.3,17.3,35.7
US026,0.0,13.0,2.0,81.0,17.0,18.2,1.5,28.8,1.8,9.5,36.7,28.0,30.4
US026,13.0,36.0,2.0,75.0,23.0,18.2,1.5,25.9,2.2,10.4,47.6,29.5,25.2
US026,36.0,69.0,2.0,77.0,21.0,18.2,2.0,25.9,1.7,13.9,48.2,27.3,30.6
US026,69.0,127.0,2.0,80.0,18.0,18.2,1.5,26.3,1.8,4.4,48.1,28.6,35.0
US026,127.0,155.0,1.0,81.0,18.0,18.2,1.6,22.8,1.6,10.0,59.0,28.3,30.0
US027,0.0,13.0,16.0,56.0,28.0,24.8,0.9,20.4,1.8,8.6,45.7,12.2,29.6
US027,13.0,28.0,18.0,51.0,31.0,24.8,0.9,20.9,2.1,8.8,46.1,12.3,31.0
US027,28.0,38.0,17.0,46.0,37.0,25.4,0.9,14.5,1.9,4.3,46.2,12.1,26.5
US027,38.0,61.0,19.0,38.0,43.0,25.4,0.9,20.5,2.2,9.2,55.1,12.5,45.7
US027,61.0,94.0,21.0,37.0,42.0,25.3,0.9,27.4,2.1,8.6,49.4,10.7,48.6
US027,94.0,107.0,30.0,31.0,39.0,25.0,0.9,28.9,2.0,14.0,53.4,12.4,33.9
US027,107.0,122.0,30.0,32.0,38.0,25.1,0.9,11.2,1.8,9.0,49.9,10.8,20.0
US027,122.0,183.0,30.0,33.0,37.0,25.1,0.9,20.1,1.9,7.7,22.8,11.8,32.4
US027,183.0,224.0,31.0,34.0,35.0,24.8,0.9,20.6,2.1,8.4,45.8,14.8,33.0
US028,0.0,25.0,97.0,1.0,2.0,18.2,1.7,23.8,2.4,13.4,40.0,26.4,20.5
US028,25.0,112.0,95.0,2.0,3.0,18.2,1.7,27.9,2.0,8.9,32.2,26.7,26.7
US028,112.0,157.0,95.0,2.0,3.0,18.2,1.6,21.6,1.9,9.4,46.1,24.9,30.8
US028,157.0,208.0,92.0,2.0,6.0,18.2,1.9,27.4,1.9,4.6,47.2,24.8,25.9
US028,208.0,221.0,94.0,4.0,2.0,18.2,1.6,14.5,1.7,9.0,57.8,21.3,26.3
US028,221.0,254.0,87.0,2.0,11.0,18.2,1.9,23.4,2.1,9.5,45.0,24.4,26.2
US029,0.0,25.0,87.0,9.0,4.0,18.2,0.9,24.2,1.6,14.0,33.9,17.8,36.5
US029,25.0,38.0,77.0,12.0,11.0,18.2,0.9,22.1,1.9,12.3,22.3,17.5,29.6
US029,38.0,56.0,71.0,11.0,18.0,18.2,0.9,22.0,1.8,6.6,33.9,19.2,39.1
US029,56.0,84.0,63.0,15.0,22.0,18.2,0.9,13.0,1.8,8.2,34.2,28.5,33.1
US029,84.0,102.0,67.0,9.0,24.0,18.2,0.9,20.6,1.6,7.5,57.7,14.2,36.8
US029,102.0,135.0,66.0,8.0,26.0,18.2,0.9,26.2,1.8,3.4,46.8,14.5,36.3
US029,135.0,193.0,69.0,7.0,24.0,18.2,0.9,20.3,1.6,6.1,21.6,18.2,36.0
US029,193.0,216.0,69.0,6.0,25.0,18.2,0.9,27.7,1.6,4.2,21.6,13.0,43.7
US030,-3.0,70.9,20.0,76.0,4.0,18.2,1.5,17.6,1.6,4.8,27.4,6.7,39.7
US030,0.0,3.0,9.0,85.0,6.0,18.2,1.0,17.9,1.9,8.0,48.1,15.6,41.1
US030,3.0,13.0,15.0,75.0,10.0,18.2,1.2,17.9,2.2,8.0,55.1,19.0,45.7
US030,13.0,25.0,23.0,42.0,35.0,18.2,1.6,16.8,2.1,8.7,39.8,26.0,39.0
US030,25.0,43.0,8.0,27.0,65.0,18.2,1.5,17.2,1.6,8.8,30.5,18.2,40.1
US030,43.0,78.0,2.0,23.0,75.0,18.2,1.5,18.6,1.9,8.0,39.0,11.0,38.9
US030,78.0,114.0,2.0,17.0,81.0,18.2,1.5,15.4,2.2,8.0,41.4,10.6,39.3
US030,114.0,129.0,15.0,66.0,19.0,18.2,1.0,21.5,1.9,8.1,40.6,15.2,38.9
US030,129.0,160.0,11.7,68.0,32.0,18.2,1.6,19.9,2.4,10.1,32.6,14.8,30.4
US031,0.0,13.0,38.0,58.0,4.0,18.2,0.3,18.9,2.1,3.9,43.4,14.3,27.6
US031,13.0,23.0,30.0,67.0,3.0,18.2,0.7,19.1,1.8,3.7,39.0,24.6,32.3
US031,23.0,26.0,28.0,55.0,17.0,18.2,1.8,10.9,2.0,3.6,24.3,5.4,29.8
US031,26.0,38.0,14.0,40.0,46.0,18.2,1.5,19.0,1.9,3.5,37.8,11.9,38.5
US031,38.0,54.0,6.0,35.0,59.0,18.2,1.5,27.9,1.8,3.3,51.2,13.5,32.2
US031,54.0,60.0,6.0,30.0,64.0,18.2,0.7,18.9,2.0,3.8,53.4,14.0,32.1
US032,0.0,5.0,46.0,38.0,16.0,15.0,1.8,19.9,1.8,10.7,32.6,5.9,31.5
US032,5.0,13.0,48.0,37.0,15.0,15.0,1.1,27.7,1.8,10.6,43.9,19.6,25.6
US032,13.0,28.0,43.0,37.0,20.0,5.0,1.6,23.6,1.4,9.5,44.5,20.1,49.0
US032,28.0,48.0,38.0,39.0,23.0,5.0,1.3,24.4,1.7,13.8,44.0,19.8,20.7
US032,48.0,61.0,33.0,41.0,26.0,5.0,1.4,22.9,2.2,9.8,43.9,27.7,22.2
US032,61.0,91.0,18.0,48.0,34.0,5.0,1.6,21.9,2.2,11.3,59.1,19.7,39.6
US032,91.0,127.0,11.0,52.0,37.0,5.0,1.6,25.7,2.1,10.7,27.7,22.8,31.3
US032,127.0,157.0,14.0,50.0,36.0,5.0,1.6,21.9,1.6,10.5,51.8,20.5,31.5
US032,157.0,178.0,14.0,50.0,36.0,7.2,1.4,13.1,1.9,11.0,50.6,23.5,31.7
US033,0.0,23.0,60.0,33.0,7.0,18.2,1.4,12.7,1.6,12.3,22.3,24.4,29.6
US033,23.0,42.0,59.0,34.0,7.0,18.2,1.5,10.6,2.1,12.0,51.1,18.0,32.9
US033,42.0,73.0,60.0,34.0,6.0,18.2,1.7,13.5,1.9,12.6,55.3,21.0,33.3
US033,73.0,91.0,62.0,29.0,9.0,18.2,1.8,13.2,1.7,12.1,50.9,21.0,33.5
US033,91.0,127.0,56.0,30.0,14.0,18.2,1.8,13.2,2.3,12.4,42.4,21.1,39.0
US033,128.0,187.0,73.0,22.0,5.0,18.2,1.8,15.7,2.2,11.8,25.2,21.1,31.3
US034,-2.0,135.9,87.0,9.0,4.0,18.2,1.7,15.4,2.1,5.7,23.5,21.8,29.2
US034,0.0,136.2,88.0,8.0,4.0,18.2,1.7,14.8,2.5,9.1,23.4,17.2,29.5
US034,0.0,25.0,85.0,7.0,8.0,18.2,1.7,15.5,2.3,5.7,23.5,11.9,30.5
US034,25.0,65.0,73.0,6.0,21.0,18.2,1.7,16.4,1.8,4.3,23.0,9.5,29.1
US034,65.0,82.0,71.0,3.0,26.0,18.2,1.9,13.0,1.9,8.2,22.9,28.5,33.1
US034,82.0,163.0,73.0,4.0,23.0,18.2,1.9,15.7,1.9,5.1,23.1,17.4,31.3
US034,136.0,170.0,79.0,5.7,22.0,18.2,2.0,15.1,2.1,4.8,22.9,13.0,22.2
US034,170.0,186.0,79.4,6.2,15.6,18.2,1.6,19.2,2.1,4.4,23.3,16.6,29.6
US034,186.0,260.0,79.1,6.0,15.0,18.2,2.0,11.0,1.6,2.3,22.8,17.4,30.2
US035,0.0,8.0,15.0,53.0,32.0,18.2,0.9,23.3,1.8,11.6,37.5,24.2,33.5
US035,8.0,23.0,12.0,44.0,44.0,18.2,0.9,18.6,2.1,5.2,39.7,7.4,33.3
US035,23.0,46.0,14.0,39.0,47.0,18.2,0.9,10.0,1.5,8.2,40.3,13.0,30.0
US035,46.0,81.0,14.0,40.0,46.0,18.2,0.9,18.9,1.6,10.8,40.1,13.6,32.9
US035,81.0,127.0,13.0,51.0,36.0,18.2,0.9,23.0,2.1,8.8,30.2,13.9,33.4
US035,127.0,203.0,17.0,49.0,34.0,18.2,0.9,19.2,2.4,7.2,52.3,10.4,36.7
US036,0.0,13.0,85.0,11.0,4.0,18.2,1.7,10.2,2.0,8.4,34.9,29.4,47.6
US036,13.0,38.0,83.0,11.0,6.0,18.2,1.8,17.2,2.1,12.7,30.0,23.9,47.4
US036,38.0,48.0,86.0,10.0,4.0,18.2,1.8,17.6,1.7,4.4,34.2,24.0,47.4
US036,48.0,69.0,68.0,10.0,22.0,18.2,1.7,17.6,2.1,11.4,26.7,24.2,46.9
US036,69.0,91.0,60.0,9.0,31.0,18.2,1.6,17.4,2.0,8.7,34.1,23.8,48.4
US036,91.0,117.0,56.0,9.0,35.0,18.2,1.6,16.9,1.6,8.5,46.6,18.6,47.4
US036,117.0,183.0,53.0,10.0,37.0,18.2,1.6,22.6,2.3,3.7,34.8,24.4,46.3
US037,0.0,15.0,4.0,83.0,13.0,18.2,1.6,10.6,2.5,7.4,38.4,19.7,21.6
US037,15.0,43.0,3.0,73.0,24.0,18.2,1.5,21.7,2.2,6.8,32.6,21.6,32.5
US037,43.0,69.0,5.0,74.0,21.0,18.2,1.2,25.5,1.7,10.6,29.6,12.3,32.9
US037,69.0,86.0,4.0,80.0,16.0,18.2,1.6,20.4,1.9,14.9,39.4,18.9,32.4
US037,86.0,142.0,3.0,75.0,22.0,18.2,1.7,21.6,2.0,4.0,53.6,17.1,27.7
US037,142.0,185.0,3.0,79.0,18.0,18.2,2.0,19.1,2.0,2.2,57.3,15.5,49.0
US037,185.0,224.0,3.0,80.0,17.0,18.2,1.7,29.2,1.7,5.9,38.6,19.0,42.6
US037,224.0,254.0,6.0,77.0,17.0,18.2,2.0,23.3,2.1,7.8,37.5,24.2,27.9
US037,254.0,284.0,7.0,76.0,17.0,18.2,1.1,21.1,2.6,10.7,22.8,24.6,25.4
US038,0.0,8.0,69.0,28.0,3.0,18.2,1.4,12.8,2.1,9.5,48.3,21.9,35.7
US038,8.0,23.0,66.0,29.0,5.0,18.2,1.5,22.2,1.7,11.1,21.7,15.0,34.0
US038,23.0,51.0,33.0,29.0,38.0,18.2,1.6,29.4,2.1,6.8,56.7,15.6,24.5
US038,51.0,69.0,42.0,31.0,27.0,18.2,1.6,22.6,2.2,9.7,59.6,5.8,34.2
US038,69.0,99.0,54.0,33.0,13.0,18.2,1.7,29.5,2.2,10.7,55.8,11.4,35.9
US038,99.0,140.0,84.0,9.0,7.0,18.2,1.6,13.5,2.1,9.4,48.9,15.1,47.4
US038,140.0,173.0,90.0,5.0,5.0,18.2,1.6,22.4,2.2,9.1,48.0,15.1,46.0
US038,173.0,203.0,86.0,10.0,4.0,18.2,1.5,26.6,1.6,9.8,48.1,22.2,29.7
US039,0.0,4.0,91.0,5.0,4.0,10.0,1.9,15.4,1.3,7.5,22.3,17.9,35.6
US039,4.0,12.0,92.0,3.0,5.0,33.5,1.8,23.4,2.1,6.7,48.9,14.8,34.2
US039,12.0,25.0,83.0,5.0,12.0,33.6,1.6,23.5,1.7,6.7,35.4,18.1,40.0
US039,25.0,42.0,78.0,7.0,15.0,33.9,1.6,22.8,2.2,7.4,35.3,9.9,39.5
US039,42.0,54.0,78.0,6.0,16.0,35.0,1.6,29.2,1.9,5.9,23.8,17.2,42.6
US039,54.0,90.0,88.0,3.0,9.0,45.0,1.6,22.0,1.5,7.4,47.8,27.0,27.7
US039,90.0,127.0,89.0,4.0,7.0,45.0,1.8,28.1,1.7,7.0,34.6,16.7,49.5
US039,127.0,165.0,92.0,3.0,5.0,34.1,1.3,20.3,1.8,5.3,32.6,20.3,48.5
US039,165.0,221.0,95.0,2.0,3.0,34.0,1.6,23.0,1.7,6.4,35.4,11.8,43.6
US040,0.0,5.0,6.0,50.0,44.0,18.2,1.9,22.3,1.9,13.3,27.5,25.8,36.9
US040,5.0,19.0,3.0,46.0,51.0,18.2,1.8,28.2,2.2,13.4,23.0,25.8,28.0
US040,19.0,31.0,3.0,49.0,48.0,18.2,1.8,14.9,1.6,13.1,32.2,26.3,40.1
US040,31.0,66.0,6.0,51.0,43.0,18.2,1.6,11.6,2.2,13.1,31.7,26.1,30.8
US040,66.0,100.0,3.0,53.0,44.0,18.2,1.8,15.0,2.1,13.5,44.7,26.3,34.2
US041,0.0,2.0,75.0,19.0,6.0,49.6,1.4,14.4,1.1,10.3,51.2,19.0,32.6
US041,0.0,5.0,70.0,20.0,10.0,35.0,1.2,14.5,1.9,10.0,51.3,27.6,29.3
US041,5.0,13.0,81.0,10.0,9.0,50.0,1.5,14.3,1.6,9.5,48.8,18.4,32.7
US041,13.0,28.0,85.0,10.0,5.0,65.0,1.7,15.1,1.7,10.0,49.9,19.1,32.8
US041,28.0,60.0,77.8,14.6,7.2,50.3,1.1,14.4,1.4,11.4,55.3,9.8,35.9
US042,0.0,18.0,26.0,63.0,11.0,18.2,1.4,17.8,1.8,2.3,54.9,7.3,40.8
US042,18.0,33.0,19.0,67.0,14.0,18.2,1.3,19.9,1.8,6.4,32.6,5.9,28.6
US042,33.0,58.0,20.0,67.0,13.0,18.2,1.2,27.7,1.5,7.6,35.3,28.6,22.6
US042,58.0,89.0,16.0,72.0,12.0,18.2,1.2,23.0,2.0,13.4,32.0,14.9,32.8
US042,89.0,130.0,20.0,73.0,7.0,18.2,1.3,23.2,2.1,3.3,36.5,23.5,22.7
US042,130.0,150.0,26.0,72.0,2.0,18.2,1.3,26.6,2.1,7.2,29.4,8.0,25.8
US043,0.0,1.0,57.0,38.8,5.4,13.9,1.8,15.4,2.0,9.1,41.9,22.4,41.8
US043,1.0,7.0,44.0,53.0,3.0,13.5,1.9,19.6,1.9,2.5,54.7,20.8,31.6
US043,7.0,14.0,47.0,45.0,8.0,5.0,1.6,18.1,2.1,8.8,33.5,21.3,23.8
US043,14.0,26.0,51.0,46.0,3.0,5.0,1.6,17.6,1.7,4.9,41.9,20.9,31.8
US043,26.0,34.0,55.0,39.0,6.0,5.0,1.8,22.5,2.0,12.9,42.0,21.1,29.4
US043,34.0,57.0,66.0,29.0,5.0,5.0,1.9,23.0,2.1,12.5,41.8,16.3,21.3
US043,57.0,75.0,63.0,32.0,5.0,5.0,2.0,13.8,1.8,8.9,47.2,21.2,31.4
US043,75.0,103.0,70.0,26.0,4.0,31.0,2.0,21.3,1.7,8.8,42.6,24.6,41.2
US043,103.0,130.0,58.0,37.0,5.0,39.0,2.0,19.2,2.1,13.3,33.3,21.1,31.7
US044,0.0,5.0,88.0,9.0,3.0,18.2,0.9,21.0,1.8,6.3,53.7,19.8,24.9
US044,5.0,8.0,91.0,7.0,2.0,18.2,0.9,20.8,1.6,6.8,45.7,20.7,46.0
US044,8.0,18.0,95.0,5.0,2.1,18.2,0.9,21.1,2.1,6.3,24.9,22.7,32.1
US044,18.0,46.0,97.0,3.0,2.2,18.2,0.9,21.1,2.0,6.8,56.5,19.3,20.9
US044,46.0,69.0,99.0,2.0,3.0,18.2,0.9,21.0,1.8,6.6,46.5,25.2,32.0
US044,69.0,86.0,93.9,4.8,2.6,18.2,0.9,20.7,2.4,6.4,45.2,16.9,32.7
US044,86.0,125.0,93.9,5.4,2.8,18.2,0.9,21.1,1.9,6.1,45.0,11.5,37.8
US045,0.0,5.0,92.7,5.1,0.9,4.0,1.7,19.9,2.0,7.3,30.4,19.7,48.0
US045,5.0,8.0,89.0,9.0,2.0,3.6,1.4,17.0,2.1,6.7,30.5,9.7,41.8
US045,8.0,23.0,94.0,5.0,1.0,3.7,1.5,15.6,1.9,11.6,30.5,19.9,39.3
US045,23.0,43.0,98.0,2.0,1.0,3.9,2.0,12.9,2.0,8.7,30.8,13.9,39.8
US045,43.0,66.0,98.0,2.0,1.5,4.0,1.7,16.5,1.9,6.6,30.3,27.9,46.3
US045,66.0,135.0,86.0,13.0,1.0,4.0,1.7,18.9,1.8,6.9,30.4,29.0,22.5
US045,135.0,150.0,92.7,1.0,1.0,4.5,1.1,16.8,1.6,2.2,36.6,20.3,35.6
US045,150.0,163.0,92.9,5.6,1.5,4.0,1.9,16.6,1.7,4.9,24.9,19.7,43.9
US046,0.0,8.0,38.1,29.1,33.7,18.2,0.9,23.3,1.6,4.5,37.9,12.2,44.7
US046,8.0,25.0,38.1,29.1,33.7,18.2,0.9,25.2,1.6,4.7,49.6,13.2,40.3
US046,25.0,41.0,38.1,29.1,33.7,18.2,0.9,13.8,1.7,3.6,45.7,10.1,39.2
US046,41.0,56.0,38.1,29.1,33.7,18.2,0.9,29.3,2.0,5.0,45.4,13.3,42.7
US046,56.0,89.0,38.1,29.1,33.7,18.2,0.9,22.8,1.6,3.7,39.0,12.0,38.1
US046,89.0,152.0,38.1,29.1,33.7,18.2,0.9,22.6,1.9,6.8,56.7,12.0,24.5
US047,0.0,36.0,1.0,36.0,63.0,18.2,0.9,21.3,1.8,11.4,48.1,13.9,41.2
US047,36.0,99.0,7.0,26.0,67.0,18.2,0.9,15.8,1.6,7.3,44.1,9.3,40.7
US047,99.0,140.0,13.0,31.0,56.0,18.2,0.9,20.4,2.0,14.9,52.4,17.6,33.6
US047,140.0,201.0,58.0,8.0,34.0,18.2,0.9,20.3,1.8,11.7,32.6,13.5,48.5
US048,0.0,18.0,72.0,18.0,10.0,18.2,1.4,23.8,2.2,9.5,37.5,16.1,37.4
US048,18.0,30.0,70.0,18.0,12.0,18.2,1.8,16.0,2.1,9.2,28.7,10.1,33.3
US048,30.0,50.0,68.0,18.0,14.0,18.2,1.9,19.1,2.1,6.3,34.8,16.5,40.9
US048,50.0,100.0,65.0,15.0,20.0,18.2,1.9,18.8,1.9,11.4,30.8,16.6,32.2
US048,100.0,132.0,63.0,9.0,28.0,18.2,1.9,15.0,2.3,9.2,37.0,18.4,23.9
US048,132.0,158.0,65.0,5.0,30.0,18.2,1.9,18.7,1.7,12.7,37.2,16.9,33.4
US048,158.0,200.0,75.0,1.0,24.0,18.2,2.0,18.7,2.0,8.4,54.9,21.3,33.4
US049,0.0,23.0,26.0,62.0,12.0,10.0,1.9,19.1,1.7,7.8,42.1,8.5,21.4
US049,23.0,36.0,48.0,46.0,6.0,3.0,2.0,20.2,2.0,2.2,42.1,15.5,49.0
US049,36.0,51.0,43.0,49.0,8.0,3.8,1.9,20.6,2.0,6.5,48.1,17.4,42.5
US049,51.0,81.0,47.0,45.0,8.0,1.0,1.9,26.6,1.7,10.9,33.9,17.9,35.2
US049,81.0,152.0,34.0,56.0,10.0,1.0,1.9,15.0,2.1,13.5,44.7,29.1,27.2
US050,0.0,13.0,39.0,50.0,11.0,1.0,1.9,10.2,2.1,7.0,32.8,9.0,26.4
US050,13.0,28.0,40.0,50.0,10.0,2.0,1.4,13.5,2.0,2.2,43.4,6.1,48.0
US050,28.0,43.0,53.0,43.0,4.0,1.0,1.5,19.0,1.9,5.3,37.8,11.9,37.1
US050,43.0,76.0,38.0,51.0,11.0,1.0,1.9,15.4,2.2,7.5,43.5,8.5,35.6
US050,76.0,97.0,42.0,49.0,9.0,2.0,1.6,13.8,2.0,11.5,47.6,8.7,49.1
US050,97.0,109.0,32.0,56.0,12.0,2.0,1.4,11.5,1.8,6.6,55.9,9.2,25.1
US050,97.0,152.0,40.3,49.7,9.8,5.0,1.8,13.6,2.1,11.6,43.0,8.6,35.6
US051,0.0,20.0,41.0,53.0,6.0,3.3,1.4,21.2,1.6,7.3,35.5,11.1,38.5
US051,20.0,30.0,39.0,56.0,5.0,3.1,1.4,25.5,1.2,7.2,21.8,5.8,31.8
US051,30.0,43.0,41.0,54.0,5.0,2.8,1.3,19.1,1.8,6.3,35.3,23.8,40.9
US051,43.0,58.0,36.0,57.0,7.0,1.0,1.4,20.6,2.1,6.9,51.8,29.6,44.6
US051,58.0,84.0,32.0,59.0,9.0,5.0,1.8,21.5,1.7,9.3,31.9,17.1,38.0
US051,84.0,152.0,33.0,62.0,5.0,3.0,1.8,17.6,2.0,4.9,34.8,17.6,38.7
US052,0.0,13.0,76.0,20.0,4.0,18.2,1.5,18.9,2.1,8.6,39.9,29.0,29.5
US052,13.0,30.0,70.0,22.0,8.0,18.2,1.7,29.6,1.9,9.2,23.3,13.8,28.2
US052,30.0,66.0,74.0,14.0,12.0,18.2,1.7,10.0,2.1,8.2,45.7,13.0,30.0
US052,66.0,89.0,74.0,14.0,12.0,18.2,1.3,25.0,1.6,9.1,36.0,18.8,24.3
US052,89.0,122.0,82.0,6.0,12.0,18.2,1.4,22.3,1.8,6.7,36.8,18.5,36.9
US052,122.0,152.0,87.0,4.0,9.0,18.2,1.9,21.2,1.9,11.4,35.9,15.7,29.9
US053,0.0,10.0,50.0,40.0,10.0,18.2,1.4,23.3,2.0,9.7,47.4,7.9,27.8
US053,10.0,18.0,39.0,44.0,17.0,18.2,1.9,23.0,2.1,10.6,59.1,8.9,30.0
US053,18.0,30.0,34.0,38.0,28.0,18.2,1.6,22.9,1.8,10.1,48.2,5.9,27.6
US053,30.0,51.0,33.0,40.0,27.0,18.2,1.8,17.6,1.7,10.1,47.7,7.9,27.4
US053,51.0,99.0,41.0,31.0,28.0,18.2,1.7,29.0,2.1,10.1,47.5,7.2,25.3
US053,99.0,152.0,61.0,22.0,17.0,18.2,2.0,23.8,1.9,9.7,36.4,7.8,26.7
US054,0.0,20.0,14.0,72.0,14.0,18.2,1.5,21.1,1.6,6.2,42.4,13.6,32.5
US054,20.0,28.0,6.0,81.0,13.0,18.2,1.0,10.4,2.1,5.9,52.2,6.8,28.2
US054,28.0,55.0,6.0,83.0,11.0,18.2,1.2,27.4,2.3,7.5,49.8,11.8,37.8
US054,55.0,86.0,7.0,83.0,10.0,18.2,1.5,23.4,1.7,5.8,48.9,14.8,33.3
US054,86.0,129.0,15.0,79.0,6.0,18.2,1.6,21.4,1.8,6.0,50.1,11.5,32.6
US054,129.0,152.0,20.0,74.0,6.0,18.2,1.8,24.8,1.7,4.4,56.0,11.3,32.8
US055,0.0,18.0,86.0,11.0,3.0,0.7,1.5,10.4,2.1,3.3,41.9,15.0,28.2
US055,18.0,28.0,65.0,16.0,19.0,0.7,1.7,16.6,2.1,9.5,42.7,9.5,30.2
US055,28.0,38.0,56.0,12.0,32.0,0.6,1.6,16.5,1.8,5.3,58.6,11.9,30.5
US055,38.0,64.0,50.0,10.0,40.0,1.1,1.6,16.7,1.8,6.1,29.9,14.6,30.6
US055,64.0,122.0,47.0,8.0,45.0,0.6,1.7,19.2,2.1,4.4,23.3,23.0,30.4
US055,122.0,215.0,44.0,6.0,50.0,1.0,1.7,20.2,2.1,6.2,52.5,14.7,33.0
US056,0.0,25.0,84.0,12.0,4.0,1.8,1.8,18.4,1.9,8.7,50.9,25.8,35.0
US056,25.0,38.0,71.0,12.0,17.0,2.0,1.7,18.9,1.8,7.2,43.7,25.9,35.0
US056,38.0,150.0,65.0,10.0,25.0,1.8,1.7,18.8,1.7,6.0,50.8,30.0,35.0
US056,150.0,200.0,71.0,8.0,21.0,2.0,1.8,18.7,2.0,11.6,57.8,21.3,35.0
US057,0.0,2.0,36.0,53.0,11.0,18.2,1.5,30.0,2.1,5.0,43.7,17.4,41.5
US057,2.0,15.0,35.0,50.0,15.0,18.2,1.3,18.0,1.3,7.8,20.5,26.7,29.0
US057,15.0,33.0,30.0,50.0,20.0,18.2,1.3,24.6,2.1,7.9,48.1,15.3,38.4
US057,33.0,47.0,38.0,42.0,20.0,18.2,1.3,25.0,2.1,6.0,43.6,16.2,30.3
US057,47.0,58.0,37.0,38.0,25.0,18.2,1.2,24.7,1.7,8.1,60.0,11.8,43.6
US057,58.0,84.0,48.0,48.0,4.0,18.2,1.2,24.7,1.7,8.5,48.0,6.3,36.8
US057,84.0,110.0,62.0,36.0,2.0,18.2,1.4,24.4,1.8,11.4,48.1,14.2,38.4
US057,110.0,165.0,53.0,45.0,2.0,18.2,1.6,24.5,1.9,7.3,33.8,15.3,49.6
US057,165.0,190.0,53.0,47.0,12.3,18.2,1.4,26.2,1.8,7.6,46.8,15.4,41.1
US058,0.0,13.0,10.0,40.0,50.0,30.4,1.5,19.9,2.0,2.3,26.2,21.1,43.2
US058,13.0,36.0,11.0,34.0,55.0,30.0,1.7,14.9,1.5,12.5,26.1,21.6,46.1
US058,36.0,53.0,10.0,32.0,58.0,29.9,1.9,19.6,2.1,4.5,21.2,13.9,24.4
US058,53.0,69.0,11.0,38.0,51.0,29.8,1.7,21.9,1.6,8.0,34.9,25.4,39.0
US058,69.0,175.0,3.0,22.0,75.0,29.8,1.3,19.5,1.9,12.3,22.3,24.4,29.6
US058,175.0,206.0,10.0,79.0,11.0,30.0,1.5,22.5,1.6,8.4,26.2,21.0,49.6
US059,0.0,33.0,5.0,82.0,13.0,18.2,1.5,29.1,1.8,10.0,43.9,19.6,28.5
US059,33.0,41.0,5.0,73.0,22.0,18.2,1.6,29.4,1.8,10.2,21.3,9.3,29.0
US059,41.0,58.0,6.0,71.0,23.0,18.2,1.5,29.1,2.0,7.2,52.3,15.4,36.7
US059,58.0,72.0,8.0,72.0,20.0,18.2,1.5,29.6,2.2,8.5,44.7,18.5,29.0
US059,72.0,99.0,7.0,78.0,15.0,18.2,1.7,29.5,2.2,10.1,56.0,15.8,28.4
US059,99.0,170.0,6.0,74.0,20.0,18.2,1.5,29.5,2.1,14.3,47.3,16.1,20.8
US060,-4.0,58.5,36.0,60.0,4.0,21.9,1.5,16.7,2.5,11.8,30.3,16.9,40.3
US060,0.0,2.0,41.0,56.0,3.0,22.4,0.7,16.2,2.0,6.9,27.1,27.2,40.6
US060,2.0,10.0,44.0,53.0,3.0,2.0,0.8,16.2,1.9,6.5,35.5,16.9,31.8
US060,10.0,23.0,46.0,51.0,3.0,2.0,1.0,15.9,2.1,7.0,33.3,21.3,49.1
US060,23.0,46.0,70.0,28.0,2.0,10.0,1.3,15.8,2.2,7.0,35.3,16.6,40.3
US060,46.0,71.0,75.0,23.0,2.0,45.0,1.8,16.0,1.8,2.3,54.9,7.3,40.7
US060,71.0,104.0,78.0,20.0,2.0,35.0,1.8,15.7,1.8,7.7,35.7,9.3,40.5
US060,104.0,152.0,55.8,41.5,2.8,40.0,0.9,15.8,2.1,8.9,32.9,17.1,40.0
US061,-5.0,-3.0,41.0,48.0,11.0,14.2,1.2,22.9,1.8,6.7,57.7,27.7,43.0
US061,-3.0,57.9,45.0,44.0,11.0,14.6,1.3,23.1,2.1,6.8,55.1,8.3,43.3
US061,0.0,13.0,46.0,44.0,10.0,2.0,1.6,22.8,2.2,8.0,29.7,24.9,43.7
US061,13.0,28.0,59.0,32.0,9.0,10.0,1.4,22.9,1.6,6.1,21.6,20.0,43.4
US061,28.0,46.0,62.0,30.0,8.0,15.0,1.7,22.9,1.6,7.2,44.8,17.9,43.3
US061,46.0,104.0,50.4,39.7,9.5,20.0,1.6,23.3,2.0,7.4,57.4,19.8,43.6
US061,104.0,157.0,50.3,39.6,10.1,25.0,1.1,22.7,1.5,7.4,43.6,19.4,43.0
US062,-3.0,34.2,42.0,54.0,4.0,10.2,0.9,19.0,2.1,9.1,32.9,24.3,33.0
US062,0.0,5.0,39.0,58.0,3.0,9.6,0.9,13.5,2.2,9.4,59.7,24.5,40.0
US062,5.0,23.0,46.0,52.0,2.0,10.0,0.9,24.9,2.1,10.5,37.9,25.0,23.1
US062,23.0,51.0,41.9,54.7,2.6,10.0,1.2,19.5,2.2,9.6,38.0,24.2,27.9
US062,51.0,58.0,42.0,54.5,2.8,10.3,0.9,19.2,1.8,10.1,21.3,24.6,40.5
US063,0.0,25.0,4.0,63.0,33.0,18.2,1.5,16.2,2.1,7.3,39.3,9.3,25.6
US063,25.0,43.0,3.0,65.0,32.0,18.2,1.4,19.3,2.1,10.7,39.4,17.2,25.3
US063,43.0,74.0,3.0,64.0,33.0,18.2,1.4,16.1,1.8,10.7,39.3,21.8,23.8
US063,74.0,89.0,2.0,65.0,33.0,18.2,1.4,12.8,1.6,9.6,36.4,17.6,27.6
US063,89.0,122.0,7.0,71.0,22.0,18.2,1.4,15.5,1.6,9.3,43.0,20.9,26.0
US063,122.0,152.0,8.0,71.0,21.0,18.2,1.4,15.4,2.2,9.2,40.0,17.0,26.1
US064,-5.0,66.3,38.0,52.0,10.0,18.2,1.1,20.9,2.0,10.6,58.8,10.3,31.8
US064,0.0,13.0,36.0,33.0,31.0,18.2,1.3,16.2,2.0,14.4,27.1,27.2,32.1
US064,13.0,23.0,32.0,30.0,38.0,18.2,1.6,25.4,2.0,3.8,41.6,16.6,24.9
US064,23.0,43.0,43.0,29.0,28.0,18.2,1.4,24.1,2.1,10.4,39.0,16.4,35.3
US064,43.0,66.0,43.0,36.0,21.0,18.2,1.1,28.9,1.8,13.2,27.7,16.9,43.7
US064,66.0,100.0,43.0,40.0,17.0,18.2,1.4,26.1,2.1,10.0,54.7,16.3,26.9
US064,100.0,150.0,39.0,36.6,24.1,18.2,0.9,25.9,2.4,10.2,43.9,12.8,32.2
US065,-10.0,78.1,26.0,54.0,20.0,18.2,0.6,12.0,2.1,12.4,52.5,27.8,33.0
US065,0.0,25.0,24.0,50.0,26.0,18.2,1.0,12.2,2.0,14.9,52.4,17.6,33.6
US065,25.0,46.0,58.0,24.0,18.0,18.2,1.0,13.7,1.9,12.2,45.2,12.3,47.5
US065,46.0,69.0,68.0,19.0,13.0,18.2,0.8,12.1,2.4,12.7,44.7,19.9,25.5
US065,69.0,102.0,69.0,19.0,12.0,18.2,1.3,10.6,2.1,12.0,44.7,18.0,27.8
US065,102.0,150.0,67.0,20.0,13.0,18.2,0.9,12.6,2.5,10.2,29.4,24.7,33.7
US066,-3.0,24.6,48.2,49.0,2.6,10.9,1.4,21.5,2.2,4.9,57.7,25.4,30.4
US066,0.0,4.0,52.0,45.0,3.0,10.0,1.1,21.6,2.2,8.2,26.8,25.7,43.8
US066,4.0,9.0,50.0,47.0,3.0,10.0,0.9,28.6,1.9,5.6,37.2,25.8,30.4
US066,9.0,19.0,40.0,56.0,4.0,10.0,0.9,21.7,1.9,7.9,42.6,25.1,27.4
US066,19.0,41.0,51.0,48.0,1.0,15.0,1.0,14.3,2.3,2.3,49.5,25.1,20.8
US066,41.0,51.0,48.6,49.4,2.8,11.3,1.5,21.8,2.1,5.7,43.2,26.8,31.1
US067,0.0,10.0,23.0,36.0,41.0,18.2,1.8,19.0,1.9,5.3,37.8,11.9,38.5
US067,10.0,23.0,22.0,37.0,41.0,18.2,1.7,28.3,1.3,4.7,59.1,7.3,33.4
US067,23.0,43.0,24.0,35.0,41.0,18.2,1.8,23.3,1.7,2.3,47.9,25.5,33.9
US067,43.0,69.0,30.0,33.0,37.0,18.2,1.8,23.3,2.1,4.8,48.0,18.5,39.8
US067,69.0,89.0,33.0,33.0,34.0,18.2,2.0,23.3,1.4,5.6,48.3,18.7,33.7
US067,89.0,114.0,15.0,45.0,40.0,18.2,1.3,23.9,1.6,5.2,46.6,18.3,33.3
US067,114.0,152.0,8.0,34.0,58.0,18.2,1.7,23.9,1.4,7.6,47.9,28.6,22.6
US068,0.0,10.0,42.0,46.0,12.0,1.0,1.9,16.9,2.2,10.8,27.2,6.2,32.0
US068,10.0,23.0,40.0,45.0,15.0,1.0,1.9,10.4,1.5,11.0,32.3,6.0,32.1
US068,23.0,41.0,40.0,43.0,17.0,1.0,1.8,17.5,1.7,7.7,56.6,5.6,32.4
US068,41.0,64.0,23.0,32.0,45.0,1.3,2.0,24.1,1.9,11.9,38.8,6.4,31.6
US068,64.0,104.0,66.0,25.0,9.0,0.7,1.7,17.6,1.8,12.4,38.9,5.9,31.2
US069,-10.0,39.1,23.7,45.4,31.4,20.0,1.3,27.7,1.6,4.2,41.0,10.3,25.6
US069,0.0,10.0,28.0,46.0,26.0,20.0,0.9,12.2,1.8,4.0,40.8,24.5,31.7
US069,10.0,25.0,23.0,46.0,31.0,20.0,1.1,20.7,1.8,3.8,44.1,12.2,24.6
US069,25.0,43.0,23.0,44.0,33.0,20.0,1.0,20.7,2.0,4.2,48.1,12.2,32.1
US069,43.0,56.0,21.0,44.0,35.0,20.0,1.1,26.5,1.7,4.1,40.4,5.9,44.5
US069,56.0,64.0,23.8,44.6,31.6,19.9,0.9,16.4,1.8,4.2,29.5,9.5,31.5
US070,-5.0,78.2,22.6,44.3,33.2,7.8,1.1,17.6,1.7,4.9,24.9,23.6,43.9
US070,0.0,13.0,29.0,46.0,25.0,5.0,0.9,20.9,1.6,3.8,38.4,11.4,39.0
US070,13.0,28.0,27.0,48.0,25.0,5.0,1.0,24.6,1.9,6.3,38.8,7.5,34.4
US070,28.0,46.0,24.0,47.0,29.0,5.0,1.0,20.4,1.7,7.1,27.5,22.9,39.2
US070,46.0,63.0,23.0,44.0,33.0,10.0,1.2,29.8,2.0,5.9,38.6,16.9,39.5
US070,63.0,92.0,22.0,44.0,34.0,10.0,1.3,19.6,1.9,2.5,54.7,19.5,39.7
US070,92.0,132.0,18.0,41.0,41.0,10.0,1.4,20.9,2.1,12.9,47.2,28.1,38.9
US070,132.0,172.0,18.0,39.0,43.0,10.0,1.5,11.2,2.0,6.4,38.9,23.9,38.9
US071,-3.0,70.4,17.0,59.0,24.0,10.7,1.1,18.9,2.1,8.5,25.0,13.4,48.0
US071,0.0,10.0,17.0,64.0,19.0,5.0,1.1,10.6,1.9,10.1,50.0,22.5,20.7
US071,10.0,41.0,16.0,61.0,23.0,5.0,0.8,18.0,2.0,11.6,36.1,23.1,30.1
US071,41.0,53.0,14.0,57.0,29.0,5.0,1.4,21.9,1.9,7.9,57.1,25.1,27.4
US071,53.0,81.0,15.0,57.0,28.0,10.0,1.6,13.4,2.2,9.7,41.9,23.3,23.6
US071,81.0,109.0,30.0,58.0,12.0,30.0,1.5,17.2,2.0,9.5,42.3,28.8,27.7
US071,109.0,127.0,18.3,59.3,22.1,11.5,1.7,29.3,2.0,9.8,41.7,22.8,33.4
US072,-10.0,95.5,39.0,35.0,26.0,18.2,0.8,11.2,2.1,3.5,31.5,6.4,29.8
US072,0.0,13.0,36.0,42.0,22.0,18.2,1.0,12.2,1.5,12.6,35.4,14.9,37.3
US072,13.0,33.0,55.0,28.0,17.0,18.2,1.4,11.8,1.7,5.8,50.9,10.0,38.5
US072,33.0,81.0,61.0,26.0,13.0,18.2,0.7,10.5,2.0,8.0,38.8,14.8,44.2
US072,81.0,127.0,58.0,28.0,14.0,18.2,1.0,11.2,2.1,9.9,35.6,29.8,37.6
US072,127.0,147.0,46.0,32.0,22.0,18.2,1.6,11.2,2.0,7.9,20.3,15.1,37.1
US072,147.0,170.0,49.1,31.6,18.9,18.2,1.2,11.0,2.2,7.7,35.2,14.5,37.4
US073,-5.0,73.6,59.0,32.0,9.0,54.6,0.9,15.1,1.6,8.8,52.2,6.6,43.7
US073,0.0,18.0,56.0,34.0,10.0,45.0,0.9,16.8,1.5,9.0,51.8,14.8,43.8
US073,18.0,36.0,58.0,33.0,9.0,40.0,0.9,17.2,1.8,10.7,52.1,21.8,43.7
US073,36.0,61.0,59.0,32.0,9.0,55.0,0.9,25.3,1.7,3.9,49.7,11.1,43.8
US073,61.0,81.0,58.0,34.0,8.0,65.0,0.9,17.5,1.6,14.5,54.4,20.1,43.9
US073,81.0,117.0,58.2,33.0,9.2,70.0,0.9,10.6,2.0,7.8,46.7,14.6,43.9
US073,117.0,127.0,57.9,32.8,9.3,54.9,0.9,16.9,2.0,5.9,56.5,15.0,44.1
US074,0.0,20.0,3.0,69.0,28.0,18.2,1.7,25.3,2.2,11.5,39.8,20.0,21.1
US074,20.0,41.0,1.0,72.0,27.0,18.2,1.6,26.2,1.8,11.5,56.8,9.4,22.9
US074,41.0,48.0,1.0,67.0,32.0,18.2,1.5,25.5,1.5,13.0,40.1,20.0,25.1
US074,48.0,74.0,1.0,71.0,28.0,18.2,1.6,25.7,2.0,7.1,25.4,15.0,22.8
US074,74.0,86.0,1.0,57.0,42.0,18.2,1.5,25.9,1.7,9.4,40.0,19.7,24.2
US074,86.0,127.0,2.0,64.0,34.0,18.2,1.5,27.9,2.2,3.5,38.2,30.0,22.5
US074,127.0,152.0,12.0,40.0,48.0,18.2,1.8,23.8,1.7,9.3,40.0,26.4,20.5
US075,0.0,23.0,14.0,61.0,25.0,18.2,1.5,22.0,1.8,14.9,40.5,14.4,35.6
US075,23.0,36.0,10.0,58.0,32.0,18.2,1.5,13.4,2.2,9.0,34.1,13.9,34.8
US075,36.0,56.0,8.0,60.0,32.0,18.2,1.5,20.4,1.9,8.6,31.5,14.1,29.8
US075,56.0,64.0,11.0,65.0,24.0,18.2,1.4,24.9,1.9,8.3,41.6,14.7,40.5
US075,64.0,152.0,12.0,71.0,17.0,18.2,1.5,19.8,2.1,2.1,53.3,14.3,35.1
US076,0.0,18.0,54.0,29.0,17.0,18.2,0.9,20.2,1.6,14.5,54.1,6.4,44.3
US076,18.0,30.0,49.0,28.0,23.0,18.2,0.9,19.8,1.7,6.3,42.4,6.1,39.7
US076,30.0,43.0,48.0,28.0,24.0,18.2,0.9,28.3,1.7,6.2,42.4,17.1,39.8
US076,43.0,56.0,46.0,29.0,25.0,18.2,0.9,18.6,1.5,6.8,33.2,23.3,36.9
US076,56.0,71.0,47.0,28.0,25.0,18.2,0.9,15.9,2.0,2.7,22.1,26.2,25.1
US076,71.0,89.0,48.0,28.0,24.0,18.2,0.9,16.0,2.1,6.2,28.7,13.2,39.8
US076,89.0,122.0,48.9,28.7,22.9,18.2,0.9,20.2,1.3,7.0,45.3,11.4,40.0
US076,122.0,137.0,48.9,28.5,23.1,18.2,0.9,18.8,1.8,2.4,58.5,7.0,45.6
US076,137.0,152.0,48.8,28.3,22.5,18.2,0.9,22.8,1.5,7.0,55.1,7.1,48.7
US077,0.0,10.0,4.0,65.0,31.0,18.2,0.9,20.9,2.3,8.9,27.2,19.1,29.0
US077,10.0,20.0,4.0,65.0,31.0,18.2,0.9,12.9,2.1,2.5,45.1,18.9,37.5
US077,20.0,33.0,3.0,64.0,33.0,18.2,0.9,20.6,1.9,3.6,39.4,15.2,30.1
US077,33.0,48.0,3.0,60.0,37.0,18.2,0.9,21.0,1.6,7.6,23.5,10.0,33.4
US077,48.0,58.0,3.0,55.0,42.0,18.2,0.9,20.4,2.0,11.6,38.6,17.4,20.6
US077,58.0,69.0,2.0,55.0,43.0,18.2,0.9,20.2,2.1,13.0,39.4,21.9,30.3
US077,69.0,79.0,2.0,56.0,42.0,18.2,0.9,25.4,2.5,7.7,38.8,25.0,30.1
US077,79.0,89.0,3.0,57.0,40.0,18.2,0.9,20.4,1.9,6.6,46.5,25.2,30.3
US077,89.0,107.0,3.1,59.5,37.4,18.2,0.9,23.3,1.9,7.6,52.6,19.0,29.9
US078,0.0,15.0,3.0,66.0,31.0,18.2,0.9,19.2,2.0,6.5,38.1,7.3,37.4
US078,15.0,30.0,2.0,66.0,32.0,18.2,0.9,19.1,2.3,10.8,38.8,22.3,37.6
US078,30.0,46.0,2.0,65.0,33.0,18.2,0.9,19.7,2.0,14.9,38.3,15.2,33.6
US078,46.0,56.0,2.0,65.0,33.0,18.2,0.9,23.6,2.2,8.0,32.7,11.9,25.3
US078,56.0,66.0,3.0,64.0,33.0,18.2,0.9,19.0,2.1,7.4,45.6,20.1,35.3
US078,66.0,76.0,4.0,64.0,32.0,18.2,0.9,19.7,2.2,3.9,59.0,15.5,37.5
US078,76.0,89.0,3.0,66.0,31.0,18.2,0.9,22.5,1.9,6.9,33.8,22.4,49.6
US078,89.0,102.0,3.0,67.0,30.0,18.2,0.9,11.3,1.8,7.7,38.5,9.3,37.6
US078,102.0,152.0,2.5,65.0,31.9,18.2,0.9,20.3,1.6,6.1,21.6,15.3,42.1
US079,0.0,10.0,4.0,65.0,31.0,18.2,0.9,27.0,1.7,9.9,38.4,21.5,29.7
US079,10.0,25.0,6.0,66.0,28.0,18.2,0.9,19.7,2.0,8.1,38.6,15.2,37.4
US079,25.0,43.0,7.0,66.0,27.0,18.2,0.9,19.3,1.6,7.5,53.8,20.9,38.0
US079,43.0,58.0,5.0,70.0,25.0,18.2,0.9,18.9,1.4,5.6,38.5,21.0,39.2
US079,58.0,74.0,6.0,70.0,24.0,18.2,0.9,19.3,2.1,7.9,33.3,20.5,37.6
US079,74.0,89.0,6.0,70.0,24.0,18.2,0.9,11.6,2.3,8.4,39.0,21.2,37.8
US079,89.0,152.0,5.0,71.0,24.0,18.2,0.9,18.9,1.4,8.0,29.7,24.9,43.7
US080,0.0,13.0,36.0,41.0,23.0,18.2,0.9,27.3,1.9,11.5,57.3,12.1,39.1
US080,13.0,25.0,33.0,43.0,24.0,18.2,0.9,27.8,2.4,12.5,49.8,18.9,38.8
US080,25.0,43.0,28.0,46.0,26.0,18.2,0.9,26.6,2.0,14.4,50.5,12.9,39.4
US080,43.0,56.0,29.0,45.0,26.0,18.2,0.9,29.6,1.9,10.9,42.5,13.0,39.4
US080,56.0,69.0,40.0,35.0,25.0,18.2,0.9,25.2,1.7,10.8,50.6,13.1,39.2
US080,69.0,81.0,39.0,35.0,26.0,18.2,0.9,28.1,1.8,7.9,49.8,5.7,38.9
US080,81.0,94.0,43.0,33.0,24.0,18.2,0.9,27.8,2.0,7.0,56.8,23.3,34.8
US080,94.0,117.0,50.0,30.0,20.0,18.2,0.9,27.9,1.6,14.5,54.1,6.4,38.8
US080,117.0,152.0,37.2,38.4,24.6,18.2,0.9,29.3,2.2,11.6,40.4,13.2,43.2
US081,-3.0,71.7,10.0,76.0,14.0,30.8,1.2,17.2,1.8,8.8,30.5,21.4,40.1
US081,0.0,5.0,12.0,74.0,14.0,15.0,1.7,15.0,1.8,7.2,24.2,21.8,31.5
US081,5.0,26.0,17.0,69.0,14.0,25.0,1.8,12.2,1.8,8.4,59.3,24.5,31.3
US081,26.0,41.0,17.0,56.0,27.0,38.0,1.4,13.2,2.2,8.0,42.6,18.3,31.3
US081,41.0,51.0,17.0,34.0,49.0,43.0,1.3,29.5,2.1,7.7,42.7,15.6,37.3
US081,51.0,81.0,12.0,15.0,73.0,43.0,1.1,28.6,2.1,5.8,37.2,27.9,21.5
US081,81.0,127.0,7.0,20.0,73.0,45.0,1.8,14.5,1.9,7.6,57.3,21.4,26.5
US081,127.0,168.0,13.1,48.8,38.2,10.0,1.6,18.8,2.0,7.5,45.6,21.3,31.0
US082,0.0,23.0,28.0,48.0,24.0,18.2,1.8,16.3,1.6,10.6,30.2,19.5,35.4
US082,23.0,38.0,31.0,39.0,30.0,18.2,1.8,29.5,2.1,14.9,33.0,15.6,37.3
US082,38.0,61.0,38.0,34.0,28.0,18.2,1.8,29.1,1.9,10.4,33.3,22.7,33.8
US082,61.0,92.0,31.0,36.0,33.0,18.2,1.8,24.6,1.8,10.7,41.9,8.4,34.7
US082,92.0,112.0,31.0,37.0,32.0,18.2,1.8,25.1,1.6,10.6,33.1,27.9,21.5
US082,112.0,160.0,31.0,39.0,30.0,18.2,1.8,28.4,1.4,7.1,27.5,22.9,32.7
US083,0.0,8.0,77.0,13.0,10.0,18.2,1.6,21.6,1.9,7.5,48.5,11.4,36.3
US083,8.0,20.0,61.0,13.0,26.0,18.2,1.6,23.4,2.0,6.3,49.2,11.2,36.2
US083,20.0,30.0,63.0,12.0,25.0,18.2,1.6,23.0,2.0,8.2,51.8,11.1,36.6
US083,30.0,41.0,48.0,24.0,28.0,18.2,1.4,27.4,1.9,4.6,47.2,11.6,35.9
US083,41.0,79.0,58.0,18.0,24.0,18.2,1.6,20.5,2.1,6.7,48.8,11.2,35.8
US083,79.0,97.0,63.0,16.0,21.0,18.2,1.3,23.5,1.7,6.7,37.1,7.4,36.1
US083,97.0,124.0,68.0,15.0,17.0,18.2,1.7,23.0,2.2,6.7,59.7,15.7,36.2
US083,124.0,168.0,62.7,16.1,21.7,18.2,2.0,23.3,2.1,6.6,48.6,11.8,35.7
US084,0.0,25.0,33.0,56.0,11.0,40.0,0.9,27.7,2.1,7.6,53.1,18.5,44.3
US084,25.0,53.0,40.0,53.0,7.0,55.0,0.9,15.2,2.1,12.8,53.2,17.3,31.0
US084,53.0,91.0,49.0,46.0,5.0,7.0,0.9,19.9,2.4,10.6,53.6,21.3,37.7
US084,91.0,152.0,57.0,39.0,4.0,8.0,0.9,13.5,2.2,10.1,53.5,27.2,38.1
US085,0.0,8.0,38.0,38.0,24.0,18.2,0.9,22.4,1.6,7.6,51.7,24.7,26.5
US085,8.0,36.0,18.0,23.0,59.0,18.2,0.9,22.4,1.9,7.0,52.7,29.9,24.1
US085,36.0,48.0,17.0,24.0,59.0,18.2,0.9,22.8,1.5,6.7,52.1,18.4,25.5
US085,48.0,81.0,18.0,26.0,56.0,18.2,0.9,22.5,1.9,7.3,51.5,15.0,26.4
US085,81.0,99.0,20.0,27.0,53.0,18.2,0.9,22.7,1.8,6.7,56.8,20.5,26.2
US085,99.0,157.0,32.0,32.0,36.0,18.2,0.9,22.1,1.9,7.4,46.1,13.7,27.9
US086,-6.0,38.1,42.2,52.9,6.4,18.2,1.9,25.2,1.9,2.9,41.3,13.1,44.6
US086,0.0,1.0,20.0,75.0,5.0,18.2,1.2,12.6,1.7,6.3,42.4,9.6,35.7
US086,1.0,6.0,25.0,68.0,7.0,18.2,1.6,28.2,1.6,9.0,47.3,17.3,35.7
US086,6.0,8.0,30.0,62.0,8.0,18.2,1.2,19.4,2.2,8.9,27.4,12.4,21.7
US086,8.0,16.0,38.0,55.0,7.0,18.2,1.2,21.9,1.9,8.2,59.1,13.1,35.4
US086,16.0,21.0,98.0,2.0,6.4,18.2,1.8,16.2,1.9,14.2,53.6,12.7,35.5
US086,21.0,53.0,42.1,52.7,6.3,18.2,1.7,19.1,2.3,7.2,42.5,8.0,25.8
US086,53.0,80.0,41.8,52.6,6.4,18.2,1.8,12.9,2.0,8.3,36.6,13.9,48.4
US086,80.0,120.0,42.6,52.1,6.7,18.2,1.3,19.5,2.1,12.0,33.0,14.4,38.6
US087,-5.0,47.6,43.8,51.5,4.5,18.2,1.1,20.9,1.5,5.7,39.2,28.0,29.0
US087,0.0,4.0,43.3,51.8,4.8,18.2,1.7,19.1,1.7,10.1,39.2,16.5,29.8
US087,4.0,13.0,18.0,74.0,8.0,18.2,1.9,13.5,2.1,5.7,59.7,27.2,40.0
US087,13.0,23.0,18.0,75.0,7.0,18.2,1.8,27.9,2.1,3.5,39.7,22.1,29.7
US087,23.0,24.0,23.0,70.0,7.0,18.2,1.7,18.8,1.9,6.3,39.1,11.6,31.3
US087,24.0,39.0,62.0,36.0,2.0,18.2,1.3,16.8,1.9,5.6,21.7,27.2,34.0
US087,39.0,69.0,80.0,19.0,1.0,18.2,1.4,14.3,1.8,2.3,39.0,25.1,20.8
US087,69.0,87.0,62.0,36.0,2.0,18.2,1.5,19.0,1.8,8.7,37.1,26.0,29.8
US087,87.0,120.0,42.0,53.0,5.0,18.2,1.3,21.0,1.7,5.0,39.3,18.4,21.6
US088,-12.0,-5.0,38.3,55.9,5.9,18.2,1.7,28.4,2.0,7.0,46.3,22.9,39.4
US088,-5.0,33.0,31.0,64.0,5.0,18.2,1.8,17.7,2.2,11.8,53.8,22.8,49.4
US088,0.0,10.0,35.0,59.0,6.0,18.2,1.6,16.7,2.3,3.8,45.9,14.3,30.4
US088,10.0,30.0,46.0,49.0,5.0,18.2,1.6,18.3,1.9,5.6,38.6,28.4,39.2
US088,30.0,51.0,41.0,53.0,6.0,18.2,1.6,14.5,2.1,7.5,45.8,27.6,29.3
US088,51.0,77.0,38.4,56.4,5.3,18.2,1.7,13.0,1.9,8.2,46.4,23.0,37.5
US089,0.0,18.0,92.0,7.0,1.0,18.2,1.7,23.5,2.1,9.8,33.2,17.5,30.3
US089,18.0,48.0,90.0,8.0,2.0,18.2,1.8,23.8,1.9,10.2,37.3,17.5,29.9
US089,48.0,64.0,91.0,7.0,2.0,18.2,1.8,19.0,2.3,9.6,37.8,11.9,30.4
US089,64.0,84.0,65.0,6.0,29.0,18.2,1.8,19.3,1.6,14.2,37.4,26.4,30.6
US089,84.0,107.0,67.0,6.0,27.0,18.2,1.8,29.6,2.4,14.0,36.9,17.5,28.2
US089,107.0,127.0,76.0,3.0,21.0,18.2,1.9,23.3,2.0,10.0,30.5,12.7,30.4
US089,127.0,203.0,86.0,2.0,12.0,18.2,1.9,26.9,1.8,2.0,46.2,20.0,32.4
US090,0.0,20.0,33.0,45.0,22.0,18.2,2.2,18.5,2.0,8.4,52.8,17.4,20.6
US090,20.0,41.0,44.0,30.0,26.0,18.2,2.3,18.5,1.8,10.3,33.5,24.3,20.3
US090,41.0,61.0,41.0,34.0,25.0,18.2,1.8,15.7,1.6,7.7,21.7,23.5,20.7
US090,61.0,76.0,47.0,29.0,24.0,18.2,1.8,16.0,1.9,8.1,33.9,26.4,20.3
US090,76.0,91.0,42.0,38.0,20.0,18.2,2.0,17.6,1.8,7.6,27.4,23.7,20.8
US090,91.0,152.0,41.0,41.0,18.0,18.2,2.0,10.1,1.8,5.8,34.5,27.7,21.1
US091,0.0,20.0,9.0,68.0,23.0,18.2,0.9,10.9,2.0,8.3,39.8,28.8,25.8
US091,20.0,26.0,5.0,62.0,33.0,18.2,0.9,17.2,2.0,8.9,39.7,17.9,27.7
US091,26.0,46.0,3.0,58.0,39.0,18.2,0.9,16.6,2.3,8.7,39.4,13.9,25.9
US091,46.0,71.0,3.0,57.0,40.0,18.2,0.9,16.1,1.6,9.1,21.2,18.1,26.5
US091,71.0,91.0,3.0,59.0,38.0,18.2,0.9,16.4,1.8,9.1,48.1,14.2,24.4
US091,91.0,160.0,4.0,66.0,30.0,18.2,0.9,14.3,1.8,11.4,30.8,15.4,26.5
US091,160.0,203.0,9.0,68.0,23.0,18.2,0.9,22.8,2.2,6.3,59.0,17.8,26.4
US092,0.0,13.0,7.0,78.0,15.0,18.2,1.1,26.1,1.9,9.8,32.3,7.1,39.9
US092,13.0,25.0,5.0,77.0,18.0,18.2,1.2,19.2,2.1,9.4,32.5,16.8,46.6
US092,25.0,46.0,3.0,77.0,20.0,18.2,1.2,16.1,1.7,8.5,32.8,17.3,36.8
US092,46.0,64.0,3.0,79.0,18.0,18.2,1.4,20.8,1.9,9.3,20.5,16.2,40.6
US092,64.0,81.0,3.0,80.0,17.0,18.2,1.4,28.3,1.8,9.1,24.2,17.5,40.1
US092,81.0,99.0,2.0,82.0,16.0,18.2,1.4,21.1,1.9,6.9,33.8,17.0,49.6
US092,99.0,119.0,10.0,75.0,15.0,18.2,1.4,21.7,1.8,8.8,49.0,17.2,39.9
US092,119.0,137.0,11.0,74.0,15.0,18.2,1.4,12.8,1.4,13.0,27.1,21.9,28.2
US092,137.0,155.0,12.0,67.0,21.0,18.2,1.5,23.2,2.3,7.0,40.0,23.6,40.1
US093,0.0,25.0,51.0,40.0,9.0,18.2,1.8,14.5,2.0,4.2,49.4,24.1,32.1
US093,25.0,35.0,38.0,44.0,18.0,18.2,1.8,14.4,1.5,14.6,59.5,25.5,32.2
US093,35.0,53.0,62.0,23.0,15.0,18.2,1.7,15.2,1.9,8.8,51.8,28.5,33.1
US093,53.0,71.0,69.0,20.0,11.0,18.2,1.7,15.1,1.6,8.8,48.8,14.3,32.1
US093,71.0,101.0,90.0,5.0,5.0,18.2,1.8,15.1,1.8,5.6,49.3,13.5,32.0
US093,101.0,152.0,92.0,4.0,4.0,18.2,2.1,15.3,2.1,8.7,34.3,9.7,32.6
US093,152.0,165.0,79.0,15.0,6.0,18.2,2.2,19.3,2.1,10.7,48.7,6.2,33.9
US093,165.0,178.0,50.0,37.0,13.0,18.2,2.1,10.4,1.8,7.5,50.4,17.5,29.6
US094,3.0,10.0,59.1,36.5,4.5,18.2,0.9,26.0,2.5,3.5,28.3,24.3,47.3
US094,10.0,58.0,59.0,36.0,5.0,18.2,0.9,24.5,2.0,4.8,44.1,23.9,46.0
US094,58.0,152.0,59.3,35.7,5.5,18.2,0.9,22.8,2.2,6.3,59.0,24.1,45.0
US095,0.0,18.0,19.0,36.0,45.0,18.2,1.8,23.8,1.7,2.8,28.9,16.7,43.0
US095,18.0,58.0,20.0,28.0,52.0,18.2,1.9,10.9,2.0,2.8,55.5,12.4,38.3
US095,58.0,81.0,17.0,29.0,54.0,18.2,2.0,20.5,1.8,2.3,49.5,12.2,39.1
US095,81.0,132.0,13.0,32.0,55.0,18.2,1.9,26.6,2.2,3.4,44.1,6.8,34.2
US095,132.0,203.0,20.0,77.0,3.0,18.2,1.7,20.5,1.6,2.7,44.8,13.0,39.0
US096,0.0,22.0,60.0,31.0,9.0,18.2,1.9,16.5,1.7,12.9,31.8,14.8,29.4
US096,22.0,32.0,47.0,39.0,14.0,18.2,1.9,12.0,1.5,10.7,57.6,14.9,32.6
US096,32.0,60.0,53.0,29.0,18.0,18.2,1.7,15.7,1.7,7.4,53.6,14.1,33.4
US096,60.0,85.0,59.0,25.0,16.0,18.2,1.7,16.5,2.1,5.6,37.6,15.0,36.1
US096,85.0,120.0,80.0,7.0,13.0,18.2,1.6,16.2,1.7,4.2,40.0,14.9,33.0
US096,120.0,155.0,73.0,6.0,21.0,18.2,1.3,15.7,1.6,11.0,40.2,13.6,33.4
US096,155.0,190.0,81.0,5.0,14.0,18.2,1.8,15.8,2.0,2.1,40.3,14.8,33.4
US096,190.0,200.0,80.0,8.0,12.0,18.2,1.4,20.3,1.9,7.5,21.6,15.3,33.2
US097,0.0,3.0,47.0,43.0,10.0,18.2,1.2,21.7,1.8,9.4,55.9,17.1,23.8
US097,3.0,15.0,51.0,35.0,14.0,18.2,1.6,11.5,2.1,9.6,55.9,6.0,29.2
US097,15.0,41.0,50.0,31.0,19.0,18.2,2.0,21.4,1.6,10.2,55.6,17.3,29.3
US097,41.0,66.0,50.0,32.0,18.0,18.2,1.2,29.2,1.9,5.9,56.3,14.9,28.6
US097,66.0,97.0,62.0,24.0,14.0,18.2,1.2,22.1,1.8,12.4,56.0,25.1,28.7
US097,97.0,145.0,58.0,33.0,9.0,18.2,1.3,21.4,1.8,8.9,55.5,17.5,29.2
US097,145.0,185.0,43.0,44.0,13.0,18.2,1.6,24.5,2.0,9.4,55.5,22.2,33.9
US098,0.0,5.0,83.0,11.0,6.0,18.2,1.2,22.5,2.2,5.0,35.4,17.4,41.5
US098,5.0,10.0,71.0,18.0,11.0,18.2,1.6,27.2,2.0,9.8,41.5,19.2,39.1
US098,10.0,15.0,68.0,20.0,12.0,18.2,1.1,22.5,2.1,9.2,48.7,25.8,37.7
US098,15.0,30.0,70.0,16.0,14.0,18.2,1.6,24.7,2.3,9.9,58.0,15.8,40.8
US098,30.0,58.0,53.0,20.0,27.0,18.2,1.6,22.2,2.5,9.2,46.7,6.4,49.4
US098,58.0,91.0,39.0,36.0,25.0,18.2,1.8,23.0,2.1,12.5,42.4,15.8,21.3
US098,91.0,122.0,37.0,41.0,22.0,18.2,1.5,22.7,2.0,10.2,41.8,11.5,37.8
US098,122.0,152.0,36.0,44.0,20.0,18.2,1.6,15.2,2.1,12.8,41.5,17.3,31.0
US098,152.0,168.0,24.0,56.0,20.0,18.2,1.5,22.9,1.9,9.5,20.8,15.7,36.9
US099,0.0,15.0,7.0,44.0,49.0,18.2,0.9,27.9,1.9,4.0,46.4,19.4,26.5
US099,15.0,56.0,4.0,45.0,51.0,18.2,0.9,25.9,1.9,3.8,43.9,28.3,22.1
US099,56.0,69.0,3.0,47.0,50.0,18.2,0.9,25.8,2.3,3.6,46.3,9.4,26.7
US099,69.0,81.0,2.0,49.0,49.0,18.2,0.9,24.2,1.6,3.3,49.7,19.1,31.7
US099,81.0,107.0,4.1,46.7,49.6,18.2,0.9,26.0,1.9,3.7,46.1,19.1,26.5
US100,0.0,17.0,7.0,71.0,22.0,18.2,1.6,27.1,1.6,7.3,48.3,28.3,35.2
US100,17.0,30.0,5.0,66.0,29.0,18.2,1.4,20.1,1.6,6.7,40.0,27.4,48.2
US100,30.0,45.0,4.0,62.0,34.0,18.2,1.4,20.1,2.1,10.0,55.4,27.2,39.2
US100,45.0,63.0,2.0,49.0,49.0,18.2,1.8,20.7,1.8,13.4,24.7,26.2,32.7
US100,63.0,84.0,3.0,51.0,46.0,18.2,1.8,19.9,2.1,2.2,34.5,27.2,48.0
US100,84.0,100.0,3.0,59.0,38.0,18.2,1.8,24.2,1.6,7.1,49.7,27.2,31.7
US100,100.0,122.0,5.0,67.0,28.0,18.2,1.5,14.3,1.8,2.3,39.9,25.1,39.1
US100,122.0,152.0,4.0,70.0,26.0,18.2,1.4,17.2,1.5,7.3,27.8,28.8,39.1
US101,0.0,13.0,18.0,66.0,16.0,18.2,1.5,19.9,2.0,5.9,41.7,5.9,34.9
US101,13.0,27.0,20.0,65.0,15.0,18.2,1.6,22.4,2.0,6.6,41.5,19.2,34.5
US101,27.0,50.0,13.0,57.0,30.0,18.2,1.5,18.8,1.7,2.3,43.9,28.3,22.1
US101,50.0,80.0,7.0,42.0,51.0,18.2,1.7,27.2,2.0,6.3,41.4,15.1,39.1
US101,80.0,104.0,11.0,50.0,39.0,18.2,1.8,21.7,1.7,4.2,41.6,14.8,49.8
US101,104.0,130.0,12.0,48.0,40.0,18.2,1.8,21.5,1.6,11.3,41.7,15.2,28.0
US101,130.0,160.0,13.0,45.0,42.0,18.2,1.9,22.1,2.2,5.9,39.6,6.3,34.7
US102,0.0,5.0,79.0,17.0,4.0,18.2,1.2,24.1,1.9,7.6,55.9,10.6,28.9
US102,5.0,13.0,76.0,17.0,7.0,18.2,1.6,23.6,2.2,8.4,59.3,11.0,33.1
US102,13.0,38.0,78.0,15.0,7.0,18.2,1.5,25.6,1.7,8.3,56.1,8.2,34.0
US102,38.0,92.0,79.0,14.0,7.0,18.2,1.6,20.3,1.9,11.4,56.1,10.3,38.2
US102,92.0,119.0,82.0,13.0,5.0,18.2,1.7,17.9,2.1,7.9,54.6,9.0,33.8
US102,119.0,145.0,86.0,7.0,7.0,18.2,1.5,29.2,2.1,2.1,53.3,14.3,33.2
US103,0.0,5.0,75.0,20.0,5.0,40.0,1.3,25.1,1.8,11.6,21.3,9.3,33.7
US103,5.0,10.0,45.0,45.0,10.0,40.0,1.5,24.7,1.5,4.2,50.3,14.6,25.3
US103,10.0,23.0,38.0,40.0,22.0,25.0,1.6,24.3,1.7,11.4,35.9,15.2,38.2
US103,23.0,30.0,37.0,34.0,29.0,30.0,1.4,19.9,2.3,2.3,35.4,18.5,43.2
US103,30.0,41.0,36.0,29.0,35.0,25.0,1.3,26.6,2.2,7.7,35.6,22.2,29.7
US103,41.0,56.0,48.0,41.0,11.0,31.7,1.0,27.1,2.0,7.2,36.2,10.4,33.8
US104,0.0,5.0,37.0,38.0,25.0,5.0,1.5,24.3,2.5,9.2,31.4,12.5,27.9
US104,5.0,18.0,20.0,27.0,53.0,5.0,1.5,26.8,2.1,9.4,30.7,15.6,37.6
US104,18.0,28.0,18.0,27.0,55.0,5.0,1.7,28.6,2.1,9.6,37.6,8.6,36.1
US104,28.0,48.0,20.0,28.0,52.0,5.0,1.7,21.5,2.1,8.9,22.8,11.7,37.3
US104,48.0,55.0,24.1,30.0,46.4,5.2,2.0,20.3,2.0,9.7,32.6,11.7,48.5
US105,0.0,5.0,14.0,75.0,11.0,18.2,1.2,23.4,1.5,13.4,30.8,14.8,34.2
US105,5.0,10.0,14.0,74.0,12.0,18.2,1.3,25.6,1.6,8.2,31.2,7.4,46.5
US105,10.0,30.0,15.0,73.0,12.0,18.2,1.2,24.8,2.1,2.5,31.3,14.7,37.5
US105,30.0,43.0,14.0,78.0,8.0,18.2,1.2,25.6,2.2,8.2,29.7,24.9,43.7
US105,43.0,71.0,13.0,76.0,11.0,18.2,1.5,25.1,1.7,13.4,30.7,14.1,20.5
US105,71.0,96.0,17.0,79.0,4.0,18.2,1.5,25.2,1.8,7.7,31.2,10.5,20.1
US105,96.0,112.0,14.0,83.0,3.0,18.2,1.4,24.6,1.8,6.0,30.8,14.0,35.9
US105,112.0,162.0,14.0,82.0,4.0,18.2,1.2,24.5,1.8,5.3,32.6,14.0,48.5
US106,0.0,10.0,49.0,41.0,10.0,1.0,0.9,11.2,1.8,7.6,41.9,10.8,37.1
US106,10.0,28.0,44.0,33.0,23.0,2.0,0.9,20.3,1.6,7.6,46.2,20.0,37.6
US106,28.0,51.0,42.0,29.0,29.0,2.0,0.9,19.8,2.2,7.4,50.4,11.5,37.7
US106,51.0,74.0,43.0,31.0,26.0,4.0,0.9,28.4,1.8,7.1,42.0,22.9,37.7
US106,74.0,99.0,45.0,31.0,24.0,4.0,0.9,22.5,2.0,7.4,31.8,16.4,37.9
US106,99.0,114.0,44.7,32.9,21.9,4.0,0.9,26.0,1.7,7.0,42.0,11.8,37.4
US106,114.0,130.0,45.0,32.5,22.2,4.0,0.9,13.1,2.1,7.1,50.6,23.5,37.4
US106,130.0,152.0,44.6,33.3,22.2,4.0,0.9,19.8,1.8,7.0,29.2,16.6,37.4
US107,0.0,20.0,39.0,40.0,21.0,18.2,1.7,22.5,2.0,2.6,31.8,19.5,29.4
US107,20.0,52.0,21.0,49.0,30.0,18.2,1.6,20.8,1.6,2.6,31.9,10.1,38.6
US107,52.0,66.0,24.0,55.0,21.0,18.2,1.6,20.7,1.8,2.6,32.1,19.7,37.4
US107,66.0,118.0,23.0,53.0,24.0,18.2,2.0,20.4,1.4,2.4,31.7,19.0,34.8
US107,118.0,152.0,18.0,55.0,27.0,18.2,1.6,18.4,1.6,3.6,31.7,28.8,35.4
US108,0.0,18.0,39.0,44.0,17.0,18.2,1.4,22.6,1.8,13.1,34.7,21.2,27.2
US108,18.0,33.0,30.0,47.0,23.0,18.2,1.4,26.3,1.9,4.5,56.8,21.8,26.8
US108,33.0,48.0,20.0,41.0,39.0,18.2,1.7,23.2,2.1,7.9,43.7,24.4,20.9
US108,48.0,76.0,22.0,50.0,28.0,18.2,1.7,27.7,2.2,8.6,35.3,28.6,22.6
US108,76.0,112.0,31.0,50.0,19.0,18.2,1.5,22.0,2.3,7.4,43.3,27.0,27.7
US108,112.0,152.0,54.0,36.0,10.0,18.2,1.4,16.1,1.7,8.7,48.0,24.2,36.8
US109,0.0,20.0,38.1,29.1,33.7,18.2,0.9,16.1,1.6,5.0,49.1,20.4,27.7
US109,20.0,30.0,38.1,29.1,33.7,18.2,0.9,10.6,1.7,12.5,48.7,5.8,29.3
US109,30.0,41.0,38.1,29.1,33.7,18.2,0.9,20.9,2.1,3.5,48.6,20.2,38.4
US109,41.0,64.0,38.1,29.1,33.7,18.2,0.9,15.3,2.1,5.2,47.6,20.4,29.6
US109,64.0,91.0,38.1,29.1,33.7,18.2,0.9,15.7,1.9,2.3,43.9,28.3,22.1
US109,91.0,145.0,38.1,29.1,33.7,18.2,0.9,15.7,2.1,5.4,54.6,19.9,29.5
US109,145.0,178.0,38.1,29.1,33.7,18.2,0.9,15.4,2.0,2.9,48.9,27.1,29.2
US110,0.0,5.0,92.0,5.0,3.0,5.4,1.1,19.1,1.9,5.9,39.2,22.1,40.0
US110,5.0,10.0,68.0,27.0,5.0,4.8,1.7,22.5,1.9,5.9,41.8,22.4,49.6
US110,10.0,20.0,73.0,17.0,10.0,4.7,1.6,21.9,1.9,7.9,41.8,21.8,27.4
US110,20.0,33.0,61.0,6.0,33.0,4.7,1.5,16.8,2.2,5.3,41.8,29.9,48.9
US110,33.0,76.0,76.0,6.0,18.0,5.4,1.6,19.9,2.3,5.9,39.8,13.0,40.1
US110,76.0,165.0,91.0,5.0,4.0,5.0,1.1,16.7,1.6,3.0,46.9,21.4,34.7
US111,0.0,5.0,63.0,29.0,8.0,15.0,0.9,30.0,1.7,7.5,35.4,21.0,29.6
US111,5.0,13.0,34.0,37.0,29.0,15.0,1.4,10.4,1.8,7.5,50.4,20.7,29.6
US111,13.0,33.0,31.0,31.0,38.0,20.0,1.8,14.0,2.1,7.3,43.2,26.3,22.5
US111,33.0,40.0,42.2,32.5,25.2,16.5,1.5,18.5,1.7,8.0,44.5,15.9,35.3
US112,0.0,15.0,7.0,67.0,26.0,18.2,0.9,26.9,1.7,3.1,45.5,17.6,35.3
US112,15.0,23.0,6.0,67.0,27.0,18.2,0.9,29.0,2.0,7.7,35.2,17.9,35.2
US112,23.0,36.0,7.0,66.0,27.0,18.2,0.9,28.0,1.6,8.2,26.8,15.0,43.8
US112,36.0,58.0,9.0,67.0,24.0,18.2,0.9,25.5,2.0,6.7,44.1,17.7,35.4
US112,58.0,76.0,14.0,62.0,24.0,18.2,0.9,18.0,1.9,12.3,22.3,17.8,29.6
US112,76.0,102.0,7.0,69.0,24.0,18.2,0.9,25.5,1.9,6.5,35.2,17.4,31.8
US112,102.0,152.0,8.2,66.6,25.4,18.2,0.9,25.9,1.6,7.5,36.6,19.8,35.6
US113,0.0,10.0,44.0,42.0,14.0,1.0,1.4,22.8,1.9,4.7,40.5,24.7,49.8
US113,10.0,19.0,42.0,42.0,16.0,1.0,1.5,18.8,2.1,4.8,40.5,10.3,31.8
US113,19.0,45.0,38.0,44.0,18.0,1.0,1.5,16.7,1.6,3.0,40.5,26.5,34.7
US113,45.0,89.0,38.0,49.0,13.0,1.3,1.7,16.5,2.1,6.8,40.5,20.7,45.7
US114,-3.0,66.7,76.0,21.2,2.8,18.2,0.9,23.0,2.1,7.6,27.4,26.9,25.0
US114,0.0,13.0,82.0,16.0,2.0,18.2,1.0,25.5,1.8,11.4,27.2,21.1,24.4
US114,13.0,25.0,80.0,18.0,2.0,18.2,1.0,28.9,2.0,6.0,27.3,21.2,30.5
US114,25.0,51.0,84.0,15.0,1.0,18.2,1.0,19.2,2.1,4.4,23.3,23.0,30.5
US114,51.0,61.0,77.0,20.0,3.0,18.2,0.7,24.1,1.8,5.6,27.9,13.5,32.0
US114,61.0,81.0,73.0,23.0,4.0,18.2,1.3,28.2,1.6,11.3,27.5,21.4,28.0
US114,81.0,109.0,72.0,25.0,3.0,18.2,1.6,28.0,1.6,7.9,26.8,21.2,43.8
US114,109.0,124.0,61.0,33.0,6.0,18.2,1.6,27.4,2.1,7.7,32.6,21.0,30.3
US115,0.0,9.0,23.0,33.0,44.0,34.9,1.5,10.4,2.1,10.8,47.7,26.8,31.6
US115,9.0,16.0,14.0,32.0,54.0,34.9,1.6,17.6,1.7,4.4,52.8,6.1,38.1
US115,16.0,34.0,10.0,37.0,53.0,34.6,1.6,16.5,1.7,6.8,35.5,16.2,38.0
US115,34.0,56.0,9.0,37.0,54.0,34.9,1.8,15.4,2.3,5.9,55.7,22.4,38.0
US115,56.0,81.0,8.0,41.0,51.0,35.0,1.8,18.2,1.8,7.1,50.0,22.9,38.3
US115,81.0,100.0,5.0,44.0,51.0,35.2,1.7,18.8,1.9,6.5,58.5,7.0,45.6
US115,100.0,130.0,4.0,43.0,53.0,35.1,1.6,22.0,1.8,7.4,47.8,16.7,38.7
US115,130.0,150.0,6.0,43.0,51.0,35.2,1.8,29.2,1.8,2.1,49.6,14.3,37.5
US116,0.0,30.0,58.0,26.0,16.0,10.0,1.4,22.8,1.7,4.2,36.9,14.9,43.7
US116,30.0,53.0,68.0,20.0,12.0,25.0,1.3,17.4,2.1,9.9,37.6,10.7,48.6
US116,53.0,81.0,67.0,21.0,12.0,30.0,1.6,12.2,2.2,6.9,37.6,12.6,24.1
US116,81.0,104.0,73.0,17.0,10.0,15.0,1.7,13.6,1.7,6.5,35.9,12.6,37.0
US116,104.0,152.0,77.0,12.0,11.0,25.0,1.6,19.3,2.3,5.2,38.5,12.7,30.7
US117,0.0,11.0,24.0,58.0,18.0,18.2,1.4,15.1,2.0,5.3,38.1,20.4,29.0
US117,11.0,22.0,19.0,47.0,34.0,18.2,1.5,14.6,2.2,10.1,37.8,16.5,32.6
US117,22.0,38.0,14.0,50.0,36.0,18.2,2.0,15.6,2.1,7.7,38.1,27.9,32.7
US117,38.0,66.0,9.0,53.0,38.0,18.2,1.6,15.6,1.8,8.2,37.7,23.3,36.4
US117,66.0,88.0,12.0,53.0,35.0,18.2,1.6,15.4,1.7,5.9,38.2,20.4,32.3
US117,88.0,112.0,16.0,48.0,36.0,18.2,1.4,15.4,2.1,7.2,37.4,8.0,32.4
US117,112.0,127.0,19.0,39.0,42.0,18.2,1.4,15.8,2.1,7.6,37.8,21.0,42.5
US117,127.0,152.0,9.0,45.0,46.0,18.2,1.3,15.2,1.6,10.2,37.5,28.3,21.9
US118,0.0,4.0,95.0,3.0,2.0,18.2,0.9,18.0,1.8,7.8,33.8,20.3,29.0
US118,4.0,13.0,95.0,3.0,2.0,18.2,0.9,25.7,1.6,9.1,40.0,25.5,35.8
US118,13.0,26.0,97.0,2.0,1.0,18.2,0.9,21.5,2.2,11.8,33.2,20.7,45.4
US118,26.0,46.0,94.0,4.0,2.0,18.2,0.9,28.3,2.0,5.8,33.2,14.2,33.0
US118,46.0,84.0,97.0,2.9,3.0,18.2,0.9,21.6,2.4,7.4,33.7,20.7,35.3
US118,84.0,127.0,97.0,2.7,3.0,18.2,0.9,12.8,2.4,13.0,27.1,21.9,35.8
US118,127.0,180.0,98.0,3.4,2.0,18.2,0.9,22.5,1.6,6.9,34.0,20.2,35.7
US119,-2.0,66.0,85.5,6.8,7.3,18.2,1.8,29.3,2.4,5.3,39.8,16.7,31.7
US119,0.0,19.0,83.0,9.0,8.0,18.2,1.5,20.2,2.0,6.7,30.8,6.2,31.2
US119,19.0,35.0,89.0,5.0,6.0,18.2,1.6,22.4,2.1,6.3,24.9,22.7,27.9
US119,35.0,45.0,94.0,2.0,4.0,18.2,1.7,10.4,2.2,5.3,40.0,16.1,30.4
US119,45.0,64.0,95.0,1.0,4.0,18.2,1.6,24.9,2.1,5.6,40.0,25.0,31.3
US119,64.0,74.0,83.0,9.0,8.0,18.2,1.6,16.5,2.1,6.8,50.6,6.0,31.8
US119,74.0,82.0,84.0,7.0,9.0,18.2,1.6,20.9,2.2,2.2,43.9,12.8,35.9
US119,82.0,94.0,80.0,5.0,15.0,18.2,1.6,20.3,2.1,3.4,39.8,26.8,31.5
US119,94.0,114.0,79.0,20.0,1.0,18.2,1.9,23.4,2.6,4.7,48.9,16.3,31.3
US120,0.0,9.0,78.0,17.0,5.0,33.0,1.5,17.3,1.7,9.0,55.1,19.0,45.7
US120,9.0,18.0,74.0,17.0,9.0,30.0,1.7,23.8,1.5,13.9,54.5,27.3,36.7
US120,18.0,43.0,36.0,11.0,53.0,2.0,1.6,23.7,1.9,8.8,59.7,15.7,36.8
US120,43.0,76.0,47.0,10.0,43.0,16.3,1.6,23.2,1.4,8.5,48.1,20.0,42.5
US120,76.0,102.0,50.0,10.0,40.0,16.4,1.8,23.5,1.9,8.3,56.6,20.1,34.7
US120,102.0,121.0,66.0,7.0,27.0,1.0,1.6,26.9,1.7,3.1,45.5,20.4,25.1
US120,121.0,200.0,58.0,9.0,33.0,16.4,1.7,26.1,1.7,8.7,59.4,18.5,36.8
US121,0.0,6.0,12.0,46.0,42.0,3.0,1.2,19.7,1.9,6.7,38.6,17.5,37.9
US121,6.0,32.0,14.0,38.0,48.0,10.0,1.4,12.3,2.3,6.9,38.2,21.9,29.9
US121,32.0,50.0,15.0,37.0,48.0,17.0,1.2,11.7,1.8,6.8,38.9,25.2,30.3
US121,50.0,60.0,18.0,36.0,46.0,20.0,1.2,26.3,1.9,4.5,38.3,17.6,49.7
US121,60.0,79.0,27.0,43.0,30.0,50.0,1.0,20.4,1.6,10.6,38.4,6.5,37.5
US121,79.0,80.0,17.2,40.3,42.8,20.5,0.9,30.0,1.4,5.0,38.6,17.6,41.5
US122,0.0,20.0,27.0,54.0,19.0,18.2,0.9,28.8,2.4,8.5,28.7,18.5,35.1
US122,20.0,33.0,23.0,52.0,25.0,18.2,0.9,28.4,2.2,9.0,32.5,10.5,20.1
US122,33.0,61.0,26.0,42.0,32.0,18.2,0.9,28.9,2.6,11.8,48.1,18.5,41.1
US122,61.0,91.0,31.0,41.0,28.0,18.2,0.9,28.8,2.2,3.5,36.7,28.0,43.4
US122,91.0,152.0,36.0,41.0,23.0,18.2,0.9,28.6,2.6,11.1,30.5,18.7,44.2
US123,0.0,13.0,34.0,31.0,35.0,18.2,0.9,22.1,1.6,10.0,44.7,12.3,41.3
US123,13.0,23.0,33.0,27.0,40.0,18.2,0.9,26.0,1.6,11.4,60.0,11.8,41.6
US123,23.0,61.0,39.0,39.0,22.0,18.2,0.9,26.3,1.5,9.6,44.3,11.9,41.0
US123,61.0,102.0,50.0,38.0,12.0,18.2,0.9,12.8,1.8,7.0,28.9,11.4,41.6
US123,102.0,152.0,39.2,33.7,27.6,18.2,0.9,21.8,1.9,11.8,44.9,12.0,41.1
US124,0.0,20.0,3.0,66.0,31.0,18.2,0.9,18.9,2.1,6.3,30.4,22.7,25.9
US124,20.0,33.0,3.0,63.0,34.0,18.2,0.9,18.6,2.1,6.8,22.5,21.2,21.3
US124,33.0,53.0,4.0,63.0,33.0,18.2,0.9,21.4,1.8,6.0,29.6,18.8,20.5
US124,53.0,76.0,4.0,65.0,31.0,18.2,0.9,11.7,1.4,6.1,48.1,18.6,26.5
US124,76.0,97.0,6.0,67.0,27.0,18.2,0.9,18.4,1.7,6.0,30.6,18.8,41.9
US124,97.0,112.0,9.0,66.0,25.0,18.2,0.9,18.1,1.8,6.7,31.0,19.0,26.8
US124,112.0,132.0,12.0,63.0,25.0,18.2,0.9,15.0,1.8,2.9,24.2,18.4,23.9
US124,132.0,152.0,7.0,68.0,25.0,18.2,0.9,25.5,1.6,10.6,29.6,12.3,24.2
US125,0.0,23.0,4.0,69.0,27.0,18.2,1.6,25.0,1.6,9.1,40.5,17.8,35.0
